Key,Item Type,Publication Year,Author,Title,Publication Title,ISBN,ISSN,DOI,Url,Abstract Note,Date,Date Added,Date Modified,Access Date,Pages,Num Pages,Issue,Volume,Number Of Volumes,Journal Abbreviation,Short Title,Series,Series Number,Series Text,Series Title,Publisher,Place,Language,Rights,Type,Archive,Archive Location,Library Catalog,Call Number,Extra,Notes,File Attachments,Link Attachments,Manual Tags,Automatic Tags,Editor,Series Editor,Translator,Contributor,Attorney Agent,Book Author,Cast Member,Commenter,Composer,Cosponsor,Counsel,Interviewer,Producer,Recipient,Reviewed Author,Scriptwriter,Words By,Guest,Number,Edition,Running Time,Scale,Medium,Artwork Size,Filing Date,Application Number,Assignee,Issuing Authority,Country,Meeting Name,Conference Name,Court,References,Reporter,Legal Status,Priority Numbers,Programming Language,Version,System,Code,Code Number,Section,Session,Committee,History,Legislative Body,__source_files__,__source_count__
5H4D89B2,conferencePaper,2025,R. Nage; S. Dorle,Design of an Iterative Method with Unified Privacy-Preserving Authentication and Intelligent Forensic Framework for Cloud and IoT Security Analysis,2025 IEEE 2nd International Conference for Women in Computing (InCoWoCo),,,10.1109/InCoWoCo68239.2025.11407252,,"Secure authentication along with malware detection are very important steps in modern cloud or IoT environment, with, privacy, accountability, and resilience against advanced threats. The present day anonymous authentication protocols reportedly have a high cryptographic overhead, low traceability, or static privacy mechanisms, while the current IoT malware forensic approaches happen to suffer from gradient leakage, low adaptability to zero day attacks, and slow resilience. This paper presents a comprehensive multi model framework combining five novel methods. The Dual Ledger Accountability Embedded Authentication (DLAA) model combines a primary blockchain with a secondary lightweight audit ledger and zero knowledge proofs, enabling revocable accountability without identity disclosure. The Layered Privacy Gradient Synthesis (LPGS) network applies adaptive differential privacy through learned gradient perturbations, balancing anonymity with service utility. The Quantum Inspired Entropy Guided Authentication Matrix (QEAM) replaces the key exchange with entropy driven, quantum inspired encoding, enabling faster keyless authentication. For IoT forensics, the Federated Swarm Vector Autoencoder Forensics (FSVAF) framework uses swarm optimized federated learning to detect anomalies in compressed latent space, reducing gradient leakage and improving zero day detection possibilities. The Temporal Hybrid Graph Reasoning Engine (THGRE) fuses symbolic rules with neural inference over evolving knowledge graphs for quick malware traceback. The experimental output reveals that the authentication time is reduced by 38%, with 94% malware detection accuracy in adaptive attack conditions, and is able to resolve forensics up to 67% more rapidly than previous static approaches with significantly reduced overhead. This framework collectively enhance privacy, accountability, scalability, and forensic dependability, making it efficient solution for next generation cloud and IoT ecosystems.",2025-11-14,2026-03-10 15:12:51,2026-03-10 15:42:39,,1-8,,,,,,,,,,,,,,,,,,,,Journal Abbreviation: 2025 IEEE 2nd International Conference for Women in Computing (InCoWoCo),,,,Federated learning; Federated Learning; Adaptation models; Privacy; Resilience; Authentication; Vectors; Forensics; Malware; Anonymous Authentication; Entropy; IoT Malware Forensics; Quantum Inspired Security; Zero knowledge proof,,,,,,,,,,,,,,,,,,,,,,,,,,,,,,,,2025 IEEE 2nd International Conference for Women in Computing (InCoWoCo),,,,,,,,,,,,,,,,FL - TS.csv,1
ERJ97BFE,conferencePaper,2025,B. Li; D. Wang; F. Yang,Research on Machine Learning-Based Business Anomaly Detection in Power Dispatch Automation Systems,"2025 IEEE 7th International Conference on Communications, Information System and Computer Engineering (CISCE)",2833-2423,,10.1109/CISCE65916.2025.11065709,https://www.scopus.com/inward/record.uri?eid=2-s2.0-105011949620&doi=10.1109%2FCISCE65916.2025.11065709&partnerID=40&md5=e5c705a63d9bb7c51abf19c665f2f3cc,"This article proposes a hybrid machine learning model for detecting abnormal events in the power dispatch automation system. The model extracts features from both temporal and spatial dimensions to enhance algorithm performance and accurately locate anomalies. An unsupervised anomaly scoring mechanism is introduced to improve the detection of hidden anomalies. The study is divided into four parts: first, a time-space feature fusion model is developed for more accurate abnormal point localization; second, the model’s real-world effectiveness is validated through deployment in grid fault detection; third, dynamic fusion of time-series and high-dimensional spatial features demonstrates strong adaptability, with potential for applications in federated learning and data privacy protection; finally, it discusses the need for improvement in the model’s generalization ability when handling extreme cases.",2025-05-09,2026-03-10 15:12:51,2026-03-10 17:09:21,,1159-1165,,,,,,,,,,,,,,,,Scopus,,,,"Journal Abbreviation: 2025 IEEE 7th International Conference on Communications, Information System and Computer Engineering (CISCE)",,,,Data models; Data privacy; Adaptation models; Automation; Feature extraction; Anomaly detection; Deep learning; Machine learning; Protection; Machine learning algorithms; Location awareness; Hybrid power systems; Learning systems; Grid anomaly detection; Information systems; Temporal-spatial feature fusion; Machine-learning; Learning algorithms; Automation systems; Features fusions; On-machines; Power dispatch; Spatial features,,,,,,,,,,,,,,,,,,,,,,,,,,,,,,,,"2025 IEEE 7th International Conference on Communications, Information System and Computer Engineering (CISCE)",,,,,,,,,,,,,,,,FL - TS.csv,1
YEYZ75EA,conferencePaper,2022,Z. Batool; K. Zhang; Z. Zhu; S. Aravamuthan; U. Aivodji,Block-FeST: A Blockchain-Based Federated Anomaly Detection framework with computation offloading using Transformers,2022 IEEE 1st Global Emerging Technology Blockchain Forum: Blockchain & Beyond (iGETblockchain),,,10.1109/iGETblockchain56591.2022.10087158,,"Internet of Things (IoT) devices generate a massive amount of data on a regular basis. This data has the potential to revolutionize every sector by developing intelligent systems. Unfortunately, the data is inaccessible due to privacy concerns. A decentralized machine learning approach, i.e., Federated Learning (FL), enables clients to train models locally in an iterative and collaborative manner. However, some clients may not be able to fully participate in training due to limited computational resources. To address the aforementioned issues, we propose Block-FeST, a blockchain-based Federated-Split Learning framework for anomaly detection using Transformers, that incorporates the strength of Federated and Split Learning (FSL). FL is employed to mitigate data privacy issues, while Split Learning (SL) is used to offload some computational overhead from constrained clients to a central server. Block-FeST is also capable of training a transformer model, which we demonstrate in the context of a temporal anomaly detection (AD) problem. Moreover, the use of a blockchain will generate an audit trail that can be used to address any challenges from the customers to take corrective actions. We have implemented our proposed solution and compared it against known centralized and decentralized baselines. Block-FeST achieves an accuracy of 86%, which is competitive with the other solutions, while providing additional benefits in terms of decentralization and client-side offloading.",2022-11-07,2026-03-10 15:12:51,2026-03-10 15:12:51,,1-6,,,,,,,,,,,,,,,,,,,,Journal Abbreviation: 2022 IEEE 1st Global Emerging Technology Blockchain Forum: Blockchain & Beyond (iGETblockchain),,,,Training; Data privacy; Federated Learning; Blockchains; Collaboration; Anomaly Detection; Computational modeling; Blockchain; Transformers; Throughput; Transformer; Communication Service Providers (CSPs); Computation Offloading; Split Learning,,,,,,,,,,,,,,,,,,,,,,,,,,,,,,,,2022 IEEE 1st Global Emerging Technology Blockchain Forum: Blockchain & Beyond (iGETblockchain),,,,,,,,,,,,,,,,FL - TS.csv,1
HR9I83I2,journalArticle,2022,X. Xu; H. Peng; M. Z. A. Bhuiyan; Z. Hao; L. Liu; L. Sun; L. He,Privacy-Preserving Federated Depression Detection From Multisource Mobile Health Data,IEEE Transactions on Industrial Informatics,,1941-0050,10.1109/TII.2021.3113708,https://www.scopus.com/inward/record.uri?eid=2-s2.0-85115727091&doi=10.1109%2FTII.2021.3113708&partnerID=40&md5=2442491fca3e706c1d7766c24120fdf8,"Depression is one of the most common mental illnesses, and the symptoms shown by patients are different, making it difficult to diagnose in the process of clinical practice and pathological research. Although researchers hope that artificial intelligence can contribute to the diagnosis and treatment of depression, the traditional centralized machine learning methods need to aggregate patient data, and the data privacy of patients with mental illness needs to be strictly confidential, which hinders machine learning algorithms’ clinical application. To solve the problem of medical data privacy with depression, in this article, we implement a study of federated learning to analyze and diagnose depression. First, we propose a general multiview federated learning framework using multisource data, which can extend any traditional machine learning model to support federated learning across different institutions or parties. Second, we employ later fusion methods to solve the problem of inconsistent time series of multiview data. Finally, we compare the federated framework with other cooperative learning frameworks in performance and discuss the related results. The experimental results show that in the case of participating in federated learning with enough participants, the prediction accuracy of depression score can reach 85.13%, which is about 15% higher than local training. When the number of participants is small and the amount of data is sufficient, the prediction accuracy of depression score can also reach 84.32%, and the improvement rate is about 9%.",2022-07,2026-03-10 15:12:51,2026-03-10 17:09:22,,4788-4797,,7,18,,IEEE Transactions on Industrial Informatics,,,,,,,,,,,Scopus,,,,,,,,federated learning; Federated learning; Training; Data models; Data privacy; Privacy; Collaborative work; Diseases; Learning systems; Medical diagnostic imaging; Hospitals; depression; Depression; Medical imaging; mobile device; Learning algorithms; Privacy preserving; Prediction accuracy; Learning frameworks; Problem solving; Diagnosis; Hospital data processing; mHealth; Clinical research; Patient treatment; Collaborative Work; Medical problems; Mental illness,,,,,,,,,,,,,,,,,,,,,,,,,,,,,,,,,,,,,,,,,,,,,,,,FL - TS.csv,1
WYESA6CF,conferencePaper,2025,A. A. Hadi; A. Dheyaa Radhi; Y. I. Hamodi Aljanabi; I. Issa Alwan; M. A. Almaiah; H. Alzamily; R. W. Khalid; W. Adnan Hashim,Federated LSTM-Based Chronic Disease Risk Prediction Using Wearable Time-Series Data and Differential Privacy Optimization,2025 3rd International Conference on Cyber Resilience (ICCR),,,10.1109/ICCR67387.2025.11292344,https://www.scopus.com/inward/record.uri?eid=2-s2.0-105031562176&doi=10.1109%2FICCR67387.2025.11292344&partnerID=40&md5=b00911371b1e4232f84122c437aeac29,"This study presents a privacy-preserving federated learning framework for chronic disease risk prediction, leveraging long short-term memory (LSTM) networks trained on wearable time-series health data. The architecture integrates sequence-aware modeling, decentralized federated optimization, and differential privacy (DP) mechanisms to ensure compliance with modern data protection standards. Benchmarking was performed across four disease domains—cardiovascular risk, Type 2 diabetes, sleep apnea, and hypertension—using real-world and synthetic datasets derived from wearable sensors. The proposed system achieved a peak classification accuracy of 91.5%, with F1-scores up to 0.90 and AUC values consistently exceeding 0.89 across test clients. Compared to centralized and non-private baselines, the model maintained stability and predictive performance under heterogeneous, non-IID data distributions and strong privacy budgets (ε = 1.0–5.0). By incorporating temporal health dynamics and adaptive gradient clipping with DP-SGD, the framework preserved diagnostic utility while ensuring user confidentiality. Training was completed in under 4.1 seconds per round across 20 federated clients, supporting real-time deployment in decentralized healthcare systems. The architecture is compatible with mobile edge hardware, enabling scalable implementation in wearable-driven mHealth infrastructures without structural retraining.",2025-07-03,2026-03-10 15:12:55,2026-03-10 17:09:22,,1-8,,,,,,,,,,,,,,,,Scopus,,,,Journal Abbreviation: 2025 3rd International Conference on Cyber Resilience (ICCR),,,,Federated learning; Data models; Accuracy; Adaptation models; Long short term memory; Edge AI; Differential privacy; Optimization; Explainable AI; LSTM; Diseases; Diabetes; Network security; Wearable sensors; Time series; Sleep apnea; Wearable computers; Graph Attention Networks; Industrial IoT Security; Multi-Stage Cyber Attack Detection; Threat Intelligence; Long short-term memory; Real time systems; Short term memory; Privacy-preserving techniques; Budget control; Cyber-attacks; Attack detection; Diagnosis; mHealth; Health risks; Graph attention network; Industrial IoT security; Multi-stage cybe attack detection; Multi-stages; Threat intelligence,,,,,,,,,,,,,,,,,,,,,,,,,,,,,,,,2025 3rd International Conference on Cyber Resilience (ICCR),,,,,,,,,,,,,,,,FL - TS.csv,1
4TD7PZAY,journalArticle,2025,A. Murmu; P. Kumar; S. Namasudra; M. R. Reddy,GAN-Based Federated Adversarial Learning for Enhancing Security Towards Consumer Digital Ecosystems,IEEE Transactions on Consumer Electronics,,1558-4127,10.1109/TCE.2024.3522018,https://www.scopus.com/inward/record.uri?eid=2-s2.0-85215544767&doi=10.1109%2FTCE.2024.3522018&partnerID=40&md5=9e5f366dd0e3a83c886dea336d12c95b,"Federated Adversarial Learning (FAL) maintains the decentralization of adversarial training for data-driven innovations while allowing the collaborative training of a common model to protect privacy facilities. Before sharing with bigger global aggregation, it allows users to change settings locally over many iterations. However, a strong network against attackers in Industry 5.0 towards consumer digital ecosystems is a challenge for adversarial training methodologies. To solve this issue, a novel FAL-based Customized Inequality-Aware Federated Learning (CusIAFL) technique is proposed in this paper for classifying and securing color images. The proposed method reduces the instability brought on by the heterogeneity of the data and optimizes each data sample by understanding the client-label distribution. A unique Pix2Pix Generative Adversarial Network (GAN) algorithm is employed to generate realistic images in the presented research work, while a hybrid approach is used to guarantee consistency in the time series data. This innovative research work is evaluated on various non-medical, consumer electronic, and medical imagery. The experimental results have been evaluated using performance metrics, namely accuracy, entropy, Peak Signal-to-Noise Ratio (PSNR), Hausdorff Distance (HD95), Structural Similarity Index (SSIM), and Mean Square Error (MSE). The results show that the proposed technique outperforms the existing models in terms of security.",2025-02,2026-03-10 15:12:56,2026-03-10 17:09:23,,1102-1114,,1,71,,IEEE Transactions on Consumer Electronics,,,,,,,,,,,Scopus,,,,,,,,Federated learning; Data models; Data privacy; Privacy; Generative adversarial networks; Security; Medical services; Consumer electronics; cyber-physical systems; Cyber-physical systems; Brain modeling; Translation; Biomedical imaging; Adversarial machine learning; flower framework; medical images; Pix2Pix; Mean square error; Network-based; Cybe-physical systems; Decentralisation; Adversarial networks; Adversarial learning; Medical image; Flower framework; Digital ecosystem; Pix2pix,,,,,,,,,,,,,,,,,,,,,,,,,,,,,,,,,,,,,,,,,,,,,,,,FL - TS.csv,1
JZTCVB8V,conferencePaper,2023,H. Wang; W. Yan; J. Zhao; B. Du; C. He; Y. Ma; R. Huang,Decentralized Subgraph Learning for Spatial-Temporal Data Modeling,2023 IEEE 29th International Conference on Parallel and Distributed Systems (ICPADS),2690-5965,,10.1109/ICPADS60453.2023.00219,,"Spatial-temporal data modeling has attracted attention due to the massive spatial-temporal data acquired by sensors, as well as its importance in the real world. Most existing methods require transferring a huge volume of data from different parties to a central server, which is impractical due to conflicts of benefit and privacy concerns. A party only possesses a part of the entire spatial-temporal data (i.e., a subgraph), and subgraphs are isolated among parties. Federated Learning (FL) is an emerging framework for training models without sharing data, but it still has a high vulnerability when the central server fails. Besides, naively fusing models in most FL may have a negative impact on performance because of insufficient spatial relations among subgraphs and discrepant spatial-temporal patterns among subgraphs. To this end, we propose a Decentralized Subgraph Learning framework for Spatial-Temporal data modeling, namely DeSL-ST, which can efficiently handle the distributed subgraphs without the need of the central server. Specifically, DeSL-ST uses a cross-subgraph spatial relation learning module to tackle the issue of missing spatial relations between subgraphs. Then, a sparse transfer structure learning module is proposed to produce better-personalized models that are beneficial for each subgraph. Experiments on two traffic forecasting tasks demonstrate that DeSL-ST achieves state-of-the-art performance with lower peer-to-peer communication cost.",2023-12-17,2026-03-10 15:12:56,2026-03-10 15:12:56,,1554-1561,,,,,,,,,,,,,,,,,,,,Journal Abbreviation: 2023 IEEE 29th International Conference on Parallel and Distributed Systems (ICPADS),,,,Training; Data models; Costs; Predictive models; Distributed databases; Time series analysis; Peer-to-peer computing; Decentralized Learning; Spatial-Temporal Data Modeling,,,,,,,,,,,,,,,,,,,,,,,,,,,,,,,,2023 IEEE 29th International Conference on Parallel and Distributed Systems (ICPADS),,,,,,,,,,,,,,,,FL - TS.csv,1
RMWC9WHI,conferencePaper,2024,F. Giannini; E. D. Valle,MAcPNN: Mutual Assisted Learning on Data Streams with Temporal Dependence,2024 IEEE International Conference on Big Data (BigData),2573-2978,,10.1109/BigData62323.2024.10825150,,"Internet of Things (IoT) Analytics often involves applying machine learning (ML) models on data streams. In such scenarios, traditional ML paradigms face obstacles related to continuous learning while dealing with concept drifts, temporal dependence, and avoiding forgetting. Moreover, in IoT, different edge devices build up a network. When learning models on those devices, connecting them could be useful in improving performance and reusing others’ knowledge. This work proposes Mutual Assisted Learning, a learning paradigm grounded on Vygotsky’s popular Sociocultural Theory of Cognitive Development. Each device is autonomous and does not need a central orchestrator. Whenever it degrades its performance due to a concept drift, it asks for assistance from others and decides whether their knowledge is useful for solving the new problem. This way, the number of connections is drastically reduced compared to the classical Federated Learning approaches, where the devices communicate at each training round. Every device is equipped with a Continuous Progressive Neural Network (cPNN) to handle the dynamic nature of data streams. We call this implementation Mutual Assisted cPNN (MAcPNN). To implement it, we allow cPNNs for single data point predictions and apply quantization to reduce the memory footprint. Experimental results prove the effectiveness of MAcPNN in boosting performance on synthetic and real data streams.",2024-12-15,2026-03-10 15:12:56,2026-03-10 15:12:56,,890-899,,,,,,,,,,,,,,,,,,,,Journal Abbreviation: 2024 IEEE International Conference on Big Data (BigData),,,,Federated learning; Training; Data models; Internet of Things; Neural networks; Performance evaluation; Streams; Detectors; Quantization (signal); Concept drift; internet of things; assisted learning; concept drifts; data streams; temporal dependence,,,,,,,,,,,,,,,,,,,,,,,,,,,,,,,,2024 IEEE International Conference on Big Data (BigData),,,,,,,,,,,,,,,,FL - TS.csv,1
36L59UI4,journalArticle,2024,S. Ullah; D. -H. Kim,Multiaccent EMG-to-Speech Optimized Transduction With PerFL and MAML Adaptations,IEEE Transactions on Instrumentation and Measurement,,1557-9662,10.1109/TIM.2024.3449948,https://www.scopus.com/inward/record.uri?eid=2-s2.0-85202755823&doi=10.1109%2FTIM.2024.3449948&partnerID=40&md5=7936d76de55a5207631b990e304e07d3,"Silent speech voicing enables individuals with speech impairments to communicate solely through facial muscle movements, bypassing the need for vocalization. Typically, electromyography (EMG) is utilized in conjunction with voice signals from individuals with normal speech for training purposes. Existing studies are targeting single accent using a single acquisition device, ignoring multiple accents from diverse ethnic backgrounds which can pose challenges in developing generalized and adaptive solutions. To address this, we propose a comprehensive approach consisting of the following: 1) a multiaccent EMG-to-speech silent voicing dataset; 2) an optimized transduction model (EMG-to-speech features); 3) a model-agnostic meta-learning (MAML) approach to adapt across cross-accented data; and 4) a personalized federated learning (PerFL) solution that utilizes MAML initialization to enhance global model convergence. Our novel transduction model incorporates three key elements: 1) convolution layers with a Squeeze-and-Excitation network to enhance channel-wise interdependencies (feature recalibration); 2) a gating multilayer perceptron to enhance global context awareness by linear projections along channel dimensions; and 3) transformers that learn temporal features across time series (EMG). We validated our novel algorithm using publicly available and proprietary (from our research laboratory) datasets. To simulate real-world conditions, a proprietary dataset was generated using three different biosignal devices, yielding heterogeneous data with 1370 utterances involving eight subjects with three distinct accents. Our proposed transduction model outperformed traditional methods, with 1.3%–3.5% improvements in the word error rate (WER) on the public dataset. Moreover, we studied the impact of two different MAML variants and their impact on PerFL initialization. Detailed results, encompassing various performance metrics such as confusability, accuracy, character-error-rate (CER), and WER, are presented for both public and proprietary datasets.",2024,2026-03-10 15:12:56,2026-03-10 17:09:24,,1-17,,,73,,IEEE Transactions on Instrumentation and Measurement,,,,,,,,,,,Scopus,,,,,,,,Data models; Personalized federated learning; Adaptation models; Feature extraction; Convergence; Transformer; transformers; Image segmentation; Metalearning; meta-learning; Electromyography; Electromyography (EMG); EMG-to-speech; personalized federated learning (PerFL); silent speech interface; Speech enhancement; voice synthesis; Features extraction; Error statistics; Speech communication; Electromyography-to-speech; Silent speech interfaces; Speech synthesis; Word error rate,,,,,,,,,,,,,,,,,,,,,,,,,,,,,,,,,,,,,,,,,,,,,,,,FL - TS.csv,1
CMI4I2VX,conferencePaper,2025,H. Bouzabia; S. Ali; A. Mittal; H. Dalal; M. Wyville,Federated Variational Autoencoder and Transformers for Temporal Data Augmentation and Interference Detection in Heterogeneous 5G Networks,ICC 2025 - IEEE International Conference on Communications,1938-1883,,10.1109/ICC52391.2025.11161411,,"In this paper, we address passive intermodulation (PIM) interference in heterogeneous fifth-generation ($\mathbf{5 G}$) networks, compounded by limited datasets and non-independent, non-identically distributed (non-IID) data across cells. Though uncommon, PIM events can significantly degrade the signal-to-interference-plus-noise ratio (SINR), making their timely detection essential. Newly deployed cells often lack sufficient PIM samples to train a PIM detector, while existing cells face imbalances between PIM and no PIM data, complicating deep learning (DL) model training. The varying data distribution across cells adds further complexity. We propose a Federated Variational Autoencoder with Averaging Filter (FVAE-AvF) framework to address data heterogeneity, scarcity, and imbalanced data across cells in 5G networks. The Temporal Augmentation Variational Long Short-Term Memory (TAVLNet) serves as the local model, generating temporally coherent synthetic PIM data, while an Averaging Filter (AvF) ensures smoother data generation. For PIM detection, Vision Transformers (ViTs) are employed. Training them on the synthetic data generated from the FVAEAvF significantly improves detection accuracy and robustness. Leveraging federated learning (FL), the framework enables training without transferring data to a central location reducing data transfer costs and enhancing performance, particularly in managing non-IID data across distributed networks. It also allows cells with limited PIM data to benefit from the training on data from other cells, ensuring more effective model development. Numerical results show that the FVAE-AvF framework handles heterogeneous non-IID data better, improves detector performance with generated data, and enhances network robustness compared to existing FL and data augmentation methods.",2025-06-08,2026-03-10 15:12:56,2026-03-10 15:12:56,,1-6,,,,,,,,,,,,,,,,,,,,Journal Abbreviation: ICC 2025 - IEEE International Conference on Communications,,,,Training; Data models; Distributed databases; Robustness; Long short term memory; Data augmentation; Transformers; LSTM; 5G; 5G mobile communication; Interference; VAE; Signal to noise ratio; Data Augmentation; FL; PIM; Scarcity; Temporal Augmentation,,,,,,,,,,,,,,,,,,,,,,,,,,,,,,,,ICC 2025 - IEEE International Conference on Communications,,,,,,,,,,,,,,,,FL - TS.csv,1
T4JDIPHR,conferencePaper,2025,F. Chun,Real-time Data Processing and Intelligent Monitoring System of Ferrite Magnetic Sensors under Edge Computing Architecture,2025 International Conference on Intelligent Computing and Knowledge Extraction (ICICKE),,,10.1109/ICICKE65317.2025.11136390,https://www.scopus.com/inward/record.uri?eid=2-s2.0-105022284311&doi=10.1109%2FICICKE65317.2025.11136390&partnerID=40&md5=fbdd0d006854fd36c35c81a1f8cb2049,"In the field of modern industrial monitoring, the traditional centralized computing architecture is difficult to meet the real-time and reliability requirements of ferrite magnetic sensors in complex industrial environments. This study proposes a real-time data processing and intelligent monitoring system for ferrite magnetic sensors based on edge computing architecture. The system adopts a four-level modular design. The edge perception layer deploys lightweight embedded nodes (ARM Cortex-M7 + ferrite sensor), the edge computing layer builds a distributed processing unit based on the KubeEdge edge containerization framework, the cloud collaboration layer dynamically updates the edge model parameters through federated learning, and the visualization platform integrates the time series database (TDengine) and the low-code dashboard (Node-RED). The maximum delay of the edge computing architecture is 395 milliseconds, the minimum delay is 217 milliseconds, and the average data processing throughput is about 10549 items/second. The system improves the monitoring performance of ferrite magnetic sensors.",2025-06-06,2026-03-10 15:12:57,2026-03-10 17:09:25,,1-6,,,,,,,,,,,,,,,,Scopus,,,,Journal Abbreviation: 2025 International Conference on Intelligent Computing and Knowledge Extraction (ICICKE),,,,Real-time systems; Computer architecture; Monitoring; Time series analysis; edge computing; Edge computing; Throughput; Data processing; Delays; Architecture; data processing throughput; f1 value; Ferrites; intelligent monitoring; Magnetic sensors; Centralised; Data handling; Distributed database systems; Industrial monitoring; Computing architecture; Data processing throughput; F1 values; Ferrite; Intelligent monitoring; Intelligent monitoring systems; Real time requirement; Real-time data processing,,,,,,,,,,,,,,,,,,,,,,,,,,,,,,,,2025 International Conference on Intelligent Computing and Knowledge Extraction (ICICKE),,,,,,,,,,,,,,,,FL - TS.csv,1
DRCWYLFH,conferencePaper,2025,L. Chen,Data Correlation Analysis of Research Route Planning Based on Data Mining,2025 International Conference on Smart & Sustainable Technology (INCSST),,,10.1109/INCSST64791.2025.11210348,https://www.scopus.com/inward/record.uri?eid=2-s2.0-105024939224&doi=10.1109%2FINCSST64791.2025.11210348&partnerID=40&md5=b3a5b8fe7c3530f70737eb1f69ca649b,"In the context of explosive growth of scientific research data and complex research systems, traditional experience driven research route planning methods are limited by static assumptions and single data type dependencies, making it difficult to capture the dynamic correlations between scientific research elements. This study constructs a data-driven research route planning framework, which integrates multi-source heterogeneous data through a Time Series Graph Neural Network (TGNN) to achieve deep correlation modeling of topic evolution, resource allocation, and achievement output. The framework design includes a four layer architecture consisting of data layer, feature engineering layer, association modeling layer, and visualization application layer. BERT semantic encoding is used to extract deep features of scientific research texts, and GraphSAGE graph convolution and temporal gating mechanism (GRU) are combined to capture spatiotemporal dynamic relationships. SHAP value analysis and critical path tracing are used to achieve transparency in the decision-making process. The experiment was based on five years of scientific research data in a certain field (12863 structured records, 5217 literature texts, and a collaborative network with 1543 nodes), and the results showed that the proposed framework was significantly better than traditional methods (SWOT analysis, ARIMA) and baseline models (GCN) in terms of trend prediction accuracy (81.3%) and link prediction accuracy (86.4%). The resource allocation error rate (MAE) was reduced by 4.7 percentage points compared to the comparative model. The analysis of feature importance reveals that the similarity of policy themes (0.32) and the strength of cross institutional cooperation (0.28) are the core influencing factors, confirming the crucial role of policy orientation and research network structure in planning decisions. Research breaks through the static modeling bottleneck of traditional methods, constructs a planning system that combines prediction accuracy and interpretability, and provides a new path for data intensive scientific research paradigms. In the future, we can further explore cross institutional data collaboration and real-time dynamic response technologies driven by federated learning to enhance the framework’s generalization ability and decisionmaking timeliness.",2025-07-04,2026-03-10 15:12:57,2026-03-10 17:09:25,,1-7,,,,,,,,,,,,,,,,Scopus,,,,Journal Abbreviation: 2025 International Conference on Smart & Sustainable Technology (INCSST),,,,Federated learning; Data models; Accuracy; Predictive models; Resource management; Feature extraction; Decision making; Data visualization; Graph neural networks; Correlation; Planning; Resource allocation; Intelligent systems; Data mining; Encoding; interpretability; Interpretability; Multimodal fusion; Research route planning; Temporal graph neural network; Dynamics; Distributed computer systems; Prediction accuracy; Multi-modal fusion; Temporal graphs; Research data; Route planning; Scientific researches,,,,,,,,,,,,,,,,,,,,,,,,,,,,,,,,2025 International Conference on Smart & Sustainable Technology (INCSST),,,,,,,,,,,,,,,,FL - TS.csv,1
5XWPQK3Y,conferencePaper,2025,N. Mthethwa; J. Mwangama; M. Masonta,Review of Machine Learning Techniques that Enable Network Slicing in Open RAN,2025 IEEE 3rd Wireless Africa Conference (WAC),,,10.1109/WAC63911.2025.10992597,https://www.scopus.com/inward/record.uri?eid=2-s2.0-105007295657&doi=10.1109%2FWAC63911.2025.10992597&partnerID=40&md5=a0ea61f1e38124ac60e9050e220d21e1,"The evolution of 5G networks and the anticipated capabilities of 6G have placed significant emphasis on intelligent Radio Access Network (RAN) slicing to meet the diverse and stringent requirements of services such as enhanced mobile broadband (eMBB), ultra-reliable low-latency communications (URLLC), and massive machine-type communications (mMTC). This paper reviews state-of-the-art techniques, with a particular focus on the application of machine learning (ML) approaches in RAN slicing. The study categorises ML algorithms based on their primary functions: time series networks for traffic prediction, federated learning for security and privacy, supervised learning for slice admission control, and reinforcement learning for resource allocation and management. It also highlights the complementary nature of these techniques, as demonstrated by hybrid models such as federated deep RL and LSTM-integrated distributed deep RL.",2025-02-24,2026-03-10 15:12:57,2026-03-10 17:09:25,,1-6,,,,,,,,,,,,,,,,Scopus,,,,Journal Abbreviation: 2025 IEEE 3rd Wireless Africa Conference (WAC),,,,Federated learning; Reinforcement learning; Resource management; Privacy; Deep learning; machine learning; Supervised learning; Security; Reviews; Self-supervised learning; 6G mobile communication; Network slicing; Machine learning algorithms; 5G; network slicing; Resource allocation; Support vector machines; Open RAN; Ultra reliable low latency communication; Deep reinforcement learning; Radio access networks; Semi-supervised learning; fifth-generation networks; open RAN; Machine-learning; Machine learning techniques; E-learning; 5g; Open radio access network; Fifth-generation network; Low-latency communication; Mobile broadband; Stringent requirement,,,,,,,,,,,,,,,,,,,,,,,,,,,,,,,,2025 IEEE 3rd Wireless Africa Conference (WAC),,,,,,,,,,,,,,,,FL - TS.csv; Literature Rewies.csv,2
KEGVRUBY,conferencePaper,2025,R. V. S. Sihman Bharattej. R; M. Aich; A. Alzaidi; R. G; K. Patel,Edge-Optimized LSTM Framework for Blockchain-Enabled Supply Chain Monitoring,2025 International Conference on Intelligent Communication Networks and Computational Techniques (ICICNCT),,,10.1109/ICICNCT66124.2025.11232996,https://www.scopus.com/inward/record.uri?eid=2-s2.0-105030447233&doi=10.1109%2FICICNCT66124.2025.11232996&partnerID=40&md5=59ef90327f8945eb0e92d1ba86090663,"In recent years, the integration of blockchain and Internet of Things (IoT) technology has led to supply chains incorporating transparency to gain a competitive advantage. However, most systems explore blockchain-enabled architectures in a cloud atmosphere, which leads to latency and scalability problems. To address this, the proposed BlockchainEnabled Supply Chain Monitoring Framework using Edge Computing and Long Short-Term Memory (LSTM) model optimized with TinyML Initially for collected IoT data, including radio frequency ID (RFID), Global Positioning System (GPS), and environmental sensors utilized to monitor the environment. First, preprocessed the edge nodes through normalization to ensure a clean and reliable input. Further, the LSTM model is instituted to capture the dependencies related to the time series data for accurate delay determination and anomaly detection, while the model is trained in a federated learning method, which separates the LSTM model from local people to enhance authentication. Optimization was achieved through structured weight pruning to remove unnecessary neurons and through post-training 8-bit quantization. The prediction and notifications were then recorded using the blockchain via a smart contract. Experimental results on the demonstrate that EC-LSTM-TinyML achieving higher accuracy (98.87%), precision (98.67%), recall (97.87%), and F1score (97.89%) when compared with existing model Gated Recurrent Unit- Multi-Head Attention (GRU-MHA).",2025-09-05,2026-03-10 15:13:00,2026-03-10 17:09:25,,1-6,,,,,,,,,,,,,,,,Scopus,,,,Journal Abbreviation: 2025 International Conference on Intelligent Communication Networks and Computational Techniques (ICICNCT),,,,Data models; Blockchains; Accuracy; Internet of Things; Monitoring; Anomaly detection; edge computing; Image edge detection; Computational modeling; Long short term memory; Blockchain; Edge computing; Global Positioning System; Supply chains; Internet of things; Learning systems; internet of things; normalization; supply chain monitoring; Long short-term memory; Competition; Block-chain; Short term memory; Personnel training; Internet of things technologies; Memory modeling; Normalisation; Global positioning system; Competitive advantage; Latency problem; Scalability problems; Supply chain monitoring,,,,,,,,,,,,,,,,,,,,,,,,,,,,,,,,2025 International Conference on Intelligent Communication Networks and Computational Techniques (ICICNCT),,,,,,,,,,,,,,,,FL - TS.csv,1
QBZG7M9B,journalArticle,2023,X. Han; Y. Zhou; K. Chen; H. Qiu; M. Qiu; Y. Liu; T. Zhang,ADS-Lead: Lifelong Anomaly Detection in Autonomous Driving Systems,IEEE Transactions on Intelligent Transportation Systems,,1558-0016,10.1109/TITS.2021.3122906,https://www.scopus.com/inward/record.uri?eid=2-s2.0-85123793938&doi=10.1109%2FTITS.2021.3122906&partnerID=40&md5=cdf5c7e54b53c5569547e5382216dad4,"Autonomous Vehicles (AVs) are closely connected in the Cooperative Intelligent Transportation System (C-ITS). They are equipped with various sensors and controlled by Autonomous Driving Systems (ADSs) to provide high-level autonomy. The vehicles exchange different types of real-time data with each other, which can help reduce traffic accidents and congestion, and improve the efficiency of transportation systems. However, when interacting with the environment, AVs suffer from a broad attack surface, and the sensory data are susceptible to anomalies caused by faults, sensor malfunctions, or attacks, which may jeopardize traffic safety and result in serious accidents. In this paper, we propose ADS-Lead, an efficient collaborative anomaly detection methodology to protect the lane-following mechanism of ADSs. ADS-Lead is equipped with a novel transformer-based one-class classification model to identify time series anomalies (GPS spoofing threat) and adversarial image examples (traffic sign and lane recognition attacks). Besides, AVs inside the C-ITS form a cognitive network, enabling us to apply the federated learning technology to our anomaly detection method, where the vehicles in the C-ITS jointly update the detection model with higher model generalization and data privacy. Experiments on Baidu Apollo and two public data sets (GTSRB and Tumsimple) indicate that our method can not only detect sensor anomalies effectively and efficiently but also outperform state-of-the-art anomaly detection methods.",2023-01,2026-03-10 15:13:00,2026-03-10 17:09:26,,1039-1051,,1,24,,IEEE Transactions on Intelligent Transportation Systems,,,,,,,,,,,Scopus,,,,,,,,Federated learning; Data models; Data privacy; Collaboration; Anomaly detection; Transformers; Machine learning; Autonomous vehicles; Global Positioning System; Autonomous Vehicles; Intelligent systems; Location awareness; Transformer; Learning systems; Autonomous driving; Intelligent transportation systems; Cognitive systems; Traffic congestion; autonomous driving systems; cognitive networking; intelligent transportation system (ITS); Accidents; Real time systems; Driving systems; Intelligent vehicle highway systems; Global positioning system; Chemical detection; Autonomous driving system; Cognitive networking.; Cognitive networkings; Intelligent transportation system,,,,,,,,,,,,,,,,,,,,,,,,,,,,,,,,,,,,,,,,,,,,,,,,FL - TS.csv,1
4QJLRA9T,journalArticle,2022,T. Yao; J. Wang; H. Wu; P. Zhang; S. Li; K. Xu; X. Liu; X. Chi,Intra-Hour Photovoltaic Generation Forecasting Based on Multi-Source Data and Deep Learning Methods,IEEE Transactions on Sustainable Energy,,1949-3037,10.1109/TSTE.2021.3123337,https://www.scopus.com/inward/record.uri?eid=2-s2.0-85118528924&doi=10.1109%2FTSTE.2021.3123337&partnerID=40&md5=7b92d3a7a32f11dd638fa9e8f7b9765b,"Global issues pertaining to climate change have necessitated the rapid deployment of new energy sources, such as photovoltaic (PV) generation. In smart grids, accurate forecasting is essential to ensure the reliability and economy of the power system. However, PV generation is severely affected by meteorological factors, which hinders accurate forecasting. Various types of data, such as local measurement data, numerical weather prediction, and satellite images, can reflect meteorological dynamics over different time scales. This paper proposes a novel data-driven forecasting framework based on deep learning, which integrates an advanced U-net and an encoder-decoder architecture to cooperatively process multi-source (time series recording and satellite image) data. The adaption of the neural networks to the data sources and the collaborative learning of both spatial and temporal features boost the model accuracy. The experimental results for 50 real-world PV power stations indicate that the proposed framework features a higher accuracy than that of other baseline models.",2022-01,2026-03-10 15:13:00,2026-03-10 17:09:26,,607-618,,1,13,,IEEE Transactions on Sustainable Energy,,,,,,,,,,,Scopus,,,,,,,,Data models; Predictive models; Feature extraction; Satellites; Deep learning; Forecasting; Data processing; deep learning; Weather forecasting; Satellite images; Climate change; Data-driven forecasting; photovoltaic generation forecasting; satellite image; Photovoltaic cells; Data driven; Data handling; Smart power grids; Features extraction; Electric power transmission networks; Climate models; Multisource data; Photovoltaic generation forecasting; Photovoltaics generations,,,,,,,,,,,,,,,,,,,,,,,,,,,,,,,,,,,,,,,,,,,,,,,,FL - TS.csv,1
TH7ESPRG,journalArticle,2022,X. Meng; Q. Liu; F. Shao; S. Li,Spatio–Temporal–Spectral Collaborative Learning for Spatio–Temporal Fusion with Land Cover Changes,IEEE Transactions on Geoscience and Remote Sensing,,1558-0644,10.1109/TGRS.2022.3185459,https://www.scopus.com/inward/record.uri?eid=2-s2.0-85134077572&doi=10.1109%2FTGRS.2022.3185459&partnerID=40&md5=165e05cf8e69dec10f66785069698de9,"Spatio-temporal fusion by combining the complementary spatial and temporal advantages of multisource remote-sensing images to obtain time-series high spatial resolution images is highly desirable in monitoring surface dynamics. Currently, deep learning (DL)-based fusion methods have received extensive attention. However, existing DL-based spatio-temporal fusion methods are generally limited in fusing the images with land cover changes. In this article, we propose a spatio-temporal–spectral collaborative learning framework for spatio-temporal fusion to alleviate this problem. Specifically, the proposed method integrates the convolutional neural network and recurrent neural network into a unified framework, consisting of three subnetworks: the multiscale Siamese convolutional neural network (MSCNN), the multilayer convolutional recurrent neural network, and the adaptive weighting fusion network (AWFNet). The MSCNN has a flexible weight-sharing network to extract multiscale spatial–spectral features from multisource remote-sensing images. The multilayer convolutional recurrent neural network is constructed on the convolutional long short-term memory units to comprehensively learn the land cover changes by spatial, spectral, and temporal joint features. The AWFNet with a spatio-temporal–spectral change (STSC) loss is proposed to further improve the interpretability and robustness. The experiments were performed on the publicly available benchmark datasets featured phenology and land cover type changes, respectively. The experimental results demonstrated the competitive performance of the proposed method than other state-of-the-art fusion methods.",2022,2026-03-10 15:13:00,2026-03-10 17:09:26,,1-16,,,60,,IEEE Transactions on Geoscience and Remote Sensing,,,,,,,,,,,Scopus,,,,,,,,Sensors; Feature extraction; Recurrent neural networks; Adaptive systems; convolutional neural network (CNN); Convolution; Spatial resolution; Earth; remote sensing; Remote sensing; MODIS; recurrent neural network (RNN); Adaptive weighting fusion; land cover changes; spatio-temporal fusion; spatiotemporal analysis; Convolutional neural network; Features extraction; learning; Remote-sensing; spatial resolution; land cover; Spatio-temporal; Multilayer neural networks; Network layers; Image resolution; Adaptive weighting; Image fusion; Land-cover change; Spatio-temporal fusions,,,,,,,,,,,,,,,,,,,,,,,,,,,,,,,,,,,,,,,,,,,,,,,,FL - TS.csv,1
9QHE9PEV,conferencePaper,2025,Y. Dong,Correlation-Driven Multi-Level Multimodal Learning for Anomaly Detection on Smart Electric Grid,2025 2nd International Conference on Smart Grid and Artificial Intelligence (SGAI),,,10.1109/SGAI64825.2025.11009488,,"In multi-energy systems, the continuous expansion of sensor networks and the rapid growth of data dimensions make the traditional single-modality-based anomaly detection strategy difficult to adapt to the challenges of multi-source heterogeneity and potential correlation brought by complex energy consumption scenarios. According to the theory of multimodal fusion algorithms, the Correlation-Driven Multi-Level Multimodal model in this work deeply executes cross-modal collaborative learning and multi-level semantics representation for the data feature of multiple energy sources: Firstly, utilize the multi-channel attention mechanism to mine the correlation between energy consumption data in different modals to realize the implementation of the weight attention of key features. Then, the hierarchical embedding network was used to map the multi-modal features to the high-dimensional unified semantic space, the temporal information and spatial relations were captured through different levels. Moreover, we construct a composite graph relationship which covers multi-source data and the potential interaction in between by combining graph structure learning and adversarial training, to enhance the accuracy and robustness of abnormal features capturing, to realize accurate detection of complex anomalous patterns in multi-energy systems. The experiment results demonstrate that, compared to the previous mainstream methods, the proposed model has a higher detection accuracy and a stronger generalization ability on the multi-source energy datasets.",2025-03-21,2026-03-10 15:13:00,2026-03-10 15:13:00,,254-257,,,,,,,,,,,,,,,,,,,,Journal Abbreviation: 2025 2nd International Conference on Smart Grid and Artificial Intelligence (SGAI),,,,Data models; Accuracy; Adaptation models; Feature extraction; Anomaly detection; Smart grids; Attention mechanisms; Energy consumption; Correlation; Semantics; Correlation mining; Energy consumption anomaly detection; Multi-layer feature representation; Multimodal learning,,,,,,,,,,,,,,,,,,,,,,,,,,,,,,,,2025 2nd International Conference on Smart Grid and Artificial Intelligence (SGAI),,,,,,,,,,,,,,,,FL - TS.csv,1
V5UC8896,conferencePaper,2025,Z. Fan,Construction of Food Quality Prediction and Traceability Platform Based on Machine Learning,2025 3rd World Conference on Communication & Computing (WCONF),,,10.1109/WCONF64849.2025.11233265,,"In response to the challenges faced by global food supply chain quality supervision, such as data silos, lagging predictions, and low traceability efficiency, this study constructs a food quality prediction and traceability platform based on machine learning and blockchain technology to achieve intelligent control throughout the entire chain. Platform design with four layers of technical architecture: The data layer collects multi-dimensional real-time data through IoT sensors, and completes preprocessing through principal component analysis and anomaly detection; The intelligent prediction layer integrates the structured feature processing capability of XGBoost and the advantages of LSTM temporal modeling to construct a hybrid model for high-precision prediction of shelf life and quality risk level; The traceability layer adopts an improved PBFT consensus mechanism to hash key data onto the chain, ensuring that the entire chain information is tamper proof and has a second level traceability response. The experiment is based on real datasets of dairy products and fruit and vegetable products. The results show that the accuracy of platform quality risk classification reaches 89.2%, the root mean square error of shelf life prediction is 2.14 days, and the blockchain traceability delay is stable at 2.3 seconds, which is more than 40% more efficient than traditional systems. The research innovation lies in the fusion of heterogeneous models and the collaboration of blockchain technology, breaking through the limitations of single algorithm modeling and building a trusted data base, providing enterprises with an integrated solution of ""prediction monitoring traceability"", effectively reducing quality recall costs, and providing precise regulatory technical support for regulatory authorities. In the future, we will focus on lightweight edge models, cross enterprise federated learning data sharing, and deep integration of multimodal data to promote the platform's expansion into complex scenarios, and assist in the intelligent transformation of the global food supply chain and the construction of safety assurance systems.",2025-07-25,2026-03-10 15:13:01,2026-03-10 15:13:01,,1-7,,,,,,,,,,,,,,,,,,,,Journal Abbreviation: 2025 3rd World Conference on Communication & Computing (WCONF),,,,Data models; Real-time systems; Predictive models; Internet of Things; Principal component analysis; Prediction algorithms; Technological innovation; Analytical models; Machine learning; Safety; Root mean square; Supply chains; Blockchain traceability; Food quality prediction; Intelligent supply chain,,,,,,,,,,,,,,,,,,,,,,,,,,,,,,,,2025 3rd World Conference on Communication & Computing (WCONF),,,,,,,,,,,,,,,,FL - TS.csv,1
ZAFQB443,journalArticle,2024,"Yao, J.; Liang, W.; Zheng, Z.; Ouyang, Y.; Liao, C.",Research on maintenance cycle prediction for energy equipment with limited and sensitive data,Engineering Failure Analysis,,,10.1016/j.engfailanal.2024.108696,https://www.scopus.com/inward/record.uri?eid=2-s2.0-85199525481&doi=10.1016%2Fj.engfailanal.2024.108696&partnerID=40&md5=1607849cd9205d5e53499ce0ba5ea60e,"Failures in natural gas compressor units can lead to significant production incidents that impact energy security, making intelligent preventative maintenance of this equipment critically important. Given the limited and sensitive data from critical energy equipment like natural gas compressor units, this paper conducts preventative maintenance research based on domain adaptation and federated learning (DFPM), and proposes a novel maintenance cycle prediction framework. The feasibility of the proposed method was validated through historical operational data from field natural gas compressor units, providing a data-oriented reference for maintenance decision-making. Verification results demonstrate that the proposed multi-level adversarial domain adaptation method possesses superior feature representation capability, enhancing the preservation of the original degradation trend for time series data compared to traditional DA models. The novel federated adversarial strategy presented in this paper can effectively transfer source domain knowledge to the target domain, further enhancing the cross-unit predictive performance of the target domain model with limited samples. Additionally, this strategy with the chaotic multi-mode predictive model further improves the limitations of low parallelism and efficiency in traditional RNN-based prediction models while ensuring data security. This research provides a new perspective for the intelligent operation and maintenance of large energy equipment, which is of significance in practical engineering. © 2024 Elsevier Ltd",2024,2026-03-10 16:54:11,2026-03-10 17:10:07,,,,,164,,,,,,,,,,,,,Scopus,,,,,,,,Federated learning; Predictive maintenance; Maintenance; Deep learning; Forecasting; Decision making; Domain adaptation; Compressibility of gases; Cycle prediction; Domain Knowledge; Energy equipment; Energy equipments; Energy security; Gas compressor units; Gas compressors; Limited data; Maintenance cycles; Natural gas; Natural gas compressors,,,,,,,,,,,,,,,,,,,,,,,,,,,,,,,,,,,,,,,,,,,,,,,,FL - TS.csv,1
KY422FF7,conferencePaper,2024,"Selvaganesh, M.; Sakthi Kumar, S.; Sabarisan, K.M.",5G RAN Failure Prediction System,,,,10.1109/ICCCSMD63546.2024.11015160,https://www.scopus.com/inward/record.uri?eid=2-s2.0-105016463619&doi=10.1109%2FICCCSMD63546.2024.11015160&partnerID=40&md5=45e8c6fedea5bc40c5bd5cf1fbf67c91,"The 5G Radio Access Network (RAN) Failure Prediction System leverages advanced Artificial Intelligence (AI) and Machine Learning (ML) algorithms to forecast network failures up to two hours in advance, ensuring uninterrupted service and high Quality of Service (QoS). By utilizing Fault Management (FM) and Performance Management (PM) data sourced from Third Generation Partnership Project (3GPP) Service Level Agreements (SLAs), the system predicts potential RAN issues before they impact network performance. The process begins with the collection and preprocessing of FM and PM data from diverse 5G RAN components. This data is cleansed, normalized, and integrated, addressing any missing values or outliers to ensure accuracy. Feature engineering is employed to extract and refine features, highlighting complex relationships within the data. The model development phase combines interpretable models such as Decision Trees, Rule Fit, and Local Interpretable Model-agnostic Explanations (LIME) with anomaly detection algorithms like Isolation Forest. Additionally, dynamic thresholding and temporal analysis using Long Short-Term Memory (LSTM) networks capture time-dependent patterns. Automated feature engineering tools, including the Tree-based Pipeline Optimization Tool (TPOT), enhance the feature extraction process, while AI methods like SHapley Additive exPlanations (SHAP) and Layer-wise Relevance Propagation (LRP) ensure model transparency. Continuous evaluation mechanisms, such as A/B testing, drift detection, and Federated Learning (FL) techniques, are employed to refine the model continually. Once developed, the predictive system is seamlessly integrated into the 5G RAN infrastructure, with regular updates and maintenance to uphold its reliability. This system significantly advances 5G network management by minimizing downtime, optimizing maintenance efforts, and enhancing QoS. Despite challenges like data dependence and complex initial setup, the benefits of proactive maintenance, cost savings, scalability, and transparent insights make this solution a vital tool for the future of 5G networks. © 2024 IEEE.",2024,2026-03-10 16:54:15,2026-03-10 16:54:15,,,,,,,,,,,,,,,,,,Scopus,,,,,,,,Artificial intelligence; Predictive maintenance; Machine learning; Artificial Intelligence (AI); Machine Learning (ML); Quality of service; Radio access networks; Decision trees; Complex networks; Fault management; Machine-learning; Long short-term memory; Learning algorithms; Failure (mechanical); 3GPP service level agreement; 3GPP Service Level Agreements (SLAs); Fault Management (FM); Layer-wise; Layer-wise relevance propagation; Layer-wise Relevance Propagation (LRP); Lime; Network management; Network performance; Performance management; Performance Management (PM); Project management; Quality of Service (QoS); Quality-of-service; Radio access network; Radio Access Network (RAN); Servicelevel agreement (SLA),,,,,,,,,,,,,,,,,,,,,,,,,,,,,,,,"1st International Conference on Communication, Computing, Smart Materials and Devices, ICCCSMD 2024",,,,,,,,,,,,,,,,FL - TS.csv,1
YIPK92Q4,journalArticle,2026,"Zhou, W.; Zeng, F.; Fan, T.",SSMGNN: Spectral temporal graph neural network with state space models for multivariate time-series forecasting,Neurocomputing,,,10.1016/j.neucom.2025.132295,https://www.scopus.com/inward/record.uri?eid=2-s2.0-105024328794&doi=10.1016%2Fj.neucom.2025.132295&partnerID=40&md5=91c56cfca0c3fa3fa7535fe0f3c253d6,"Multivariate time series (MTS) forecasting is critical in many scientific and industrial applications. Prevailing GNN-based methods often rely on decoupled spatial and temporal modules, which fail to capture the intrinsic unity of spatiotemporal dependencies. While FourierGNN introduces a hypervariable graph for unified modeling, its reliance on a single, static filter makes it vulnerable to local noise and perturbations, limiting its prediction performance. To tackle these limitations, this paper proposes SSMGNN. Through a derivation of the spectral transfer function in the State Space Models (SSMs), we first develop a dynamic spectral filtering module to mitigate noise and improve local contextual adaptation. Then we construct a Hybrid Fourier Graph Operator (HFGO) by integrating the dynamic filtering module with a static FGO, thereby enabling collaborative learning of both local and global spatiotemporal dependencies. Finally, a multi-scale fusion mechanism is incorporated to enhance parameter efficiency and reduce computational overhead without compromising accuracy. Extensive experimental results on nine real-world MTS datasets demonstrate the effectiveness of SSMGNN in comparison to state-of-the-art methods. Code is available at this repository: https://github.com/GuiHaiCF/SSMGNN.git. © 2025 Elsevier B.V.",2026,2026-03-10 17:00:02,2026-03-10 17:00:02,,,,,666,,,,,,,,,,,,,Scopus,,,,,,,,machine learning; Forecasting; Computational efficiency; Graph neural networks; deep learning; accuracy; simulation; Multivariate time series forecasting; Multivariate time series; Time series; Time series forecasting; forecasting; time series analysis; graph neural network; prediction; feature extraction; support vector machine; random forest; Graph theory; human; artificial neural network; algorithm; process optimization; Article; mathematical model; learning algorithm; State space methods; State-space models; information processing; receiver operating characteristic; theoretical model; Unified Modeling; multivariate analysis; filtration; Hypervariables; mathematical analysis; Prediction performance; Signal filtering and prediction; Spatio-temporal dependencies; spectral temporal graph neural network; State space models; Temporal graphs,,,,,,,,,,,,,,,,,,,,,,,,,,,,,,,,,,,,,,,,,,,,,,,,FL - TS.csv,1
RPPFUKB4,conferencePaper,2024,"Wu, C.; Wang, H.; Zhang, X.; Fang, Z.; Bu, J.",Spatio-temporal Heterogeneous Federated Learning for Time Series Classification with Multi-view Orthogonal Training,,,,10.1145/3664647.3680733,https://www.scopus.com/inward/record.uri?eid=2-s2.0-85209778479&doi=10.1145%2F3664647.3680733&partnerID=40&md5=07d4bcba97f3ec9ddf3c5c6450d4e4e4,"Federated learning (FL) is undergoing significant traction due to its ability to perform privacy-preserving training on decentralized data. In this work, we focus on sensitive time series data collected by distributed sensors in real-world applications. However, time series data introduce the challenge of dual spatial-temporal feature skew due to their dynamic changes across domains and time, differing from computer vision. This key challenge includes inter-client spatial feature skew caused by heterogeneous sensor collection and intra-client temporal feature skew caused by dynamics in time series distribution. We follow the framework of Personalized Federated Learning (pFL) to handle dual feature drifts to enhance the capabilities of customized local models. Therefore, in this paper, we propose a method FedST to solve key challenges through orthogonal feature decoupling and regularization in both training and testing stages. During training, we collaborate time view and frequency view of time series data to enrich the mutual information and adopt orthogonal projection to disentangle and align the shared and personalized features between views, and between clients. During testing, we apply prototype-based predictions and model-based predictions to achieve model consistency based on shared features. Extensive experiments on multiple real-world classification datasets and multimodal time series datasets show our method consistently outperforms state-of-the-art baselines with clear advantages. © 2024 ACM.",2024,2026-03-10 17:00:02,2026-03-10 17:00:02,,2613-2622,,,,,,,,,,,,,,,,Scopus,,,,,,,,federated learning; Federated learning; time series; Time series; Contrastive Learning; Adversarial machine learning; Times series; Privacy preserving; Decentralised; Time-series data; Real-world; Time series classifications; Spatio-temporal; Feature distribution; Multi-views; feature distribution shift; Feature distribution shift,,,,,,,,,,,,,,,,,,,,,,,,,,,,,,,,MM 2024 - Proceedings of the 32nd ACM International Conference on Multimedia,,,,,,,,,,,,,,,,FL - TS.csv,1
SEWAH936,journalArticle,2025,"Song, M.; Zhao, X.; Pedrycz, W.",A robust federated biased learning algorithm for time series forecasting,Cluster Computing,,,10.1007/s10586-024-05061-7,https://www.scopus.com/inward/record.uri?eid=2-s2.0-85219184967&doi=10.1007%2Fs10586-024-05061-7&partnerID=40&md5=17f67a6684d1e4d9575b8373a0f4842c,"Federated learning techniques have been successfully applied to solve multi-sensor data modeling problems. However, existing federated learning methods ignore the impact of local model’s performance on the global model. In this paper, we try to figure out the impact and propose a new federated learning algorithm to solve time series prediction problems. Firstly, we designed a new aggregation formula comprising importance levels of all local models. The importance level is used to represent individual information from the perspective of model performances. Secondly, we used this new aggregation formula to realize the update of local models and we named this method FedBiased. Thirdly, we designed a comprehensive framework comprising three scenarios of disturbances to verify and compared the strong robustness of FedBiased and other federated learning methods. Finally, a real case, air quality index prediction problem was adopted for experimental study. The experiment results show our algorithm’s effectiveness on both clean time series and noisy time series. © The Author(s), under exclusive licence to Springer Science+Business Media, LLC, part of Springer Nature 2025.",2025,2026-03-10 17:00:02,2026-03-10 17:00:02,,,,4,28,,,,,,,,,,,,,Scopus,,,,,,,,Federated learning; Neural networks; Time series; Time series forecasting; Contrastive Learning; Adversarial machine learning; Times series; Prediction models; Neural-networks; Learning methods; Local model; Learning techniques; Multi-sensor data; Prediction problem; Air quality index; Air quality indices; Federated averaging algorithm,,,,,,,,,,,,,,,,,,,,,,,,,,,,,,,,,,,,,,,,,,,,,,,,FL - TS.csv,1
8CRXHSCS,journalArticle,2024,"Borah, S.S.; Khanal, A.; Sundaravadivel, P.",Emerging Technologies for Automation in Environmental Sensing: Review,Applied Sciences (Switzerland),,,10.3390/app14083531,https://www.scopus.com/inward/record.uri?eid=2-s2.0-85192466421&doi=10.3390%2Fapp14083531&partnerID=40&md5=7f0fdbd91f10794f6a4954f311ec126f,"This article explores the impact of automation on environmental sensing, focusing on advanced technologies that revolutionize data collection analysis and monitoring. The International Union of Pure and Applied Chemistry (IUPAC) defines automation as integrating hardware and software components into modern analytical systems. Advancements in electronics, computer science, and robotics drive the evolution of automated sensing systems, overcoming traditional limitations in manual data collection. Environmental sensor networks (ESNs) address challenges in weather constraints and cost considerations, providing high-quality time-series data, although issues in interoperability, calibration, communication, and longevity persist. Unmanned Aerial Systems (UASs), particularly unmanned aerial vehicles (UAVs), play an important role in environmental monitoring due to their versatility and cost-effectiveness. Despite challenges in regulatory compliance and technical limitations, UAVs offer detailed spatial and temporal information. Pollution monitoring faces challenges related to high costs and maintenance requirements, prompting the exploration of cost-efficient alternatives. Smart agriculture encounters hurdle in data integration, interoperability, device durability in adverse weather conditions, and cybersecurity threats, necessitating privacy-preserving techniques and federated learning approaches. Financial barriers, including hardware costs and ongoing maintenance, impede the widespread adoption of smart technology in agriculture. Integrating robotics, notably underwater vehicles, proves indispensable in various environmental monitoring applications, providing accurate data in challenging conditions. This review details the significant role of transfer learning and edge computing, which are integral components of robotics and wireless monitoring frameworks. These advancements aid in overcoming challenges in environmental sensing, underscoring the ongoing necessity for research and innovation to enhance monitoring solutions. Some state-of-the-art frameworks and datasets are analyzed to provide a comprehensive review on the basic steps involved in the automation of environmental sensing applications. © 2024 by the authors.",2024,2026-03-10 17:00:02,2026-03-10 17:10:46,,,,8,14,,,,,,,,,,,,,Scopus,,,,,,,,edge computing; deep learning; transfer learning; environment sensing,,,,,,,,,,,,,,,,,,,,,,,,,,,,,,,,,,,,,,,,,,,,,,,,FL - TS.csv; Literature Rewies.csv,2
NQCWNQF4,journalArticle,2026,"Li, Y.; Zhang, C.; Zhang, Y.; Hu, J.",PFL-TEnet: Personalized federated learning for wind power forecasting via time-series embedding and hypernetwork modeling,Expert Systems with Applications,,,10.1016/j.eswa.2025.129881,https://www.scopus.com/inward/record.uri?eid=2-s2.0-105021088736&doi=10.1016%2Fj.eswa.2025.129881&partnerID=40&md5=693e0e23a4ea6ccf909d674b2eb8112a,"As wind power occupies an increasingly important position in the global energy structure, improving its power prediction accuracy has become the key to guarantee the stable operation of the power system and the efficient consumption of new energy. However, wind energy is driven by complex nonlinear meteorological factors, exhibiting significant time series dependency and heterogeneity among wind farms, while also facing practical requirements for data privacy protection. These factors present numerous challenges for personalized modeling across multiple wind farms. To address these challenges, this paper proposes a personalized federated learning model, PFL-TEnet, which utilizes time-series embedding network to extract critical temporal features and dynamically generates personalized model parameters through hypernetwork. Under the premise of protecting data privacy, this model balances personalized adaptability and generalization capability. Experimental results demonstrate that the proposed method significantly outperforms existing mainstream methods on multiple real wind farm datasets and demonstrates notable advantages in prediction accuracy and personalized performance. © 2025 Elsevier Ltd. All rights are reserved, including those for text and data mining, AI training, and similar technologies.",2026,2026-03-10 17:00:02,2026-03-10 17:00:02,,,,,298,,,,,,,,,,,,,Scopus,,,,,,,,Data privacy; Personalized federated learning; Data mining; Weather forecasting; Learning systems; Time series; Hypernetwork; Wind forecasting; Power; Times series; Wind power; Prediction accuracy; Electric utilities; Wind farm; Personalized model; Embedding network; Time-series embedding network; Wind power prediction; Wind power predictions,,,,,,,,,,,,,,,,,,,,,,,,,,,,,,,,,,,,,,,,,,,,,,,,FL - TS.csv,1
98MCBNT5,conferencePaper,2025,"Lv, D.; Li, X.; Wang, Y.; Li, Y.",Clustered Federated Learning Based on Fuzzy Time Series Morphology,,,,10.1117/12.3073278,https://www.scopus.com/inward/record.uri?eid=2-s2.0-105014241658&doi=10.1117%2F12.3073278&partnerID=40&md5=3476e57b218dff71a1186d2675ba1e2f,"As federated learning (FL) becomes increasingly prevalent across various fields, its advantages in addressing clustering problems with time series data are becoming more apparent. Especially in finance, meteorology, and healthcare, clustering analysis of time series data is crucial for constructing accurate global models. This paper proposes a novel FL framework, Clustered Federated Learning Based on Fuzzy Time Series Morphology (FTS-CFL), aimed at achieving more precise clustering by capturing the similar morphological characteristics of time series within clusters. In the FTS-CFL framework, we first conduct morphological analysis on the time series data from each client to extract key time series features. Subsequently, we utilize a fuzzy clustering algorithm to cluster these features, which can handle the uncertainty and complexity of time series data, thereby aggregating clients with similar time series morphology. In this way, our method can effectively reduce the negative impact of non-independent and identically distributed (non-IID) data on model performance without compromising data privacy. To validate the effectiveness of the FTS-CFL algorithm, we conducted extensive experiments on multiple real-world time series datasets. The experimental results show that compared to existing FL methods, FTS-CFL achieves significant improvements in model accuracy and convergence speed. Additionally, we explored the performance of FTS-CFL under different parameter settings and its robustness against varying degrees of non-IID data. © 2025 SPIE.",2025,2026-03-10 17:00:02,2026-03-10 17:00:02,,,,,13681,,,,,,,,,,,,,Scopus,,,,,,,,Data privacy; Federated Learning; Time series analysis; Non-IID Data; Clustering algorithms; Time series; Morphology; Image processing; Clustering; Privacy Protection; Learning algorithms; Times series; Distributed data; Time-series data; Privacy protection; IID data; Clusterings; Non-IID data; Cluster analysis; Clustering analysis; Clustering problems; Fuzzy clustering; Fuzzy time series morphology; Fuzzy Time Series Morphology,,,,,,,,,,,,,,,,,,,,,,,,,,,,,,,,Proceedings of SPIE - The International Society for Optical Engineering,,,,,,,,,,,,,,,,FL - TS.csv,1
LG9BCG4D,journalArticle,2025,"Chifu, V.R.; Cioara, T.; Anitei, C.D.; Pop, C.B.; Anghel, I.; Toderean, L.",A federated learning model with the whale optimization algorithm for renewable energy prediction,Computers and Electrical Engineering,,,10.1016/j.compeleceng.2025.110259,https://www.scopus.com/inward/record.uri?eid=2-s2.0-105000076779&doi=10.1016%2Fj.compeleceng.2025.110259&partnerID=40&md5=e58dfcdab33145b9c851144571fd59df,"Federated prediction models for energy prosumers create a global model by combining insights from local machine learning models trained on-site without centralizing the data. For time series energy data, this collaborative approach faces challenges due to the non-IID nature of the data, variations in generation patterns, the high number of model parameters, and convergence issues, leading to poor prediction accuracy. This paper introduces a novel federated learning model, FedWOA, which uses the whale optimization algorithm to determine optimal aggregation coefficients based on the local model weight vectors by pondering the updates considering the model performance and data dimensionality construct the global shared model. To handle the non-IID data the prosumers were clustered based on the similarity of their energy profiles using K-Means. FedWOA improves the prediction quality at the prosumer site, with a 16 % average reduction of the mean absolute error compared to FedAVG while demonstrating good convergence and reduced loss. © 2025",2025,2026-03-10 17:00:02,2026-03-10 17:00:02,,,,,123,,,,,,,,,,,,,Scopus,,,,,,,,Federated learning; Smart grid; Energy prediction; Prediction models; Neural-networks; Prosumer; Renewable energies; Optimization algorithms; K-Means clustering; K-means++ clustering; LSTM neural network; Renewable energy prediction; Whale optimization algorithm,,,,,,,,,,,,,,,,,,,,,,,,,,,,,,,,,,,,,,,,,,,,,,,,FL - TS.csv,1
9JGDJ4WM,journalArticle,2025,"Mamat, R.; Ghazali, M.F.; Basrawi, F.; Rosdi, S.M.",Emerging role of generative AI in renewable energy forecasting and system optimization,Sustainable Chemistry for Climate Action,,,10.1016/j.scca.2025.100099,https://www.scopus.com/inward/record.uri?eid=2-s2.0-105010932535&doi=10.1016%2Fj.scca.2025.100099&partnerID=40&md5=9f47bd7c6d1a8b03c70825098a61c822,"The rapid integration of renewable energy sources (RES) into modern power systems introduces significant challenges in forecasting accuracy, grid stability, and energy optimization. Generative Artificial Intelligence (Gen-AI), including architectures such as Generative Adversarial Networks (GANs), Variational Autoencoders (VAEs), and transformers, offers new capabilities to overcome data sparsity, nonlinearity, and uncertainty in renewable-dominant systems. This study aims to comprehensively review the emerging role of Gen-AI in improving solar and wind forecasting, load prediction, energy storage management, and smart grid optimization. Using a comparative and synthesis-based methodology, this review analyses findings from high-impact publications between 2023 and 2025. Results indicate that GAN-based models reduce root mean square error (RMSE) by 15–20 % in solar irradiance forecasting and significantly enhance spatial-temporal wind simulations. Time-series GAN-LSTM hybrids enhance demand forecasting accuracy under nonlinear conditions, while VAE-driven dispatch models achieve gains of 9–12 % in energy efficiency and curtailment reduction. The novelty of this review lies in mapping Gen-AI's integration with digital twins, federated learning, and AI–IoT frameworks, which enables the real-time, privacy-preserving optimisation of complex energy systems. The principal conclusion is that Gen-AI serves as a transformative tool to enhance system resilience, forecasting precision, and operational flexibility in renewable energy networks. For sustainable implementation, future developments must address challenges in model explainability, data privacy, and scalability. These findings support the journal's scope by highlighting AI-driven advancements for the reliable, efficient, and sustainable transformation of energy systems. © 2025",2025,2026-03-10 17:00:02,2026-03-10 17:00:02,,,,,7,,,,,,,,,,,,,Scopus,,,,,,,,Generative artificial intelligence; Energy system optimization; Federated learning in energy; Renewable energy forecasting; Smart grid management,,,,,,,,,,,,,,,,,,,,,,,,,,,,,,,,,,,,,,,,,,,,,,,,FL - TS.csv; Literature Rewies.csv,2
3HPRY86P,journalArticle,2026,"Farooq, E.; Milano, M.; Borghesi, A.",Federated LSTM autoencoders for time series anomaly detection in production-scale HPC systems,Knowledge-Based Systems,,,10.1016/j.knosys.2025.115043,https://www.scopus.com/inward/record.uri?eid=2-s2.0-105024455778&doi=10.1016%2Fj.knosys.2025.115043&partnerID=40&md5=dc22b58c266707ffb1f62734d4f10bf1,"High-Performance Computing (HPC) systems are becoming increasingly vulnerable to anomalies as their scale and complexity grow. In this work, we propose a federated learning (FL) framework that integrates Long Short-Term Memory (LSTM) autoencoders for time series anomaly detection, allowing decentralized model training without sharing raw data. Using real telemetry from the Marconi100 Tier-0 supercomputer, our approach improves the average F1-score from 0.388 to 0.867 (+123 %) and the AUC from 0.334 to 0.808 (+142 %). It also cuts the training data requirement by a factor of 15, reducing the collection period from 4.5 months to just 1.25 weeks. These improvements are consistent across unsupervised, semi-supervised, and supervised settings, and significance testing with the Wilcoxon signed-rank test confirms they are statistically robust (p < 0.01). To our knowledge, this is the first comprehensive evaluation of FL-based LSTM autoencoders for anomaly detection in real HPC environments. © 2025 The Authors",2026,2026-03-10 17:00:02,2026-03-10 17:00:02,,,,,334,,,,,,,,,,,,,Scopus,,,,,,,,Federated learning; Anomaly detection; Time series analysis; Machine learning; Federated learning (FL); Data mining; Time-series analysis; Learning systems; Supercomputers; Machine-learning; Long short-term memory; Times series; Short term memory; Auto encoders; High-performance computing; High-performance computing (HPC); Long short-term memory autoencoder; LSTM autoencoders; Performance computing,,,,,,,,,,,,,,,,,,,,,,,,,,,,,,,,,,,,,,,,,,,,,,,,FL - TS.csv,1
JR3N9P82,journalArticle,2024,"Song, M.; Zhao, X.",Granular neural networks learning for time series prediction under a federated scenario,Granular Computing,,,10.1007/s41066-024-00490-6,https://www.scopus.com/inward/record.uri?eid=2-s2.0-85197854688&doi=10.1007%2Fs41066-024-00490-6&partnerID=40&md5=a2f34bdb77a7aa3dba78a95a709b7c87,"Granular neural networks (GNNs) are a type of advanced prediction models that produce information granules, offer more abstract and adaptable results. In this study, we address three significant issues in time series prediction within a federated learning (FL) scenario: the management of distributed data, the aggregation of GNNs, and the optimization of granularity levels. Traditional centralized models are insufficient for managing distributed data while ensuring privacy and reducing communication costs, and existing studies on GNNs have not explored their aggregation under a federated framework, which is essential for enhancing model robustness and stability. Additionally, determining the optimal level of granularity for GNNs remains a challenge, impacting the model's predictive accuracy and computational efficiency. To address these issues, we propose a novel federated learning framework that enhances the performance of GNNs for time series prediction. Our approach involves a comprehensive FL framework that enables the collaborative training of local GNNs, refining their granular weights through global aggregation, ensuring better privacy management, and reducing communication overhead. By focusing on the aggregation of parameters within the federated scenario, we enhance the robustness and stability of GNNs which are crucial for effective time series prediction. Furthermore, we determine the optimal levels of information granularity by employing multi-objective optimization techniques, specifically using Pareto fronts to balance the trade-offs between different objectives. Experiments on predicting air quality index for 35 stations in Beijing (China) show the effectiveness of our method. © The Author(s), under exclusive licence to Springer Nature Switzerland AG 2024.",2024,2026-03-10 17:00:02,2026-03-10 17:00:02,,,,3,9,,,,,,,,,,,,,Scopus,,,,,,,,Federated learning; Forecasting; Computational efficiency; Federated learning (FL); Time series prediction; Learning systems; Time series; Distributed data; Economic and social effects; Cost reduction; Neural-networks; Learning frameworks; Multiobjective optimization; Advanced prediction modeling; Granular neural network; Granular neural networks (GNN); Neural network learning; Optimal level; Particle swarm optimization (PSO); PSO,,,,,,,,,,,,,,,,,,,,,,,,,,,,,,,,,,,,,,,,,,,,,,,,FL - TS.csv,1
2K6HFL9C,journalArticle,2025,"Huang, T.; Chau, K.Y.; Zhan, S.; Pan, S.-H.",Hybrid deep learning and machine learning framework for high-precision water quality prediction in urban systems,"Environment, Development and Sustainability",,,10.1007/s10668-025-06447-2,https://www.scopus.com/inward/record.uri?eid=2-s2.0-105008341104&doi=10.1007%2Fs10668-025-06447-2&partnerID=40&md5=bf6c90e95b3e563e9948e42ee1d1a3a7,"Urbanization and industrial growth have severely impacted water quality, creating urgent demand for intelligent prediction frameworks to support sustainable urban water management. Traditional monitoring methods are often limited by their inability to capture real-time or high-resolution data, necessitating data-driven alternatives. This study proposes a hybrid deep learning and machine learning framework that classifies Water Quality Index (WQI) categories using Convolutional Neural Networks (CNN), K-Nearest Neighbors (KNN), Naive Bayes (NB), and Multi-Layer Perceptron (MLP). CNN processes time-series groundwater data as 2D matrices, leveraging dilated convolutions and regularization techniques to extract multiscale temporal patterns. The model was trained and validated on post-monsoon groundwater datasets from Telangana, India, employing fourfold cross-validation. Among the algorithms tested, CNN achieved the best performance with RMSE: 0.0654 and R2: 0.9981, reducing prediction error by 18–48% over KNN, NB, and MLP. These results highlight CNN’s superior ability to learn from spatial–temporal dynamics while maintaining computational efficiency. Unlike previous studies focused solely on regression models or singular algorithms, this study combines multiple classifiers into a unified prediction pipeline, enhancing adaptability across heterogeneous datasets. Furthermore, the model’s strong performance relative to state-of-the-art hybrid architectures such as LSTM-GRU and attention-based networks demonstrates its suitability for deployment in regions lacking dense sensor infrastructure. The findings support real-time pollution classification, guiding policy decisions for targeted remediation. Future implementations could integrate real-time sensor data and employ federated learning for broader applicability. This framework offers a robust, scalable, and interpretable solution for sustainable water quality management amid rapid urban expansion and climate variability. © The Author(s), under exclusive licence to Springer Nature B.V. 2025.",2025,2026-03-10 17:00:02,2026-03-10 17:00:02,,,,,,,,,,,,,,,,,,Scopus,,,,,,,,Deep learning; Convolutional Neural Networks (CNN); Sustainable water prediction; Urban water management; Water Quality Index (WQI),,,,,,,,,,,,,,,,,,,,,,,,,,,,,,,,,,,,,,,,,,,,,,,,FL - TS.csv,1
WUMV3N6M,journalArticle,2025,"Alwakeel, M.M.",AI-Assisted Real-Time Monitoring of Infectious Diseases in Urban Areas,Mathematics,,,10.3390/math13121911,https://www.scopus.com/inward/record.uri?eid=2-s2.0-105009095659&doi=10.3390%2Fmath13121911&partnerID=40&md5=23d2f4b0038d7e26838af77b12313abe,"The rapid expansion of infectious diseases in urban environments presents a significant public health challenge, as traditional surveillance methods rely on delayed case reporting, limiting proactive response capabilities. With the increasing availability of real-time health data, artificial intelligence (AI) has emerged as a powerful tool for disease monitoring, anomaly detection, and outbreak prediction. This study proposes SmartHealth-Track, an AI-powered real-time infectious disease monitoring framework that integrates machine learning models with IoT-enabled surveillance, smart pharmacy analytics, wearable health tracking, and wastewater surveillance to enhance early outbreak detection and predictive forecasting. The system leverages time series forecasting with long short-term memory (LSTM) networks, logistic regression for outbreak probability estimation, anomaly detection with isolation forests, and natural language processing (NLP) for extracting epidemiological insights from public health reports and social media trends. Experimental validation using real-world datasets demonstrated that SmartHealth-Track achieves high accuracy, with an outbreak detection accuracy of 92.4%, wearable-based fever detection accuracy of 93.5%, AI-driven contact tracing precision of 91.2%, and AI-enhanced wastewater pathogen classification accuracy of 94.1%. The findings confirm that AI-driven real-time surveillance significantly improves outbreak detection and forecasting, enabling timely public health interventions. Future research should focus on federated learning for secure data collaboration and reinforcement learning for adaptive decision making. © 2025 by the author.",2025,2026-03-10 17:00:03,2026-03-10 17:00:03,,,,12,13,,,,,,,,,,,,,Scopus,,,,,,,,anomaly detection; predictive analytics; AI-driven surveillance; infectious disease monitoring; IoT-enabled healthcare; smart pharmacy tracking,,,,,,,,,,,,,,,,,,,,,,,,,,,,,,,,,,,,,,,,,,,,,,,,FL - TS.csv,1
AWFU5F7Z,journalArticle,2025,"Ding, H.; Hou, H.; Wang, L.; Cui, X.; Yu, W.; Wilson, D.I.",Application of Convolutional Neural Networks and Recurrent Neural Networks in Food Safety,Foods,,,10.3390/foods14020247,https://www.scopus.com/inward/record.uri?eid=2-s2.0-85215978404&doi=10.3390%2Ffoods14020247&partnerID=40&md5=45f97fd9dee7240f7aeca942c1255917,"This review explores the application of convolutional neural networks (CNNs) and recurrent neural networks (RNNs) in food safety detection and risk prediction. This paper highlights the advantages of CNNs in image processing and feature recognition, as well as the powerful capabilities of RNNs (especially their variant LSTM) in time series data modeling. This paper also makes a comparative analysis in many aspects: Firstly, the advantages and disadvantages of traditional food safety detection and risk prediction methods are compared with deep learning technologies such as CNNs and RNNs. Secondly, the similarities and differences between CNNs and fully connected neural networks in processing image data are analyzed. Furthermore, the advantages and disadvantages of RNNs and traditional statistical modeling methods in processing time series data are discussed. Finally, the application directions of CNNs in food safety detection and RNNs in food safety risk prediction are compared. This paper also discusses combining these deep learning models with technologies such as the Internet of Things (IoT), blockchain, and federated learning to improve the accuracy and efficiency of food safety detection and risk warning. Finally, this paper mentions the limitations of RNNs and CNNs in the field of food safety, as well as the challenges in the interpretability of the model, and suggests the use of interpretable artificial intelligence (XAI) technology to improve the transparency of the model. © 2025 by the authors.",2025,2026-03-10 17:00:03,2026-03-10 17:00:03,,,,2,14,,,,,,,,,,,,,Scopus,,,,,,,,deep learning; convolutional neural networks; long short-term memory; food safety; recurrent neural networks,,,,,,,,,,,,,,,,,,,,,,,,,,,,,,,,,,,,,,,,,,,,,,,,FL - TS.csv; Literature Rewies.csv,2
NW8K58H5,journalArticle,2025,"Kutuzo1, A.I.; Bogdanova1, A.V.",Collaboration Analytics in Higher Education and Professional Contexts: A Systematic Review of Approaches and Theoretical Foundations,Vysshee Obrazovanie v Rossii,,,10.31992/0869-3617-2025-34-11-81-107,https://www.scopus.com/inward/record.uri?eid=2-s2.0-105023391348&doi=10.31992%2F0869-3617-2025-34-11-81-107&partnerID=40&md5=6349a7c15a9ba4c095c1233e274432b8,"The article presents a review of studies in the field of Collaboration Analytics and their application to the analysis of collaborative activities in higher education. Based on a system-atic search and comparison of works, key constructs of collaboration we identified – participation, coordination, and cognitive regulation – as well as approaches to their theoretical interpretation. The findings show that, in university practice, the most in-demand data include records of student activity on digital platforms (message logs, timestamps, relational links), results of content analysis of communication (discourse coding, semantic mapping), and multimodal indicators of interaction (e.g., time series of actions and distribution of roles within groups). To process these data, methods of network analysis, epistemic network analysis (ENA), machine learning, and digital trace visu-alization are actively employed. These approaches enable instructors to diagnose team dynamics, provide more accurate feedback, and support the development of students’ metacompetencies. As a comparative context, studies of corporate analytics were examined, which made it possible to identify models of monitoring and visualization of participants’ contributions that can potentially be transferred to the university setting. The practical significance of the results lies in providing educa-tors and educational researchers with tools for the informed selection of analytical methods and in-dicators, as well as in outlining the possibilities of adapting corporate practices to university models of collaborative learning. For readers, the value of the article consists in systematizing fragmented research and identifying promising approaches that may enhance the quality of student group work and its assessment. © Кутузов А.И., Богаданова А.В., 2025. This work is licensed under a Creative Commons Attribution 4.0 License.",2025,2026-03-10 17:00:03,2026-03-10 17:00:03,,81-107,,11,34,,,Аналитика сотрудничества в высшем образовании и профессиональной среде: систематический обзор подходов и теоретических оснований,,,,,,,,,,Scopus,,,,,,,,collaboration analytics; computer-supported collaborative learning; computer-supported cooperative work; cooperative analytics; CSCL; CSCW; feedback,,,,,,,,,,,,,,,,,,,,,,,,,,,,,,,,,,,,,,,,,,,,,,,,FL - TS.csv; Literature Rewies.csv,2
FBQEU24E,journalArticle,2024,"Kumar, M.; Kim, S.",Securing the Internet of Health Things: Embedded Federated Learning-Driven Long Short-Term Memory for Cyberattack Detection,Electronics (Switzerland),,,10.3390/electronics13173461,https://www.scopus.com/inward/record.uri?eid=2-s2.0-85203637449&doi=10.3390%2Felectronics13173461&partnerID=40&md5=bf2ba421f35d9dc294422cc3f2e539e1,"The proliferation of the Internet of Health Things (IoHT) introduces significant benefits for healthcare through enhanced connectivity and data-driven insights, but it also presents substantial cybersecurity challenges. Protecting sensitive health data from cyberattacks is critical. This paper proposes a novel approach for detecting cyberattacks in IoHT environments using a Federated Learning (FL) framework integrated with Long Short-Term Memory (LSTM) networks. The FL paradigm ensures data privacy by allowing individual IoHT devices to collaboratively train a global model without sharing local data, thereby maintaining patient confidentiality. LSTM networks, known for their effectiveness in handling time-series data, are employed to capture and analyze temporal patterns indicative of cyberthreats. Our proposed system uses an embedded feature selection technique that minimizes the computational complexity of the cyberattack detection model and leverages the decentralized nature of FL to create a robust and scalable cyberattack detection mechanism. We refer to the proposed approach as Embedded Federated Learning-Driven Long Short-Term Memory (EFL-LSTM). Extensive experiments using real-world ECU-IoHT data demonstrate that our proposed model outperforms traditional models regarding accuracy (97.16%) and data privacy. The outcomes highlight the feasibility and advantages of integrating Federated Learning with LSTM networks to enhance the cybersecurity posture of IoHT infrastructures. This research paves the way for future developments in secure and privacy-preserving IoHT systems, ensuring reliable protection against evolving cyberthreats. © 2024 by the authors.",2024,2026-03-10 17:00:03,2026-03-10 17:00:03,,,,17,13,,,,,,,,,,,,,Scopus,,,,,,,,federated learning; cybersecurity; long short-term memory; internet of things,,,,,,,,,,,,,,,,,,,,,,,,,,,,,,,,,,,,,,,,,,,,,,,,FL - TS.csv,1
J7NJVBCX,journalArticle,2026,"Deng, F.; Wang, Z.; Shen, Y.; Wang, J.; Luo, W.; Wei, B.; Li, Z.; Zhang, P.",Interval prediction of distributed photovoltaic power integrating spatial collaborative training and data fluctuation trend perception,"Sustainable Energy, Grids and Networks",,,10.1016/j.segan.2026.102163,https://www.scopus.com/inward/record.uri?eid=2-s2.0-105030614557&doi=10.1016%2Fj.segan.2026.102163&partnerID=40&md5=a48931c6f58aa5ef1a88b4c5dc6e7bd8,"The current distributed photovoltaic (DPV) systems are geographically dispersed and exhibit significant data volatility, posing challenges for wide-area PV power forecasting. This paper introduces a distributed PV power interval prediction method that combines spatial collaborative training with data volatility trend sensing.First, to address the volatility of PV time series data, we designed a feature construction method based on data decomposition, reconstruction, and importance analysis. We employ Variational Modal Decomposition and Sample Entropy Reconstruction (VMD-SE) for data decomposition and reconstruction. For feature importance ranking, SHapley Additive Explanations (SHAP) are utilized to detect data fluctuation trends and construct relevant features.Subsequently, to address spatial correlation in DPV systems, we propose a Spatial Collaborative Component Hybrid Forecasting method within a federated learning framework, incorporating personalized strategies. This approach leverages multiple model training strategies tailored for different components, preserving model individuality while yielding globally useful insights.Finally, addressing the insufficient estimation accuracy of existing uncertainty quantification techniques when handling complex, non-uniformly distributed data, we propose an improved Adaptive Bandwidth Kernel Density Estimation (ABKDE) method. It dynamically selects bandwidth sizes through adaptive adjustment to generate PV power output curves at different confidence levels.Experimental results demonstrate that under sunny, cloudy, and rainy conditions, the RMSE of the proposed distributed PV power forecasting method is reduced by at least 36.8 %, 23.1 %, and 60.9 %, respectively, while the MAPE is reduced by at least 36.9 %, 23.3 %, and 63.3 %, respectively. © 2026 Elsevier Ltd.",2026,2026-03-10 17:00:03,2026-03-10 17:00:03,,,,,46,,,,,,,,,,,,,Scopus,,,,,,,,Personalized federated learning; Forecasting; Bandwidth; Learning systems; Photovoltaic systems; Personalized Federated Learning; Data handling; Distributed computer systems; Collaborative training; Modal analysis; Forecasting methods; Statistics; Photovoltaics; Power forecasting; Photovoltaic power; Data decomposition; Distributed photovoltaic; Distributed Photovoltaics; Interval prediction; Interval Prediction; Variational mode decomposition,,,,,,,,,,,,,,,,,,,,,,,,,,,,,,,,,,,,,,,,,,,,,,,,FL - TS.csv,1
EWRE34M6,journalArticle,2025,"Wang, B.; Li, Y.; Guo, C.; Fan, Y.; Liu, Z.; He, R.; Dong, B.",Federated transformer-based ROP prediction under geological heterogeneity and privacy constraints,Results in Engineering,,,10.1016/j.rineng.2025.107924,https://www.scopus.com/inward/record.uri?eid=2-s2.0-105022148318&doi=10.1016%2Fj.rineng.2025.107924&partnerID=40&md5=3a68b12c5b217e8a2657e12a5984dd1c,"This study presents a Transformer-based framework for intelligent rate of penetration (ROP) forecasting in oil and gas drilling, with a focus on addressing the challenges of cross-regional generalization and data privacy constraints. The proposed approach integrates a multi-head self-attention mechanism within a transformer architecture to effectively capture long-range dependencies and complex temporal patterns in heterogeneous drilling time-series data. Built upon a horizontal federated learning paradigm, the framework enables collaborative model training across multiple oilfields while ensuring that raw data remains locally protected. Experiments were conducted using real-world datasets from the Volve field, XJ oilfield, and BH oilfield, which represent diverse geological and operational conditions. A sample-weighted federated aggregation algorithm was employed to mitigate performance degradation caused by non-independent and identically distributed data. Results show that the proposed model significantly outperforms traditional local and centralized baselines, reducing mean squared error by up to 72 % in long-sequence forecasting tasks. The improvements are particularly evident in data-scarce single-well scenarios, where the model demonstrates enhanced stability and generalization. By leveraging the representational power of Transformer architectures and the secure collaboration enabled by federated learning, this framework offers a scalable, privacy-preserving, and generalizable solution for drilling performance prediction across geologically heterogeneous environments. Copyright © 2025. Published by Elsevier B.V.",2025,2026-03-10 17:00:03,2026-03-10 17:00:03,,,,,28,,,,,,,,,,,,,Scopus,,,,,,,,Federated learning; Data privacy; Forecasting; Power transformers; Mean square error; Generalisation; Privacy constraints; Geological heterogeneities; Data confidentiality; Cross-regional drilling collaboration; Cross-Regional drilling collaboration; Gas drillings; Infill drilling; Oil and gas; Oil drilling; Oil fields; Oil filled transformers; Oil well drilling; Rate of penetration; Rate of penetration prediction; ROP prediction,,,,,,,,,,,,,,,,,,,,,,,,,,,,,,,,,,,,,,,,,,,,,,,,FL - TS.csv,1
FVMX38JZ,conferencePaper,2025,"Le, L.T.; Nguyen, T.-A.; Shu, H.; Seneviratne, S.; Hong, C.S.; Tran, N.H.",Federated Koopman-Reservoir Learning for Large-Scale Multivariate Time-Series Anomaly Detection,,,,,https://www.scopus.com/inward/record.uri?eid=2-s2.0-105008424819&partnerID=40&md5=cdeb7b6383b676f8801b06aceb97f251,"The proliferation of edge devices has dramatically increased the generation of multivariate time-series (MVTS) data, essential for applications from healthcare to smart cities. Such data streams, however, are vulnerable to anomalies that signal crucial problems like system failures or security incidents. Traditional MVTS anomaly detection methods, encompassing statistical and centralized machine learning approaches, struggle with the heterogeneity, variability, and privacy concerns of large-scale, distributed environments. In response, we introduce FedKO, a novel unsupervised Federated Learning framework that leverages the linear predictive capabilities of Koopman operator theory along with the dynamic adaptability of Reservoir Computing. This enables effective spatiotemporal processing and privacy-preserving for MVTS data. FedKO is formulated as a bi-level optimization problem, utilizing a specific federated algorithm to explore a shared Reservoir-Koopman model across diverse datasets. Such a model is then deployable on edge devices for efficient detection of anomalies in local MVTS streams. Experimental results across various datasets showcase FedKO’s superior performance against state-of-the-art methods in MVTS anomaly detection. Moreover, FedKO reduces up to 8× communication size and 2× memory usage, making it highly suitable for large-scale systems. Copyright © 2025 by SIAM.",2025,2026-03-10 17:00:03,2026-03-10 17:00:03,,61-70,,,,,,,,,,,,,,,,Scopus,,,,,,,,Artificial intelligence; Data privacy; Anomaly detection; Optimization; Learning systems; Multivariate time series; Time series; Centralised; Data stream; Time-series data; Large-scales; Large scale systems; Petroleum reservoir evaluation; Anomaly detection methods; Security incident; System failures; System security,,,,,,,,,,,,,,,,,,,,,,,,,,,,,,,,"2025 SIAM International Conference on Data Mining, SDM 2025",,,,,,,,,,,,,,,,FL - TS.csv,1
L7ZWQW8G,journalArticle,2025,"Hu, B.; Zhong, R.; Feng, Y.; Yang, J.; Li, P.; Chen, M.; Tan, J.",Toward secure industrial internet of behaviours: a federated learning-based lightweight human behaviour recognition method with selective state space models,International Journal of Production Research,,,10.1080/00207543.2024.2448604,https://www.scopus.com/inward/record.uri?eid=2-s2.0-85214651830&doi=10.1080%2F00207543.2024.2448604&partnerID=40&md5=d0b8564e709a074db259ef4420f7ded5,"Human behaviour recognition is one of the most fundamental tasks in Industrial Internet of Behaviour (IIoB) and is crucial for the safe and reliable IIoB. Existing methods lacks adaptability and transferability. In addition, there is a data isolation problem among different users. Therefore, there is an urgent requirement to construct a secure and adaptive human behaviour recognition model in IIoB without violating the privacy of users. Mamba, a structured state space model that integrates a selection mechanism and a scan module, is used for time series modelling tasks. To tackle the aforementioned problems, an Federated Learning-based lightweight human behaviour recognition model with selective state space models is proposed. First, we design a human behaviour recognition model integrating Mamba and residual structure to achieve lightweight and secure human behaviour modelling. In addition, considering data privacy and training efficiency, a decentralised dynamic FL framework is designed to achieve lightweight and secure model collaborative training, including: initial selection of source users, model aggregation strategy based on dynamic weighting, and fine-tuning module based on small-sample data, to improve the training efficiency of the model and the accuracy of human behaviour recognition. Extensive experiments are conducted to prove the superior performance of the proposed method. © 2025 Informa UK Limited, trading as Taylor & Francis Group.",2025,2026-03-10 17:00:03,2026-03-10 17:00:03,,,,,,,,,,,,,,,,,,Scopus,,,,,,,,federated learning; Federated learning; Industry 5.0; Differential privacy; Contrastive Learning; Adversarial machine learning; Economic and social effects; Industrial internet of things (IIoT); State-space models; Human form models; Recognition models; Training efficiency; Human behavior recognition; human behaviour recognition; Internet of behavior; Internet of Behaviours (IoB); Recognition methods; Selection mechanism; Selective state space model; selective state space models; Structured state-space models,,,,,,,,,,,,,,,,,,,,,,,,,,,,,,,,,,,,,,,,,,,,,,,,FL - TS.csv,1
DII9EED2,journalArticle,2025,"Zhou, X.; Liao, Z.; Zhao, Y.; Liu, Y.; Yi, A.",Ride-hailing pick-up area recommendation in a vehicle-cloud collaborative environment: a feature-aware personalized clustering federated learning approach,Cluster Computing,,,10.1007/s10586-024-04714-x,https://www.scopus.com/inward/record.uri?eid=2-s2.0-85207480281&doi=10.1007%2Fs10586-024-04714-x&partnerID=40&md5=2bf15711da9d183be08cd71e1f2feabd,"The recommendation of passenger pickup zones can enhance driver efficiency, improve passenger experience, and optimize urban traffic management. However, current issues such as direct access to sensitive data and lack of data sharing between platforms diminish model reliability and lead to uneven distribution of orders, and a lack of personalized recommendations may suggest the same areas to drivers, exacerbating competition and impacting overall service efficiency. Therefore, this paper proposes a personalized clustering federated learning model based on vehicle-cloud collaboration. Firstly, we introduce a clustering analysis algorithm using dynamic time warping to precisely align and measure similarity in driver acceptance time series, thereby accurately classifying driver acceptance behavior patterns. Furthermore, we design an attention-based factorization machine algorithm that integrates driver features and geographical information, learning the interaction between drivers and geographic features, modulating attention weights on driver features, and constructing personalized models tailored to different driver passenger-carrying characteristics. Additionally, we propose a cloud federated learning (CFL_AFFM) algorithm that leverages cloud computing resources to compensate for vehicle computing limitations, enabling effective utilization of DTW clustering results. By sharing global models and clustering parameters via cloud platforms, broader collaborative effects are achieved while enhancing model generalization and stability, safeguarding driver and passenger privacy. Finally, we devise an online recommendation algorithm based on the current driver location and integrated driver features. It has been proven through experiments that this algorithm utilizes predictions from CFL_AFFM to recommend reliable passenger pickup areas, ensuring data sharing under privacy protection and offering personalized pickup zone recommendations. © The Author(s), under exclusive licence to Springer Science+Business Media, LLC, part of Springer Nature 2024.",2025,2026-03-10 17:00:03,2026-03-10 17:00:03,,,,1,28,,,,,,,,,,,,,Scopus,,,,,,,,Attention mechanisms; Attention mechanism; Clusterings; Street traffic control; Federated learning with clustering; Geographic information; Geographic information integration; Information integration; Learning with clustering; Ride-hailing pick-up area recommendation; Vehicle clouds; Vehicle-cloud collaboration,,,,,,,,,,,,,,,,,,,,,,,,,,,,,,,,,,,,,,,,,,,,,,,,FL - TS.csv,1
KQ3Q5YZ5,journalArticle,2025,"Xu, D.; Xia, T.; Hou, J.; Xiang, Y.; Xuan, Q.",MSR-GAN: multi-scales decomposition representations for unsupervised anomaly detection,Applied Intelligence,,,10.1007/s10489-025-06606-y,https://www.scopus.com/inward/record.uri?eid=2-s2.0-105004425591&doi=10.1007%2Fs10489-025-06606-y&partnerID=40&md5=354b2160fe58b8cc7f761016084b8f7a,"Time series anomaly detection is crucial in many fields due to the unique combinations and complex multi-scale time-varying features of time series data, which require accurate analysis. However, previous research has failed to adequately address these complexities, lacking effective decomposition and multi-scale modeling to comprehensively capture differences between normal and abnormal time points at various scales. To address this, our study aims to propose an innovative approach, the Multi-Scale Reconstruction Network (MSR-GAN). It features a Multi-Scale Decoupling Module (MTD) to separate input time series into different-scale components and models the reconstruction as parallel full-scale time series recovery. Furthermore, a Reconstructed Residual Collaborative Learning Module (RRCL) is constructed to perform inter-scale interactions by adaptively calculating importance scores for generator weight control. Extensive experiments demonstrate MSR-GAN’s state-of-the-art performance on multiple benchmark datasets for time series anomaly detection, thus providing a more effective solution, enhancing monitoring and handling of abnormal situations in related fields, and promoting the further development of time series analysis techniques. © The Author(s), under exclusive licence to Springer Science+Business Media, LLC, part of Springer Nature 2025.",2025,2026-03-10 17:00:03,2026-03-10 17:00:03,,,,8,55,,,,,,,,,,,,,Scopus,,,,,,,,Anomaly detection; Time series analysis; Unsupervised learning; Weight control; Times series; Time-series data; Unsupervised anomaly detection; Multi-scales; Decouplings; Multi-scale Decomposition; Multi-scale decoupling; Reconstruction-based network; Time varying,,,,,,,,,,,,,,,,,,,,,,,,,,,,,,,,,,,,,,,,,,,,,,,,FL - TS.csv,1
SP6CIXM6,journalArticle,2024,"Sharma, M.; Kaur, P.",Fog-based Federated Time Series Forecasting for IoT Data,Journal of Network and Systems Management,,,10.1007/s10922-024-09802-2,https://www.scopus.com/inward/record.uri?eid=2-s2.0-85185482439&doi=10.1007%2Fs10922-024-09802-2&partnerID=40&md5=3bb6c96ee7faa3e0950fdd5c18f6ac0c,"Federated learning (FL) allows multiple nodes or clients to train a model collaboratively without actual sharing of data. Thus, FL avoids data privacy leakage by keeping the data locally at the clients. Fog computing is a natural fit for decentralized FL where local training can take place at fog nodes using the data of connected Internet of Things (IoT) or edge devices. A cloud-based node can act as the server for global model updates. Although FL has been utilized in fog and edge computing for a few applications, its efficacy has been demonstrated majorly for independent and identically distributed (IID) data. However, real-world IoT applications are generally time-series (TS) data and non-IID. Since there has not been any significant effort towards using FL for non-IID time-series data, this paper presents a fog-based decentralized methodology for time series forecasting utilizing Federated Learning. The efficacy of the proposed methodology for the non-IID data is evaluated using a FL framework Flower. It is observed that the FL based TS forecasting performs at par with a centralized method for the same and yields promising results even when the data exhibits quantity skew. Additionally, the FL based method does not require sharing of data and hence, decreases the network load and preserves client privacy. © The Author(s), under exclusive licence to Springer Science+Business Media, LLC, part of Springer Nature 2024.",2024,2026-03-10 17:00:03,2026-03-10 17:00:03,,,,2,32,,,,,,,,,,,,,Scopus,,,,,,,,Federated learning; Data privacy; Forecasting; Internet of things; Time-series forecasting; Learning systems; Time series; Time series forecasting; Long short-term memory; Distributed data; Decentralised; Fog computing; Time-series data; Local training; Fog; Multiple clients; Privacy leakages; Flower framework; Multiple nodes,,,,,,,,,,,,,,,,,,,,,,,,,,,,,,,,,,,,,,,,,,,,,,,,FL - TS.csv,1
745ZNKC8,journalArticle,2026,"Fang, L.",A Novel Network Intrusion Detection Based On Variational Long Short-Term Memory And Federated Learning Under Cloud Computing Environment,Journal of Applied Science and Engineering,,,10.6180/jase.202605_29(5).0022,https://www.scopus.com/inward/record.uri?eid=2-s2.0-105022467362&doi=10.6180%2Fjase.202605_29%285%29.0022&partnerID=40&md5=bf93147214d5f948684e07a309203f49,"This paper proposes a novel network intrusion detection method based on Variational Long Short-Term Memory (VLSTM) and Federated Learning (FL), aiming to effectively enhance the performance of network intrusion detection in cloud computing environments. In the cloud computing environment, network traffic data has the characteristics of being massive, complex and distributedly stored. Traditional intrusion detection methods are challenged by the issues of insufficient data privacy protection and model generalization ability. To address these problems, we first utilized the VLSTM network to extract features and model the network traffic data. VLSTM, by introducing a variational mechanism, can better capture the time series features and potential uncertainty information in the network traffic data, thereby improving the ability to identify intrusion behaviors. Then, combined with the federated learning framework, we conducted collaborative training on the data distributed across different cloud nodes, without requiring the data to be centralized in a single central node. This effectively solved the problem of data privacy protection and fully utilized the advantages of distributed data, enhancing the model’s generalization ability and detection accuracy. Experimental results show that this method outperforms the existing mainstream intrusion detection methods in key indicators such as detection rate and false alarm rate, providing a new and effective solution for network intrusion detection in the cloud computing environment, and has significant theoretical and practical value. © The Author(’s).",2026,2026-03-10 17:00:03,2026-03-10 17:00:03,,1271-1277,,5,29,,,,,,,,,,,,,Scopus,,,,,,,,Data privacy; Federated Learning; Attention mechanisms; Intrusion detection; Network security; Attention mechanism; Network intrusion detection; Short term memory; Network intrusion; Distributed cloud; Data privacy protections; Variational techniques; Generalization ability; Image resolution; Traffic data; Cloud computing environment; Cloud computing environments; Intrusion detection method; Network traffic; Variational long short-term memory; VLSTM,,,,,,,,,,,,,,,,,,,,,,,,,,,,,,,,,,,,,,,,,,,,,,,,FL - TS.csv,1
QNVPS8WS,journalArticle,2024,"Yang, B.; Long, W.; Zhang, Y.; Xi, Z.; Jiao, J.; Li, Y.",Multivariate time series anomaly detection: Missing data handling and feature collaborative analysis in robot joint data,Journal of Manufacturing Systems,,,10.1016/j.jmsy.2024.06.006,https://www.scopus.com/inward/record.uri?eid=2-s2.0-85196668766&doi=10.1016%2Fj.jmsy.2024.06.006&partnerID=40&md5=9b6e28e47439ba2776a624fdf20be549,"The efficient operation of industrial robots relies on reliable anomaly detection systems, but the problem of missing data caused by sensor failures, data transmission errors, and system maintenance or updates in the industrial field poses a serious challenge to their accuracy and may lead to delays in recognizing critical faults, which in turn threatens production safety and causes economic losses. To address this problem, this paper constructs an Anomaly Detection Method with Combined Data Imputation and Feature Collaboration (AD-CIFC), which firstly employs a comprehensive imputation strategy to impute the missing data in order to better adapt to the natural flow of time series and complex patterns; then two graph attention mechanisms are proposed to be used in parallel to capture the relationship between nodes more comprehensively by introducing synergies, thus effectively utilizing the correlation between features to make the model more sensitive; finally, two collaborative learning models are proposed to be used in parallel to more comprehensively take into account the strong correlation between features in the data, and a collaborative loss function computation method is proposed, thus improving the overall detection accuracy and discrimination ability. Through anomaly detection experiments on industrial robots with different levels of missing joint data, it is demonstrated that the AD-CIFC model demonstrates a performance that matches or even outperforms other mainstream anomaly detection models in complete fault data tests, while the model performance using the comprehensive imputation strategy to impute in the joints is about 25 % higher on average compared to the model performance of traditional linear interpolation methods, and meanwhile, in the case of missing data at the minor to severe levels, the model still demonstrates robustness beyond traditional methods, which is very suitable for industrial robot production lines. © 2024 The Society of Manufacturing Engineers",2024,2026-03-10 17:00:04,2026-03-10 17:00:04,,132-149,,,75,,,,,,,,,,,,,Scopus,,,,,,,,Fault detection; Feature extraction; Anomaly detection; Time series analysis; Attention mechanisms; Learning systems; Time series; Missing data; Industrial robots; Accident prevention; Losses; Imputation strategy; Chemical detection; Collaborative graph attention mechanism; Collaborative learning model; Collaborative learning models; Comprehensive imputation strategy; Correlation between features; Feature correlation; Flow graphs; Strong feature correlation,,,,,,,,,,,,,,,,,,,,,,,,,,,,,,,,,,,,,,,,,,,,,,,,FL - TS.csv,1
YSCAFAXQ,journalArticle,2025,"Yamak, P.T.; Li, Y.; Zhang, T.; Pathan, M.S.",Kolmogorov-Arnold networks for time series forecasting: a comprehensive review,Cluster Computing,,,10.1007/s10586-025-05574-9,https://www.scopus.com/inward/record.uri?eid=2-s2.0-105018185398&doi=10.1007%2Fs10586-025-05574-9&partnerID=40&md5=c31c4ae8d7d871998d8b48f9815af0b3,"This study presents Kolmogorov-Arnold Networks (KANs) for time series forecasting (TSF) as a transformative paradigm, leveraging the Kolmogorov-Arnold theorem to decompose multivariate temporal dependencies into interpretable, spline-parameterized univariate functions. Through architectural innovations like adaptive grid refinement, gated residual mechanisms, and hybrid attention integration, KAN-based models achieve state-of-the-art performance, outperforming transformers with up to 98% lower MSE on benchmarks while offering unparalleled transparency in feature attribution. Our systematic evaluation reveals that KANs excel in modeling nonlinear dynamics across univariate, multivariate, and high-frequency regimes, with applications spanning cryptocurrency volatility prediction, hydrological forecasting, and IoT-enabled anomaly detection. However, challenges persist, including computational overhead in spline optimization and scalability in high-dimensional settings. We propose actionable solutions to enhance robustness and energy efficiency, such as meta-learned spline initialization, federated learning frameworks, and integration with graph neural networks. Beyond technical advancements, KANs bridge the gap between domain expertise and AI, enabling actionable insights in precision medicine, climate resilience, and sustainable energy systems. By aligning with ethical AI principles and global sustainability goals, this work positions KANs as a cornerstone for next-generation TSF, urging interdisciplinary collaboration to unlock their full potential in real-world decision-making. © The Author(s), under exclusive licence to Springer Science+Business Media, LLC, part of Springer Nature 2025.",2025,2026-03-10 17:00:04,2026-03-10 17:00:04,,,,14,28,,,,,,,,,,,,,Scopus,,,,,,,,Anomaly detection; Neural networks; Forecasting; Decision making; Interpolation; Time-series forecasting; Time series; Time series forecasting; Interpretability; Benchmarking; Kolmogorov; Kolmogorov-arnold network; Adaptive architecture; Adaptive architectures; Adaptive grid refinement; Architectural innovation; Arnold's theorem; Kolmogorov-Arnold networks; Medicine; Parameterized; Splines; Univariate functions,,,,,,,,,,,,,,,,,,,,,,,,,,,,,,,,,,,,,,,,,,,,,,,,FL - TS.csv; Literature Rewies.csv,2
4VDRSMNH,conferencePaper,2025,"Mo, F.; Malekzadeh, M.; Chatterjee, S.; Kawsar, F.; Mathur, A.",Enhancing E!iciency in Multidevice Federated Learning through Data Selection,,,,10.1145/3769102.3770628,https://www.scopus.com/inward/record.uri?eid=2-s2.0-105024934220&doi=10.1145%2F3769102.3770628&partnerID=40&md5=a94a09456f943713abe9789060d64be4,"Ubiquitous wearable and mobile devices provide access to a diverse set of data. However, the mobility demand for our devices naturally imposes constraints on their computational and communication capabilities. A solution is to locally learn knowledge from data captured by ubiquitous devices, rather than to store and transmit the data in its original form. In this paper, we develop a federated learning framework, called Centaur, to incorporate on-device data selection at the edge, which allows partition-based training of a deep neural nets through collaboration between constrained and resourceful devices within the multidevice ecosystem of the same user. We benchmark on five neural net architecture and six datasets that include image data and wearable sensor time series. On average, Centaur achieves →19% higher classi!cation accuracy and →58% lower federated training latency, compared to the baseline. We also evaluate Centaur when dealing with imbalanced non-iid data, client participation heterogeneity, and different mobility patterns. To encourage further research in this area, we release our code at github.com/nokia-belllabs/data-centric-federated-learning. © 2025 Copyright held by the owner/author(s).",2025,2026-03-10 17:00:04,2026-03-10 17:00:04,,,,,,,,,,,,,,,,,,Scopus,,,,,,,,Federated Learning; Edge Intelligence; Edge intelligence; Wearable sensors; Ubiquitous computing; Wearable computers; Computational capability; Deep neural networks; Data reduction; Learn+; Communication capabilities; Constrained devices; Constrained Devices; Data Selection; Multi-devices; On-device AI; Partition-based training; Partition-Based Training; Ubiquitous devices,,,,,,,,,,,,,,,,,,,,,,,,,,,,,,,,SEC 2025 - Proceedings of the 2025 10th ACM/IEEE Symposium on Edge Computing,,,,,,,,,,,,,,,,FL - TS.csv,1
SA2VWKI8,journalArticle,2025,"Li, X.; Wang, H.","Federated Learning-Based Distributed Autoencoder for Industrial Big Data Anomaly Detection: Integrating LSTM, GRU, and CNN Models",Informatica (Slovenia),,,10.31449/inf.v49i29.8511,https://www.scopus.com/inward/record.uri?eid=2-s2.0-105017968089&doi=10.31449%2Finf.v49i29.8511&partnerID=40&md5=2561e39148fb382be144b02743a620e8,"This paper proposes an innovative solution based on deep learning for the anomaly detection challenge of big data in the industrial Internet of Things environment. Through in-depth analysis of time series and image data characteristics, LSTM and GRU networks are introduced to process time series data, and CNN models (such as ResNet and InceptionNet) are introduced to deal with image analysis and effectively capture complex patterns in data. Model-building involves not only architectural design, but also optimization strategies such as Adam Optimizer and loss function selection. In the preprocessing stage, the data are cleaned carefully through standardization, normalization, de-trending and de-noising to improve the learning efficiency of the model. The dataset used in the study is from a real - world intelligent manufacturing plant, with 1,000,000 records over three years. It contains 12 - dimensional sensor data (such as temperature, vibration frequency, current intensity), and outliers account for approximately 5% of the total data. Experimental results demonstrate that the distributed autoencoder under the federated learning framework outperforms traditional methods. It achieves an accuracy of 0.97, a recall of 0.94, an F1 - score of 0.95, and an AUC value of 0.96.However, it has a higher training time of 45 minutes and high communication costs during the training process due to the exchange of more data. In the federated learning process, each participating node independently trains the model based on local data, and uses the FedAvg strategy to aggregate parameters on the central server. Homomorphic encryption technology is used to ensure data privacy and prevent the leakage of original data. Compared with baseline methods such as IQR and Isolation Forest, the accuracy of this method is improved by 8%, which is statistically significant after the t-test (p<0.05). Although the training time is 45 minutes, which is higher than the traditional method, it has obvious advantages in complex industrial data processing and privacy protection, and achieves a trade-off between computational efficiency and privacy protection and detection performance. The 95% confidence interval of the precision rate of 0.97 is [0.962, 0.978], the 95% confidence interval of the recall rate of 0.94 is [0.931, 0.949], the 95% confidence interval of the F1 value of 0.95 is [0.943, 0.957], and the 95% confidence interval of the AUC value of 0.96 is [0.952, 0.968]. © (2024), (Slovene Society Informatika). All Rights Reserved.",2025,2026-03-10 17:00:04,2026-03-10 17:00:04,,181-196,,29,49,,,,,,,,,,,,,Scopus,,,,,,,,Data privacy; Anomaly detection; Time series analysis; Deep learning; Big data; Computational efficiency; deep learning; Data integration; Learning systems; Time series; Industrial big data; Learning algorithms; Economic and social effects; Time-series data; Privacy protection; Architectural design; Auto encoders; Data accuracy; Training time; anomaly detection algorithm; Anomaly-detection algorithms; CNN models; Confidence interval; industrial big data,,,,,,,,,,,,,,,,,,,,,,,,,,,,,,,,,,,,,,,,,,,,,,,,FL - TS.csv,1
73K34ENC,journalArticle,2025,"Liu, Y.; Zhao, H.; He, Y.; Zhang, W.; Zhu, L.; Li, H.",Federated reinforcement learning-based multi-UAV cooperative dynamic caching replacement strategy,Journal of Supercomputing,,,10.1007/s11227-025-07701-0,https://www.scopus.com/inward/record.uri?eid=2-s2.0-105012502663&doi=10.1007%2Fs11227-025-07701-0&partnerID=40&md5=943554d335f55f064f7aefeee27ed7b1,"Existing mobile edge computing caching strategies face several challenges, including privacy leakage due to centralized training, the lack of consideration for the age of cached content, and issues such as poor content freshness, low cache hit rate, and high system energy consumption, which arise from the randomness and high dynamics of user requests in emergency scenarios. To address these issues, a federated reinforcement learning-based multi-unmanned aerial vehicle cooperative dynamic caching replacement strategy is proposed. Firstly, a comprehensive utility objective function is developed, considering user access delay, the age of cached content, and system energy consumption. Secondly, BiLSTM is employed to capture the dynamic dependencies in user request time series, combined with an attention mechanism to focus on key features. Federated learning is used to achieve distributed training across UAVs, ensuring user privacy while improving the accuracy of content popularity prediction. Subsequently, a weighted caching scoring mechanism based on content popularity and information age is proposed to dynamically adjust the cache replacement order. Finally, the cache replacement and user association problems are modeled as a Markov decision process, and the TD3 reinforcement learning algorithm is applied, utilizing double Q-networks and a delayed policy update mechanism, to derive the optimal cache replacement strategy. The experimental results demonstrate that the proposed method outperforms comparison approaches in terms of cache hit rate, access delay, and content freshness, demonstrating strong performance advantages and application potential. © The Author(s), under exclusive licence to Springer Science+Business Media, LLC, part of Springer Nature 2025.",2025,2026-03-10 17:00:04,2026-03-10 17:00:04,,,,12,81,,,,,,,,,,,,,Scopus,,,,,,,,Federated learning; Reinforcement learning; Edge computing; Mobile edge computing; Learning algorithms; Energy utilization; Green computing; Reinforcement learnings; Markov processes; Antennas; Unmanned aerial vehicles (UAV); Behavioral research; Age of information; Cache memory; Cache hit rates; Cache replacement; Content freshness; Cooperative dynamics; Dynamic caching; Replacement strategy; UAV cooperation,,,,,,,,,,,,,,,,,,,,,,,,,,,,,,,,,,,,,,,,,,,,,,,,FL - TS.csv,1
8I8CR4KN,journalArticle,2026,"Pham, T.; Furno, A.; Chamroukhi, F.; Oukhellou, L.",Federated dynamic modeling and learning for spatiotemporal data forecasting,Neurocomputing,,,10.1016/j.neucom.2026.132712,https://www.scopus.com/inward/record.uri?eid=2-s2.0-105028364622&doi=10.1016%2Fj.neucom.2026.132712&partnerID=40&md5=96eda3e3999344d97dfe1aa9c6d9b848,"This paper presents an advanced Federated Learning (FL) framework for forecasting complex spatiotemporal data, improving upon recent state-of-the-art models. In the proposed approach, the original Gated Recurrent Unit (GRU) module within previous Dynamic Spatial–Temporal Graph Convolutional Recurrent Network (DSTGCRN) modeling is first replaced with a Long Short-Term Memory (LSTM) network, enabling the resulting model to more effectively capture long-term dependencies inherent to time series data. The resulting architecture significantly improves the model's capacity to handle complex temporal patterns in diverse forecasting applications. Furthermore, the proposed FL framework integrates a novel Client-Side Validation (CSV) mechanism, introducing a critical validation step at the client level before incorporating aggregated parameters from the central server into local models, ensuring that only the most effective updates are retained and improving both the robustness and accuracy of the forecasting model across clients. The efficiency of our approach is demonstrated through extensive experiments on real-world applications, including public datasets for multimodal transport demand forecasting and private datasets for Origin-Destination (OD) matrix forecasting in urban areas. The results demonstrate substantial improvements over conventional methods, highlighting the framework's ability to capture complex spatiotemporal dependencies while preserving data privacy. This work not only provides a scalable and privacy-preserving solution for real-time, region-specific forecasting and management but also underscores the potential of leveraging distributed data sources in an FL context. We provide our algorithms as open-source on GitHub.1 © 2026 Elsevier B.V.",2026,2026-03-10 17:00:04,2026-03-10 17:00:04,,,,,672,,,,,,,,,,,,,Scopus,,,,,,,,federated learning; Federated learning; data privacy; Time series analysis; Attention mechanisms; Forecasting; privacy; LSTM; Convolution; Demand forecasting; Time-series analysis; Learning systems; Spatio-temporal data; forecasting; time series analysis; Attention mechanism; Complex networks; Information management; Dynamics; Long short-term memory; Short term memory; Privacy-preserving techniques; learning; Learning frameworks; human; algorithm; article; controlled study; Urban transportation; predictive model; long short term memory network; urban area; Dynamic learning; Graph convolutional recurrent network; Recurrent networks; Transport demand; Transport demand forecasting,,,,,,,,,,,,,,,,,,,,,,,,,,,,,,,,,,,,,,,,,,,,,,,,FL - TS.csv,1
PALRU5BH,journalArticle,2024,"Samal, P.; Bedi, J.",A federated learning based approach for wave height prediction in maritime transportation,Ocean Engineering,,,10.1016/j.oceaneng.2024.119631,https://www.scopus.com/inward/record.uri?eid=2-s2.0-85208486657&doi=10.1016%2Fj.oceaneng.2024.119631&partnerID=40&md5=103473dc94c6e079a4341a6a07f5e923,"Forecasting Ocean Wave Height (OWH) is essential for several marine operations, such as coastal and ocean engineering applications. Current state-of-the-art solutions in the domain involve building machine and deep learning-based models for estimating wave height patterns. These existing solutions lack the desired generalization capability and heavily rely on data, contextual and external features. To address these limitations, a federated learning-based approach utilizing long short-term memory (LSTM) network and Temporal Convolutional Network (TCN) for ocean wave height estimation is proposed in the current work. The experimental evaluation of the proposed solution is performed in a federated learning setting, utilizing an open-source dataset comprising eight selected National Data Buoy Center (NDBC) buoys placed in various maritime regions. The aim is to demonstrate how comparable or even better performance than individual learning may be achieved by training the individual models on decentralized time-series data and then aggregating their updates to the global model. Through experimental evaluation, the resultant prediction accuracy, generalization, and computational benefits of the proposed approach are verified compared to the existing benchmark studies. © 2024 Elsevier Ltd",2024,2026-03-10 17:00:04,2026-03-10 17:00:04,,,,,314,,,,,,,,,,,,,Scopus,,,,,,,,Federated learning; machine learning; prediction; Prediction models; Short term memory; 'current; maritime transportation; Learning-based approach; Memory network; Experimental evaluation; Long short term memory network; Maritime transportation; ocean wave; Temporal network; Temporal networks; Water waves; wave height; Wave height prediction; Wave heights,,,,,,,,,,,,,,,,,,,,,,,,,,,,,,,,,,,,,,,,,,,,,,,,FL - TS.csv,1
BCP6DWEK,journalArticle,2024,"Tabatabaie, M.; He, S.",Driver Maneuver Interaction Identification with Anomaly-Aware Federated Learning on Heterogeneous Feature Representations,"Proceedings of the ACM on Interactive, Mobile, Wearable and Ubiquitous Technologies",,,10.1145/3631421,https://www.scopus.com/inward/record.uri?eid=2-s2.0-85182587647&doi=10.1145%2F3631421&partnerID=40&md5=aa849d8e75d8e5fa38a0318b78c61529,"Driver maneuver interaction learning (DMIL) refers to the classification task with the goal of identifying different driver-vehicle maneuver interactions (e.g., left/right turns). Existing conventional studies largely focused on the centralized collection of sensor data from the drivers' smartphones (say, inertial measurement units or IMUs, like accelerometer and gyroscope). Such a centralized mechanism might be precluded by data regulatory constraints. Furthermore, how to enable an adaptive and accurate DMIL framework remains challenging due to (i) complexity in heterogeneous driver maneuver patterns, and (ii) impacts of anomalous driver maneuvers due to, for instance, aggressive driving styles and behaviors. To overcome the above challenges, we propose AF-DMIL, an Anomaly-aware Federated Driver Maneuver Interaction Learning system. We focus on the real-world IMU sensor datasets (e.g., collected by smartphones) for our pilot case study. In particular, we have designed three heterogeneous representations for AF-DMIL regarding spectral, time series, and statistical features that are derived from the IMU sensor readings. We have designed a novel heterogeneous representation attention network (HetRANet) based on spectral channel attention, temporal sequence attention, and statistical feature learning mechanisms, jointly capturing and identifying the complex patterns within driver maneuver behaviors. Furthermore, we have designed a densely-connected convolutional neural network in HetRANet to enable the complex feature extraction and enhance the computational efficiency of HetRANet. In addition, we have designed within AF-DMIL a novel anomaly-aware federated learning approach for decentralized DMIL in response to anomalous maneuver data. To ease extraction of the maneuver patterns and evaluation of their mutual differences, we have designed an embedding projection network that projects the high-dimensional driver maneuver features into low-dimensional space, and further derives the exemplars that represent the driver maneuver patterns for mutual comparison. Then, AF-DMIL further leverages the mutual differences of the exemplars to identify those that exhibit anomalous patterns and deviate from others, and mitigates their impacts upon the federated DMIL. We have conducted extensive driver data analytics and experimental studies on three real-world datasets (one is harvested on our own) to evaluate the prototype of AF-DMIL, demonstrating AF-DMIL's accuracy and effectiveness compared to the state-of-the-art DMIL baselines (on average by more than 13% improvement in terms of DMIL accuracy), as well as fewer communication rounds (on average 29.20% fewer than existing distributed learning mechanisms).  © 2024 ACM.",2024,2026-03-10 17:00:04,2026-03-10 17:00:04,,,,4,7,,,,,,,,,,,,,Scopus,,,,,,,,Convolutional neural networks; Deep learning; Computational efficiency; Smart phones; Complex networks; Extraction; Learning mechanism; Embeddings; Smartphones; Statistical features; Feature representation; anomaly-aware federated learning; Anomaly-aware federated learning; Centralized collection; Classification tasks; Driver maneuver interaction learning; Heterogeneous features; heterogeneous maneuver representation learning; Heterogeneous maneuver representation learning,,,,,,,,,,,,,,,,,,,,,,,,,,,,,,,,,,,,,,,,,,,,,,,,FL - TS.csv,1
MDA84PNM,journalArticle,2024,"Arooj, Q.",FedWindT: Federated learning assisted transformer architecture for collaborative and secure wind power forecasting in diverse conditions,Energy,,,10.1016/j.energy.2024.133072,https://www.scopus.com/inward/record.uri?eid=2-s2.0-85203244444&doi=10.1016%2Fj.energy.2024.133072&partnerID=40&md5=babe0a4aff147f77e815959592c583cd,"Accurate wind power forecasting is crucial for efficient grid management and maximizing the utilization of wind energy. This study introduces the FedWindT, an innovative model that combines transformer neural architectures with federated learning, specifically designed to enhance wind power prediction. The transformer's self-attention mechanism adeptly captures the temporal dynamics of wind data, while federated learning facilitates a decentralized, privacy-preserving training process. Our comprehensive empirical analysis across multiple wind farm datasets demonstrates that the FedWindT consistently outperforms traditional state-of-the-art centralized approaches. Specifically, the FedWindT achieved an average Normalized Mean Squared Error (NMSE) of 0.0109, Mean Absolute Error (MAE) of 0.0243, and Root Mean Squared Error (RMSE) of 0.0288, with R-squared (R2) values consistently closer to 1, indicating high predictive accuracy. These results validate the effectiveness of combining federated learning with advanced neural architectures and highlight a promising direction for future decentralized energy forecasting solutions. © 2024 Elsevier Ltd",2024,2026-03-10 17:00:04,2026-03-10 17:00:04,,,,,309,,,,,,,,,,,,,Scopus,,,,,,,,Federated learning; Data privacy; machine learning; Attention mechanisms; Renewable energy; Time series prediction; time series analysis; energy management; Decentralized learning; Wind forecasting; Condition; Renewable energies; Wind power forecasting; forecasting method; Transformer architecture; Neural architectures; wind power; decentralization; alternative energy; Self-attention mechanism; Grid management; Time-series prediction; Windmill,,,,,,,,,,,,,,,,,,,,,,,,,,,,,,,,,,,,,,,,,,,,,,,,FL - TS.csv,1
94ZFMEFS,conferencePaper,2025,"Zhang, X.",Optimization and Implementation of Time Series Dimensionality Reduction Anti-fraud Model Integrating PCA and LSTM under the Federated Learning Framework,,,,10.1016/j.procs.2025.05.134,https://www.scopus.com/inward/record.uri?eid=2-s2.0-105008862500&doi=10.1016%2Fj.procs.2025.05.134&partnerID=40&md5=dd285764d9095854b85a06716553b708,"For the problem of fraud detection in financial transaction systems, traditional anomaly detection methods based on time series often face challenges such as high computational overhead, inefficient feature extraction, and privacy and security risks when data distribution is highly heterogeneous. To this end, this paper integrates principal component analysis (PCA) and long short-term memory (LSTM) under the framework of Federated Learning (FL) to construct an efficient time series dimensionality reduction anti-fraud model to optimize fraud detection performance and protect data privacy. First, the distributed training of the federated learning framework is adopted to enable different data sources to perform feature extraction and model training locally, thereby achieving data sharing under the premise of protecting privacy. Then, PCA is used to extract the main feature components to improve the effectiveness of data representation. Subsequently, the LSTM model was introduced to perform deep learning on the features after dimensionality reduction to improve the ability to identify abnormal trading patterns. Finally, the Federated Averaging (FedAvg) algorithm is used to aggregate the updates of each local model to optimize the global model performance, while the Federated Differential Privacy (FDP) mechanism is used to enhance data privacy protection. In the experimental conclusion, the proposed model outperforms traditional methods on multiple standard datasets. On the research dataset, the accuracy of the proposed model reaches 93.6%, which is more advantageous than random forest (93.4%) and gradient boosting tree (92.5%). At the same time, the computational overhead and privacy protection capabilities of the model are well balanced. By applying a privacy protection mechanism, although the training time has increased, an effective trade-off between data privacy and performance has been achieved, providing researchers with a new solution. © 2025 The Authors. Published by Elsevier B.V.",2025,2026-03-10 17:00:04,2026-03-10 17:00:04,,992-1001,,,262,,,,,,,,,,,,,Scopus,,,,,,,,Data privacy; Principal component analysis; Feature extraction; Anomaly detection; Time series analysis; Deep learning; Differential privacy; Dimensionality reduction; Learning systems; Time series; Privacy Protection; LSTM Model; Economic and social effects; Data Sharing; Short term memory; Extraction; Privacy protection; Learning frameworks; Data reduction; Crime; Commerce; Memory modeling; Fraud detection; Principal-component analysis; Federated learning framework; Federated Learning Framework; Fraud Detection; Long short-term memory model; PCA Dimensionality Reduction; Principal component analyze dimensionality reduction,,,,,,,,,,,,,,,,,,,,,,,,,,,,,,,,Procedia Computer Science,,,,,,,,,,,,,,,,FL - TS.csv,1
U59KKUZL,conferencePaper,2025,"Shi, H.; Wang, Q.; Li, Q.; Li, H.; Cui, J.",FLATTN: Bridging Temporal Resolution Disparities via Attention Alignment in Federated Distillation for Human Activity Recognition,,,,10.1145/3737899.3768516,https://www.scopus.com/inward/record.uri?eid=2-s2.0-105025589886&doi=10.1145%2F3737899.3768516&partnerID=40&md5=68bbe4e8ab6fe93a1ff41010964b8290,"Feature Heterogeneity in federated learning has become a key issue recently, even ubiquitous in learning from distributed time series data. To facilitate knowledge transfer across local devices with heterogeneous time series data, recent studies have made efforts to learn the reasoning process by reducing the discrepancy among features. However, a new challenge in the human activity recognition task remains to be discussed: heterogeneous devices not only collect data with different feature distributions but also collect data with different temporal resolutions, exacerbating the feature inconsistency across local devices. To address the issue, this paper proposes FLATTN, a novel federated distillation method to effectively enhance the generalization of the global model. Meanwhile, a deformed convolution kernel is designed to efficiently distill the knowledge for models with heterogeneous resolution input. The experiments show that FLATTN improves accuracy on two human activity datasets while reducing at least 40.26% time costs for distillation.  © 2025 Copyright is held by the owner/author(s). Publication rights licensed to ACM.",2025,2026-03-10 17:00:04,2026-03-10 17:10:49,,8-15,,,,,,,,,,,,,,,,Scopus,,,,,,,,Knowledge transfer; Human activity recognition; Pattern recognition; Time series; device heterogeneity; Knowledge management; Device heterogeneities; Time-series data; Distributed time series; federated distillation; Federated distillation; heterogeneous federated learning; Heterogeneous federated learning; Heterogeneous temporal resolution; Key Issues; Temporal resolution,,,,,,,,,,,,,,,,,,,,,,,,,,,,,,,,FLEdge-AI 2025 - Proceedings of the 2025 Federated Learning and Edge AI for Privacy and Mobility,,,,,,,,,,,,,,,,FL - TS.csv,1
QRKGNJQ5,conferencePaper,2025,"Nandy, M.; Biswas, D.",Deep Learning Forecasting of Renewable Energy Generation Patterns,,,,10.1051/e3sconf/202568000114,https://www.scopus.com/inward/record.uri?eid=2-s2.0-105028286811&doi=10.1051%2Fe3sconf%2F202568000114&partnerID=40&md5=b1fd0f2c3df46a274ceacfa641a1f157,"Renewable energy sources, such as wind and solar, are unable to be integrated into present electrical infrastructures due to persistent issues with intermittency and unpredictability. Reliable load pattern forecasting for renewable energy sources and efficient energy storage use are essential for efficient power grid management. For renewable energy data, the intricacies that conventional forecasting techniques, such as autoregressive or statistical approaches, miss include nonlinearities, complicated dynamics, and strong temporal correlations. Forecasting the production of renewable energy sources accurately is therefore vital for optimizing energy storage use and maintaining system stability. This study proposes a CNN-LSTM architecture-integrated deep learning-based forecasting framework to enhance comprehension of the spatial feature representations and temporal correlations in energy and weather historical data. Using real-world wind and solar datasets, the hybrid CNN-LSTM model achieved a prediction accuracy that was 15-22% higher than that of baseline statistical and machine learning approaches such as Random Forest and ARIMA. Innovative dual-stage design combines optimum training approach for non-stationary renewable data with temporal-spatial feature learning to boost flexibility for grid-level deployment. The article also explores the possibilities of Transformers and federated learning frameworks for distributed renewable energy forecasting.  © The Authors, published by EDP Sciences, 2025.",2025,2026-03-10 17:00:04,2026-03-10 17:00:04,,,,,680,,,,,,,,,,,,,Scopus,,,,,,,,Wind energy; Deep learning; LSTM; Renewable energy; Time-series forecasting; Energy prediction; Solar power,,,,,,,,,,,,,,,,,,,,,,,,,,,,,,,,E3S Web of Conferences,,,,,,,,,,,,,,,,FL - TS.csv,1
DDDUY6X9,journalArticle,2025,"Ch, R.; Sudheer, P.; Batra, I.; Sembiring, F.",A Novel Adaptive Cluster-Based Federated Learning Framework for Anomaly Detection in VANETs,Engineering Proceedings,,,10.3390/engproc2025107079,https://www.scopus.com/inward/record.uri?eid=2-s2.0-105018860951&doi=10.3390%2Fengproc2025107079&partnerID=40&md5=221797c39512546968288f9ba78ede32,"Vehicular Ad Hoc Networks (VANETs) encounter significant hurdles in anomaly detection owing to their dynamic characteristics, scalability demands, and privacy issues. This research presents a new Adaptive Cluster-Based Federated Learning (ACFL) architecture to tackle these challenges. In contrast to conventional machine learning models, the ACFL framework dynamically organizes cars through the Context-Aware Cluster Manager (CACM), which adjusts clusters according to real-time variables like mobility, node density, and communication patterns. Each cluster utilizes Modified Temporal Neural Networks (MTNNs) for localized anomaly detection, employing time-series analysis to improve precision. Federated learning is enabled via the Hierarchical Aggregation Layer (HAL), which effectively consolidates updates across clusters, ensuring scalability and data confidentiality. The proposed framework was assessed in comparison to established machine learning models, including Support Vector Machines (SVM), Random Forest (RF), Logistic Regression (LR), K-Nearest Neighbor (KNN), and the K-Nearest Neighbors with Kernelized Feature Selection and Clustering(KNN-KFSC) approach, utilizing the VeReMi dataset. Findings demonstrate that ACFL surpasses existing models in identifying abnormalities, including Global Positioning System(GPS)spoofing and Denial of Service (DoS) assaults, exhibiting enhanced accuracy, adaptability, and scalability. This work emphasizes the capability of ACFL to tackle urgent security issues in VANET, facilitating the development of secure next-generation intelligent transportation systems. © 2025 by the authors.",2025,2026-03-10 17:00:05,2026-03-10 17:00:05,,,,1,107,,,,,,,,,,,,,Scopus,,,,,,,,anomaly detection; adaptive cluster-based federated learning; context-aware cluster manager; hierarchical aggregation layer; modified temporal neural networks; privacy-preserving models; VANET,,,,,,,,,,,,,,,,,,,,,,,,,,,,,,,,,,,,,,,,,,,,,,,,FL - TS.csv,1
KVFRESZ6,conferencePaper,2025,"Tu, C.; Xin, Y.",Collection of electric carbon energy consumption data in industrial parks based on time series and federated learning algorithms,,,,10.1117/12.3061628,https://www.scopus.com/inward/record.uri?eid=2-s2.0-105005721626&doi=10.1117%2F12.3061628&partnerID=40&md5=9e78dc0b69e7787dc5f736484176ed7a,"Due to the large number of enterprises and complex data sources in the park, traditional data collection methods often suffer from problems such as inaccurate data and poor timeliness. A method for collecting and managing electric carbon energy consumption data in industrial parks based on time series and federated learning algorithms is proposed. This method combines the advantages of time series prediction technology and can accurately capture the temporal dependence and periodic changes of energy consumption data, thereby achieving precise prediction of future energy consumption trends. Meanwhile, by introducing federated learning algorithms, the parameters of the prediction model are encrypted and sent to the central server. During the local training phase of the client model, the training direction of the local model is constrained by regularization terms to solve the problem of local model drift; In the global model aggregation stage, a client contribution estimation strategy is proposed, which assigns weights based on the degree of client contribution to protect the fairness of client collaboration and improve the generalization ability of the global model. This global model can more accurately reflect the overall energy consumption of the park, providing strong support for energy management and carbon emission control in the park. Through experimental verification, it has been found that the proposed method can accurately predict the electricity and carbon energy consumption data of the park, improving the accuracy and timeliness of the collection of electricity and carbon energy consumption data in the park. © 2025 SPIE.",2025,2026-03-10 17:00:05,2026-03-10 17:00:05,,,,,13560,,,,,,,,,,,,,Scopus,,,,,,,,Data collection; Time series; Times series; Global models; Local model; Energy-consumption; Carbon energy; Enterprise data; Federated learning algorithm; Industrial parks; park Electricity carbon energy consumption; Park electricity carbon energy consumption,,,,,,,,,,,,,,,,,,,,,,,,,,,,,,,,Proceedings of SPIE - The International Society for Optical Engineering,,,,,,,,,,,,,,,,FL - TS.csv,1
CGBNJIHK,journalArticle,2024,"Bian, R.; Wang, L.; Liu, Y.; Dai, Z.",Electric vehicle load forecasting based on convolutional networks with attention mechanism and federated learning method,"IET Generation, Transmission and Distribution",,,10.1049/gtd2.13192,https://www.scopus.com/inward/record.uri?eid=2-s2.0-85196293886&doi=10.1049%2Fgtd2.13192&partnerID=40&md5=4bb09f7408f4de3ec7d4d9bfe56a5016,"Accurate forecasting of electric vehicle (EV) load is essential for grid stability and energy management. EV load forecasting is influenced by multiple factors. At present, the load forecasting model for EVs mainly uses collected sample data to build a data-driven model. But these algorithms need to collect all the data together to train the model, ignoring the privacy of each data collection source. In a competitive market environment, each device service provider is not willing to share the sample data they store. Aiming at this problem, this paper proposes an EV load diagnosis algorithm considering data privacy. Firstly, a convolutional neural network with dual attention mechanism is constructed as the basic time series forecasting model. The association rule algorithm is used to select weather data with strong associations as the inputs of the model. Each service provider uses local data to perform deep learning network. All models are then trained using a federated learning framework. During the entire training process, historical data is stored locally, and only model parameter information is shared and interacted; thus data privacy is protected. Finally, the validity of the algorithm in this paper is verified by using real collected EV load data. © 2024 The Author(s). IET Generation, Transmission & Distribution published by John Wiley & Sons Ltd on behalf of The Institution of Engineering and Technology.",2024,2026-03-10 17:00:05,2026-03-10 17:00:05,,2313-2324,,13,18,,,,,,,,,,,,,Scopus,,,,,,,,Data privacy; Electric vehicles; Attention mechanisms; electric vehicles; Load forecasting; Convolution; time series; Learning systems; Time series; Data acquisition; Long short-term memory; Times series; Service provider; Learning methods; Electric load forecasting; Convolutional networks; Electric power plant loads; Grid stability; load (electric); Load (electric); Sample data; Vehicle load,,,,,,,,,,,,,,,,,,,,,,,,,,,,,,,,,,,,,,,,,,,,,,,,FL - TS.csv,1
5DN8MUGB,journalArticle,2025,"Yin, W.; Ji, J.",Prediction of EV charging load based on federated learning,Energy,,,10.1016/j.energy.2025.134559,https://www.scopus.com/inward/record.uri?eid=2-s2.0-85215385945&doi=10.1016%2Fj.energy.2025.134559&partnerID=40&md5=4f43bd79ed08100b35e80ea391e714c4,"With the rapid development of electric vehicles (EV), the sharp increase in the number of charges and the daily charging volume has a impact on the stable operation of the power grid. Therefore, the study of EV charging load forecasting is of great significance. However, due to the privacy of charging behavior data, existing research based on machine learning prediction models fails to consider this important factor, resulting in low prediction accuracy.To solve this problem, this paper proposes a power prediction model based on federated learning and variational mode decomposition-long short-term memory neural network (VMD-LSTM). Firstly, VMD is to decompose the EV charging power time series into multiple components for hierarchical prediction, which reduces the non-stationarity and complexity of the EV charging sequence. Secondly, an improved particle swarm optimization (PSO) algorithm is used to improve the decomposition efficiency of VMD, and horizontal federated learning is realized through local training and parameter aggregation methods, data privacy security while predicting the EV charging load. Finally, the proposed method is verified using charging load data from multiple charging stations in a city. The results that the proposed method effectively improves the accuracy of short-term EV charging load prediction while ensuring user privacy security. © 2025 Elsevier Ltd",2025,2026-03-10 17:00:05,2026-03-10 17:00:05,,,,,316,,,,,,,,,,,,,Scopus,,,,,,,,Federated learning; machine learning; smart grid; Power grids; Load forecasting; State of charge; EV; Electric vehicle charging; time series; Charging stations; electric vehicle; Machine-learning; Prediction models; model validation; artificial neural network; Prediction modelling; numerical method; On-machines; Charging loads; EVs; Sharp increase; Stable operation,,,,,,,,,,,,,,,,,,,,,,,,,,,,,,,,,,,,,,,,,,,,,,,,FL - TS.csv,1
FV6FBGKS,journalArticle,2025,,"Society of Petroleum Engineers - SPE Europe Energy Conference and Exhibition, EURO 2025","Society of Petroleum Engineers - SPE Europe Energy Conference and Exhibition, EURO 2025",,,,https://www.scopus.com/inward/record.uri?eid=2-s2.0-105009207517&partnerID=40&md5=9e46e1fc9e3f89dc13366154004e52a7,"The proceedings contain 122 papers. The topics discussed include: applying new automated monitoring workflow to geothermal wells: a case of Muara Laboh field, Indonesia; prediction of liquid loading using physics-based and data driven machine learning model for a German gas field; data-driven reservoir performance forecasting: leveraging machine learning for complex reservoirs; production time series monitoring using vision-language models; detecting low-quality intervals in surface logging data using AI-based anomaly detection; self-supervised learning using vision transformer architecture for rock image segmentation; new electric submersible screw pump in coal-bed methane drainage and gas production; new generation delayed acid system: an excellent alternative to treat old and hot wells; and federated learning for geothermal energy: a decentralized solution for data sharing and sector learning.",2025,2026-03-10 17:00:05,2026-03-10 17:00:05,,,,,,,,,,,,,,,,,,Scopus,,,,,,,,,,,,,,,,,,,,,,,,,,,,,,,,,,,,,,,,,,,,,,,,,,,,,,,,FL - TS.csv,1
VGGSX92X,journalArticle,2025,"Albogami, N.N.",Intelligent deep federated learning model for enhancing security in internet of things enabled edge computing environment,Scientific Reports,,,10.1038/s41598-025-88163-5,https://www.scopus.com/inward/record.uri?eid=2-s2.0-85217836618&doi=10.1038%2Fs41598-025-88163-5&partnerID=40&md5=88807fa3c43e3252a2b1545970df365e,"In the present scenario, the Internet of Things (IoT) and edge computing technologies have been developing rapidly, foremost to the development of new tasks in security and privacy. Personal information and privacy leakage have become the main concerns in IoT edge computing surroundings. The promptly developing IoT-connected devices below an integrated Machine Learning (ML) method might threaten data confidentiality. The standard centralized ML-assisted methods have been challenging because they require vast numbers of data in a vital unit. Due to the rising distribution of information in many systems of linked devices, decentralized ML solutions have been required. Federated learning (FL) was proposed as an optimal solution to discover these privacy issues. Still, the heterogeneity of systems in IoT edge computing environments poses an essential task when executing FL. Therefore, this paper develops an Intelligent Deep Federated Learning Model for Enhancing Security (IDFLM-ES) approach in the IoT-enabled edge-computing environment. The presented IDFLM-ES approach aims to identify unwanted intrusions to certify the safety of the IoT environment. To accomplish this, the IDFLM-ES technique introduces a federated hybrid deep belief network (FHDBN) model using FL on time series data produced by the IoT edge devices. Besides, the IDFLM-ES technique uses data normalization and golden jackal optimization (GJO) based feature selection as a pre-processing step. Besides, the IDFLM-ES technique learns the individual and distributed feature representation over distributed databases to enhance model convergence for quick learning. Finally, the dung beetle optimizer (DBO) model is utilized to choose the effectual hyperparameter of the FHDBN model. The simulation value of the IDFLM-ES methodology is verified using a benchmark database. The experimental validation of the IDFLM-ES methodology portrayed a superior accuracy value of 98.24% compared to other models. © The Author(s) 2025.",2025,2026-03-10 17:00:05,2026-03-10 17:00:05,,,,1,15,,,,,,,,,,,,,Scopus,,,,,,,,federated learning; Federated Learning; Edge Computing; machine learning; privacy; Internet of things; simulation; confidentiality; time series analysis; internet of things; learning; human; identifiable information; adult; article; benchmarking; feature selection; data base; deep belief network; dung beetle; golden jackal; Golden Jackal optimization; Hyperparameter tuning,,,,,,,,,,,,,,,,,,,,,,,,,,,,,,,,,,,,,,,,,,,,,,,,FL - TS.csv,1
6ILHQ5HI,journalArticle,2024,"Chen, S.; Yuan, J.; Wang, Z.; Sun, Y.",Local perturbation-based black-box federated learning attack for time series classification,Future Generation Computer Systems,,,10.1016/j.future.2024.04.048,https://www.scopus.com/inward/record.uri?eid=2-s2.0-85192248606&doi=10.1016%2Fj.future.2024.04.048&partnerID=40&md5=7a826bbb2cf2a407709279b032d6caa3,"The widespread adoption of intelligent machines and sensors has generated vast amounts of time series data, leading to the increasing use of neural networks in time series classification. Federated learning has emerged as a promising machine learning paradigm that reduces the risk of user privacy leakage. However, federated learning is vulnerable to backdoor attacks, which pose significant security threats. Furthermore, existing unrealistic white-box methods for attacking time series result in insufficient adaptation and inferior stealthiness. To overcome these limitations, this paper proposes a gradient-free black-box method called local perturbation-based backdoor Federated Learning Attack for Time Series classification (FLATS). The attack is formulated as a constrained optimization problem and is solved using a differential evolution algorithm, without requiring any knowledge of the internal architecture of the target model. In addition, the proposed method considers the time series shapelet interval as a local perturbation range and adopts a soft target poisoning approach to minimize the difference between the attacker model and the benign model. Experimental results demonstrate that our proposed method can effectively attack federated learning time series classification models with potential security issues while generating imperceptible poisoned samples that can evade various defence methods. © 2024 Elsevier B.V.",2024,2026-03-10 17:00:05,2026-03-10 17:00:05,,488-500,,,158,,,,,,,,,,,,,Scopus,,,,,,,,Federated learning; Learning systems; Time series; Times series; Evolutionary algorithms; Black boxes; Time series classifications; Constrained optimization; Backdoors; Black-box backdoor attack; Local perturbation; Perturbation techniques; Shapelet interval; Shapelets; Stealthy,,,,,,,,,,,,,,,,,,,,,,,,,,,,,,,,,,,,,,,,,,,,,,,,FL - TS.csv,1
5GH6XFGZ,journalArticle,2025,"Zhao, X.; Guo, F.; Huang, A.; Ding, J.; Yan, C.; Yuan, W.; Su, Y.; Li, Q.; Zhang, Q.",Adaptive resource management in dynamic Cyber–Physical Systems using Artificial Intelligence,Engineering Applications of Artificial Intelligence,,,10.1016/j.engappai.2025.112409,https://www.scopus.com/inward/record.uri?eid=2-s2.0-105016865073&doi=10.1016%2Fj.engappai.2025.112409&partnerID=40&md5=9a8aadcdb0af41ef43d5983313a2b899,"Effective resource management is crucial for the operation of dynamic Cyber–Physical Systems (CPS), yet traditional static or rule-based approaches often fail to handle their inherent complexity. This paper presents a novel Artificial Intelligence (AI)-driven framework for adaptive resource management, defined as the capability to autonomously adjust resource allocation by proactively forecasting future demands and dynamically optimizing decisions in real-time. The framework integrates a suite of AI techniques, including time-series models like Long Short-Term Memory (LSTM), chosen for their ability to capture complex temporal dependencies, for demand prediction. For resource allocation, it employs advanced actor–critic reinforcement learning (RL) algorithms like Proximal Policy Optimization (PPO) and Deep Deterministic Policy Gradient (DDPG), selected for their stability and efficiency in complex decision-making tasks. Performance was rigorously evaluated in a simulated dynamic environment. Experimental results demonstrate that combinations leveraging LSTM's predictive accuracy with the robust optimization of PPO and DDPG achieve superior performance and stability. Specifically, the LSTM+DDPG and LSTM+PPO configurations yielded the highest average rewards (0.964 and 0.942, respectively), significantly outperforming the fixed-strategy baseline (0.497) and other AI pairings. Furthermore, the feasibility of training prediction models in a distributed manner via Federated Learning (FL) is successfully demonstrated. This research highlights that a synergistic integration of suitable AI predictors and advanced RL agents provides a powerful and resilient solution for resource management in dynamic CPS. © 2025 Elsevier Ltd",2025,2026-03-10 17:00:05,2026-03-10 17:00:05,,,,,162,,,,,,,,,,,,,Scopus,,,,,,,,Federated learning; Reinforcement learning; Artificial Intelligence; Forecasting; Decision making; Cyber-physical systems; Machine learning; Resource allocation; Deep reinforcement learning; Embedded systems; Learning systems; Dynamics; Machine-learning; Long short-term memory; Learning algorithms; Short term memory; Reinforcement learnings; Cybe-physical systems; Resources allocation; Natural resources management; Dynamic environments; Policy optimization; Adaptive resource management; Adaptive Resource Management; Cyber–Physical Systems; Demand prediction,,,,,,,,,,,,,,,,,,,,,,,,,,,,,,,,,,,,,,,,,,,,,,,,FL - TS.csv,1
8QT3W9MZ,journalArticle,2026,"Henna, S.; Rathnayake, U.",Spatiotemporal score-based federated generative learning for multi-source remote sensing time series in environmental monitoring,ISPRS Journal of Photogrammetry and Remote Sensing,,,10.1016/j.isprsjprs.2025.11.001,https://www.scopus.com/inward/record.uri?eid=2-s2.0-105027898004&doi=10.1016%2Fj.isprsjprs.2025.11.001&partnerID=40&md5=b1fc1cb624cfcf0ae91f57d4fd6d1b28,"The increasing deployment of geographically distributed environmental sensors presents significant challenges for multi-source data fusion due to privacy concerns, communication constraints, and spatial heterogeneity inherent in geoscientific datasets. Addressing these challenges, this paper proposes FedScoreGAN, a novel federated generative adversarial network framework for privacy-preserving synthesis of high-fidelity meteorological time series across decentralized clients without raw data sharing. FedScoreGAN leverages temporal convolutional network encoders and federated learning protocols to capture complex spatio-temporal dependencies and fuse multi-sensor, client-specific distributional characteristics under non-independent and identically distributed (non-IID) conditions. Extensive evaluations on real-world sea-level and meteorological datasets demonstrate that FedScoreGAN synthesizes data that closely matches the statistical and temporal properties of authentic measurements, as evidenced by rigorous metrics including Wasserstein distance, Fréchet Inception Distance, Maximum Mean Discrepancy, and Dynamic Time Warping. Comparative experiments against federated versions of TimeGAN, TimeVAE, Conditional TimeVAE, and TimeDDPM show that FedScoreGAN consistently achieves the lowest MSE and MAE, preserving fine-grained temporal patterns across heterogeneous client data. Ablation studies further confirm the contribution of each core component, stochastic noise injection, adversarial discrimination, score-based guidance, and federated aggregation, to synthetic data quality and stability. Furthermore, downstream forecasting experiments employing train-on-synthetic-test-on-real (TSTR) and train-on-real-test-on-synthetic (TRTS) paradigms confirm that models trained on synthetic data achieve comparable predictive accuracy to those trained on real observations, validating the practical utility of the generated sequences. Privacy analyses, including membership inference, reconstruction, and cross-client leakage tests, indicate that FedScoreGAN preserves client confidentiality while maintaining distributional realism. Additionally, theoretical analysis of computational and communication cost, together with MRN sparsification, demonstrates that FedScoreGAN achieves efficient federated deployment without altering model architecture. Adversarial classifier analyses reveal a balanced compromise between privacy protection and distributional realism, indicating that synthetic data preserves critical information without exposing sensitive client-specific details, thereby facilitating effective fusion learning in distributed sensor networks. © 2025",2026,2026-03-10 17:00:05,2026-03-10 17:00:05,,,,,,,,,,,,,,,,,,Scopus,,,,,,,,Federated learning; Generative adversarial networks; Environmental monitoring; Remote sensing; Learning systems; Time series; Generative Adversarial Networks (GANs); Generative adversarial network; Times series; Privacy preserving; Data Sharing; Distributed computer systems; Privacy-preserving techniques; Statistical tests; Information fusion; Remote-sensing; Sensor data fusion; Adversarial networks; Environmental Monitoring; Multi-sensor information fusion; Privacy-preserving data fusion; Synthetic time series; Synthetic-time,,,,,,,,,,,,,,,,,,,,,,,,,,,,,,,,,,,,,,,,,,,,,,,,FL - TS.csv,1
LYAJBWRV,journalArticle,2025,"Zhang, Z.; Zhao, Y.; Wang, J.",Multi-scale temporal feature-enhanced federated learning framework for network traffic prediction,Computer Networks,,,10.1016/j.comnet.2025.111742,https://www.scopus.com/inward/record.uri?eid=2-s2.0-105018062108&doi=10.1016%2Fj.comnet.2025.111742&partnerID=40&md5=7a9886397cb3ea18e5deeb0dfbb84837,"With the rapid development of mobile internet, network traffic has shown exponential growth. Accurate traffic prediction has become a key technology for ensuring stable network performance and optimized resource allocation. However, existing methods fail to fully integrate periodic features and neglect the persistent impact of non-periodic temporal features such as holidays on network traffic. This oversight makes it challenging for models to effectively capture both periodic patterns and sudden fluctuations in traffic. To address this issue, this paper introduces a Multi-Scale Temporal Feature Enhanced Federated Learning Framework for Network Traffic Prediction (MTFE-FL). The framework proposes a Holiday Impact Factor to comprehensively measure the persistent impact of holiday characteristics on network traffic data. High-quality predictive models are trained collaboratively in multiple edge clients, each using an iTransformer model to process time series data. By encapsulating the entire time series into variable tokens, the iTransformer provides a global perspective, enabling the effective identification of complex patterns and dependencies evolving over time. In addition, multivariate attention mechanisms are utilized to deep explore the relationships between network traffic data and temporal information. To further enhance the generalization ability of the global model and mitigate the “client drift” caused by client heterogeneity, Stochastic Controlled Averaging is introduced to correct the gradients of the local models at each edge client. The aggregated corrected models then generate the global model. Experimental results demonstrate that the proposed framework achieves superior performance on two real-world network traffic datasets, significantly improving the accuracy of network traffic predictions. © 2025 Elsevier B.V.",2025,2026-03-10 17:00:05,2026-03-10 17:00:05,,,,,273,,,,,,,,,,,,,Scopus,,,,,,,,Federated learning; Forecasting; Traffic control; Telecommunication traffic; Performance; Time series; iTransformer; Network traffic prediction; Global models; Learning frameworks; Stochastic models; Stochastic systems; Mobile telecommunication systems; Network traffic predictions; Multi-scales; Temporal features; Traffic data; Network traffic; Itransformer; Multi-scale temporal,,,,,,,,,,,,,,,,,,,,,,,,,,,,,,,,,,,,,,,,,,,,,,,,FL - TS.csv,1
NDR8R6US,journalArticle,2026,"Mou, C.; Yang, J.; Wu, Q.; Qin, L.; Lu, J.",Progress in sepsis prediction models: from traditional scoring systems to multimodal intelligence and clinical translation,Frontiers in Medicine,,,10.3389/fmed.2026.1732164,https://www.scopus.com/inward/record.uri?eid=2-s2.0-105031165233&doi=10.3389%2Ffmed.2026.1732164&partnerID=40&md5=a9483cf1a8cb8e4d71a492285a147a8d,"Sepsis is a leading cause of mortality and healthcare expenditures among patients in the intensive care unit (ICU). Its pathophysiology is complex and its clinical manifestations are highly heterogeneous; early identification and timely, targeted interventions are essential to improving outcomes. With the widespread adoption of electronic health records (EHRs) and the rapid expansion of critical care data, developing sepsis prediction models using machine learning (ML) and deep learning (DL) has become an active area of research. This review provides a systematic overview of advances in sepsis prediction, from clinical problem framing and outcome definitions to data sources, feature engineering, and methodological evolution. We summarize the progression from traditional scoring systems (e.g., SOFA, qSOFA) to modern ML algorithms (e.g., gradient boosting trees, random forests) and time series DL models (e.g., LSTM, Transformer models). We also outline reporting and evaluation standards (e.g., TRIPOD AI), and synthesize evidence on representative models for early warning, prognostic risk stratification, and prediction of organ dysfunction. Key translational challenges are discussed, including generalization, fairness, model drift, workflow integration, alarm fatigue, and real world utility. Finally, we highlight opportunities in multimodal data fusion, causal inference, federated learning, and digital twins for building next generation, clinically actionable sepsis intelligence, and we offer practical recommendations to help move from algorithmic accuracy to demonstrable clinical value, emphasizing that only models that are externally validated, well calibrated, prospectively evaluated, and tightly aligned with clinical workflows are likely to improve patient outcomes. Copyright © 2026 Mou, Yang, Wu, Qin and Lu.",2026,2026-03-10 17:00:06,2026-03-10 17:00:06,,,,,13,,,,,,,,,,,,,Scopus,,,,,,,,federated learning; machine learning; digital twin; deep learning; review; time series analysis; clinical decision support; prediction; random forest; multimodal data; human; algorithm; intelligence; fatigue; electronic health record; fairness; pathophysiology; predictive model; scoring system; treatment outcome; workflow; biological marker; clinical decision support system; health care cost; intensive care unit; sepsis; cause of death; intensive care; prediction models; translational medicine,,,,,,,,,,,,,,,,,,,,,,,,,,,,,,,,,,,,,,,,,,,,,,,,FL - TS.csv; Literature Rewies.csv,2
7NI29VSD,journalArticle,2026,"Zhao, X.; Zhong, Y.; Li, P.",Porous rock permeability quantification: A superpixel-driven graph neural network method for pore region analysis,Gondwana Research,,,10.1016/j.gr.2025.11.014,https://www.scopus.com/inward/record.uri?eid=2-s2.0-105025052799&doi=10.1016%2Fj.gr.2025.11.014&partnerID=40&md5=034de2715c7fa903b4a61cd85ad45484,"Rock permeability, as a significant parameter, plays a crucial role in research related to geological exploration, reservoir resource development, and the movement and distribution of subsurface fluids. Despite significant advancements in artificial intelligence technology for rock analysis in recent years, challenges remain in terms of prediction accuracy, computational complexity, and resource dependency. To address these issues, this paper proposes a superpixel-based graph neural network (SP-GNN) method to achieve rock permeability prediction. Specifically, the flow space of the rock medium is superpixelized to construct graph data. Based on the superpixel graph data, a graph neural network designed to learn multi-level cascading features is developed, while also implementing an algorithm to extract neighborhood spatial features that contain sequential relationships. A temporal pooling strategy is proposed to perform collaborative learning of the cascading features and neighborhood spatial features of graph data from a temporal perspective, in order to obtain hierarchical global features of dynamic nodes. Finally, the global features of the graph are input into the downstream tasks to achieve accurate prediction of permeability. Experimental results show that the SP-GNN significantly outperforms various existing benchmark schemes for permeability prediction across seven comprehensive performance metrics, demonstrating the ability to accurately and efficiently predict permeability for both mixed-type and single-type rocks; ablation experiments further validate the effectiveness of the proposed temporal pooling strategy. © 2025",2026,2026-03-10 17:00:06,2026-03-10 17:00:06,,100-111,,,153,,,,,,,,,,,,,Scopus,,,,,,,,artificial intelligence; time series; Time series; artificial neural network; rock mechanics; Graph neural network; Graph pooling; neighborhood; permeability; pixel; porous medium; Rock permeability; Superpixel,,,,,,,,,,,,,,,,,,,,,,,,,,,,,,,,,,,,,,,,,,,,,,,,FL - TS.csv,1
ELEU5ST7,journalArticle,2025,"Zhang, S.; Xu, T.; Zhu, J.; Sun, Y.; Jin, P.; Shi, B.; Pei, D.",Privacy-preserving MTS anomaly detection for network devices through federated learning,Information Sciences,,,10.1016/j.ins.2024.121590,https://www.scopus.com/inward/record.uri?eid=2-s2.0-85207767419&doi=10.1016%2Fj.ins.2024.121590&partnerID=40&md5=a989fcf27709c279167c5444fe4eb0f0,"In the context of Maintenance-as-a-Service (MaaS), it is important for device vendors to develop multivariate time series (MTS) anomaly detection models that can accurately identify anomalies without compromising the privacy of customer enterprises' data. In this paper, we investigate the relationship between MTS data patterns and the parameters of unsupervised autoencoder (AE) models and show that they are highly consistent. Building on this insight, we propose a novel unsupervised federated learning (FL)-based framework called OmniFed, which cannot only address the heterogeneity of non-independent identically (non-iid) distributed data on different devices, but also achieve high-precision detection of device MTS anomalies while ensuring privacy. Specifically, OmniFed is initialized with an AE model and then trains local AE models on individual devices via federated learning. Finally, OmniFed clusters devices based on the parameters of the AE models and trains a cluster-specific MTS anomaly detection model using FL. Our experiments on two real-world datasets demonstrate that OmniFed achieves an F1-Score of 0.921, significantly higher than the best baseline method. © 2024 Elsevier Inc.",2025,2026-03-10 17:00:06,2026-03-10 17:00:06,,,,,690,,,,,,,,,,,,,Scopus,,,,,,,,Federated learning; Anomaly detection; Differential privacy; Multivariate time series; Privacy-preserving; Adversarial machine learning; Distributed data; Privacy preserving; Data patterns; Time-series data; Auto encoders; Anomaly detection models; Enterprise data; Network devices,,,,,,,,,,,,,,,,,,,,,,,,,,,,,,,,,,,,,,,,,,,,,,,,FL - TS.csv,1
9SCBS7F6,journalArticle,2025,"Chen, X.; Zhang, K.; Chuai, G.; Gao, W.; Liu, X.; Zhang, Y.; Hou, Y.",A structured distributed learning framework for irregular cellular spatial-temporal traffic prediction,Digital Communications and Networks,,,10.1016/j.dcan.2025.04.003,https://www.scopus.com/inward/record.uri?eid=2-s2.0-105021920814&doi=10.1016%2Fj.dcan.2025.04.003&partnerID=40&md5=6f07743c311e0f31b773b36c7ee0e34f,"Spatial-temporal traffic prediction technology is crucial for network planning, resource allocation optimizing, and user experience improving. With the development of virtual network operators, multi-operator collaborations, and edge computing, spatial-temporal traffic data has taken on a distributed nature. Consequently, non-centralized spatial-temporal traffic prediction solutions have emerged as a recent research focus. Currently, the majority of research typically adopts federated learning methods to train traffic prediction models distributed on each base station. This method reduces additional burden on communication systems. However, this method has a drawback: it cannot handle irregular traffic data. Due to unstable wireless network environments, device failures, insufficient storage resources, etc., data missing inevitably occurs during the process of collecting traffic data. This results in the irregular nature of distributed traffic data. Yet, commonly used traffic prediction models such as Recurrent Neural Networks (RNN) and Long Short-Term Memory (LSTM) typically assume that the data is complete and regular. To address the challenge of handling irregular traffic data, this paper transforms irregular traffic prediction into problems of estimating latent variables and generating future traffic. To solve the aforementioned problems, this paper introduces split learning to design a structured distributed learning framework. The framework comprises a Global-level Spatial structure mining Model (GSM) and several Node-level Generative Models (NGMs). NGM and GSM represent Seq2Seq models deployed on the base station and graph neural network models deployed on the cloud or central controller. Firstly, the time embedding layer in NGM establishes the mapping relationship between irregular traffic data and regular latent temporal feature variables. Secondly, GSM collects statistical feature parameters of latent temporal feature variables from various nodes and executes graph embedding for spatial-temporal traffic data. Finally, NGM generates future traffic based on latent temporal and spatial feature variables. The introduction of the time attention mechanism enhances the framework's capability to handle irregular traffic data. Graph attention network introduces spatially correlated base station traffic feature information into local traffic prediction, which compensates for missing information in local irregular traffic data. The proposed framework effectively addresses the distributed prediction issues of irregular traffic data. By testing on real world datasets, the proposed framework improves traffic prediction accuracy by 35% compared to other commonly used distributed traffic prediction methods. © 2025 Chongqing University of Posts and Telecommunications.",2025,2026-03-10 17:00:06,2026-03-10 17:00:06,,1457-1468,,5,11,,,,,,,,,,,,,Scopus,,,,,,,,User experience; Time series analysis; Forecasting; Edge computing; Virtual reality; Data mining; Telecommunication traffic; Learning systems; Spatio-temporal data; Wireless networks; Base stations; Long short-term memory; Prediction models; Digital storage; Cellulars; Highway traffic control; Statistical tests; Distributed learning; Irregular time series; Network measurement; Spatial temporals; Traffic data; Traffic prediction; Cellular spatial-temporal traffic; Measurement and analysis; Network measurement and analysis; Network measurement and analyze,,,,,,,,,,,,,,,,,,,,,,,,,,,,,,,,,,,,,,,,,,,,,,,,FL - TS.csv,1
BHVYUBXY,journalArticle,2025,"Qin, X.; Guo, H.; Su, X.; Zhao, Z.; Wang, D.; Zhang, L.",Spatiotemporal masked pre-training for advancing crop mapping on satellite image time series with limited labels,International Journal of Applied Earth Observation and Geoinformation,,,10.1016/j.jag.2025.104426,https://www.scopus.com/inward/record.uri?eid=2-s2.0-85218228464&doi=10.1016%2Fj.jag.2025.104426&partnerID=40&md5=e19783502367e401539ae54a3784014a,"Accurate crop mapping plays a critical role in optimizing agricultural monitoring and ensuring food security. Although data-driven deep learning methods have demonstrated success in crop mapping with satellite image time series (SITS) data, their promising performances heavily depend on labeled training samples. Nevertheless, the difficulty of annotating crop types often results in labeled data scarcity, leading to a decline in the model's performance. Self-supervised learning (SSL) is a novel technique for crop mapping with limited labels. However, the existing SSL methods applied to SITS data typically explore masking solely on temporal dimension, which cannot guarantee strong spatial representation and therefore hinders the accurate prediction of complex crop fields. Furthermore, these methods sequentially extract spatial and temporal information without fully integrating information across different dimensions. In this study, we propose a spatiotemporal masking strategy for pre-training a SpatioTemporal Collaborative Learning Network (STCLN) to extract informative spatial and temporal representations from SITS data. Additionally, we design a SpatioTemporal Attention (STA) module in STCLN that integrates representations from spatial and temporal dimensions. The experimental results on two crop type mapping benchmarks encompassing various crop types demonstrate the outperformance of our proposed method. STCLN_wp outperforms the previous state-of-the-art (SOTA) methods with 6.49% higher mIoU on PASTIS dataset and 4.04% higher mIoU on MTLCC dataset. The ablation experiments on pre-training, masking strategies, and the STA module validate the effectiveness of our methodological design. Additionally, experiments conducted under varying sizes of the training set highlight the superior generalization ability of our method for crop type mapping in label-scarce situations. The code of our method is available at https://github.com/XiaoleiQinn/STCLN. © 2025 The Author(s)",2025,2026-03-10 17:00:06,2026-03-10 17:00:06,,,,,137,,,,,,,,,,,,,Scopus,,,,,,,,machine learning; Self-supervised learning; time series; Pre-training; prediction; artificial neural network; satellite imagery; crop; Crop mapping; Satellite image time series; vegetation mapping,,,,,,,,,,,,,,,,,,,,,,,,,,,,,,,,,,,,,,,,,,,,,,,,FL - TS.csv,1
UDN44KNF,conferencePaper,2024,"Xia, K.; Li, W.; Shao, Y.; Lu, S.",Vi2ACT:Video-enhanced Cross-modal Co-learning with Representation Conditional Discriminator for Few-shot Human Activity Recognition,,,,10.1145/3664647.3681664,https://www.scopus.com/inward/record.uri?eid=2-s2.0-85209775490&doi=10.1145%2F3664647.3681664&partnerID=40&md5=4943328753729c45a592034e1055fb8f,"Human Activity Recognition (HAR) as an emerging research field has attracted widespread academic attention due to its wide range of practical applications in areas such as healthcare, environmental monitoring, and sports training. Given the high cost of annotating sensor data, many unsupervised and semi-supervised methods have been applied to HAR to alleviate the problem of limited data. In this paper, we propose a novel video-enhanced cross-modal collaborative learning method, Vi2ACT, to address the issue of few-shot HAR. We introduce a new data augmentation approach that utilizes a text-to-video generation model to generate class-related videos. Subsequently, a large quantity of video semantic representations are obtained through fine-tuning the video encoder for cross-modal co-learning. Furthermore, to effectively align video semantic representations and time series representations, we enhance HAR at the representation-level using conditional Generative Adversarial Nets (cGAN). We design a novel Representation Conditional Discriminator that is trained to assess samples as originating from video representations rather than those generated by the time series encoder as accurately as possible. We conduct extensive experiments on four commonly used HAR datasets. The experimental results demonstrate that our method outperforms other baseline models in all few-shot scenarios. © 2024 ACM.",2024,2026-03-10 17:00:06,2026-03-10 17:00:06,,1848-1856,,,,,,,,,,,,,,,,Scopus,,,,,,,,Generative adversarial networks; Self-supervised learning; Human activity recognition; Active learning; human activity recognition; few-shot learning; Image coding; Semi-supervised learning; Few-shot learning; Contrastive Learning; Adversarial machine learning; Cross-modal; Times series; Zero-shot learning; Semantic representation; Environmental Monitoring; Co-learning; Conditional generative adversarial net; conditional generative adversarial nets; Research fields; Video semantics,,,,,,,,,,,,,,,,,,,,,,,,,,,,,,,,MM 2024 - Proceedings of the 32nd ACM International Conference on Multimedia,,,,,,,,,,,,,,,,FL - TS.csv,1
ILN89BWG,conferencePaper,2025,"Munaweera, P.; Prasad, S.; Hewa, T.; Siriwardhana, Y.; Ylianttila, M.",Federated Learning-powered DDoS Attack Detection for Securing Cyber Physical Systems in 5G and Beyond Networks,,,,10.1145/3703790.3703822,https://www.scopus.com/inward/record.uri?eid=2-s2.0-105002842806&doi=10.1145%2F3703790.3703822&partnerID=40&md5=c7e0dc10db2d3bd22e34c5d43dfbd20e,"The advent of 5G networks has revolutionized Safety-Critical Cyber Physical Systems (CPS), such as autonomous transportation, healthcare, and industrial automation, by providing ultra-reliable, low-latency, and high-speed communications essential for real-time decision-making and control. However, these advancements also make 5G infrastructures attractive targets for Distributed Denial of Service (DDoS) attacks, which can severely disrupt network functionality and jeopardize critical services. To address this challenge, we propose a comprehensive approach for securing 5G-enabled CPS through advanced anomaly detection and Federated Learning (FL). Our research introduces an LSTM Autoencoder-based anomaly detection model specifically designed for multivariate time series data from 5G core networks, enhancing the detection of potential intrusions. We leverage FL to collaboratively train and update the Intrusion Detection System (IDS) across decentralized 5G deployments, preserving data privacy and reducing network bandwidth requirements. Recognizing the vulnerability of FL to data poisoning attacks, we also evaluate and implement state-of-the-art defense mechanisms to protect the integrity of the federated model. This research provides valuable insights and recommendations for deploying robust, privacy-preserving IDS solutions in 5G networks, contributing to the advancement of secure and efficient 5G infrastructure for critical applications. © 2024 Copyright held by the owner/author(s).",2025,2026-03-10 17:00:06,2026-03-10 17:00:06,,273-278,,,,,,,,,,,,,,,,Scopus,,,,,,,,Data privacy; Federated Learning; IoT; Anomaly detection; Security; Differential privacy; Cyber-physical systems; Intrusion detection; 5G; Cyber Physical Systems; Network security; Data Poisoning; 5G mobile communication systems; Network intrusion; Cybe-physical systems; Cyber attacks; 5g; Intrusion Detection Systems; Critical infrastructures; Data poisoning; Denialof- service attacks; Distributed denial of service; Safety-critical; Safety-Critical,,,,,,,,,,,,,,,,,,,,,,,,,,,,,,,,IoT 2024 - Proceedings of the 14th International Conference on the Internet of Things,,,,,,,,,,,,,,,,FL - TS.csv,1
EVLDNQV8,journalArticle,2025,"Chen, Z.; Zhang, H.; Wang, S.; Chen, J.",FedRegNAS: Regime-Aware Federated Neural Architecture Search for Privacy-Preserving Stock Price Forecasting,Electronics (Switzerland),,,10.3390/electronics14244902,https://www.scopus.com/inward/record.uri?eid=2-s2.0-105025774645&doi=10.3390%2Felectronics14244902&partnerID=40&md5=e22369287b445dfa25d9b5def13b332c,"Financial time series are heterogeneous, nonstationary, and dispersed across institutions that cannot share raw data. While federated learning enables collaborative modeling under privacy constraints, fixed architectures struggle to accommodate cross-market drift and device-resource diversity; conversely, existing neural architecture search techniques presume centralized data and typically ignore communication, latency, and privacy budgets. This paper introduces FedRegNAS, a regime-aware federated NAS framework that jointly optimizes forecasting accuracy, communication cost, and on-device latency under user-level (Formula presented.) -differential privacy. FedRegNAS trains a shared temporal supernet composed of candidate operators (dilated temporal convolutions, gated recurrent units, and attention blocks) with regime-conditioned gating and lightweight market-aware personalization. Clients perform differentiable architecture updates locally via Gumbel-Softmax and mirror descent; the server aggregates architecture distributions through Dirichlet barycenters with participation-weighted trust, while model weights are combined by adaptive, staleness-robust federated averaging. A risk-sensitive objective emphasizes downside errors and integrates transaction-cost-aware profit terms. We further inject calibrated noise into architecture gradients to decouple privacy leakage from weight updates and schedule search-to-train phases to reduce communication. Across three real-world equity datasets, FedRegNAS improves directional accuracy by 3–7 percentage points and Sharpe ratio by 18–32%. Ablations highlight the importance of regime gating and barycentric aggregation, and analyses outline convergence of the architecture mirror-descent under standard smoothness assumptions. FedRegNAS yields adaptive, privacy-aware architectures that translate into materially better trading-relevant forecasts without centralizing data. © 2025 by the authors.",2025,2026-03-10 17:00:06,2026-03-10 17:00:06,,,,24,14,,,,,,,,,,,,,Scopus,,,,,,,,federated learning; Costs; Neural networks; Deep learning; Differential privacy; Forecasting; privacy protection; deep learning; Architecture; Learning systems; Neural architecture search; Mirrors; Privacy preserving; Collaborative modeling; Privacy protection; Privacy-preserving techniques; Budget control; Privacy constraints; Financial markets; Nonstationary; Commerce; Electronic trading; Financial time series; Neural architectures; neural architecture search; Stock price forecasting,,,,,,,,,,,,,,,,,,,,,,,,,,,,,,,,,,,,,,,,,,,,,,,,FL - TS.csv,1
NR5HDYL6,journalArticle,2026,"Huet, J.-C.; Bougueroua, L.; Metidji, S.A.",An intelligent monitoring system for forecasting and anomaly detection in precision beekeeping,Scientific reports,,,10.1038/s41598-026-37877-1,https://www.scopus.com/inward/record.uri?eid=2-s2.0-105030769065&doi=10.1038%2Fs41598-026-37877-1&partnerID=40&md5=a99497a91b9fe7bdcee6007776626d9c,"Bees play a vital ecological role as pollinators, contributing to biodiversity, forest regeneration, and agricultural productivity. In recent years, precision beekeeping has emerged as a promising approach to support hive management through sensor-based monitoring. However, existing systems often lack predictive capabilities, limiting their usefulness in anticipating disruptive events that threaten colony health. To address this gap, we present BeeViz, an intelligent monitoring system that combines time series forecasting and anomaly detection to enhance decision-making in apiculture. The system integrates sensor networks, cloud infrastructure, and AI-based data processing modules to continuously track key hive parameters (temperature, humidity, and weight) and generate short-term forecasts and real-time alerts. Preliminary results show that the system can effectively detect anomalies and generate short-term forecasts for key hive parameters, with promising accuracy across different metrics. By enabling proactive interventions, BeeViz supports more resilient and sustainable beekeeping practices, paving the way for collaborative learning and data-driven hive management. © 2026. The Author(s).",2026,2026-03-10 17:00:06,2026-03-10 17:00:06,,7080,,1,16,,,,,,,,,,,,,Scopus,,,,,,,,Anomaly detection; Artificial Intelligence; artificial intelligence; Forecasting; forecasting; procedures; physiology; Agroecology; animal; Animals; apiculture; bee; Beekeeping; Bees; Hive management; Intelligent forecasting; pollination; Pollination; Precision beekeeping,,,,,,,,,,,,,,,,,,,,,,,,,,,,,,,,,,,,,,,,,,,,,,,,FL - TS.csv,1
FZBUBMZE,journalArticle,2024,"Liang, Z.; Wang, H.",FedST: secure federated shapelet transformation for time series classification,VLDB Journal,,,10.1007/s00778-024-00865-w,https://www.scopus.com/inward/record.uri?eid=2-s2.0-85199781516&doi=10.1007%2Fs00778-024-00865-w&partnerID=40&md5=89b97f66d6d96e88eb50614e82f8bf27,"This paper explores how to build a shapelet-based time series classification (TSC) model in the federated learning (FL) scenario, that is, using more data from multiple owners without actually sharing the data. We propose FedST, a novel federated TSC framework extended from a centralized shapelet transformation method. We recognize the federated shapelet search step as the kernel of FedST. Thus, we design a basic protocol for the FedST kernel that we prove to be secure and accurate. However, we identify that the basic protocol suffers from efficiency bottlenecks and the centralized acceleration techniques lose their efficacy due to the security issues. To speed up the federated protocol with security guarantee, we propose several optimizations tailored for the FL setting. Our theoretical analysis shows that the proposed methods are secure and more efficient. We conduct extensive experiments using both synthetic and real-world datasets. Empirical results show that our FedST solution is effective in terms of TSC accuracy, and the proposed optimizations can achieve three orders of magnitude of speedup. © The Author(s), under exclusive licence to Springer-Verlag GmbH Germany, part of Springer Nature 2024.",2024,2026-03-10 17:00:06,2026-03-10 17:00:06,,1617-1641,,5,33,,,,,,,,,,,,,Scopus,,,,,,,,Federated learning; Time series; Time series classification; Centralised; Times series; Optimisations; Classification (of information); Time series classifications; Classification models; Shapelets; Time series features; Basic protocols; Time series shapelet; Time series shapelets,,,,,,,,,,,,,,,,,,,,,,,,,,,,,,,,,,,,,,,,,,,,,,,,FL - TS.csv,1
6YKAL77I,journalArticle,2025,"Islam, M.M.; Alawad, M.",Resource-Aware ECG Classification with Heterogeneous Models in Federated Learning,Future Internet,,,10.3390/fi17030130,https://www.scopus.com/inward/record.uri?eid=2-s2.0-105001268682&doi=10.3390%2Ffi17030130&partnerID=40&md5=33ac259daa9a26a7ca6839c81b5ca4a8,"In real-world scenarios, ECG data are collected from a diverse range of heterogeneous devices, including high-end medical equipment and consumer-grade wearable devices, each with varying computational capabilities and constraints. This heterogeneity presents significant challenges in developing a highly accurate deep learning (DL) global model for ECG classification, as traditional centralized approaches struggle to address privacy concerns, scalability issues, and model inconsistencies arising from diverse device characteristics. Federated Learning (FL) has emerged as a promising solution by enabling collaborative model training without sharing raw data, thus preserving privacy and security. However, standard FL assumes uniform device capabilities and model architectures, which is impractical given the varied nature of ECG data collection devices. Although heterogeneity has been explored in other domains, its impact on ECG classification and the classification of similar time series physiological signals remains underexplored. In this study, we adopted HeteroFL, a technique that enables model heterogeneity to reflect real-world resource constraints. By allowing local models to vary in complexity while aggregating their updates, HeteroFL accommodates the computational diversity of different devices. This study evaluated the applicability of HeteroFL for ECG classification using the MIT-BIH Arrhythmia dataset, identifying both its strengths and limitations. Our findings establish a foundation for future research on improving FL strategies for heterogeneous medical data, highlighting areas for further optimization and adaptation in real-world deployments. © 2025 by the authors.",2025,2026-03-10 17:00:06,2026-03-10 17:00:06,,,,3,17,,,,,,,,,,,,,Scopus,,,,,,,,federated learning; Federated learning; Differential privacy; Wearable devices; Contrastive Learning; Adversarial machine learning; Heterogeneous devices; ECG data; Resource aware; Real-world scenario; Diverse range; ECG classification; Heterogeneous modelling; model heterogeneity; Model heterogeneity; resource-aware computing; Resource-aware computing,,,,,,,,,,,,,,,,,,,,,,,,,,,,,,,,,,,,,,,,,,,,,,,,FL - TS.csv,1
QWZJ7SD5,journalArticle,2025,"He, Q.-Q.; Gong, X.; Si, Y.-W.",Collaborative learning with normalization augmentation for domain generalization in time series classification,Journal of Supercomputing,,,10.1007/s11227-024-06622-8,https://www.scopus.com/inward/record.uri?eid=2-s2.0-85208621527&doi=10.1007%2Fs11227-024-06622-8&partnerID=40&md5=2b7ecf2685a745ffaecd5cc2d7109ebe,"Deep neural networks often experience performance degradation when evaluated on testing (target) data that exhibit different distributions compared to the training (source) data. To solve the issue, Domain Generalization (DG) approaches were proposed by researchers to learn models that demonstrate robustness to domain shift. These models were trained on the data from source domains without accessing data from the target domains. Besides, the existing Normalization-based DG methods capture augmented and original styles through a single deep learning model, hindering the effective learning of these distinct style variations. Therefore, to effectively learn the augmented styles while preserving the original styles of source domains, a novel framework called Collaborative Learning with Normalization Augmentation (CLNA) is proposed for time series data in this paper. To validate the superiority of our proposed framework, CLNA was compared to seven state-of-the-art methods on three publicly available time series datasets. These experiments were conducted for both single-source and multi-source Domain Generalization problems. Experimental results showed that CLNA achieves significantly improved classification accuracy compared to existing approaches. © The Author(s), under exclusive licence to Springer Science+Business Media, LLC, part of Springer Nature 2024.",2025,2026-03-10 17:00:07,2026-03-10 17:00:07,,,,1,81,,,,,,,,,,,,,Scopus,,,,,,,,Federated learning; Time series; Collaborative learning; Domain generalization; Time series classification; Contrastive Learning; Adversarial machine learning; Generalisation; Neural-networks; Deep neural networks; Different distributions; Learn+; Time series classifications; Normalisation; Normalization augmentation; Performance degradation,,,,,,,,,,,,,,,,,,,,,,,,,,,,,,,,,,,,,,,,,,,,,,,,FL - TS.csv,1
BFQ4GHM3,journalArticle,2024,"Cheng, H.; Yuan, S.; Li, W.; Yu, X.; Liu, F.; Liu, X.; Bezabih, T.T.",De-accumulated error collaborative learning framework for predicting Alzheimer's disease progression,Biomedical Signal Processing and Control,,,10.1016/j.bspc.2023.105767,https://www.scopus.com/inward/record.uri?eid=2-s2.0-85178195109&doi=10.1016%2Fj.bspc.2023.105767&partnerID=40&md5=251da9a516b02da60220c91fa874579b,"Alzheimer's disease (AD) is a chronic neurodegenerative disorder where precise prediction of progression is crucial for improving clinical diagnosis. However, missing data often complicates AD prediction in clinical practice. Existing studies primarily have employed recurrent neural networks to impute missing data, but this approach suffers from the “error accumulation” problem, leading to unsatisfactory prediction results. To address this issue, this study proposes the LSTM-TSGAIN collaborative learning framework, which consists of the following three main aspects: using a generative adversarial imputation method to reduce LSTM prediction errors; collaborative training of the adversarial imputation fusion module and the time series learning module to improve the performance of the model; the model inputs were adjusted to variable lengths to accommodate the differences in the number of visits of different subjects. The effectiveness of the model is demonstrated through experiments using longitudinal data from the ADNI dataset of 1256 subjects, which shows its superiority over state-of-the-art methods. © 2023 Elsevier Ltd",2024,2026-03-10 17:00:07,2026-03-10 17:00:07,,,,,89,,,,,,,,,,,,,Scopus,,,,,,,,Forecasting; Alzheimer's disease; Learning systems; time series analysis; Collaborative learning; collaborative learning; recurrent neural network; Missing data; Long short-term memory; Learning frameworks; human; controlled study; Diagnosis; Article; major clinical study; Neurodegenerative diseases; Errors; Disease progression; Error accumulation; clinical practice; longitudinal study; prediction error; Alzheimer disease; Alzheimers disease; Collaborative learning framework; Disease progression prediction; Imputation of missing data; Reducing error accumulation,,,,,,,,,,,,,,,,,,,,,,,,,,,,,,,,,,,,,,,,,,,,,,,,FL - TS.csv,1
WMCYCGNI,journalArticle,2024,"Chen, R.; Chen, X.; Zhao, J.",Private and utility enhanced intrusion detection based on attack behavior analysis with local differential privacy on IoV,Computer Networks,,,10.1016/j.comnet.2024.110560,https://www.scopus.com/inward/record.uri?eid=2-s2.0-85195649813&doi=10.1016%2Fj.comnet.2024.110560&partnerID=40&md5=4c9ba34f4874644939889b85dfd84627,"In recent years, with the escalating security demands of the Internet of Vehicles (IoV), concerns over safety have intensified. To prevent security incidents and privacy breaches, IoV must address various threats promptly and effectively. The use of deep learning methods for intrusion detection in IoV has garnered widespread attention. Compared to traditional security defenses, deep learning can learn from heterogeneous data sources, enhancing the accuracy of detecting various security threats. However, current research based on deep learning primarily focuses on constructing intrusion detection models and overlooks the analysis and processing of extensive behavioral data. Moreover, model training requires access to and transmission of sensitive data, which may lead to high communication costs and potential privacy leaks. To ensure the network security of IoV, we propose FDL-IDM, an innovative behavior-analysis-based intrusion detection model leveraging differential privacy within federated learning. It extracts driving behavior spatiotemporally and employs noise perturbation pre-aggregation, reducing communication costs and ensuring privacy without compromising accuracy. Specifically, we process data from both temporal and spatial dimensions. Data are grouped based on sender identity and then sliced according to the time sequence to create state matrices that vary over time, enhancing the performance and robustness of the detection model. Next, we incorporate an attention mechanism to merge outputs from each time step and hidden layer, strengthening the time series model and reducing information loss. Lastly, in federated learning, we add noise perturbation to the uploaded parameters, reducing the risk of privacy breaches. Additionally, we employ a random scheduling strategy during training to select clients and assign an adjusted learning rate that decreases with iterations, enhancing the stability of model training. Therefore, FDL-IDM helps prevent security attacks and protect IoV privacy. Through experiments and privacy analysis, as well as tests on vehicle-level devices, FDL-IDM achieved F1-scores of 0.9751, 0.9851, and 0.9789 on three public datasets, demonstrating not only high accuracy but also robust privacy protection capabilities. © 2024 Elsevier B.V.",2024,2026-03-10 17:00:07,2026-03-10 17:00:07,,,,,250,,,,,,,,,,,,,Scopus,,,,,,,,Federated learning; Deep learning; Internet of Vehicles; Intrusion detection; Vehicles; Network security; Learning systems; Differential privacies; Internet of vehicle; Privacy protection; Model training; Sensitive data; Intrusion-Detection; Behavior analysis; Communication cost; Intrusion detection models; Privacy breaches,,,,,,,,,,,,,,,,,,,,,,,,,,,,,,,,,,,,,,,,,,,,,,,,FL - TS.csv,1
BTUGEFZ9,journalArticle,2026,"Ye, J.; Zhou, C.; Zhou, X.; Huang, Y.; Zhao, C.",CVACL-MA: Comprehensive variate analysis and collaborative learning with multi-adapter for multivariate time series forecasting,Pattern Recognition,,,10.1016/j.patcog.2025.111936,https://www.scopus.com/inward/record.uri?eid=2-s2.0-105008208118&doi=10.1016%2Fj.patcog.2025.111936&partnerID=40&md5=8b3cd3fd4618c1f0fd6f5a72274a7532,"Multivariate time series forecasting aims to predict future values or trends by using the time dependence and potential patterns of multiple interrelated time series variates in historical data. Recently, multivariate time series forecasting methods have focused on learning correlations across variates, enabling more accurate prediction of future trends by delving into the connections between different variates. However, the underlying assumption in these methodologies is that existing multivariate time series variates exhibit positive correlations, thereby allowing for mutual interdependence. This assumption potentially ignores the in-depth examination of the correlation quality of multivariate time series variates. Unfortunately, in practice, not all variates exhibit a clear positive correlation. The relationships between time-series variates are often complex, involving positive, negative, and potential non-linear connections, and may even the exhibit lack of correlation. To address this challenge, we propose a comprehensive variate analysis and collaborative learning with multi-adapter (CVACL-MA) model to learn the similarities and disparities between variates. First a cross-time encoder is introduced in the proposed model. And aims to learn the global and local features of each variate in the time dimension. Next, considering the correlation level between multivariate variates, a multivariate similarity analysis module is proposed based on the cosine similarity calculation method. And it can divide the original multivariate time series variates into sets of non-positive correlation variates and sets of positive correlation variates. Then, the multi-adapter learning backbone is introduced to learn the disparity of non-positive correlation variates. Meanwhile, a collaborative learning of similar variates backbone is proposed to facilitate the cooperative learning of interdependencies within sets of positive correlation variates. Extensive experiments show that CVACL-MA significantly outperforms state-of-the-art models on nine real-world benchmark datasets, such as weather, ETT, electricity, solar-energy, and so on. The effectiveness of the proposed method is proved by in-depth research and analysis. We release the code at https://github.com/yejunjiePhD/CVACL-MA. © 2025 Elsevier Ltd",2026,2026-03-10 17:00:07,2026-03-10 17:00:07,,,,,169,,,,,,,,,,,,,Scopus,,,,,,,,Time series analysis; Weather forecasting; Multivariate time series forecasting; Learning systems; Multivariate time series; Time series; Time series forecasting; Collaborative learning; Times series; Signal encoding; Learn+; Multivariant analysis; Comprehensive variate analysis; Comprehensive variate analyze; Cross-time encoder; Multi-adapter learning; Multivariable systems; Positive correlations,,,,,,,,,,,,,,,,,,,,,,,,,,,,,,,,,,,,,,,,,,,,,,,,FL - TS.csv,1
GZEZ8BVV,journalArticle,2024,,"Proceedings - 2024 IEEE 10th International Conference on Collaboration and Internet Computing, CIC 2024","Proceedings - 2024 IEEE 10th International Conference on Collaboration and Internet Computing, CIC 2024",,,,https://www.scopus.com/inward/record.uri?eid=2-s2.0-85217361666&partnerID=40&md5=8ab29b29d5a2498c6c7b12bdbf9d1b58,The proceedings contain 16 papers. The topics discussed include: virtual reality for stress management in university students; polarization detection on social networks: dual contrastive objectives for self-supervision; RFPG: question-answering from low-resource language (Arabic) texts using factually aware RAG; FGA-IDS: a federated learning and GAN-augmented intrusion detection system for UAV networks; a survey of transformer enabled time series synthesis; Sinema: semantics-driven intelligent network management using AI assistance; autonomous shuttle operation for vulnerable populations: lessons and experiences; and enhancing explainability and trustworthiness of intrusion detection systems using competitive learning.,2024,2026-03-10 17:00:07,2026-03-10 17:00:07,,,,,,,,,,,,,,,,,,Scopus,,,,,,,,,,,,,,,,,,,,,,,,,,,,,,,,,,,,,,,,,,,,,,,,,,,,,,,,FL - TS.csv,1
E4N7MQKZ,journalArticle,2025,"Rajaram, P.; O. V, G.S.",Decentralized intelligence in SBs: Federated LSTM-powered digital twins for sustainability,Frontiers in Built Environment,,,10.3389/fbuil.2025.1696702,https://www.scopus.com/inward/record.uri?eid=2-s2.0-105025673653&doi=10.3389%2Ffbuil.2025.1696702&partnerID=40&md5=4a18c958336052b0cc0b26e313dde802,"Introduction: The rapid growth of intelligent, data-driven building automation systems presents significant challenges in terms of data privacy, scalability, and heterogeneity across distributed environments. Conventional centralized machine learning approaches require sensitive sensor data to be aggregated in a central server, which raises serious privacy concerns and limits real-time responsiveness. To overcome these issues, this study introduces a unified framework that integrates Federated Learning (FL) and Digital Twin (DT) technologies for privacy-preserving, real-time occupancy detection in smart building systems. Methods: The proposed framework employs a Long Short-Term Memory (LSTM) model to capture temporal patterns in multivariate time-series data collected from environmental sensors. Model training is conducted collaboratively across distributed client devices using the Federated Averaging (FedAvg) algorithm, ensuring that raw data never leaves local devices. A personalized fine-tuning stage is incorporated to improve model performance under non-identically distributed (non-IID) data conditions and to enhance local adaptability. The trained model is deployed within a Streamlit-based digital twin platform to enable real-time visualization of occupancy states, sensor behavior, and model predictions, including rolling forecasts, confidence estimates, and error diagnostics. Results: The integrated FL–DT framework enables accurate and privacy-preserving occupancy detection across distributed environments while maintaining scalability and adaptability. Personalized fine-tuning significantly enhances local prediction performance and robustness under heterogeneous data conditions. The digital twin interface provides continuous situational awareness through live visualization and analytics, supporting timely decision-making and system-level transparency. Discussion: The results demonstrate that combining federated temporal learning with digital twin technology effectively addresses privacy, scalability, and operational challenges in smart building systems. Beyond improving occupancy detection, the framework enables proactive energy management and interpretability through interactive system monitoring. This integrated approach contributes toward the deployment of scalable, secure, and sustainability-aware smart building infrastructures. Copyright © 2025 Rajaram and O. V.",2025,2026-03-10 17:00:07,2026-03-10 17:00:07,,,,,11,,,,,,,,,,,,,Scopus,,,,,,,,federated learning; digital twin; smart buildings; energy management; long short-term memory; sustainability,,,,,,,,,,,,,,,,,,,,,,,,,,,,,,,,,,,,,,,,,,,,,,,,FL - TS.csv,1
GZNXYH3T,journalArticle,2025,"Kranthi, M.; Debnath, S.; Venkatesan, R.",Using federated learning for detecting autism in children,Fusion: Practice and Applications,,,10.54216/FPA.190216,https://www.scopus.com/inward/record.uri?eid=2-s2.0-105001403004&doi=10.54216%2FFPA.190216&partnerID=40&md5=38535c47af6bb86849a110076f4d2838,"Identifying Autism early in children is vital for ensuring more precise developmental support and effective therapeutic interventions. Traditional diagnostic approaches are frequently delayed, and data privacy concerns limit the availability of broad, multi-institutional datasets required for effective machine learning models. To address these limitations, this study proposes a CNN-LSTM-based autism detection model for children using Federated Learning (FL). In the model, temporal and spatial information is extracted from the facial CNNs are highly adept at using convolutional filters to extract spatial features from images. LSTM networks are a specific type of Recurrent Neural Network (RNN) that is ideal for processing time-series or sequences because it can identify long-term relationships in sequential data. This architecture uses CNN layers to extract spatial information from important indications that are important for detecting ASD, like eye patterns, gestures, and facial expressions. After that, these features are sent to LSTM layers, which examine the time-dependent and sequential behavioral patterns associated with autism. Federated Learning allows the locally to train the model on its own dataset locally, sharing only model updates with a central server, thereby preserving data privacy while promoting diverse data contributions. According to experimental results using the proposed techniques, the federated CNN-LSTM model performs 4.3% better than the conventional centralized models because it has less overfitting and is more resilient to a range of data distributions. The model’s performance metrics further highlight its reliability, accuracy, precision, recall, and F1-Score values reaching 98.90%, 97.80%, 98.05%, and 98%, respectively, showing its potential for reliable ASD detection in children across diverse populations. © 2025, American Scientific Publishing Group (ASPG). All rights reserved.",2025,2026-03-10 17:00:07,2026-03-10 17:00:07,,211-223,,2,19,,,,,,,,,,,,,Scopus,,,,,,,,Federated Learning; Convolutional Neural Networks; Autism; Long Short-Term Memory; Children,,,,,,,,,,,,,,,,,,,,,,,,,,,,,,,,,,,,,,,,,,,,,,,,FL - TS.csv,1
2PYSUWRX,journalArticle,2025,"Huang, F.",Predicting the learning effectiveness of higher mathematics based on learning behaviour analysis,International Journal of Continuing Engineering Education and Life-Long Learning,,,10.1504/IJCEELL.2025.150066,https://www.scopus.com/inward/record.uri?eid=2-s2.0-105023831364&doi=10.1504%2FIJCEELL.2025.150066&partnerID=40&md5=fd82ad0a3e6264c05fbfe92faa41364a,"A prediction method of higher mathematics learning results based on learning behaviour analysis is proposed aiming at the problems of large mean square error and low PL value in the prediction of higher mathematics learning results. First of all, the data of students’ learning behaviour is mined and students’ files are constructed. Secondly, the dimensionality of learning behaviour data is reduced through the application of the time series t-SNE dimensionality reduction technique, and collaborative filtering algorithm is used to extract students’ learning behaviour characteristics. Then, the sample set of learning behaviour characteristics is constructed, and fuzzy clustering algorithm is used for clustering. Finally, the minimum loss function is established by using the random gradient descent method to predict the learning performance based on the federated learning algorithm. The experimental findings indicate that the PL value predicted by this approach consistently stays above 90%, and the model achieves a minimum mean square error (MSE) of 0.05, demonstrating high prediction accuracy and robust performance. Copyright © 2025 Inderscience Enterprises Ltd.",2025,2026-03-10 17:00:07,2026-03-10 17:00:07,,463-480,,6,35,,,,,,,,,,,,,Scopus,,,,,,,,federated learning; Federated learning; Forecasting; Clustering algorithms; Learning systems; Prediction methods; Mean square error; Learning algorithms; Clusterings; Data reduction; Gradient methods; Students; Behavior analysis; Fuzzy clustering; Learning behavior; Student learning; Learning effectiveness; Means square errors; Behavior characteristic; fuzzy clustering; learning behaviour; learning effectiveness; Mathematics learning; student profiles; Student profiles,,,,,,,,,,,,,,,,,,,,,,,,,,,,,,,,,,,,,,,,,,,,,,,,FL - TS.csv,1
C5E4B4TE,journalArticle,2026,"Jiang, H.; Chen, X.; Miao, D.; Zhang, H.; Qin, X.; Du, S.; Lu, P.",PrivTSAD-FedWGAN: A novel federated learning and WGAN framework for privacy-preserving multivariate time series anomaly detection,Expert Systems with Applications,,,10.1016/j.eswa.2025.131049,https://www.scopus.com/inward/record.uri?eid=2-s2.0-105027337327&doi=10.1016%2Fj.eswa.2025.131049&partnerID=40&md5=94853ebf019792edbc8c18fa14d48130,"The growing reliance on cloud data centers for large-scale data analysis, particularly in sensitive domains like healthcare and finance, raises critical privacy concerns when sharing raw information. Existing anomaly detection methods often overlook privacy-preserving mechanisms, leaving sensitive data vulnerable during collaborative analysis. To bridge this gap, we propose PrivTSAD-FedWGAN, an unsupervised framework combining federated learning with a gradient-penalized Wasserstein Generative Adversarial Network (WGAN-GP) for privacy-aware anomaly detection in multivariate time series. PrivTSAD-FedWGAN decentralizes model training to local clients, thus avoiding raw data exchange. The integration of WGAN-GP mitigates mode collapse and stabilizes training using Wasserstein distance and gradient penalty. We introduce a composite anomaly score, unifying reconstruction, discrimination, and prediction errors to improve detection accuracy while preserving temporal dependencies. Extensive experiments on four comprehensive datasets (PSM, SMAP, MSL, SMD) show that, under federated learning, PrivTSAD-FedWGAN achieves F1 scores of 96.49%, 81.93%, and 91.53%, outperforming the next-best methods by 9.85, 28.27, and 17.6 percentage points, respectively. Even in centralized settings, it surpasses existing methods, improving F1 scores by 3.07 (PSM) and 4.75 (MSL) percentage points and demonstrates superior performance, establishing a new state-of-the-art. These results demonstrate the framework's effectiveness in balancing privacy preservation with high detection performance, addressing the need for secure anomaly analysis in distributed environments. © 2025 Elsevier Ltd",2026,2026-03-10 17:00:07,2026-03-10 17:00:07,,,,,307,,,,,,,,,,,,,Scopus,,,,,,,,Federated learning; Data privacy; Anomaly detection; Generative adversarial networks; Cloud computing; Cloud data centers; Multivariate time series; Privacy preserving; Cloud-computing; Computer privacy; Privacy-preserving techniques; Privacy concerns; Sensitive data; F1 scores; Adversarial networks; Percentage points; Large-scale data analysis,,,,,,,,,,,,,,,,,,,,,,,,,,,,,,,,,,,,,,,,,,,,,,,,FL - TS.csv,1
IJT59QG9,journalArticle,2025,"Thamilarasu, G.; Dunham, C.",SpaceTime: A Deep Similarity Defense Against Poisoning Attacks in Federated Learning,Big Data and Cognitive Computing,,,10.3390/bdcc9120313,https://www.scopus.com/inward/record.uri?eid=2-s2.0-105025646347&doi=10.3390%2Fbdcc9120313&partnerID=40&md5=7481857467fc250cf9f9f06a5c71b87f,"Federated learning has gained popularity in recent years to enhance IoT security because the model allows decentralized devices to collaboratively learn a shared model without exchanging raw data. Despite its privacy advantages, federated learning is vulnerable to poisoning attacks, where malicious devices introduce manipulated data or model updates to corrupt the global model. These attacks can degrade the model’s performance or bias its outcomes, making it difficult to ensure the integrity of the learning process across decentralized devices. In this research, our goal is to develop a defense mechanism against poisoning attacks in federated learning models. Specifically, we develop a spacetime model, that combines the three dimensions of space and the one dimension of time into a four-dimensional manifold. Poisoning attacks have complex spatial and time relationships that present identifiable patterns in that manifold. We propose SpaceTime-Deep Similarity Defense (ST-DSD), a deep learning recurrent neural network that includes space and time perceptions to provide a defense against poisoning attacks for federated learning models. The proposed mechanism is built upon a time series regression many-to-one architecture using spacetime relationships to provide an adversarial trained deep learning poisoning defense. Simulation results show that SpaceTime defense outperforms existing solutions for poisoning defenses in IoT environments. © 2025 by the authors.",2025,2026-03-10 17:00:07,2026-03-10 17:00:07,,,,12,9,,,,,,,,,,,,,Scopus,,,,,,,,federated learning; Federated learning; Data privacy; Deep learning; Security; security; deep learning; Network security; Learning systems; Decentralised; Deep neural networks; Learn+; Shared model; Learning models; Poisoning attacks; poisoning attacks; poisoning defense; Poisoning defense; similarity defense; Similarity defense; Spacetime,,,,,,,,,,,,,,,,,,,,,,,,,,,,,,,,,,,,,,,,,,,,,,,,FL - TS.csv,1
38AMCPQF,journalArticle,2025,"dos Santos, L.E.B.; Júnior, P.R.L.; Gomes, R.D.",Federated learning middleware for smart campus solutions,Journal of Ambient Intelligence and Humanized Computing,,,10.1007/s12652-025-04978-0,https://www.scopus.com/inward/record.uri?eid=2-s2.0-105006429466&doi=10.1007%2Fs12652-025-04978-0&partnerID=40&md5=83c5e2d83ad530f9b182c654ff499854,"The rapid increase in data produced in smart environments offers substantial potential for applying machine learning to enhance decision-making and boost efficiency. Traditional machine learning methods struggle with distributed datasets and privacy issues. Federated learning presents a novel solution that allows collaborative learning while protecting privacy. This paper presents Smart Federated Middleware for Educational Institutions (SFMEI), a middleware aimed at supporting application development that uses federated learning within smart campuses. It also facilitates inter-campus collaboration for building models with privately distributed data. Experiments show the effectiveness of SFMEI in maintaining predictive performance while protecting data privacy. We used an Long Short-Term Memory (LSTM) network to forecast time series data on CO2 levels, temperature, energy use, and water consumption. SFMEI demonstrated efficacy, attaining an score comparable to that in a centralized environment. Furthermore, the study compared different federated learning aggregation algorithms, specifically FedAVG and FedSGD, with FedSGD outperforming FedAVG in most cases. © The Author(s), under exclusive licence to Springer-Verlag GmbH Germany, part of Springer Nature 2025.",2025,2026-03-10 17:00:07,2026-03-10 17:00:07,,803-815,,6-7,16,,,,,,,,,,,,,Scopus,,,,,,,,Federated learning; Privacy; Decision making; Middleware; Collaborative learning; Educational institutions; Machine-learning; Machine learning methods; Decisions makings; Smart environment; Novel solutions; Privacy issue; Smart campus,,,,,,,,,,,,,,,,,,,,,,,,,,,,,,,,,,,,,,,,,,,,,,,,FL - TS.csv,1
3H78JJNZ,journalArticle,2025,"Chen, X.; Wang, X.; Deng, Y.",Federated learning-based prediction of electric vehicle battery pack capacity using time-domain and frequency-domain feature extraction,Energy,,,10.1016/j.energy.2025.135002,https://www.scopus.com/inward/record.uri?eid=2-s2.0-85217776987&doi=10.1016%2Fj.energy.2025.135002&partnerID=40&md5=9d0cb28909d7baf3c0f626034fae3700,"The rise of big data technology presents new opportunities for unified monitoring of the health status of electric vehicle (EV) battery packs. However, privacy, security, and the complexity of real-world data pose significant challenges. To address these, we propose a novel federated learning-based approach. First, domain knowledge is leveraged to extract labeled capacity data and key features that characterize capacity degradation trends from extensive real-world EV datasets. Next, we develop a hybrid forecasting model combining Convolutional Neural Networks (CNNs) and Fourier Neural Network (FNN) to capture both time-domain and frequency-domain features of capacity degradation. The model operates within a Federated Learning (FL) framework, ensuring data privacy by enabling local training of time series models at each node and central parameter aggregation using the Federated Averaging (FedAvg) algorithm. This collaborative setup avoids direct data sharing while effectively integrating global insights. The trained model is validated using charging data from 20 EVs, demonstrating superior performance and robustness compared to baseline and sub-models. The proposed method offers a promising solution for accurate, privacy-preserving battery capacity prediction, enhancing the management of EV battery health in real-world scenarios. © 2025",2025,2026-03-10 17:00:07,2026-03-10 17:00:07,,,,,319,,,,,,,,,,,,,Scopus,,,,,,,,Federated learning; Convolutional neural networks; Electric vehicles; time series analysis; prediction; electric vehicle; Convolutional neural network; Real-world; artificial neural network; algorithm; complexity; Battery capacity; knowledge; Time frequency; performance assessment; battery; Time domain; Battery pack; Battery Pack; Domain feature; Electric vehicle batteries; Fourier neural network; Fourier neural networks; Frequency domains; health status; time domain reflectometry,,,,,,,,,,,,,,,,,,,,,,,,,,,,,,,,,,,,,,,,,,,,,,,,FL - TS.csv,1
RYVQ3VMT,journalArticle,2025,"Xie, H.",Practice of wearable devices combined with deep learning algorithms in predicting athletic injury risk,Intelligent Decision Technologies,,,10.1177/18724981251380391,https://www.scopus.com/inward/record.uri?eid=2-s2.0-105017491405&doi=10.1177%2F18724981251380391&partnerID=40&md5=521e24a76b4dd6eba23725b39a877ce9,"Aiming at the core problems of insufficient dynamic fusion of multimodal time series data and difficulty in modeling individual long-term physiological adaptability in athletic injury risk prediction. This paper hypothesizes that a framework integrating biomechanical modeling with personalized adaptive learning can significantly improve the accuracy and practicality of injury risk prediction in dynamic sports scenarios. To test this, we propose a dynamic prediction framework based on Spatio-Temporal Graph Neural Networks (ST-GNN) and Federated Learning. Wearable devices are used to synchronously collect multimodal signals, including Inertial Measurement Unit (IMU), surface Electromyography (sEMG), and Photoplethysmography (PPG), which are mapped onto a dynamic human skeleton graph. The ST-GNN extracts spatio-temporal biomechanical features, while a federated learning framework with a meta-learning strategy enables personalized model adaptation for individual athletes, solving data heterogeneity and cold-start problems. The system is optimized for edge deployment through mixed precision quantization and layer fusion. Experimental results show that biomechanical feature extraction based on dynamic graph neural network reduces the mean square error of knee angle prediction to 0.82 in 50 rounds of training; the multimodal fusion injury warning AUC (Area Under the Curve) combined with adaptive attention mechanism reaches 0.89; the ACL (Anterior Cruciate Ligament) injury warning accuracy reaches 0.83 after 100 rounds of training iterations. This study provides a complete, low-latency solution from data collection to edge decision-making, advancing the application of wearable devices in medical-grade sports health management. © The Author(s) 2025",2025,2026-03-10 17:00:07,2026-03-10 17:00:07,,4147-4164,,6,19,,,,,,,,,,,,,Scopus,,,,,,,,federated learning; Neural networks; edge computing; Deep learning; Forecasting; Graph neural networks; Edge computing; Sports; deep learning; Wearable devices; Learning systems; Wearable sensors; Wearable computers; Electromyography; Mean square error; Learning algorithms; Risk perception; Medical computing; Physiological models; Health risks; Risk assessment; Spatio-temporal graphs; Spatio-temporal graph neural network; Athletic injuries; athletic injury prevention; Athletic injury prevention; Injury prevention; spatio-Temporal graph neural network; Sports medicine; Starting; wearable sensing; Wearable sensing,,,,,,,,,,,,,,,,,,,,,,,,,,,,,,,,,,,,,,,,,,,,,,,,FL - TS.csv,1
6BZXPGCN,journalArticle,2025,"Ali, A.; Naeem, H.M.Y.; Sharafian, A.; Qiu, L.; Wu, Z.; Bai, X.",Dynamic multi-graph spatio-temporal learning for citywide traffic flow prediction in transportation systems,"Chaos, Solitons and Fractals",,,10.1016/j.chaos.2025.116898,https://www.scopus.com/inward/record.uri?eid=2-s2.0-105011507665&doi=10.1016%2Fj.chaos.2025.116898&partnerID=40&md5=031fff70f1734d70d797a253172d1fb6,"The complexity and dynamic nature of urban traffic systems necessitate efficient resource management for accurate traffic flow forecasting, enabling real-time adaptation and optimized resource allocation. Recent advancements in multi-graph spatio-temporal graph neural networks (STGNN) have demonstrated their capability to capture spatio-temporal correlations at multiple scales, significantly improving prediction accuracy. However, a persistent challenge lies in effectively aggregating neighborhood information for node representation learning, particularly in scenarios with sparse connectivity. To address this limitation, we propose an Attention-based Dynamic Multi-Graph Module (ADMGM) for traffic prediction, integrating Federated Learning (FL) within a Multi-Access Edge Computing (MEC) architecture. Our approach incorporates an Adaptive Enhancement Module (AEM) deployed at the edge, pre-trained to process high-volume, heterogeneous data from IoT devices. The ADMGM model comprises four key components: closeness, daily, weekly, and an external branch, each contributing to a comprehensive spatio-temporal representation of traffic dynamics. The AEM leverages long-term historical data at each node, capturing inter-node dependencies to generate enriched feature representations while enhancing the model ability to generalize across diverse traffic patterns. Furthermore, we introduce a clustered feature correlation graph to uncover latent relationships within long-term time series data, thereby strengthening spatio-temporal modeling. Extensive experiments on the TaxiBJ and BikeNYC datasets demonstrate that our model significantly reduces prediction errors, achieving state-of-the-art performance in traffic forecasting. © 2025 Elsevier Ltd",2025,2026-03-10 17:00:07,2026-03-10 17:00:07,,,,,199,,,,,,,,,,,,,Scopus,,,,,,,,Resource management; Internet of Things (IoT); Forecasting; Transportation; Graph neural networks; Edge computing; Resource allocation; Internet of things; Internet of thing; Graph theory; Advanced traffic management systems; Highway traffic control; Motor transportation; Street traffic control; Traffic flow prediction; Natural resources management; Spatio-temporal learning; Traffic prediction; Dynamic nature; Multi-graph; Taxicabs; Transportation system; Urban traffic system,,,,,,,,,,,,,,,,,,,,,,,,,,,,,,,,,,,,,,,,,,,,,,,,FL - TS.csv,1
9WX5F7NV,journalArticle,2024,"Richter, L.; Lenk, S.; Bretschneider, P.","Advancing Electric Load Forecasting: Leveraging Federated Learning for Distributed, Non-Stationary, and Discontinuous Time Series",Smart Cities,,,10.3390/smartcities7040082,https://www.scopus.com/inward/record.uri?eid=2-s2.0-85202479532&doi=10.3390%2Fsmartcities7040082&partnerID=40&md5=0f132919a1e4b73ac99f8ca8f0cbb993,"In line with several European directives, residents are strongly encouraged to invest in renewable power plants and flexible consumption systems, enabling them to share energy within their Renewable Energy Community at lower procurement costs. This, along with the ability for residents to switch between such communities on a daily basis, leads to dynamic portfolios, resulting in non-stationary and discontinuous electrical load time series. Given poor predictability as well as insufficient examination of such characteristics, and the critical importance of electrical load forecasting in energy management systems, we propose a novel forecasting framework using Federated Learning to leverage information from multiple distributed communities, enabling the learning of domain-invariant features. To achieve this, we initially utilize synthetic electrical load time series at district level and aggregate them to profiles of Renewable Energy Communities with dynamic portfolios. Subsequently, we develop a forecasting model that accounts for the composition of residents of a Renewable Energy Community, adapt data pre-processing in accordance with the time series process, and detail a federated learning algorithm that incorporates weight averaging and data sharing. Following the training of various experimental setups, we evaluate their effectiveness by applying different tests for white noise in the forecast error signal. The findings suggest that our proposed framework is capable of effectively forecast non-stationary as well as discontinuous time series, extract domain-invariant features, and is applicable to new, unseen data through the integration of knowledge from multiple sources. © 2024 by the authors.",2024,2026-03-10 17:00:07,2026-03-10 17:00:07,,2065-2093,,4,7,,,,,,,,,,,,,Scopus,,,,,,,,federated learning; load forecasting; dynamic portfolio; non-stationary and discontinous time series; renewable energy community,,,,,,,,,,,,,,,,,,,,,,,,,,,,,,,,,,,,,,,,,,,,,,,,FL - TS.csv,1
THHZV76D,journalArticle,2025,"Rocco di Torrepadula, F.; Fisichella, M.; Di Martino, S.; Mazzocca, N.",Fedflow: a personalized federated learning framework for passenger flow prediction,Machine Learning,,,10.1007/s10994-025-06795-0,https://www.scopus.com/inward/record.uri?eid=2-s2.0-105007683071&doi=10.1007%2Fs10994-025-06795-0&partnerID=40&md5=738807e424bfb935df5d8717c74dc701,"In the Intelligent Public Transportation Systems (IPTS) domain, predicting the number of commuters on-board, entering or leaving a metro train or a bus, i.e. the Passenger Flow (PF), is crucial for optimizing resource allocation and enhancing commuter satisfaction. In urban scenarios, the public transport system is often managed by distinct competing mobility providers. Traditional centralized machine learning models for PF prediction usually require data sharing among such competitors, leading to privacy and economic concerns. To overcome these issues, we propose exploiting Federated Learning (FL) in the PF predictions problem, as only model parameters must be shared among entities. Still, a straightforward application of FL can have some pitfalls. On one hand, it is widely recognized that FL can struggle with data heterogeneity, which is likely in the case of data acquired by distinct companies managing different public mobility services. Moreover, spatio-temporal features are not explicitly handled by classical FL. In this paper, we propose FedFlow: a personalized federated learning framework tailored for PF prediction. The proposed framework encompasses a personalized mechanism meant to refine local models based on client similarities, calculated by only leveraging publicly available domain-dependent information. The proposed framework has been experimentally validated on mobility data collected in a major Italian city, comparing FL predictions obtained by FedFlow against those obtained by LSTM models trained on local data, centralized data, FedAvg, and PerFedAvg. Results show that FedFlow outperforms all the considered adversary techniques. This work demonstrates that our proposal of personalized FL is effective in predicting PF while ensuring data privacy. © The Author(s) 2025.",2025,2026-03-10 17:00:07,2026-03-10 17:00:07,,,,7,114,,,,,,,,,,,,,Scopus,,,,,,,,Federated learning; Supervised learning; Traffic control; Time series prediction; Navigation; Intelligent transportation systems; Centralised; Learning frameworks; Resources allocation; Urban transportation; Railroad transportation; Bus transportation; Intelligent public transportation system; Intermodal transportation; Metro train; Passenger flow predictions; Passenger flows; System domain; Timeseries prediction,,,,,,,,,,,,,,,,,,,,,,,,,,,,,,,,,,,,,,,,,,,,,,,,FL - TS.csv,1
ZV5D4Z2W,journalArticle,2025,"Yoon, H.; Chon, K.-W.; Kim, M.-S.",A federated learning framework for arbitrary spatio-temporal graph neural networks,Engineering Applications of Artificial Intelligence,,,10.1016/j.engappai.2025.112801,https://www.scopus.com/inward/record.uri?eid=2-s2.0-105022179627&doi=10.1016%2Fj.engappai.2025.112801&partnerID=40&md5=ce9c45f0d14b7f9b234f94996fda0278,"The proliferation of mobile and Internet of Things (IoT) devices has resulted in a surge of time-series sensor data, posing significant challenges for centralized data collection and processing. This challenge has driven the adoption of edge computing, which offloads data processing to mid-level servers located at the edge of the Internet, thereby reducing computation and bandwidth demands. Federated learning has emerged as a promising method for training models in edge-computing environments. Recently, spatio-temporal graph neural networks (STGNNs) have shown impressive performance in time-series prediction, yet their application in edge computing is limited by the complexity of adapting them to distributed environments. To address this gap, we propose FedSTGNN (Federated Spatio-Temporal Graph Neural Network), a universal framework that converts existing centralized STGNN models into a federated learning version. We formulate the common STGNN training process using matrix operations, employ graph-based imputation methods to handle missing sensor values at edge servers, and facilitate the transition from centralized to federated STGNNs. Our comprehensive evaluations demonstrate that FedSTGNN not only preserves the prediction accuracy of the original STGNN models but is also significantly more network-efficient than the competing model. Furthermore, the framework proves its robustness in challenging real-world scenarios, including sparse graphs, long-term forecasting, and dynamic server participation. Our work presents a practical, robust, and universal solution for deploying STGNNs into various edge computing applications. © 2025 The Authors.",2025,2026-03-10 17:00:08,2026-03-10 17:00:08,,,,,162,,,,,,,,,,,,,Scopus,,,,,,,,Federated learning; Forecasting; Graph neural networks; Edge computing; Internet of things; Learning systems; Spatio-temporal data; Time series; Machine-learning; Data handling; Learning frameworks; Spatio-temporal graphs; Spatio-temporal graph neural network; Traffic data; Arbitrary models; Machine learning framework for arbitrary model; Machine learning framework for arbitrary models; Vehicle traffic; Vehicle traffic data; Weather data,,,,,,,,,,,,,,,,,,,,,,,,,,,,,,,,,,,,,,,,,,,,,,,,FL - TS.csv,1
L68MMEB3,journalArticle,2024,"Mohammadi, N.; Rezakhani, A.; Seydjavadi, S.H.H.; Asghari, P.",FLHB-AC: Federated Learning History-Based Access Control Using Deep Neural Networks in Healthcare System,Journal of Information Systems and Telecommunication,,,10.61186/jist.44500.12.46.90,https://www.scopus.com/inward/record.uri?eid=2-s2.0-85203161885&doi=10.61186%2Fjist.44500.12.46.90&partnerID=40&md5=fe282fe31ace3165c6982e0091875f53,"Giving access permission based on histories of access is now one of the security needs in healthcare systems. However, current access control systems are unable to review all access histories online to provide access permission. As a result, this study first proposes a method to perform access control in healthcare systems in real time based on access histories and the decision of the suggested intelligent module. The data is used to train the intelligent module using the LSTM time series machine learning model. Medical data, on the other hand, cannot be obtained from separate systems and trained using different machine-learning models due to the sensitivity and privacy of medical records. As a result, the suggested solution employs the federated learning architecture, which remotely performs machine learning algorithms on healthcare systems and aggregates the knowledge gathered in the servers in the second phase. Based on the experiences of all healthcare systems, the servers communicate the learning aggregation back to the systems to control access to resources. The experimental results reveal that the accuracy of history-based access control in local healthcare systems before the application of the suggested method is lower than the accuracy of the access control in these systems after aggregating training with federated learning architecture. © (2023), (Iranian Academic Center for Education). All Rights Reserved.",2024,2026-03-10 17:00:08,2026-03-10 17:00:08,,90-104,,2,12,,,,,,,,,,,,,Scopus,,,,,,,,Federated Learning; Deep Recurrent Networks; Healthcare System; History-Based Access Control; Intelligent Module,,,,,,,,,,,,,,,,,,,,,,,,,,,,,,,,,,,,,,,,,,,,,,,,FL - TS.csv; Literature Rewies.csv,2
ZGYMIMH7,journalArticle,2026,"Haseeb, A.; Cleland, I.; Nugent, C.; McLaughlin, J.",Efficient and Personalized Federated Learning for Human Activity Recognition on Resource-Constrained Devices,Applied Sciences (Switzerland),,,10.3390/app16020700,https://www.scopus.com/inward/record.uri?eid=2-s2.0-105028766617&doi=10.3390%2Fapp16020700&partnerID=40&md5=ebe2520a5546927c53838d0613624559,"Human Activity Recognition (HAR) using wearable sensors enables impactful applications in healthcare, fitness, and smart environments, but it also faces challenges related to data privacy, non-independent and identically distributed (non-IID) data, and limited computational resources on edge devices. This study proposes an efficient and personalized federated learning (PFL) framework for HAR that integrates federated training with model compression and per-client fine-tuning to address these challenges and support deployment on resource-constrained devices (RCDs). A convolutional neural network (CNN) is trained across multiple clients using FedAvg, followed by magnitude-based pruning and float16 quantization to reduce model size. While personalization and compression have previously been studied independently, their combined application for HAR remains underexplored in federated settings. Experimental results show that the global FedAvg model experiences performance degradation under non-IID conditions, which is further amplified after pruning, whereas per-client personalization substantially improves performance by adapting the model to individual user patterns. To ensure realistic evaluation, experiments are conducted using both random and temporal data splits, with the latter mitigating temporal leakage in time-series data. Personalization consistently improves performance under both settings, while quantization reduces the model footprint by approximately 50%, enabling deployment on wearable and IoT devices. Statistical analysis using paired significance tests confirms the robustness of the observed performance gains. Overall, this work demonstrates that combining lightweight model compression with personalization providing an effective and practical solution for federated HAR, balancing accuracy, efficiency, and deployment feasibility in real-world scenarios. © 2026 by the authors.",2026,2026-03-10 17:00:08,2026-03-10 17:00:08,,,,2,16,,,,,,,,,,,,,Scopus,,,,,,,,federated learning; Federated learning; Data privacy; Neural networks; machine learning; Human activity recognition; Pattern recognition; Wearable sensors; human activity recognition; personalization; Model compression; model compression; pruning; personalized federated learning; non-IID data; Distributed data; human; convolutional neural network; Article; training; Personalizations; motivation; recognition; Quantisation; data processing; fitness; Healthcare environments; Improve performance; jogging; Non-independent and identically distributed data; post hoc analysis; Pruning; quantization; resource constrained devices; Resourceconstrained devices; walking,,,,,,,,,,,,,,,,,,,,,,,,,,,,,,,,,,,,,,,,,,,,,,,,FL - TS.csv,1
I5IR9VJK,journalArticle,2025,"Mohammed, M.A.; Abd Ghani, M.K.; Al-Mashhadani, I.B.; Memon, S.; Lakhan, A.; Marhoon, H.A.; Albahar, M.A.",Blockchain-Integrated Edge-Cloud-Enabled Healthcare Data Analytics Based on Distributed Federated Learning and Deep Neural Networks,Mesopotamian Journal of CyberSecurity,,,10.58496//MJCS/2025/060,https://www.scopus.com/inward/record.uri?eid=2-s2.0-105020041979&doi=10.58496%2F%2FMJCS%2F2025%2F060&partnerID=40&md5=d3231332caa4913766e17d646c6f3d6d,"The exponential growth of healthcare Internet of Things (IoT) data necessitates secure, low-latency analytics that extend beyond centralized architectures. This paper presents BDAFL DNN, a blockchain-integrated data analytics framework that combines Federated Learning (FL) and Deep Neural Networks (DNNs) for real-time, privacy-preserving healthcare analytics across edge and cloud resources. Local devices such as smartwatches and phones collect noninvasive time series sensor streams (heart rate, temperature, and abdomen sensors), perform on device DNN training, and send only model updates to healthcare edge nodes, where a blockchain ledger validates updates for integrity and traceability; validated updates are then aggregated in the cloud via FL to produce a global model without sharing raw data. In a simulation study against representative baselines, BDAFL DNN reduced execution time, energy use, and resource consumption, lowered the deadline miss ratio, and improved blockchain validation correctness. These results show that integrating blockchain with FL-driven edge and cloud DNN analytics can deliver scalable, secure, and timely insights for future healthcare IoT systems. © 2025, Mesopotamian Academic Press. All rights reserved.",2025,2026-03-10 17:00:08,2026-03-10 17:00:08,,1122-1140,,3,5,,,,,,,,,,,,,Scopus,,,,,,,,Federated Learning; Blockchain; Deep Neural Networks; Edge-Cloud; Healthcare Data Analytics,,,,,,,,,,,,,,,,,,,,,,,,,,,,,,,,,,,,,,,,,,,,,,,,FL - TS.csv,1
BX865VPV,journalArticle,2025,"Sarkar, S.; Agrawal, S.; Chowdhuri, A.; Ramani, S.",Progressive search personalization and privacy protection using federated learning,Expert Systems,,,10.1111/exsy.13318,https://www.scopus.com/inward/record.uri?eid=2-s2.0-85153525705&doi=10.1111%2Fexsy.13318&partnerID=40&md5=f62de5f2f922d874b016a4d2a1c91407,"Personalized search comes under recommendation systems which provide more user-focused query results. Applications such as movie recommendations, document recommendations, and so forth are using machine learning algorithms to suggest user-tailored content. These algorithms train on historical user query data and predict documents based on user preferences. The existing methodologies on personalization have shown two main limitations: privacy concerns over the usage of personal data and a lack of efficient personalizing strategies for better accuracy and overall standardization. In this paper, we propose a novel federated learning (FL) algorithm for personalized search results using temporal characteristics of the user query data. Individual user query data is used for developing specific client models while the aggregate of such models is developed for general search suggestions. The introduction of time-series interpretation of queries provides for larger training data as well as a better understanding of a user's current needs and intent. The proposed algorithm is validated using the AOL4PS dataset and is evaluated on the efficiency of personalization, and the amount of data and time required to achieve the results. Its performance is compared with existing state-of-the-art personalization algorithms that utilize deep learning and FL. Mean reciprocal rank (MRR) is the primary metric for measuring the algorithm's performance. After training for 35 federated rounds, the server model yielded an MRR score of 0.8638 while the client models were able to yield an average MRR score of 0.9308. © 2023 John Wiley & Sons Ltd.",2025,2026-03-10 17:00:08,2026-03-10 17:00:08,,,,1,42,,,,,,,,,,,,,Scopus,,,,,,,,federated learning; Federated learning; Data privacy; Recurrent neural networks; Data mining; Learning systems; Search engines; data mining; recommendation systems; Recommender systems; Learning algorithms; Privacy protection; Client models; Network coding; Personalizations; recurrent neural networks; Personalized search; Mean reciprocal ranks; personalized search; Query datum; Rank scores; Universal sentence encoder; Universal Sentence Encoder; User query,,,,,,,,,,,,,,,,,,,,,,,,,,,,,,,,,,,,,,,,,,,,,,,,FL - TS.csv,1
XB99NEPM,journalArticle,2025,"Zambudio Martínez, M.; Marin-Perez, R.; Skarmeta Gomez, A.F.",Development of an In-Vehicle Intrusion Detection Model Integrating Federated Learning and LSTM Networks,Information (Switzerland),,,10.3390/info16040292,https://www.scopus.com/inward/record.uri?eid=2-s2.0-105003535827&doi=10.3390%2Finfo16040292&partnerID=40&md5=efb0e2a58df46836c79cc42ec14e8b7b,"Introduction: Ensuring vehicular cybersecurity is a critical challenge due to the increasing connectivity of modern vehicles, and traditional centralised learning approaches for intrusion detection pose significant privacy risks, as they require sensitive data to be shared from multiple vehicles to a central server. Objective: The aim of this study is therefore to develop an in-vehicle intrusion detection system (IVIDS) that integrates federated learning (FL) with neural networks, enabling decentralised and privacy-preserving detection of cyberattacks in vehicular networks. The proposed system extends previous research by detecting a broader range of attacks (eight types) and exploring different deep learning architectures. Methods: This study employs an extended version of the publicly available VeReMi dataset to train and evaluate multiple neural network architectures, including Multilayer Perceptrons (MLPs), Gated Recurrent Units (GRUs), and Long Short-Term Memory (LSTM) networks. Federated learning is utilised to enable collaborative model training across multiple vehicles without sharing raw data. Various data preprocessing techniques and differential privacy mechanisms are also explored. Results and Conclusions: The experimental results demonstrate that LSTM networks outperform both MLP and GRU architectures in classifying vehicular cyberattacks. The best LSTM model, trained with two previous message lags and standard normalisation, achieved a classification accuracy of 96.75% in detecting eight types of attacks, surpassing previous studies, and demonstrating the potential of applying neural networks designed to work with time series data. © 2025 by the authors.",2025,2026-03-10 17:00:08,2026-03-10 17:00:08,,,,4,16,,,,,,,,,,,,,Scopus,,,,,,,,federated learning; Data privacy; intrusion detection; Long short-term memory; Multilayers perceptrons; Short term memory; Neural-networks; Deep neural networks; Intrusion-Detection; Cyber-attacks; Multilayer neural networks; Intrusion Detection Systems; Long short-term memory network; Memory network; In-vehicle intrusion detection system; IVIDS; LSTM networks; Veremi dataset; VeReMi dataset,,,,,,,,,,,,,,,,,,,,,,,,,,,,,,,,,,,,,,,,,,,,,,,,FL - TS.csv,1
FT9VBF39,journalArticle,2024,"Michalakopoulos, V.; Sarantinopoulos, E.; Sarmas, E.; Marinakis, V.",Empowering federated learning techniques for privacy-preserving PV forecasting,Energy Reports,,,10.1016/j.egyr.2024.08.033,https://www.scopus.com/inward/record.uri?eid=2-s2.0-85201611580&doi=10.1016%2Fj.egyr.2024.08.033&partnerID=40&md5=78e0b23de8a36817156e19ac114c4181,"Machine learning techniques hold significant potential in providing precise forecasts for residential photovoltaic (PV) time series production. This advancement, however, introduces a critical concern: the need to prioritize and uphold privacy when dealing with sensitive personal data within these machine learning models. Preserving the confidentiality of individual information becomes crucial, and the challenge is amplified by the substantial size of the datasets making the process more intricate. This paper explores privacy-preserving federated learning models in the context of big data-driven residential PV production. By leveraging FL techniques, we propose a framework that enables collaborative model training across decentralized prosumer energy data without compromising sensitive information. Prior to the federated approach, an extensive hyperparameter tuning procedure is executed individually for each Long Short-Term Memory (LSTM) model trained on distinct household data. Afterward, a range of clustering algorithms utilizes the models hyperparameters as the input space, each representing the respective prosumer and they undergo evaluation leveraging well-established indexes as metrics. This method not only optimizes the individual LSTM models but also upholds privacy by ensuring that sensitive data remains decentralized throughout the process. The proposed solution aggregates the weights of locally trained LSTMs using the FedAvg algorithm, whilst integrating the differential privacy aggregator. Our solution underwent experimentation involving thirty energy prosumers, utilizing nearly four years worth of data. Various scenarios were chosen, encompassing both local learning and centralized learning methods. © 2024",2024,2026-03-10 17:00:08,2026-03-10 17:00:08,,2244-2256,,,12,,,,,,,,,,,,,Scopus,,,,,,,,Federated learning; Differential privacy; Contrastive Learning; Adversarial machine learning; PV forecasting; Privacy preserving; Differential privacies; Hyper-parameter; Clusterings; Prosumer; Photovoltaics; Hyperparameter clustering; Photovoltaic forecasting; Residential photovoltaic; Residential prosumer; Residential prosumers,,,,,,,,,,,,,,,,,,,,,,,,,,,,,,,,,,,,,,,,,,,,,,,,FL - TS.csv,1
