Key,Item Type,Publication Year,Author,Title,Publication Title,ISBN,ISSN,DOI,Url,Abstract Note,Date,Date Added,Date Modified,Access Date,Pages,Num Pages,Issue,Volume,Number Of Volumes,Journal Abbreviation,Short Title,Series,Series Number,Series Text,Series Title,Publisher,Place,Language,Rights,Type,Archive,Archive Location,Library Catalog,Call Number,Extra,Notes,File Attachments,Link Attachments,Manual Tags,Automatic Tags,Editor,Series Editor,Translator,Contributor,Attorney Agent,Book Author,Cast Member,Commenter,Composer,Cosponsor,Counsel,Interviewer,Producer,Recipient,Reviewed Author,Scriptwriter,Words By,Guest,Number,Edition,Running Time,Scale,Medium,Artwork Size,Filing Date,Application Number,Assignee,Issuing Authority,Country,Meeting Name,Conference Name,Court,References,Reporter,Legal Status,Priority Numbers,Programming Language,Version,System,Code,Code Number,Section,Session,Committee,History,Legislative Body,__source_files__,__source_count__
E6KI2FVK,conferencePaper,2025,F. Yue; R. Qiu; J. Li; G. Li,Privacy-Preserving Federated Learning Framework for Disease Progression Prediction via Temporal-Aware Large Language Modeling,2025 International Conference on Sensor-Cloud and Edge Computing System (SCECS),,,10.1109/SCECS65243.2025.11065627,,"This study presents a novel federated learning approach for disease prediction by integrating the Chronos temporal large language model. The system addresses two critical challenges in public health management: data privacy protection and complex spatiotemporal modeling. Through a hierarchical federated architecture, the model enables collaborative learning across medical institutions without sharing raw data, ensuring compliance with privacy regulations such as GDPR. The Chronos model’s innovative temporal discretization and dual-stream attention mechanism effectively capture disease transmission patterns across different regions and time scales. Experimental results demonstrate that our system achieves a 21.4% improvement in prediction accuracy compared to traditional methods, while maintaining robust privacy protection with a reconstruction accuracy below 12.4% under various attack scenarios. The model’s practical value is validated through successful deployment in vaccine distribution optimization, achieving a 12.6% increase in coverage rate and reducing high-risk community response time by 3.2±0.8 days. This research provides a reliable technical foundation for public health decision-making while ensuring data security and privacy protection.",2025-04-18,2026-03-10 15:12:34,2026-03-10 15:12:34,,414-417,,,,,,,,,,,,,,,,,,,,Journal Abbreviation: 2025 International Conference on Sensor-Cloud and Edge Computing System (SCECS),,,,Federated learning; Data models; Data privacy; Federated Learning; Accuracy; Predictive models; Privacy; Large language models; Large Language Models; Protection; Diseases; Public healthcare; Disease Prediction; Privacy Protection; Public Health,,,,,,,,,,,,,,,,,,,,,,,,,,,,,,,,2025 International Conference on Sensor-Cloud and Edge Computing System (SCECS),,,,,,,,,,,,,,,,FL - TS.csv,1
JRULALHD,journalArticle,2023,B. Zhao; H. Xing; X. Wang; Z. Xiao; L. Xu,Classification-Oriented Distributed Semantic Communication for Multivariate Time Series,IEEE Signal Processing Letters,,1558-2361,10.1109/LSP.2023.3265330,https://www.scopus.com/inward/record.uri?eid=2-s2.0-85153399471&doi=10.1109%2FLSP.2023.3265330&partnerID=40&md5=8916381ab4a37b718d01cab0f9f73482,"We present a many-to-one distributed semantic communication system for multivariate time series classification. The system adopts a federated learning-based architecture to achieve low-redundancy collaborative inference, where an unsupervised auxiliary task is designed to coordinate the feature vectors at different dimensions between semantic encoders and the classifier. For each transmitter, we design a scale-adaptive semantic encoder by applying weighted sum to a number of predefined convolutional layers. The scale-adaptive semantic encoder can extract multi-scale features from time series following various distributions. A dynamic channel encoder is developed to adapt to the scale-adaptive semantic encoder, converting semantic features to complex symbols appropriate for wireless transmission. For the receiver, we apply the same scale-adaptive structure to the semantic decoder to extract multi-scale semantic features from all transmitters for accurate classification. Simulation results show that the proposed distributed semantic communication system outperforms two baseline systems under AWGN, Rician, and Rayleigh channels and achieves excellent Top-1 accuracy performance on three UEA2018 datasets, especially when the signal-to-noise ratio is low.",2023,2026-03-10 15:12:34,2026-03-10 17:08:32,,369-373,,,30,,IEEE Signal Processing Letters,,,,,,,,,,,Scopus,,,,,,,,federated learning; Federated learning; Collaboration; Feature extraction; Time series analysis; Deep learning; Task analysis; Semantics; Convolution; Time-series analysis; Signal to noise ratio; Semantic communication; Symbols; Auxiliary transmitters; scale-adaptive convolution; Features extraction; Signal encoding; Communications systems; Job analysis; Auxiliary transmitter; Channel coding; Scale-adaptive convolution; Symbol; Transmitters,,,,,,,,,,,,,,,,,,,,,,,,,,,,,,,,,,,,,,,,,,,,,,,,FL - TS.csv,1
96HUTTQE,conferencePaper,2025,Y. K. Telila; D. Senevirathne; D. Tissera; A. Narayan; M. A. M. Capretz; K. Grolinger,Federated Learning for Anomaly Detection in Energy Consumption Data: Assessing the Vulnerability to Adversarial Attacks,2025 IEEE Conference on Technologies for Sustainability (SusTech),2640-6810,,10.1109/SusTech63138.2025.11025610,https://www.scopus.com/inward/record.uri?eid=2-s2.0-105013071530&doi=10.1109%2FSusTech63138.2025.11025610&partnerID=40&md5=bcef5ec05dd1e5558f5e037b9f1bf858,"Anomaly detection is crucial in the energy sector to identify irregular patterns indicating equipment failures, energy theft, or other issues. Machine learning techniques for anomaly detection have achieved great success, but are typically centralized, involving sharing local data with a central server which raises privacy and security concerns. Federated Learning (FL) has been gaining popularity as it enables distributed learning without sharing local data. However, FL depends on neural networks, which are vulnerable to adversarial attacks that manipulate data, leading models to make erroneous predictions. While adversarial attacks have been explored in the image domain, they remain largely unexplored in time series problems, especially in the energy domain. Moreover, the effect of adversarial attacks in the FL setting is also mostly unknown. This paper assesses the vulnerability of FL-based anomaly detection in energy data to adversarial attacks. Specifically, two state-of-the-art models, Long Short Term Memory (LSTM) and Transformers, are used to detect anomalies in an FL setting, and two white-box attack methods, Fast Gradient Sign Method (FGSM) and Projected Gradient Descent (PGD), are employed to perturb the data. The results show that FL is more sensitive to PGD attacks than to FGSM attacks, attributed to PGD’s iterative nature, resulting in an accuracy drop of over 10% even with naive, weaker attacks. Moreover, FL is more affected by these attacks than centralized learning, highlighting the need for defense mechanisms in FL.",2025-04-20,2026-03-10 15:12:34,2026-03-10 17:08:32,,1-8,,2025,,,,,,,,,,,,,,Scopus,,,,Journal Abbreviation: 2025 IEEE Conference on Technologies for Sustainability (SusTech),,,,Federated learning; Training; Data models; Federated Learning; Sustainable development; Anomaly detection; Time series analysis; Anomaly Detection; Long short term memory; Energy consumption; Transformers; Time Series Classification; Pattern recognition; Adversarial Attacks; Iterative methods; Network security; Learning systems; Time series; Energy Consumption; Adversarial machine learning; Centralised; Long short-term memory; Learning algorithms; Learning settings; Equipment failures; Gradient methods; Local data; Time series classifications; Energy-consumption; Energy sector; Gradient-descent; Projected gradient,,,,,,,,,,,,,,,,,,,,,,,,,,,,,,,,2025 IEEE Conference on Technologies for Sustainability (SusTech),,,,,,,,,,,,,,,,FL - TS.csv,1
46XCEGM2,conferencePaper,2021,Q. Zhang; P. Palacharla; M. Sekiya; J. Suga; T. Katagiri,Blockchain-based Secure Aggregation for Federated Learning with a Traffic Prediction Use Case,2021 IEEE 7th International Conference on Network Softwarization (NetSoft),2693-9789,,10.1109/NetSoft51509.2021.9492652,https://www.scopus.com/inward/record.uri?eid=2-s2.0-85112044650&doi=10.1109%2FNetSoft51509.2021.9492652&partnerID=40&md5=7c5e438eb79c2da6814d4b7938f36dbe,"Federated learning is a distributed machine learning approach that can be applied to many networking applications. In this paper, we propose a novel blockchain-based secure aggregation protocol for federated learning, which simplifies the existing secure aggregation process by leveraging consensus through blockchain. We demonstrate the prototype by training a general LSTM model for traffic prediction at cell sites based on distributed time series datasets.",2021-07-28,2026-03-10 15:12:34,2026-03-10 17:08:32,,372-374,,,,,,,,,,,,,,,,Scopus,,,,Journal Abbreviation: 2021 IEEE 7th International Conference on Network Softwarization (NetSoft),,,,Training; Predictive models; Time series analysis; Blockchain; Machine learning; Prototypes; Protocols; Conferences; Traffic control; Base stations; Long short-term memory; Distributed machine learning; Traffic prediction; Distributed time series; Secure aggregations; Networking applications,,,,,,,,,,,,,,,,,,,,,,,,,,,,,,,,2021 IEEE 7th International Conference on Network Softwarization (NetSoft),,,,,,,,,,,,,,,,FL - TS.csv,1
VUVBGKY7,conferencePaper,2021,Z. Zhu; L. Sun,Federated Trace: A Node Selection Method for More Efficient Federated Learning,2021 IEEE International Conference on Image Processing (ICIP),2381-8549,,10.1109/ICIP42928.2021.9506725,https://www.scopus.com/inward/record.uri?eid=2-s2.0-85125561927&doi=10.1109%2FICIP42928.2021.9506725&partnerID=40&md5=33f37ed31a49847a624da9ea5ae0b576,"Federated Learning (FL) is a learning paradigm, which allows the model to directly use a large amount of data in edge devices for training without heavy communication costs and privacy leakage. An important problem that FL faced is the heterogeneity of data at different edge nodes, resulting in a lack of convergence efficiency. In this paper, we propose Federated Trace (FedTrace) to address this problem. In FedTrace, we define the time series of some performance metrics of the global model on the edge node as the training trace of this node, which can reflect the data distribution of the edge node. By clustering the training traces, we can know which nodes have similar data distribution, which can guide the selection of nodes in each round of training. Here, we use a simple but effective method, that is, randomly selecting nodes from each cluster evenly. Experiments on various settings demonstrate that our method significantly reduces the number of communication rounds required in FL.",2021-09-19,2026-03-10 15:12:34,2026-03-10 17:08:32,,1234-1238,,,2021-September,,,,,,,,,,,,,Scopus,,,,Journal Abbreviation: 2021 IEEE International Conference on Image Processing (ICIP),,,,Federated learning; Training; Data privacy; Federated Learning; Time series analysis; Measurement; Conferences; Clustering algorithms; Learning systems; Image processing; Clustering; Communication rounds; Trace; Data distribution; Clusterings; Learning paradigms; Edge nodes; Large amounts of data; Node selection; Selection methods,,,,,,,,,,,,,,,,,,,,,,,,,,,,,,,,2021 IEEE International Conference on Image Processing (ICIP),,,,,,,,,,,,,,,,FL - TS.csv,1
ZR4NG8SZ,conferencePaper,2025,S. R. Kabir; M. K. Hasan; S. Abdullah; T. Pavleska; R. A. Abdulkadir; S. K. Bajaj,Optimization of Energy Forecasting Anomalies Using LSTM Based Time Series Analysis and Secure Federated Learning,2025 International Conference on Electrical Engineering and Informatics (ICEEI),2155-6830,,10.1109/ICEEI68459.2025.11330753,,"The global energy sector is prioritizing the development of AMI (Advanced-Metering Infrastructure) to enhance the smart grid sustainability, where energy load forecasting anomalies remain a critical challenge. Existing machine learning-based load forecasting models exhibit anomalies, such as underestimation and overestimation of energy demand, which contribute to errors in AI (Artificial Intelligence) hallucination (inaccurate generative forecasting). Moreover, cyber threat anomalies can emerge in federated learning and smart meter node-based load forecasting processes, including risks, such as information leakage and data breaches caused by cyber-attack. To overcome these challenges, this paper proposes a generative load forecasting approach by combining time-series comparative analysis with LSTM (Long-Short-Term-Memory) neural networks. The load forecasting program computes generative load forecasts at each smart meter node, which are encrypted using AES (Advanced-Encryption-Standard) cryptography. The encrypted data is aggregated into AMI server and a total load forecast for a substation-grid node is generated through federated learning aggregation method. In the proposed Secure-LSTM-FedAggSum process, the smart-meter energy data used that was provided by the UK's “Low Carbon-London” project. The comparative analysis shows that the proposed model outperforms other approaches in mitigating load-forecasting anomalies and delivers more reliable, risk-free forecasting.",2025-11-13,2026-03-10 15:12:34,2026-03-10 15:12:34,,1-6,,,,,,,,,,,,,,,,,,,,Journal Abbreviation: 2025 International Conference on Electrical Engineering and Informatics (ICEEI),,,,Artificial intelligence; Federated learning; Federated Learning; Predictive models; Load modeling; Long short term memory; Artificial Intelligence; Smart grids; Forecasting; Reliability; Cryptography; Load forecasting; Load Forecasting; Smart Grid; Smart meters; Advanced Metering Infrastructure; Green Computing,,,,,,,,,,,,,,,,,,,,,,,,,,,,,,,,2025 International Conference on Electrical Engineering and Informatics (ICEEI),,,,,,,,,,,,,,,,FL - TS.csv,1
HESJWH3U,journalArticle,2026,Y. Dai; R. Tan,A Continuous-Time On-Device Federated Learning Network,IEEE Transactions on Networking,,2998-4157,10.1109/TON.2026.3650762,https://www.scopus.com/inward/record.uri?eid=2-s2.0-105028029757&doi=10.1109%2FTON.2026.3650762&partnerID=40&md5=f460c93a7b4cf625b0b7cb443afbd1e1,"Time series is an important form of data generated by Internet-of-Things (IoT) devices. Closed-form continuous-time (CFC) neural networks offer superior expressivity for modeling time series data compared with recurrent neural networks. Additionally, their lower training and inference overhead make them well-suited for deployment on microcontroller-based IoT devices. This paper introduces FedCFC, an on-device federated learning network that operates based on the CFC models distributed across IoT devices. FedCFC incorporates a novel and communication-efficient aggregation strategy designed to mitigate the effects of class distribution imbalances across the participating IoT devices’ training data. The strategy is designed based on a new property of CFC identified in this paper, i.e., the insensitivity of a sub-model of CFC with respect to training data’s class distribution shift. Extensive evaluation with multiple time series datasets demonstrates that FedCFC attains comparable or superior accuracy while achieving a  $7.6\times $  to  $11\times $  reduction in communication overhead compared with recent federated learning approaches designed to address the class distribution skew problem. Furthermore, deployments of FedCFC on four IoT platforms highlight its suitability for resource-constrained devices with as little as 256 kB of memory or even less.",2026,2026-03-10 15:12:34,2026-03-10 17:08:33,,2791-2804,,,34,,IEEE Transactions on Networking,,,,,,,,,,,Scopus,,,,,,,,Artificial intelligence; federated learning; Federated learning; Training; Data models; Internet of Things; IoT; Training data; Distributed databases; Time series analysis; Computational modeling; Neurons; Internet of things; Random access memory; Learning systems; Time series; Biological neural networks; Continuous-time neural network; on-device machine learning; Machine-learning; Times series; Continuous time systems; Class distributions; Learning network; Closed form; Continous time; Continuous-time neural networks; Modelling time; On-device machine learning,,,,,,,,,,,,,,,,,,,,,,,,,,,,,,,,,,,,,,,,,,,,,,,,FL - TS.csv,1
GUUAPNZZ,journalArticle,2025,E. Gabrielli; D. Belli; Z. Matrullo; V. Miori; G. Tolomei,Securing Federated Learning Against Extreme Model Poisoning Attacks via Multidimensional Time Series Anomaly Detection on Local Updates,IEEE Transactions on Information Forensics and Security,,1556-6021,10.1109/TIFS.2025.3608671,https://www.scopus.com/inward/record.uri?eid=2-s2.0-105016827688&doi=10.1109%2FTIFS.2025.3608671&partnerID=40&md5=81147c3aed06d3ae1fcfc0c537c7a1f1,"Current defense mechanisms against model poisoning attacks in federated learning (FL) systems have proven effective up to a certain threshold of malicious clients (e.g., 25% to 50%). In this work, we introduce FLANDERS, a novel pre-aggregation filter for FL that is resilient to large-scale model poisoning attacks, i.e., when malicious clients far exceed legitimate participants. FLANDERS treats the sequence of local models sent by clients in each FL round as a matrix-valued time series. Then, it identifies malicious client updates as outliers in this time series by comparing actual observations with estimates generated by a matrix autoregressive forecasting model maintained by the server. Experiments conducted in several non-iid FL setups show that FLANDERS significantly improves robustness across a wide spectrum of attacks when paired with standard and robust aggregation methods.",2025,2026-03-10 15:12:35,2026-03-10 17:08:33,,9610-9624,,,20,,IEEE Transactions on Information Forensics and Security,,,,,,,,,,,Scopus,,,,,,,,Federated learning; Training; Data models; Predictive models; Servers; Standards; Anomaly detection; Robustness; Time series analysis; anomaly detection; Computational modeling; Deep learning; Security; security; deep learning; Network security; Learning systems; Time series; model poisoning attacks; robustness; Times series; Matrix algebra; Agglomeration; 'current; Robustness (control systems); Defence mechanisms; Model poisoning attack; Multidimensional time series; Poisoning attacks,,,,,,,,,,,,,,,,,,,,,,,,,,,,,,,,,,,,,,,,,,,,,,,,FL - TS.csv,1
K23EFCJZ,conferencePaper,2022,Z. Shen; Q. Wu; J. Qian; C. Gu; F. Sun; J. Tan,Federated Learning for Long-term Forecasting of Electricity Consumption towards a Carbon-neutral Future,2022 7th International Conference on Intelligent Computing and Signal Processing (ICSP),,,10.1109/ICSP54964.2022.9778813,https://www.scopus.com/inward/record.uri?eid=2-s2.0-85131821996&doi=10.1109%2FICSP54964.2022.9778813&partnerID=40&md5=8cd4c0f9c0fcf7a6c5881f6d5b281699,"In this paper, we propose an approach for long-term forecasting of electricity consumption based on federated learning. Basically, federated training was conducted on electricity consumption forecast models of several regions simultaneously, which can not only enrich training samples but also improve the generalization ability of the forecast model. More specifically, long short-term memory neural network (LSTM) is adopted as the local model for federated learning, in which carbon emission is one of the input features, so that the electricity consumption forecast results are more consistent with the carbon-neutral development path. In this study, we forecast electricity consumption of a certain area in China from 2022 to 2035, and experiment results verify the effectiveness of the proposed method compared with traditional time series method.",2022-04-15,2026-03-10 15:12:35,2026-03-10 17:08:34,,789-793,,,,,,,,,,,,,,,,Scopus,,,,Journal Abbreviation: 2022 7th International Conference on Intelligent Computing and Signal Processing (ICSP),,,,federated learning; Federated learning; Training; Predictive models; Neural networks; Time series analysis; Signal processing; Forecasting; Memory management; Carbon dioxide; carbon-neutral; electricity consumption forecast; long short-term memory neural network; Long short-term memory; Brain; Neural-networks; Training sample; Long-term forecasting; Electric power utilization; Electricity-consumption; Carbon; Long short-term memory neural network; A-carbon; Carbon neutrals; Electricity consumption forecast; Forecast models,,,,,,,,,,,,,,,,,,,,,,,,,,,,,,,,2022 7th International Conference on Intelligent Computing and Signal Processing (ICSP),,,,,,,,,,,,,,,,FL - TS.csv,1
6HQGYNKR,conferencePaper,2025,R. Wang; C. Zhang; H. Zhang; L. Zhang; B. Shihada; J. Qiao,FLOW: Federated Large Model for Wireless Traffic Prediction,2025 IEEE 25th International Conference on Communication Technology (ICCT),2576-7828,,10.1109/ICCT67417.2025.11374091,,"The rapid growth of wireless traffic makes accurate forecasting vital for network management. Centralized learning faces high communication costs, while federated learning struggles with spatio-temporal dependencies and non-IID data. This paper proposes FLOW, a federated large language model framework for wireless traffic prediction. FLOW incorporates a LoRA-based local predictor with lightweight alignment and mapping layers, preserving strong modeling ability under edge resource constraints. Experiments on real-world Milano and Trento datasets show significant gains, reducing MSE by 11% and MAE by 9.5% compared to baselines. Interestingly, smaller models such as BERT and GPT-2 outperform larger ones in most cases, benefiting from LoRA's efficient fine-tuning on limited data. Moreover, FLOW demonstrates strong few-shot learning, surpassing baselines with only 5% of training data, and exhibits robust zero-shot cross-domain generalization. Ablation studies confirm the critical role of federated aggregation and LoRA fine-tuning, highlighting the effectiveness of the proposed framework.",2025-10-16,2026-03-10 15:12:35,2026-03-10 15:12:35,,276-280,,,,,,,,,,,,,,,,,,,,Journal Abbreviation: 2025 IEEE 25th International Conference on Communication Technology (ICCT),,,,Federated learning; Accuracy; Predictive models; Computational modeling; Forecasting; Edge computing; Large language models; Few shot learning; Wireless networks; LoRa; LoRA fine-tuning; Wireless traffic prediction,,,,,,,,,,,,,,,,,,,,,,,,,,,,,,,,2025 IEEE 25th International Conference on Communication Technology (ICCT),,,,,,,,,,,,,,,,FL - TS.csv,1
9TY6ZPAT,conferencePaper,2025,K. -C. Chen; S. Y. -C. Chen; C. -Y. Liu; K. K. Leung,Federated Quantum Kernel Learning for Anomaly Detection in Multivariate IoT Time-Series,2025 IEEE Annual Congress on Artificial Intelligence of Things (AIoT),,,10.1109/AIoT66900.2025.00049,,"The rapid growth of industrial Internet of Things (IIoT) systems has created new challenges for anomaly detection in high-dimensional, multivariate time-series, where privacy, scalability, and communication efficiency are critical. Classical federated learning approaches mitigate privacy concerns by enabling decentralized training, but they often struggle with highly non-linear decision boundaries and imbalanced anomaly distributions. To address this gap, we propose a Federated Quantum Kernel Learning (FQKL) framework that integrates quantum feature maps with federated aggregation to enable distributed, privacy-preserving anomaly detection across heterogeneous IoT networks. In our design, quantum edge nodes locally compute compressed kernel statistics using parameterized quantum circuits and share only these summaries with a central server, which constructs a global Gram matrix and trains a decision function (e.g., Fed-QSVM). Experimental results on synthetic IIoT benchmarks demonstrate that FQKL achieves superior generalization in capturing complex temporal correlations compared to classical federated baselines, while significantly reducing communication overhead. This work highlights the promise of quantum kernels in federated settings, advancing the path toward scalable, robust, and quantum-enhanced intelligence for next-generation IoT infrastructures.",2025-12-03,2026-03-10 15:12:35,2026-03-10 15:12:35,,278-285,,,,,,,,,,,,,,,,,,,,Journal Abbreviation: 2025 IEEE Annual Congress on Artificial Intelligence of Things (AIoT),,,,Federated learning; Training; Federated Learning; Industrial Internet of Things; Feature extraction; Privacy; Anomaly detection; Time series analysis; Anomaly Detection; Industrial IoT; Correlation; Time-Series Analysis; Vectors; Kernel; Quantum Kernel Learning,,,,,,,,,,,,,,,,,,,,,,,,,,,,,,,,2025 IEEE Annual Congress on Artificial Intelligence of Things (AIoT),,,,,,,,,,,,,,,,FL - TS.csv,1
7RYZVL5S,journalArticle,2026,C. Wu; H. Wang; X. Zhang; H. Chen; J. Bu; J. Liu,Tackling Spatial-Temporal Heterogeneous Federated Learning With Orthogonal Regularization,IEEE Transactions on Mobile Computing,,1558-0660,10.1109/TMC.2026.3650937,https://www.scopus.com/inward/record.uri?eid=2-s2.0-105028024120&doi=10.1109%2FTMC.2026.3650937&partnerID=40&md5=c9d22791557dae332fbaf065bac9836e,"With the proliferation of mobile sensing technology, substantial time series data have been generated and accumulated in various distributed domains, providing the basis for practical applications. Federated Learning (FL) has emerged as an essential framework for machine learning on decentralized data, especially with its potential for privacy-preserving. However, deployed with distributed and various edge devices, existing FL frameworks struggle to address the statistical heterogeneity of spatial feature distribution shifts from heterogeneous sensors. Due to the complex temporal dynamics of real-world time series data, temporal feature heterogeneity may result in suboptimal model adaptation performance. To this end, we propose a novel Federated learning approach with Orthogonal regularization for Spatial-Temporal heterogeneity (FedOST) on time series classification. It is featured in three aspects: (1) In the local training phase, we utilize an orthogonal projection to disentangle and align the shared and personalized features, as well as complementary information from different views of the time series data to formulate a robust multi-view training. (2) In the global aggregation phase, we adopt trainable global prototypes to improve feature space separation through orthogonal constraint, to serve as refined global knowledge in the local training. (3) In the testing phase, we leverage an uncertainty-aware test-time adaptation scheme to tackle the temporal feature shifts of unlabeled test data. We conduct extensive evaluations on real-world datasets, where FedOST outperforms existing state-of-the-art baselines with significant advantages.",2026,2026-03-10 15:12:35,2026-03-10 17:08:34,,1-17,,,,,IEEE Transactions on Mobile Computing,,,,,,,,,,,Scopus,,,,,,,,federated learning; Federated learning; Training; Data models; Adaptation models; Distributed databases; Sensors; Time series analysis; Machine learning; Prototypes; Testing; Time-frequency analysis; Learning systems; Time series; time series classification; Feature distribution shifts; Time-series data; Local training; Sensing technology; Time series classifications; Mobile sensing; Spatial temporals; Regularisation; Feature distribution; Feature distribution shift; Spatial distribution; Temporal features,,,,,,,,,,,,,,,,,,,,,,,,,,,,,,,,,,,,,,,,,,,,,,,,FL - TS.csv,1
J3D6ELUX,conferencePaper,2022,C. Tang; M. Wang; L. Xie; J. Jin; X. Yin; Y. Zhang,Fault Diagnosis of Gas Pressure Regulator with Temporal Convolutional Network and Fedrated Learning,2022 China Automation Congress (CAC),2688-0938,,10.1109/CAC57257.2022.10055211,,"Gas pressure regulators are essential equipments in gas transmission pipelines, which is indispensable for the safety in gas utilization. However, to accurately detect operation failures of gas pressure regulators, the conventional deep learning-based fault diagnosis model is not enough. This paper proposes a novel federated learning and temporal convolutional network (TCN) based model for fault diagnosis. Firstly, sensitive features are extracted from the three-dimensional signal of a gas pressure regulator using TCN. Secondly, the two-dimensional convolutional neural network (CNN) is used to learn robust features and enhance the classification performance of the model using the margin loss function. Finally, to attain a reliable classification model, the privacy protection of federated learning is integrated. To conclude, the proposed fault diagnosis model works efficiently in various complex working conditions and can be used in practice.",2022-11-25,2026-03-10 15:12:35,2026-03-10 15:12:35,,3347-3352,,,,,,,,,,,,,,,,,,,,Journal Abbreviation: 2022 China Automation Congress (CAC),,,,Federated learning; Federated Learning; Fault diagnosis; Feature extraction; Privacy; Time series analysis; Fault Diagnosis; Pipelines; TCN; Regulators; Gas Pressure Regulator,,,,,,,,,,,,,,,,,,,,,,,,,,,,,,,,2022 China Automation Congress (CAC),,,,,,,,,,,,,,,,FL - TS.csv,1
BBG4MJ3B,conferencePaper,2025,P. H. Barros; T. Polido; J. C. Guevara; L. Villas; D. Guidoni; N. L. S. Da Fonseca; H. S. Ramos,Personalized federated learning for sedentary behavior classification with heterogeneous feature distributions under adversarial threats,2025 International Joint Conference on Neural Networks (IJCNN),2161-4407,,10.1109/IJCNN64981.2025.11227203,https://www.scopus.com/inward/record.uri?eid=2-s2.0-105029234556&doi=10.1109%2FIJCNN64981.2025.11227203&partnerID=40&md5=9c418fa45d701f4778ffcccc92146755,"Detecting sedentary behavior has increasing attention due to its significant health implications. However, distinguishing these low-intensity activities in federated learning scenarios is notably more complex than general human activity recognition. This complexity comes from heterogeneous feature distributions that can arise even for the same labeled activity, e.g., running and playing soccer, which may exhibit different sensor patterns despite both representing high-intensity activities. This paper proposes a robust personalized federated learning approach for sedentary behavior classification under adversarial conditions. Our method leverages ordinal pattern descriptors to extract meaningful symbolic representations from wearable sensor time series, then applies a meta-learning framework with Siamese Neural Networks to rapidly adapt across clients. Next, a reputation mechanism further safeguards the global model by penalizing malicious updates. Experiments on multiple public datasets show that our method achieves high F1-scores compared to baselines, affirming its ability to maintain robust performance in privacy-sensitive and adversarial environments.",2025-07-30,2026-03-10 15:12:35,2026-03-10 17:08:34,,1-8,,,,,,,,,,,,,,,,Scopus,,,,Journal Abbreviation: 2025 International Joint Conference on Neural Networks (IJCNN),,,,Federated learning; Monitoring; Feature extraction; Neural networks; Time series analysis; Generative adversarial networks; Reliability; Human activity recognition; Sports; Pattern recognition; Wearable sensors; Metalearning; Personalization; Adversarial federated learning; Sedentary behavior detection; Complex networks; Learning scenarios; Personalizations; Feature distribution; Heterogeneous features; Behavior detection; Behaviour classification; Health implications; Low-intensity,,,,,,,,,,,,,,,,,,,,,,,,,,,,,,,,2025 International Joint Conference on Neural Networks (IJCNN),,,,,,,,,,,,,,,,FL - TS.csv,1
ZMXPKV5F,conferencePaper,2023,A. Sha; J. John; M. Varundev; S. Surendran; S. Abhishek; A. T,Urban Parking Management through Federated Learning: A Privacy-Preserving Approach to Parking Slot Prediction,"2023 2nd International Conference on Automation, Computing and Renewable Systems (ICACRS)",,,10.1109/ICACRS58579.2023.10404706,https://www.scopus.com/inward/record.uri?eid=2-s2.0-85185386813&doi=10.1109%2FICACRS58579.2023.10404706&partnerID=40&md5=cf91e00b88905ba83985a187d4e07d8a,"In the contemporary urban landscape, the efficient management of parking resources has emerged as a critical concern. The ability to predict parking slot availability has far-reaching implications for urban mobility, traffic congestion mitigation, economic efficiency, and overall quality of life. This research paper presents a comprehensive approach that leverages deep learning and machine learning techniques, including neural network models, to address the multifaceted problem of parking slot prediction. Unique to this research is the integration of federated learning, a distributed approach that preserves data privacy and security while aggregating knowledge from spatial and temporal data sources. The research unfolds in two primary stages: spatial and temporal. In the spatial case, models are trained to understand the intricate relationships between parking slot occupancy and the physical characteristics of the environment. Simultaneously, in the temporal case, models capture temporal patterns in parking slot occupancy, considering variables such as time of day and seasonal variations.Federated aggregation combines the models’ insights, uniting the knowledge acquired from these diverse data sources. The result is a final model that harmonizes spatial and temporal understanding, while respecting data privacy and maintaining data security. This innovative approach results in a unified model that provides a nuanced and comprehensive understanding of parking slot prediction, with federated learning techniques safeguarding data integrity.",2023-12-11,2026-03-10 15:12:35,2026-03-10 17:08:35,,896-901,,,,,,,,,,,,,,,,Scopus,,,,"Journal Abbreviation: 2023 2nd International Conference on Automation, Computing and Renewable Systems (ICACRS)",,,,Federated learning; Data models; Data privacy; Federated Learning; Predictive models; Time series analysis; Deep learning; Forecasting; Biological system modeling; Deep Learning; Time-series analysis; Time Series Analysis; Learning systems; Federated Aggregation; Neural Network; Spatial Regression; Traffic congestion; Traffic Congestion; Vehicular Traffic; Learning algorithms; Neural-networks; Privacy-preserving techniques; Data-source; Economic efficiency; Federated aggregation; Parking management; Spatial regression; Urban parking; Vehicular traffic,,,,,,,,,,,,,,,,,,,,,,,,,,,,,,,,"2023 2nd International Conference on Automation, Computing and Renewable Systems (ICACRS)",,,,,,,,,,,,,,,,FL - TS.csv,1
YR9HYVIW,journalArticle,2022,H. Xing; Z. Xiao; R. Qu; Z. Zhu; B. Zhao,An Efficient Federated Distillation Learning System for Multitask Time Series Classification,IEEE Transactions on Instrumentation and Measurement,,1557-9662,10.1109/TIM.2022.3201203,https://www.scopus.com/inward/record.uri?eid=2-s2.0-85137611702&doi=10.1109%2FTIM.2022.3201203&partnerID=40&md5=3da52b98f1d171e279870c87101c81de,"This article proposes an efficient federated distillation learning system (EFDLS) for multitask time series classification (TSC). EFDLS consists of a central server and multiple mobile users, where different users may run different TSC tasks. EFDLS has two novel components: a feature-based student–teacher (FBST) framework and a distance-based weights matching (DBWM) scheme. For each user, the FBST framework transfers knowledge from its teacher’s hidden layers to its student’s hidden layers via knowledge distillation, where the teacher and student have identical network structures. For each connected user, its student model’s hidden layers’ weights are uploaded to the EFDLS server periodically. The DBWM scheme is deployed on the server, with the least square distance (LSD) used to measure the similarity between the weights of two given models. This scheme finds a partner for each connected user such that the user’s and its partner’s weights are the closest among all the weights uploaded. The server exchanges and sends back the user’s and its partner’s weights to these two users which then load the received weights to their teachers’ hidden layers. Experimental results show that compared with a number of state-of-the-art federated learning (FL) algorithms, our proposed EFDLS wins 20 out of 44 standard UCR2018 datasets and achieves the highest mean accuracy (70.14%) on these datasets. In particular, compared with a single-task baseline, EFDLS obtains 32/4/8 regarding “win”/“tie”/“lose” and results in an improvement of approximately 4% in terms of mean accuracy.",2022,2026-03-10 15:12:35,2026-03-10 17:08:35,,1-12,,,71,,IEEE Transactions on Instrumentation and Measurement,,,,,,,,,,,Scopus,,,,,,,,Federated learning; Servers; Feature extraction; Time series analysis; Deep learning; Task analysis; Knowledge distillation; knowledge distillation; Heuristic algorithms; federated learning (FL); deep learning; Data mining; Time-series analysis; Multitasking; Instruments; time series classification (TSC); Learning algorithms; Features extraction; Distillation; Students; Time series classifications; Teachers'; Heuristics algorithm; Hidden layers,,,,,,,,,,,,,,,,,,,,,,,,,,,,,,,,,,,,,,,,,,,,,,,,FL - TS.csv,1
J7GW255U,journalArticle,2024,Y. Yan; Y. Wang; Y. Hu; Y. Li,Federated Learning-Based Anomaly Detection for Environment Monitoring Sensor Networks,IEEE Sensors Letters,,2475-1472,10.1109/LSENS.2024.3421567,https://www.scopus.com/inward/record.uri?eid=2-s2.0-85197528005&doi=10.1109%2FLSENS.2024.3421567&partnerID=40&md5=752cb3b94d4baacf7f2bdfbb02cc2b06,"This letter proposes a lightweight distributed time series anomaly detection method for environment monitoring sensor networks. To overcome environmental disturbance and ensure computation efficiency, for each sensor node, the observed data are converted into symbol sequences, and then trained through a self-learning model to obtain the local detection threshold. Within the framework of federated learning (FL), the global threshold is calculated using an energy-weighted method based on the local thresholds, and then used to continuously update the detection thresholds of sensor nodes. After training, any of sensor nodes independently determines whether an anomaly occurs by its own detection threshold. The proposed method has been successfully applied to indoor environment monitoring and experimental results demonstrate that our method has obvious advantages in terms of detection accuracy and energy efficiency.",2024-08,2026-03-10 15:12:35,2026-03-10 17:08:35,,1-4,,8,8,,IEEE Sensors Letters,,,,,,,,,,,Scopus,,,,,,,,Training; Sensors; Anomaly detection; Time series analysis; anomaly detection; Image edge detection; Energy efficiency; federated learning (FL); Wireless sensor networks; Time-series analysis; Learning systems; Symbols; environment monitoring; Sensor applications; wireless sensor network (WSN); Edge detection; Sensors network; Distributed computer systems; Anomaly detection methods; Sensor nodes; Distributed time series; Symbol; Detection threshold; Environment monitoring; Monitoring sensors,,,,,,,,,,,,,,,,,,,,,,,,,,,,,,,,,,,,,,,,,,,,,,,,FL - TS.csv,1
M2HJC59U,conferencePaper,2025,N. Dahmani; S. M. Salman Bukhari; S. Gyawali,Federated Learning-Driven Hybrid TCN-Transformer Model for Accurate State of Charge Estimation in Electric Vehicles: A Multi-Scenario Study,2025 IEEE 102nd Vehicular Technology Conference (VTC2025-Fall),2577-2465,,10.1109/VTC2025-Fall65116.2025.11310695,,"Accurate State of Charge (SoC) estimation is critical for ensuring the safety, reliability, and efficiency of lithiumion batteries in electric vehicles (EVs). The traditional approaches, such as Extended Kalman Filters and conventional machine learning models, often struggle to generalize across diverse driving cycles and face limitations in scalability. This study proposes a privacy-preserving Federated Learning (FL) framework that trains a novel Hybrid TCN-Transformer model for SoC estimation under stable thermal conditions (25°C). The model is trained across four standard EV driving cycles, HPPC, HWFET, UDDS, and US06, while maintaining local data privacy. The hybrid architecture combines Temporal Convolutional Networks (TCNs) for capturing short-term temporal patterns and Transformer blocks for modeling long-range dependencies. The proposed system is evaluated across four FL scenarios and achieves state-of-the-art performance, with the best configuration (15 rounds, 30 local epochs) attaining an RMSE of 0.001093, MAE of 0.000899, and R2 of 0.9999. These results highlight the effectiveness and scalability of the framework for next-generation EV battery management systems.",2025-10-19,2026-03-10 15:12:35,2026-03-10 15:12:35,,1-6,,,,,,,,,,,,,,,,,,,,Journal Abbreviation: 2025 IEEE 102nd Vehicular Technology Conference (VTC2025-Fall),,,,Federated learning; Data models; Data privacy; Estimation; Federated Learning; Accuracy; Convolutional neural networks; Electric Vehicles; Scalability; Transformers; Battery management systems; State of charge; Transformer Models; Battery Management Systems (BMS); State of Charge (SoC) Estimation; Temporal Convolutional Networks (TCN),,,,,,,,,,,,,,,,,,,,,,,,,,,,,,,,2025 IEEE 102nd Vehicular Technology Conference (VTC2025-Fall),,,,,,,,,,,,,,,,FL - TS.csv,1
6XIWLEEW,journalArticle,2025,J. Mao; J. Liu; X. Tian; Y. Pan; E. Trucco; H. Lin,Toward Integrating Federated Learning With Split Learning via Spatio-Temporal Graph Framework for Brain Disease Prediction,IEEE Transactions on Medical Imaging,,1558-254X,10.1109/TMI.2024.3493195,,"Functional Magnetic Resonance Imaging (fMRI) is used for extracting blood oxygen signals from brain regions to map brain functional connectivity for brain disease prediction. Despite its effectiveness, fMRI has not been widely used: on the one hand, collecting and labeling the data is time-consuming and costly, which limits the amount of valid data collected at a single healthcare site; on the other hand, integrating data from multiple sites is challenging due to data privacy restrictions. To address these issues, we propose a novel, integrated Federated learning and Split learning Spatio-temporal Graph framework (F $\text {S}^{{2}}$ G). Specifically, we introduce federated learning and split learning techniques to split a spatio-temporal model into a client temporal model and a server spatial model. In the client temporal model, we propose a time-aware mechanism to focus on changes in brain functional states and use an InceptionTime model to extract information about changes in the brain states of each subject. In the server spatial model, we propose a united graph convolutional network to integrate multiple graph convolutional networks. Integrating federated learning and split learning, F $\text {S}^{{2}}$ G can utilize multi-site fMRI data without violating data privacy protection and reduce the risk of overfitting as it is capable of learning from limited training data sets. Moreover, it boosts the extraction of spatio-temporal features of fMRI using spatio-temporal graph networks. Experiments on ABIDE and ADHD200 datasets demonstrate that our proposed method outperforms state-of-the-art methods. In addition, we explore biomarkers associated with brain disease prediction using community discovery algorithms using intermediate results of F $\text {S}^{{2}}$ G. The source code is available at https://github.com/yutian0315/FS2G.",2025-03,2026-03-10 15:12:35,2026-03-10 15:12:35,,1334-1346,,3,44,,IEEE Transactions on Medical Imaging,,,,,,,,,,,,,,,,,,,federated learning; Federated learning; Training; Data models; Data privacy; Predictive models; Servers; Computational modeling; Diseases; split learning; Brain modeling; Functional magnetic resonance imaging; brain disease; Spatio-temporal graph network,,,,,,,,,,,,,,,,,,,,,,,,,,,,,,,,,,,,,,,,,,,,,,,,FL - TS.csv,1
SFVDNRXA,journalArticle,2024,P. H. Barros; J. C. Guevara; L. Villas; D. Guidoni; N. L. S. d. Fonseca; H. S. Ramos,A Novel Federated Meta-Learning Approach for Discriminating Sedentary Behavior From Wearable Data,IEEE Internet of Things Journal,,2327-4662,10.1109/JIOT.2024.3420891,https://www.scopus.com/inward/record.uri?eid=2-s2.0-85197527301&doi=10.1109%2FJIOT.2024.3420891&partnerID=40&md5=b8784746e8241de76b410639b302167e,"Characterizing and monitoring patient activities through time series data is critical for identifying lifestyle patterns that may impact health outcomes. Sedentary behavior is a significant concern due to its association with various health risks. This study introduces a lightweight supervised classifier for healthcare applications based on ordinal pattern (OP) transformation to detect sedentary behavior in federated learning (FL) scenarios. Our hypothesis is grounded on the idea that sedentary behavior exhibits distinct dynamics compared to other activities, and information descriptors derived from the transformation of OPs effectively capture these differences. Next, we proceed with the FL training. We train a neural network (NN)-based encoder locally and send the local models to a server. The FL process updates the encoder weights based on the encoded representations of the clients’ data, enabling the model to learn from different participants. Finally, we personalize the model for the specific task of classifying sedentary behavior. Our approach utilizes a meta-learning framework, incorporating a Siamese NN to learn a similarity space. We fine-tune the model in this step by further training the last NN layer. This fine-tuning allows the model to adapt and specialize in accurately classifying sedentary behavior. We carry out a comprehensive analysis to support our hypothesis. We also extensively validated our proposal by comparing it with other methods over five different data sets. We obtain the best results using a smaller machine learning model compared with the best approaches in the literature. Specifically, our model has 78.73% times fewer parameters and consumes 48.67% times less energy than the best result in the literature.",2024-10-01,2026-03-10 15:12:35,2026-03-10 17:08:36,,31909-31916,,19,11,,IEEE Internet of Things Journal,,,,,,,,,,,Scopus,,,,,,,,Federated learning; Data models; Feature extraction; Neural networks; Time series analysis; Federated learning (FL); Proposals; Time-series analysis; Learning systems; Metalearning; neural network (NN); ordinal patterns (OPs); sedentary behavior; wearable data; Neural-networks; Features extraction; Signal encoding; Health risks; Wearable technology; Multilayer neural networks; Network layers; Ordinal pattern; Proposal; Sedentary behavior; Wearable data,,,,,,,,,,,,,,,,,,,,,,,,,,,,,,,,,,,,,,,,,,,,,,,,FL - TS.csv,1
4DFLMVL5,journalArticle,2026,Y. Nejatbakhsh; M. Aliasgari,"Enhancing Stock Market Prediction With Hybrid Deep Learning: Integrating LSTM, Transformer Attention, Federated Learning, and Sentiment Analysis",IEEE Access,,2169-3536,10.1109/ACCESS.2025.3649668,https://www.scopus.com/inward/record.uri?eid=2-s2.0-105026718481&doi=10.1109%2FACCESS.2025.3649668&partnerID=40&md5=1b64fe14f35636d2b756cdb7851ea91e,"Accurate stock market prediction remains a critical yet challenging task due to the highly non-linear, volatile, and sentiment-driven nature of financial markets. In this paper, we present a hybrid deep learning framework that integrates long-short-term memory (LSTM) networks with Transformer-based attention mechanisms, sentiment analysis from financial news, and a privacy-preserving Federated Learning (FL) strategy. First, we benchmark traditional forecasting approaches, including ARIMA, SARIMAX, Prophet, Random Forest, and Support Vector Regression, against the baseline LSTM models. Our results show that LSTMs consistently outperform conventional methods in capturing temporal dependencies. To further enhance predictive accuracy, we incorporate Transformer attention to improve long-range dependency modeling and apply sentiment analysis using FinBERT-tone to embed market sentiment signals into the model. Finally, we simulate a Federated Learning environment, enabling decentralized model training without sharing raw financial data, thus addressing privacy concerns in the financial domain. Experimental results in ten major technology companies (Tesla, Apple, Amazon, Microsoft, Google, etc.) demonstrate that our hybrid model achieves superior short-term forecasting performance, with an average  $R^{2}$  variance score of 0.91 across ten major technology companies and a trend precision of  $65.36~\%$ , demonstrating strong prediction performance for short-term stock forecasting. These findings highlight the potential of combining deep sequential models, attention mechanisms, and privacy-sensitive training strategies for robust and secure stock market forecasting.",2026,2026-03-10 15:12:35,2026-03-10 17:08:38,,3926-3942,,,14,,IEEE Access,,,,,,,,,,,Scopus,,,,,,,,federated learning; Federated learning; Training; Data models; Data privacy; Predictive models; Computer architecture; Time series analysis; Long short term memory; Attention mechanisms; Forecasting; Transformers; privacy preserving; Sentiment analysis; Stock markets; Learning systems; deep learning in finance; financial time series forecasting; long-short-term memory (LSTM); sentiment analysis; Stock market prediction; transformer attention; Autoregressive moving average model; Long short-term memory; Privacy preserving; Prediction models; Short term memory; Decentralized finance; Technological forecasting; Financial markets; Commerce; Electronic trading; Financial time series forecasting; Deep learning in finance; Long-short-term memory; Technology companies; Transformer attention,,,,,,,,,,,,,,,,,,,,,,,,,,,,,,,,,,,,,,,,,,,,,,,,FL - TS.csv,1
6CYFUWPP,conferencePaper,2021,R. Tehseen; M. S. Farooq; A. Abid,EPS: An earthquake prediction system using Federated Learning,2021 International Conference on Innovative Computing (ICIC),,,10.1109/ICIC53490.2021.9692919,https://www.scopus.com/inward/record.uri?eid=2-s2.0-85126657619&doi=10.1109%2FICIC53490.2021.9692919&partnerID=40&md5=075bfb12677d9f47d2abffb8c2b0f4fe,"Earthquake prediction is a challenging job and researchers are struggling to predict earthquakes since long time. The involvement of huge multidimensional data, data privacy considerations and transmission latency make it difficult to predict earthquakes in real time. In this research, an earthquake prediction system ‘EPS’ has been developed using python. It is unique among early earthquake warning systems as federated learning technique (FL) has been applied for incorporating the intelligence from cloud to the mobile edge devices. Features like onsite data collection, training of local data models and aggregation of these models for the generation of global data model makes FL capable enough to handle data privacy, data availability and resolve latency issues involved in earthquake prediction. The proposed system integrates multiple data sources using FL for generation of global data model, applies time series regression for earthquake prediction and transmits earthquake alerts to all connected users and agencies. Dataset from Western Himalayan zone has been collected from 1985 to 2020 considering five different aspects including seismicity, atmospheric temperature, atmospheric pressure, regional rainfall, and reservoir parameters using federated learning technique for experimentation. EPS has successfully predicted 97.96% of the earthquakes that have encountered in the region during past thirty-five years.",2021-11-09,2026-03-10 15:12:35,2026-03-10 17:08:40,,1-8,,,,,,,,,,,,,,,,Scopus,,,,Journal Abbreviation: 2021 International Conference on Innovative Computing (ICIC),,,,Federated learning; Data privacy; Predictive models; Atmospheric modeling; Time series analysis; Computational modeling; Forecasting; Collaborative work; Learning systems; Earthquake prediction; Earthquakes; Global data model; Local data model; Seismic data; Learning algorithms; Prediction systems; Learning techniques; Local data; Multidimensional data; Atmospheric pressure; Global data; Seismic datas,,,,,,,,,,,,,,,,,,,,,,,,,,,,,,,,2021 International Conference on Innovative Computing (ICIC),,,,,,,,,,,,,,,,FL - TS.csv,1
A6NNBPFR,conferencePaper,2020,Y. Liu; N. Kumar; Z. Xiong; W. Y. B. Lim; J. Kang; D. Niyato,Communication-Efficient Federated Learning for Anomaly Detection in Industrial Internet of Things,GLOBECOM 2020 - 2020 IEEE Global Communications Conference,2576-6813,,10.1109/GLOBECOM42002.2020.9348249,https://www.scopus.com/inward/record.uri?eid=2-s2.0-85100958450&doi=10.1109%2FGLOBECOM42002.2020.9348249&partnerID=40&md5=810bd307b9f319d0ce5fc71308c2bb9e,"With the rapid development of the Industrial Internet of Things (IIoT), various IoT devices and sensors generate massive industrial sensing data. Sensing big data can be analyzed for insights that lead to better decisions and strategic industrial production by using advanced machine learning technologies. However, vulnerable IoT devices are easy to be compromised thus causing IoT devices failures (i.e., anomalies). The anomalies seriously affect the production of industrial products, thereby, it is increasingly important to accurately and timely detect anomalies. To this end, we first introduce a Federated Learning (FL) framework to enable decentralized edge devices to collaboratively train a Deep Anomaly Detection (DAD) model, which can improve its generalization ability. Second, we propose a Convolutional Neural Network-Long Short Term Memory (CNN-LSTM) model to accurately detect anomalies. The CNN-LSTM model uses CNN units to capture fine-grained features and retains the advantages of LSTM unit in predicting time series data. Third, to achieve real-time and lightweight anomaly detection in the proposed framework, a gradient compression mechanism is applied to reduce communication costs and improve communication efficiency. Extensive experiment results based on realworld datasets demonstrate that the proposed framework and mechanism can accurately and timely detect anomalies, and also reduce about 50% communication overhead when compared with traditional schemes.",2020-12-07,2026-03-10 15:12:35,2026-03-10 17:08:40,,1-6,,,2020-January,,,,,,,,,,,,,Scopus,,,,Journal Abbreviation: GLOBECOM 2020 - 2020 IEEE Global Communications Conference,,,,Federated learning; Convolutional neural networks; Industrial Internet of Things; Sensors; Production; Anomaly detection; anomaly detection; Image edge detection; industrial internet of things; Collaborative work; Numerical models; Internet of things; Learning systems; gradient compression; Long short-term memory; Convolutional neural network; Industrial internet of thing; Cost reduction; Industrial production; Machine learning technology; Sensing data; Memory modeling; Gradient compression; Industrial sensing,,,,,,,,,,,,,,,,,,,,,,,,,,,,,,,,GLOBECOM 2020 - 2020 IEEE Global Communications Conference,,,,,,,,,,,,,,,,FL - TS.csv,1
VSAKJLTP,conferencePaper,2024,Z. Dong; Y. Zuo,FedBA: A Traffic Prediction Approach Based on Bi-LSTM and Federated Learning,2024 IEEE International Conference on High Performance Computing and Communications (HPCC),,,10.1109/HPCC64274.2024.00190,https://www.scopus.com/inward/record.uri?eid=2-s2.0-105013072799&doi=10.1109%2FHPCC64274.2024.00190&partnerID=40&md5=176edc2e28a6499aacbc6e810311616c,"Artificial intelligence (AI) traffic prediction technology is key to achieving 6G network management and optimization, enhancing network efficiency, and automating processes to meet diverse service demands. Deep learning models have improved traffic prediction accuracy through time series modeling and spatial feature extraction. However, centralized training methods face issues like bandwidth consumption and network capacity depletion. Federated Learning (FL) offers a distributed training architecture for mobile network prediction models. However, FL faces challenges related to data heterogeneity and model generalization. To address these issues, we propose a traffic prediction model named FedBA, which integrates a Bidirectional Long Short-Term Memory (Bi-LSTM) network with an attention mechanism and Federated Learning. To manage data heterogeneity, a transfer strategy based on historical data is employed. The model trained on historical datasets is treated as a quasi-global model, transferred to a central server, and shared among all base stations. An iterative clustering algorithm is also introduced to group base stations based on correlations between different traffic patterns. A dual-attention model aggregation scheme is applied to enhance global model generalization by focusing on the unequal contributions of different local models and the quasi-global model. Experimental results demonstrate that FedBA outperforms existing Federated Learning models like FedDA. For example, on the Milano and Trento datasets, FedBA reduces prediction errors for SMS, Internet, and Call traffic by 16.9%, 11.5%, 21.2%, and 7.7%, 44.1%, 40%, respectively.",2024-12-13,2026-03-10 15:12:35,2026-03-10 17:08:40,,1427-1434,,,,,,,,,,,,,,,,Scopus,,,,Journal Abbreviation: 2024 IEEE International Conference on High Performance Computing and Communications (HPCC),,,,Federated learning; Training; Data models; Federated Learning; Accuracy; Predictive models; Adaptation models; Deep learning; Attention mechanisms; Forecasting; Clustering algorithms; Traffic control; Iterative methods; Telecommunication traffic; Learning systems; Wireless networks; Base stations; Network architecture; Attention mechanism; Bi-LSTM; Mobile network traffic prediction; Multi-base stations; Bidirectional long short-term memory; Information management; Data heterogeneity; Global models; Short term memory; Distributed computer systems; Learning models; Network traffic predictions; Traffic prediction; Multi-base station,,,,,,,,,,,,,,,,,,,,,,,,,,,,,,,,2024 IEEE International Conference on High Performance Computing and Communications (HPCC),,,,,,,,,,,,,,,,FL - TS.csv,1
FFL9IYAB,journalArticle,2025,F. Lin; J. Chen; G. Ding; Y. Jiao; J. Gu,Spatiotemporal MUF Inference for HF Communications: A Personalized Federated Learning Framework,IEEE Transactions on Antennas and Propagation,,1558-2221,10.1109/TAP.2024.3516324,https://www.scopus.com/inward/record.uri?eid=2-s2.0-86000426236&doi=10.1109%2FTAP.2024.3516324&partnerID=40&md5=effb9a38a8f2b3f51fd6444c838e986c,"High-frequency (HF) communications are vital in both military and commercial fields due to their ability to propagate across the horizon. Accurately predicting the maximum usable frequency (MUF) is crucial for improving the efficiency of HF ionospheric propagation. However, when there are only a limited number of ground-based stations for vertical ionospheric sounding, it becomes challenging to infer and predict MUFs in unfamiliar territories. In this article, we present a personalized federated learning framework that utilizes mutual information to make spatiotemporal inferences for MUFs across multiple stations. To begin with, we extract the trend component using time-series decomposition theory and then verify its significant spatial correlation using dynamic time warping (DTW). This enables us to identify the spatial relationships present in the local models of the federated learning system. Next, by monitoring changes in mutual information among different local models during the training phase of the trend component, we verify the existence of these spatial relationships. Furthermore, we introduce and validate the effectiveness of the personalization strategy employed in the proposed framework. Finally, experimental results demonstrate that the proposed framework significantly reduces the root mean square error (RMSE) and mean absolute error (MAE) in MUF predictions for ten cities with varying geographic latitudes.",2025-03,2026-03-10 15:12:35,2026-03-10 17:08:41,,1805-1818,,3,73,,IEEE Transactions on Antennas and Propagation,,,,,,,,,,,Scopus,,,,,,,,Federated learning; Data models; Accuracy; Personalized federated learning; Predictive models; Distributed databases; Deep learning; Mathematical models; Correlation; Time-frequency analysis; High-frequency communication; Ionosphere; ionospheric vertical sounding; maximum usable frequency (MUF); personalized federated learning; time-series decomposition; Mean square error; Local model; Learning frameworks; Spatial relationships; Time series decomposition; High frequency communication; Ionospheric electromagnetic wave propagation; Ionospheric measurement; Ionospheric vertical sounding; Maximum usable frequency; Military communications; Mutual informations; Vertical sounding,,,,,,,,,,,,,,,,,,,,,,,,,,,,,,,,,,,,,,,,,,,,,,,,FL - TS.csv,1
AMYR9AUK,conferencePaper,2021,D. Perry; N. Wang; S. -S. Ho,Energy Demand Prediction with Optimized Clustering-Based Federated Learning,2021 IEEE Global Communications Conference (GLOBECOM),,,10.1109/GLOBECOM46510.2021.9685647,https://www.scopus.com/inward/record.uri?eid=2-s2.0-85184376126&doi=10.1109%2FGLOBECOM46510.2021.9685647&partnerID=40&md5=552b4b3c9064a4b4665545d7530bd024,"The rapid growth in pervasive Internet-of-Things (IoT) and Deep Learning (DL) is creating a huge demand for applying DL on IoT systems. However, it is non-trivial to train highly accurate DL models in such scenarios due to the following two challenges: (1) individual IoT devices may not have sufficient training data, and (2) simply combining all sensory data across all devices may cause performance degradation due to data imbalance and varying temporal patterns across different devices. The objective of this paper is to achieve high-accurate prediction models for each device in an IoT system. We propose a federated learning approach for IoT systems driven by trend-based clustering for energy demand prediction for Electric Vehicle (EV) charging station network. We first apply a time-series clustering method to identify stations with similar temporal demand patterns. Using time-series data from stations in a cluster, a single Long-Short Term Memory (LSTM) network is trained using FedAvg algorithm for energy demand prediction for all the stations in the cluster. Experimental results on a real-world energy usage dataset from an EV charging station network show that our proposed approach is very competitive against baseline federated learning approaches. In particular, the energy demand prediction error decreases by 80%.",2021-12-07,2026-03-10 15:12:35,2026-03-10 17:08:41,,1-6,,,,,,,,,,,,,,,,Scopus,,,,Journal Abbreviation: 2021 IEEE Global Communications Conference (GLOBECOM),,,,Energy management; Federated learning; Training; Federated Learning; Predictive models; Edge Computing; Internet of Things; Prediction algorithms; Training data; Forecasting; Performance evaluation; Market research; Collaborative work; Edge computing; Internet of things; Electric vehicle charging; Learning systems; Time series; Prediction; Long short-term memory; Learning approach; Clusterings; Rapid growth; Charging station; Energy demand prediction; Non-trivial; Station network,,,,,,,,,,,,,,,,,,,,,,,,,,,,,,,,2021 IEEE Global Communications Conference (GLOBECOM),,,,,,,,,,,,,,,,FL - TS.csv,1
RZ4UDR9H,conferencePaper,2023,J. Mao; H. Lin; X. Tian; Y. Pan; J. Liu,FedGST: Federated Graph Spatio-Temporal Framework for Brain Functional Disease Prediction,2023 IEEE International Conference on Bioinformatics and Biomedicine (BIBM),2156-1133,,10.1109/BIBM58861.2023.10385983,https://www.scopus.com/inward/record.uri?eid=2-s2.0-85184883130&doi=10.1109%2FBIBM58861.2023.10385983&partnerID=40&md5=a6b030699c4c0ed07cbe3c6b0c4e90b2,"Currently, most medical institutions face the challenge of training a unified model using fragmented and isolated data to address disease prediction problems. Although federated learning has become the recognized paradigm for privacy-preserving model training, how to integrate federated learning with fMRI temporal characteristics to enhance predictive performance remains an open question for functional disease prediction. To address this challenging task, we propose a novel Federated Graph Spatio-Temporal (FedGST) framework for brain functional disease prediction. Specifically, anchor sampling is used to process variable-length time series data on local clients. Then dynamic functional connectivity graphs are generated via sliding windows and Pearson correlation coefficients. Next, we propose an InceptionTime model to extract temporal information from the dynamic functional connectivity graphs on the local clients. Finally, the hidden activation variables are sent to a global server. We propose a UniteGCN model on the global server to receive and process the hidden activation variables from clients. Then, the global server returns gradient information to clients for backpropagation and model parameter updating. Client models aggregate model parameters on the local server and distribute them to clients for the next round of training. We demonstrate that FedGST outperforms other federated learning methods and baselines on ABIDE-1 and ADHD200 datasets.",2023-12-05,2026-03-10 15:12:35,2026-03-10 17:08:42,,1356-1361,,,,,,,,,,,,,,,,Scopus,,,,Journal Abbreviation: 2023 IEEE International Conference on Bioinformatics and Biomedicine (BIBM),,,,Federated learning; Training; Data models; Federated Learning; Predictive models; Time series analysis; Forecasting; Brain modeling; Learning systems; Functional magnetic resonance imaging; Brain Functional Disease; Graph Learing; Spatio-Temporal; Modeling parameters; Unified Modeling; Correlation methods; Spatio-temporal; Chemical activation; Prediction problem; Medical institutions; Medical problems; Functional connectivity; Brain functional disease; Connectivity graph; Graph learing,,,,,,,,,,,,,,,,,,,,,,,,,,,,,,,,2023 IEEE International Conference on Bioinformatics and Biomedicine (BIBM),,,,,,,,,,,,,,,,FL - TS.csv,1
X3NALAQP,conferencePaper,2025,S. Chinthakunta; J. P. Sunkavalli; P. Koduru,Deep Learning –Based Traffic Density Estimation And Analysis,2025 Global Conference in Emerging Technology (GINOTECH),,,10.1109/GINOTECH63460.2025.11076792,https://www.scopus.com/inward/record.uri?eid=2-s2.0-105013618797&doi=10.1109%2FGINOTECH63460.2025.11076792&partnerID=40&md5=f04e6d7008d4c6c0a9b8e8207c7e1cfa,"Congestion on roads, air pollution from automobile emissions, and a rising rate of accidents are only a few of the critical problems with which metropolitan areas are faced because of the intensifying automobile population caused by urban growth. These issues become particularly evident in developing countries, where it remains challenging to practice effective traffic tracking.This work presents a complex traffic surveillance system based on aerial drone videos and advanced computer vision algorithms.YOLOv11 and Graph Neural Networks (GNN) are the core algorithms employed to assess real-time traffic images captured by high-definition drone cameras. These algorithms reach 97% and 91% recognition accuracy, respectively. In addition, YOLOv8 and ResNet50 were utilized, with 90% and 85% recognition accuracies, respectively. In addition, traffic flow patterns can be predicted precisely with time series forecasting models such as LSTM and GRU. The GRU model had an RMSE accuracy of 0.943%, but the LSTM model had an MSE of 20.98%. Real-time traffic data analysis, congestion detection, and traffic monitoring are all enhanced by this integrated system.For making decisions faster to manage urban traffic, future upgrades will focus on improving real-time traffic forecasting through edge computing and adding federated learning for edge data processing.",2025-05-09,2026-03-10 15:12:35,2026-03-10 17:08:42,,1-6,,,,,,,,,,,,,,,,Scopus,,,,Journal Abbreviation: 2025 Global Conference in Emerging Technology (GINOTECH),,,,Real-time systems; Accuracy; Predictive models; Prediction algorithms; Computational modeling; Deep learning; Long short term memory; Optimization; Graph neural networks; Drones; Residual neural networks; Image processing; Traffic congestion; algorithms; Gated recurrent unit(GRU); Graph Neural Networks(GNN); Long short term memory(LSTM); Mean Square Error(MSE); Residual neural network(ResNET50); Root Mean Square Error(RMSE); You only look once(YOLO); Air pollution; Mean square error; Learning algorithms; Data handling; Short term memory; Neural-networks; Deep neural networks; Urban growth; Population statistics; Gated recurrent unit; Graph algorithms; Means square errors; Residual neural network(resnet50); Root mean square errors; You only look once,,,,,,,,,,,,,,,,,,,,,,,,,,,,,,,,2025 Global Conference in Emerging Technology (GINOTECH),,,,,,,,,,,,,,,,FL - TS.csv,1
XBHRSC3V,conferencePaper,2022,L. Mondrejevski; I. Miliou; A. Montanino; D. Pitts; J. Hollmén; P. Papapetrou,FLICU: A Federated Learning Workflow for Intensive Care Unit Mortality Prediction,2022 IEEE 35th International Symposium on Computer-Based Medical Systems (CBMS),2372-9198,,10.1109/CBMS55023.2022.00013,https://www.scopus.com/inward/record.uri?eid=2-s2.0-85137897314&doi=10.1109%2FCBMS55023.2022.00013&partnerID=40&md5=6c3cf860b977d3404106f8644fb5b083,"Although Machine Learning can be seen as a promising tool to improve clinical decision-making, it remains limited by access to healthcare data. Healthcare data is sensitive, requiring strict privacy practices, and typically stored in data silos, making traditional Machine Learning challenging. Federated Learning can counteract those limitations by training Machine Learning models over data silos while keeping the sensitive data localized. This study proposes a Federated Learning workflow for Intensive Care Unit mortality prediction. Hereby, the applicability of Federated Learning as an alternative to Centralized Machine Learning and Local Machine Learning is investigated by introducing Federated Learning to the binary classification problem of predicting Intensive Care Unit mortality. We extract multivariate time series data from the MIMIC-III database (lab values and vital signs), and benchmark the predictive performance of four deep sequential classifiers (FRNN, LSTM, GRU, and 1DCNN) varying the patient history window lengths (8h, 16h, 24h, and 48h) and the number of Federated Learning clients (2, 4, and 8). The experiments demonstrate that both Centralized Machine Learning and Federated Learning are comparable in terms of AUPRC and F1-score. Furthermore, the federated approach shows superior performance over Local Machine Learning. Thus, Federated Learning can be seen as a valid and privacy-preserving alternative to Centralized Machine Learning for classifying Intensive Care Unit mortality when the sharing of sensitive patient data between hospitals is not possible.",2022-07-21,2026-03-10 15:12:35,2026-03-10 17:08:43,,32-37,,,2022-July,,,,,,,,,,,,,Scopus,,,,Journal Abbreviation: 2022 IEEE 35th International Symposium on Computer-Based Medical Systems (CBMS),,,,Federated learning; Training; Federated Learning; Neural networks; Time series analysis; Benchmark testing; Forecasting; Decision making; Machine learning; Databases; MIMICs; Prediction; Classification; ICU mortality; MIMIC- III; Recurrent Neural Network; Health care; Machine-learning; Centralised; Long short-term memory; Benchmarking; Sensitive data; Training machines; Data silos; Classification (of information); Hospital data processing; Intensive care units; Work-flows; Clinical decision making; Privacy practices,,,,,,,,,,,,,,,,,,,,,,,,,,,,,,,,2022 IEEE 35th International Symposium on Computer-Based Medical Systems (CBMS),,,,,,,,,,,,,,,,FL - TS.csv,1
GGM2T32U,conferencePaper,2024,Y. Dai; R. Tan,FedCFC: On-Device Personalized Federated Learning with Closed-Form Continuous-Time Neural Networks,2024 23rd ACM/IEEE International Conference on Information Processing in Sensor Networks (IPSN),,,10.1109/IPSN61024.2024.00006,https://www.scopus.com/inward/record.uri?eid=2-s2.0-85198523787&doi=10.1109%2FIPSN61024.2024.00006&partnerID=40&md5=ea428d26d5d3765006032ec2795787a9,"Closed-form continuous-time (CFC) neural networks have superior expressivity in modeling time series data compared with recurrent neural networks. CFC’s lower training and inference overheads also make it appealing for microcontroller-based platforms. This paper proposes FedCFC, which advances CFC from the centralized learning setting to the federated learning paradigm. FedCFC features a novel and communication-efficient aggregation strategy to address the problem of class distribution skews across clients’ training data. The strategy is designed based on a new empirical property of CFC identified in this paper, i.e., involatility of a sub-network of CFC with respect to training data’s class distribution. Extensive evaluation based on multiple time series datasets shows that FedCFC achieves higher or similar accuracy with 7.6× to 11× reduction in communication overhead, compared with recent federated learning approaches designed to address the class distribution skew problem. Implementations of FedCFC on four microcontroller platforms show its portability to low-end computing devices with 256kB memory and even less.",2024-05-13,2026-03-10 15:12:36,2026-03-10 17:08:44,,14-26,,,,,,,,,,,,,,,,Scopus,,,,Journal Abbreviation: 2024 23rd ACM/IEEE International Conference on Information Processing in Sensor Networks (IPSN),,,,federated learning; Federated learning; Training; Training data; Time series analysis; edge computing; Performance evaluation; Recurrent neural networks; Edge computing; Memory management; Learning systems; Time series; Continuous-time neural network; Microcontrollers; time series processing; Time-series data; Continuous time systems; Time series processing; Class distributions; Closed form; Continous time; Continuous-time neural networks; Modelling time,,,,,,,,,,,,,,,,,,,,,,,,,,,,,,,,2024 23rd ACM/IEEE International Conference on Information Processing in Sensor Networks (IPSN),,,,,,,,,,,,,,,,FL - TS.csv,1
LQK3IABD,journalArticle,2021,P. Chhikara; R. Tekchandani; N. Kumar; M. Guizani; M. M. Hassan,Federated Learning and Autonomous UAVs for Hazardous Zone Detection and AQI Prediction in IoT Environment,IEEE Internet of Things Journal,,2327-4662,10.1109/JIOT.2021.3074523,https://www.scopus.com/inward/record.uri?eid=2-s2.0-85104678882&doi=10.1109%2FJIOT.2021.3074523&partnerID=40&md5=cfe2ff5cdfa551eca9ce9c4128075ce8,"Air pollution monitoring, finding the hazardous zone, and future air quality predictions have recently become a significant issue for many researchers. With the adverse effect of low air quality on human health, it has become necessary for predicting the air quality index (AQI) accurately and on time. The unmanned aerial vehicle (UAV) can collect air quality data with high spatial and temporal resolutions. Using a fleet of UAVs could be considered a good option. In the proposed work, we implement a distributed federated learning (FL) algorithm within a UAV swarm that collects air quality data using built-in sensors. A scheme for finding the area with the highest AQI value is proposed using swarm intelligence. The collected data are then fed to a CNN-LSTM model to predict the AQI. The trained local model is sent to the central server, and the server aggregates the received models from UAVs in the swarm. A global model is created and is transmitted to the UAV swarm again in the next iteration. The proposed architecture is compared with other time-series models. The results show that the proposed model predicts AQI daily with a minimal error rate on a real-time data set from Delhi.",2021-10-15,2026-03-10 15:12:36,2026-03-10 17:08:45,,15456-15467,,20,8,,IEEE Internet of Things Journal,,,,,,,,,,,Scopus,,,,,,,,Real-time systems; Monitoring; Sensors; Forecasting; federated learning (FL); Wireless sensor networks; Iterative methods; Internet of things; Air quality; time-series analysis; Hazards; Air pollution; Air quality index (AQI); Atmospheric measurements; particle swarm optimization (PSO); Pollution measurement; unmanned aerial vehicles (UAVs); Long short-term memory; Antennas; Unmanned aerial vehicles (UAV); Swarm intelligence; Aircraft detection; Air quality indices; Air quality data; Air quality prediction; Air pollution monitoring; Proposed architectures; Real-time dataset; Spatial and temporal resolutions; Time series models,,,,,,,,,,,,,,,,,,,,,,,,,,,,,,,,,,,,,,,,,,,,,,,,FL - TS.csv,1
5ZDFIVR5,conferencePaper,2024,J. Deng; Y. Hao; J. Wang; Z. Jin,FediTT: A Federated Learning Approach for Privacy-Preserving Traffic Flow Prediction,2024 7th International Conference on Universal Village (UV),,,10.1109/UV63228.2024.11189123,https://www.scopus.com/inward/record.uri?eid=2-s2.0-105021217876&doi=10.1109%2FUV63228.2024.11189123&partnerID=40&md5=a0fd24382d6fc2c12a514ca1e660d371,"Traffic flow prediction (TFP) is critical to the development of intelligent transportation systems, yet current deep learning models often rely on centralized training with sensitive location and mobility data, leading to significant privacy concerns. To address this, we propose FediTT, a novel federated learning framework that integrates the iTransformer architecture to enable accurate and privacy-preserving traffic forecasting. By training models locally on distributed clients and aggregating updates without sharing raw data, FediTT ensures data privacy while maintaining strong modeling capacity. Unlike traditional federated baselines such as FedGRU, FediTT employs a Transformer-based backbone to better capture long-range dependencies and multivariate correlations in time series data. We conduct extensive experiments on real-world traffic datasets, evaluating performance across multiple prediction horizons (96, 192, and 336 time points). Results show that FediTT consistently achieves lower MSE and MAE than centralized deep learning models (Transformer, PatchTST, Crossformer) and federated baselines, demonstrating both superior accuracy and enhanced privacy protection. These findings validate the effectiveness of combining a high-capacity forecasting model with federated learning and position FediTT as a practical and scalable solution for privacy-sensitive applications in smart transportation systems.",2024-10-19,2026-03-10 15:12:36,2026-03-10 17:08:46,,1-8,,,,,,,,,,,,,,,,Scopus,,,,Journal Abbreviation: 2024 7th International Conference on Universal Village (UV),,,,federated learning; Federated learning; Training; Data models; Data privacy; Accuracy; Predictive models; Privacy; Deep learning; Forecasting; Transformers; Protection; privacy protection; Intelligent systems; Learning systems; Intelligent transportation systems; iTransformer; traffic flow prediction; Centralised; Privacy preserving; Privacy protection; Privacy-preserving techniques; Learning approach; Privacy concerns; Sensitive data; 'current; Highway traffic control; Learning models; Traffic flow prediction; Intelligent vehicle highway systems; Itransformer,,,,,,,,,,,,,,,,,,,,,,,,,,,,,,,,2024 7th International Conference on Universal Village (UV),,,,,,,,,,,,,,,,FL - TS.csv,1
AF8FLLIZ,conferencePaper,2023,R. Bourgerie; T. Zanouda,Fault Detection in Telecom Networks Using Bi-Level Federated Graph Neural Networks,2023 IEEE International Conference on Data Mining Workshops (ICDMW),2375-9259,,10.1109/ICDMW60847.2023.10449399,,"5G and Beyond Networks become increasingly complex and heterogeneous, with diversified and high requirements from a wide variety of emerging applications. The complexity and diversity of Telecom networks place an increasing strain on maintenance and operation efforts. Moreover, the strict security and privacy requirements present a challenge for mobile operators to leverage network data. To detect network faults, and mitigate future failures, prior work focused on leveraging traditional ML/DL methods to locate anomalies in networks. The current approaches, although powerful, do not consider the intertwined nature of embedded and software-intensive Radio Access Network systems. In this paper, we propose a Bi-level Federated Graph Neural Network anomaly detection and diagnosis model that is able to detect anomalies in Telecom networks in a privacy-preserving manner, while minimizing communication costs. Our method revolves around conceptualizing Telecom data as a bi-level temporal Graph Neural Networks. The first graph captures the interactions between different RAN nodes that are exposed to different deployment scenarios in the network, while each individual Radio Access Network node is further elaborated into its software (SW) execution graph. Additionally, we use Federated Learning to address privacy and security limitations. Furthermore, we study the performance of anomaly detection model under three settings: (1) Centralized (2) Federated Learning and (3) Personalized Federated Learning using real-world data from an operational network. Our comprehensive experiments showed that Personalized Federated Temporal Graph Neural Networks method outperforms the most commonly used techniques for Anomaly Detection.",2023-12-01,2026-03-10 15:12:36,2026-03-10 15:12:36,,1608-1617,,,,,,,,,,,,,,,,,,,,Journal Abbreviation: 2023 IEEE International Conference on Data Mining Workshops (ICDMW),,,,Federated learning; Training; Federated Learning; Thermal stability; Anomaly detection; Anomaly Detection; Graph neural networks; Telecommunications; Graph Neural Networks; Radio access networks; Graph-based Federated Learning; TelcoAI,,,,,,,,,,,,,,,,,,,,,,,,,,,,,,,,2023 IEEE International Conference on Data Mining Workshops (ICDMW),,,,,,,,,,,,,,,,FL - TS.csv,1
QDN9NF8H,journalArticle,2025,H. Haule; I. Piper; P. Jones; T. -Y. M. Lo; J. Escudero,CLaI: Collaborative Learning and Inference for Low-Resolution Physiological Signals: Validation in Clinical Event Detection and Prediction,IEEE Transactions on Biomedical Engineering,,1558-2531,10.1109/TBME.2025.3563732,https://www.scopus.com/inward/record.uri?eid=2-s2.0-105003441011&doi=10.1109%2FTBME.2025.3563732&partnerID=40&md5=e6ef06caedc78641b7da2a84aaac8056,"While machine learning (ML) techniques have been applied to detection and prediction tasks in clinical data, most methods rely on high-resolution data, which is not routinely available in most Intensive Care Units (ICUs), and perform poorly when faced with class imbalance. Here, we introduce and validate Collaborative Learning and Inference (CLaI) for detection and prediction of events from learned latent representations of multivariate physiological time series, leveraging similarities across patients. Our method offers a new way to detect and predict events using low-resolution physiological time series. We evaluate its performance on predicting intracranial hypertension and sepsis using the KidsBrainIT (minute-by-minute resolution) and MIMIC-IV (hourly resolution) datasets, respectively, comparing our approach with classification-based and sequence-to-sequence benchmarks from existing studies. Additional experiments on sepsis detection, robustness to class imbalance, and generalizability—demonstrated via seizure detection using the CHB-MIT scalp electroencephalogram dataset—confirm that CLaI effectively handles class imbalance, consistently achieving competitive performance and the highest F1 score. Overall, our approach introduces a novel method for analyzing routinely collected ICU physiological time series by leveraging patient similarity thus enabling ML interpretability through case-based reasoning.",2025-11,2026-03-10 15:12:36,2026-03-10 17:08:46,,3186-3195,,11,72,,IEEE Transactions on Biomedical Engineering,,,,,,,,,,,Scopus,,,,,,,,"Federated learning; Training; Predictive models; Machine Learning; Collaboration; Time series analysis; Long short term memory; machine learning; LSTM; time series; Physiology; Electroencephalography; Time series; time series analysis; seizure; signal processing; electroencephalogram; Collaborative learning; collaborative learning; Nickel; Latent representation; Phenotype; collaborative filtering; imbalanced data; patient similarity; phenotype; prediction; Recording; Sepsis; recurrent neural network; Times series; human; algorithm; Imbalanced data; Algorithms; Humans; procedures; diagnosis; Physiological models; Article; Signal Processing, Computer-Assisted; pathophysiology; benchmarking; long short term memory network; electroencephalography; Intensive care; Class imbalance; Databases, Factual; factual database; filtration; blood oxygen tension; case based reasoning; intensive care unit; Intensive Care Units; Lower resolution; mean arterial pressure; Patient similarity; Seizures; sepsis",,,,,,,,,,,,,,,,,,,,,,,,,,,,,,,,,,,,,,,,,,,,,,,,FL - TS.csv,1
KEVXABQE,conferencePaper,2025,B. Sullivan; S. Svendsen; J. A. Khan,Flower: Federated Learning Based Zero-Trust Consensus Protocol for Real-Time Trajectory Endorsement in Cavs,2025 IEEE 101st Vehicular Technology Conference (VTC2025-Spring),2577-2465,,10.1109/VTC2025-Spring65109.2025.11174467,https://www.scopus.com/inward/record.uri?eid=2-s2.0-105019053201&doi=10.1109%2FVTC2025-Spring65109.2025.11174467&partnerID=40&md5=b8fa60c39ba4296eada3286d7450c355,"Connected and Autonomous Vehicles (CAVs) can share their future trajectories with nodes around them as the intended navigation path, for nearby nodes to avoid crashing into them. However, trust must be established on the shared trajectories where the nearby nodes can verify the truthfulness of the shared trajectories in an efficient and timely manner. This paper proposes FLOWER, a federated learning based approach as a distributed zero trust security protocol for nearby nodes to verify the trajectories shared among CAVs by employing a machine learning algorithm to predict the corresponding future trajectories and verify the truthfulness of the data shared by the CAV via a blockchain based consensus. We employ several machine learning algorithms including transformer models on realistic trajectories from New York City to achieve this and results have shown that simple time series algorithms (RNN, LSTM, GRUs) achieved similar performance without additional complexity for real-time verification of CAV trajectories.",2025-06-17,2026-03-10 15:12:36,2026-03-10 17:08:47,,1-7,,,,,,,,,,,,,,,,Scopus,,,,Journal Abbreviation: 2025 IEEE 101st Vehicular Technology Conference (VTC2025-Spring),,,,Federated learning; Federated Learning; Real-time systems; Blockchain; Transformers; Machine learning; Autonomous vehicles; Flowering plants; Urban areas; Connected vehicles; Machine learning algorithms; Autonomous Vehicles; Zero Trust; Trajectory; Transformer; Learning systems; Connected and Autonomous Vehicles (CAVs); Zero-trust Security; Learning algorithms; Block-chain; Connected and autonomous vehicle; Learning-based approach; Trajectories; Intelligent vehicle highway systems; Consensus protocols; Navigation paths; Real-time trajectories; Zero-trust security,,,,,,,,,,,,,,,,,,,,,,,,,,,,,,,,2025 IEEE 101st Vehicular Technology Conference (VTC2025-Spring),,,,,,,,,,,,,,,,FL - TS.csv,1
EJFKJNJK,conferencePaper,2024,J. Li; J. Zhu; P. Xia; Z. Wang; Y. Qian,pFedMTD: A Personalized Federated Learning-based Multilayer Temporal Decomposition Model for Distributed Photovoltaic Power Prediction,2024 IEEE/CIC International Conference on Communications in China (ICCC),2377-8644,,10.1109/ICCC62479.2024.10682024,,"With the development of Industrial Internet of Things (IIoT), establishing a distributed network of photovoltaic (PV) stations is a trend, enabling information exchange between multiple PV stations. However, data privacy concerns prevent direct data sharing among PV stations. This issue makes it hard to train precise models for new stations with limited data. To tackle this issue, we propose a personalized federated learning-based multilayer temporal decomposition model (pFedMTD). The pFedMTD consists of two main components: a multilayer temporal decomposition module (MTD) and a personalized federation strategy. The MTD module is designed to reduce data fluctuations. The personalized federation strategy leverages data from multiple local PV stations to addresses interstation differences through personalized layers. To validate the effectiveness of our algorithm, experiments are conducted on 15 PV stations. In the case of only local training, our proposed model demonstrates significant improvements over the state-of-the-art model, with an average reduction of 5.0% in RMSE, an impressive 11.2% decrease in MAE, and a commendable 38.9% reduction in training time. For personalized federated training, the proposed model achieves a 2.1% decrease in RMSE and a 3.1% decrease in MAE compared to standardized federated training.",2024-08-07,2026-03-10 15:12:40,2026-03-10 15:12:40,,1739-1744,,,,,,,,,,,,,,,,,,,,Journal Abbreviation: 2024 IEEE/CIC International Conference on Communications in China (ICCC),,,,Federated learning; Training; Accuracy; Predictive models; Time series analysis; privacy preservation; Photovoltaic systems; Fluctuations; personalized federated learning; multilayer temporal decomposition; PV power prediction,,,,,,,,,,,,,,,,,,,,,,,,,,,,,,,,2024 IEEE/CIC International Conference on Communications in China (ICCC),,,,,,,,,,,,,,,,FL - TS.csv,1
D67NXBYV,conferencePaper,2025,J. Wang; Y. Yang; F. Meng,A Lightweight Federated Learning Architecture Approach for Short-Term Load Prediction,"2025 IEEE International Conference on Systems, Man, and Cybernetics (SMC)",,,10.1109/SMC58881.2025.11343718,,"In order to address the challenges of distributed power load forecasting with limited resources and the need to protect user privacy, this paper proposes a lightweight federated learning architecture, Deep Separable Temporal Convolutional Network (DS-TCN). The model consists of three core modules: parallel multi-branch inflated causal convolution is used to capture short-term mutations and long-term trends simultaneously; adaptive scale fusion module is used to dynamically weight the features of each branch; and the dynamically aware prediction head automatically adjusts the response strength according to the signal fluctuations through a gating mechanism. In the experiments on the public HUE dataset, all clients of DS-TCN perform 5 rounds of local iterations and 50 rounds of federated training, which dramatically reduces the communication and computation overheads compared to the 500 rounds of federated training of the LSTM model. Moreover, the DS-TCN federated global model achieves RMSE=0.1382, MAE=0.1267, and MSE=0.0194, which is equal to or even exceeds LSTM; the average RMSE at the local end is reduced from 0.0796 in LSTM to 0.0699, with the highest single-household reduction of nearly 49%, which fully proves the superiority of the proposed method.",2025-10-05,2026-03-10 15:12:41,2026-03-10 15:12:41,,5066-5073,,,,,,,,,,,,,,,,,,,,"Journal Abbreviation: 2025 IEEE International Conference on Systems, Man, and Cybernetics (SMC)",,,,federated learning; Federated learning; Training; Predictive models; Adaptation models; Load modeling; Privacy; Long short term memory; Market research; Load forecasting; Electricity; load forecasting; multi-scale feature fusion; time-series convolutional networks,,,,,,,,,,,,,,,,,,,,,,,,,,,,,,,,"2025 IEEE International Conference on Systems, Man, and Cybernetics (SMC)",,,,,,,,,,,,,,,,FL - TS.csv,1
H9DX2Y4Y,conferencePaper,2025,Q. Sun; C. Wu; T. Ren; Y. Liu; P. Zhao; Y. Guo,Research on the Design and Implementation of Intelligent Procurement System Based on Big Data Analysis,"2025 International Conference on Electronics and Computing, Communication Networking Automation Technologies (ICEC2NT)",,,10.1109/ICEC2NT65402.2025.11380060,,"This study focuses on the problem of data silos and decision-making lag in manufacturing procurement management, and designs and implements an intelligent procurement system based on big data analysis. By constructing a three-layer architecture of “data layer algorithm layer application layer”, integrating multi-source procurement data from both inside and outside the enterprise, and using intelligent algorithms such as K-means clustering, LSTM time series prediction, and XGBoost ensemble learning, the full process intelligent management of supplier dynamic grading, demand forecasting, and cost control is achieved. The system completes data cleaning and standardization through ETL processes, uses HBase and Redis to build distributed data storage, and implements containerized deployment based on Kubernetes. The experimental results showed that the accuracy of supplier classification reached 91.3 %, the average absolute percentage error (MAPE) of demand forecasting was 7.6 %, and the accuracy of procurement planning increased by 31.2 % and cost savings were 8.4 % after the enterprise's trial operation. The research has verified the effectiveness of the “data algorithm business” closed-loop design, providing technical support for the transformation of procurement management from experience driven to data-driven. In the future, natural language processing and federated learning technologies can be further introduced to optimize unstructured data processing and cross organizational data sharing capabilities.",2025-09-03,2026-03-10 15:12:41,2026-03-10 15:12:41,,1-6,,,,,,,,,,,,,,,,,,,,"Journal Abbreviation: 2025 International Conference on Electronics and Computing, Communication Networking Automation Technologies (ICEC2NT)",,,,Costs; Accuracy; Big Data; Prediction algorithms; Time series analysis; Heuristic algorithms; Systems architecture; Clustering algorithms; Demand forecasting; Procurement; Architecture design; Big data analysis; cost control; Intelligent algorithm; Intelligent procurement system,,,,,,,,,,,,,,,,,,,,,,,,,,,,,,,,"2025 International Conference on Electronics and Computing, Communication Networking Automation Technologies (ICEC2NT)",,,,,,,,,,,,,,,,FL - TS.csv,1
G9WVUBMA,conferencePaper,2025,W. Zhang; G. Xia; P. Zhang; J. Sun; J. Dong; H. Wang,Federated Intrusion Detection for Industrial IoT: A TCN-BiGRU Framework with Kalman Filter Optimization,2025 3rd International Conference on Big Data and Privacy Computing (BDPC),,,10.1109/BDPC63545.2025.11135696,https://www.scopus.com/inward/record.uri?eid=2-s2.0-105016369284&doi=10.1109%2FBDPC63545.2025.11135696&partnerID=40&md5=562150eb55eff9c29b4f294fcf86bca5,"This paper focuses on the intrusion detection problem in Industrial Internet of Things (IIoT) and SCADA networks, and proposes a TCN - BiGRU framework based on federated learning. A Kalman filter is introduced to optimize the performance of the model. This framework captures the long - term dependencies of time series data through the Temporal Convolutional Network (TCN), and combines with the Bidirectional Gated Recurrent Unit (BiGRU) to achieve bidirectional extraction of context features, which solves the limitations of traditional methods when dealing with high - dimensional dynamic network data. In the federated learning framework, the Kalman filter is applied to the dynamic optimization of the global model weights, aiming to improve the convergence speed and training stability, while ensuring data privacy and adapting to model heterogeneity. The experimental results show that the framework proposed in this paper has good performance in terms of detection accuracy and stability. This research provides a new technical path for privacy - preserving collaborative security protection in industrial control systems, and in the future, the application potential of this framework in cross - industry multi - modal attack detection will be further explored.",2025-06-30,2026-03-10 15:12:41,2026-03-10 17:08:55,,41-45,,,,,,,,,,,,,,,,Scopus,,,,Journal Abbreviation: 2025 3rd International Conference on Big Data and Privacy Computing (BDPC),,,,Artificial intelligence; Federated learning; Stability analysis; Data models; Data privacy; Federated Learning; Industrial Internet of Things; Feature extraction; Optimization; Intrusion detection; Protection; Intrusion Detection; Industrial control; SCADA; Internet of things; Network security; Performance; Kalman filters; Industrial research; Network intrusion; Time-series data; Distributed computer systems; Intrusion-Detection; High-dimensional; Convolutional networks; Modal analysis; Context features; Detection problems; Filter optimization; Long-term dependencies,,,,,,,,,,,,,,,,,,,,,,,,,,,,,,,,2025 3rd International Conference on Big Data and Privacy Computing (BDPC),,,,,,,,,,,,,,,,FL - TS.csv,1
RKIC54R9,conferencePaper,2022,V. D. Do; D. S. Mai; L. T. Ngo,Approaching semi-supervised collaborative learning model for remote sensing image analysis,2022 RIVF International Conference on Computing and Communication Technologies (RIVF),2162-786X,,10.1109/RIVF55975.2022.10013798,https://www.scopus.com/inward/record.uri?eid=2-s2.0-85147330562&doi=10.1109%2FRIVF55975.2022.10013798&partnerID=40&md5=2945d0e8048e181212fde0fc5acaa2bb,"Remote sensing image data often has many advantages in mapping, target recognition, object tracking, and so on. However, remote sensing image data often face problems such as big data, multiple dimensions, and time series. These things greatly affect the problem of remote sensing image analysis. In this paper, we extend the collaborative clustering algorithm for remote sensing image analysis by using a fuzzy semi-supervised technique. The proposed algorithm applies in the case of very few labeled data. In particular, the collaborative learning model can help reduce centralized computation at one site and instead process decentralized data at different sites. Thereby, it is possible to optimize the calculation ability with big data problems such as remote sensing image data. Moreover, by using a semi-supervised technique, it is possible to take advantage of a supervised clustering technique with a small amount of labeled data to improve the accuracy of clustering the results. Experiments on some actual remote sensing image data show that the proposed method gives significantly better results than the previously proposed methods. This result shows the potential of collaborative clustering in big data processing and improves the clustering quality by using semi-supervised fuzzy clustering with a small amount of labeled data.",2022-12-20,2026-03-10 15:12:41,2026-03-10 17:08:56,,548-553,,,,,,,,,,,,,,,,Scopus,,,,Journal Abbreviation: 2022 RIVF International Conference on Computing and Communication Technologies (RIVF),,,,Federated learning; Collaboration; Computational modeling; Analytical models; Big data; Clustering algorithms; remote sensing; Remote sensing; Learning systems; Image analysis; collaborative fuzzy clustering; Computers; land-cover; semi-supervised; Labeled data; Remote-sensing; Semi-supervised; Image data; Image-analysis; Fuzzy clustering; Collaborative learning model; Collaborative clustering; Collaborative fuzzy clustering; Land cover; Remote sensing images,,,,,,,,,,,,,,,,,,,,,,,,,,,,,,,,2022 RIVF International Conference on Computing and Communication Technologies (RIVF),,,,,,,,,,,,,,,,FL - TS.csv,1
RYM8IUN2,journalArticle,2025,Y. He; S. Chen; L. Liu,Unlocking Mobile Phones by Rolling Wrists: A Novel Motion-Based Biometric Recognition Method,IEEE Transactions on Information Forensics and Security,,1556-6021,10.1109/TIFS.2025.3622964,https://www.scopus.com/inward/record.uri?eid=2-s2.0-105019703702&doi=10.1109%2FTIFS.2025.3622964&partnerID=40&md5=eed9bf61fab36fd6efe62064ae4dd953,"With the rapid development of Internet of Things and the increasingly popularized smart devices, the biometric recognition becomes a crucial component of facilitating some basic activities of daily living, and the biometric recognition has the outstanding advantages in terms of reliability and convenience. Various biometric characteristics have been applied to realize the biometric recognition for basic human activities, and new biometric characteristics are worth exploring to further enhance the convenience of our daily lives. This paper explores a new biometric characteristic (the wrist-rolling motion). By taking the mobile phone unlocking as the typical application of the biometric recognition, we verify that the wrist-rolling motion can become an available biometric characteristic with the aid of our designed deep learning model termed RTimesNet. Specifically, RTimesNet is composed of TimesBlocks, decomposition modules, and a multi-head ProbSparse self-attention module, and it exploits the periodicity of wrist-rolling motion to extract the time series features. TimesBlocks extract the features hidden in the wrist-rolling motion, and the decomposition modules decompose the output data of TimesBlocks into the trend-cyclical data and seasonal data, which are then evenly divided and inputted into the multi-head ProbSparse self-attention module for concatenation. In addition, a federated learning manner is adopted for the motion-based biometric recognition, thus avoiding the exchange of local data and protecting the privacy of users. Extensive experiments have been conducted, and the results demonstrate that the wrist-rolling motion can become an available biometric characteristic. Compared with other biometric recognition methods, our proposed method shows a faster unlocking speed and requires less data storage with a satisfactory biometric recognition accuracy.",2025,2026-03-10 15:12:41,2026-03-10 17:08:56,,11035-11047,,,20,,IEEE Transactions on Information Forensics and Security,,,,,,,,,,,Scopus,,,,,,,,federated learning; Federated learning; Data models; Data privacy; Accuracy; Feature extraction; Time series analysis; Deep learning; Biological system modeling; deep learning; Hands; Data mining; Fingerprint recognition; Learning systems; Biometrics; Mobile handsets; Smart devices; Biometric recognition; mobile phone unlocking; wrist-rolling motion; Digital storage; Motion estimation; Human activities; Daily lives; Recognition methods; Activities of Daily Living; Mobile phone unlocking; Rolling motion; Wrist-rolling motion,,,,,,,,,,,,,,,,,,,,,,,,,,,,,,,,,,,,,,,,,,,,,,,,FL - TS.csv,1
TMBYG5V4,conferencePaper,2024,H. Yoon; K. -W. Chon; M. -S. Kim,FedSTGNN: A Federated Spatio-Temporal Graph Neural Network,2024 15th International Conference on Information and Communication Technology Convergence (ICTC),2162-1241,,10.1109/ICTC62082.2024.10826762,https://www.scopus.com/inward/record.uri?eid=2-s2.0-85217710214&doi=10.1109%2FICTC62082.2024.10826762&partnerID=40&md5=2c7f0fea9eb3523519cb1a6f4d9c181f,"Owing to the explosive growth of the Internet of Things (IoT), there have been vast volumes of sensor-generated time series data in various locations. A lot of network usage occurs through these locations to process the sensor-generated data. To reduce network usage, the point of data processing gradually shifts from the central cloud to servers at the edge of the Internet, called edge servers. To cover the paradigm shift, there has been a challenging issue in training a neural network model, which aggregates the data generated by different locations and causes a massive amount of transmitted data across the network. Federated learning successfully resolves this issue by exchanging model parameters in the edge server through the central cloud. Meanwhile, Spatio-Temporal Graph Neural Networks (STGNNs) have gained much attention for analyzing time series data transmitted from several locations in IoT environments. Despite the increasing number of STGNN models that have been examined, the integration of STGNNs and federated learning remains underexplored. This paper presents FedSTGNN, a framework that seamlessly adapts arbitrary STGNN models to edge computing environments. The proposed method partitions the spatio-temporal graph with a mathematical definition and then trains each partitioned data with an arbitrary STGNN model on edge servers separately. Then, it aggregates all the model parameters in the central cloud with dramatically reduced network usage. Through experiments, we demonstrate that the FedSTGNN framework could train the model with a reduced amount of network communication by utilizing the advantages of edge computing and a slight loss in accuracy.",2024-10-16,2026-03-10 15:12:41,2026-03-10 17:08:57,,1863-1868,,,,,,,,,,,,,,,,Scopus,,,,Journal Abbreviation: 2024 15th International Conference on Information and Communication Technology Convergence (ICTC),,,,federated learning; Federated learning; Internet of Things; IoT; Adaptation models; Servers; Time series analysis; Computational modeling; Graph neural networks; Edge computing; Mathematical models; Cloud computing; Spatio-temporal data; machine learning framework. traffic data; spatio-temporal graph neural network; Machine-learning; Edge server; Learning frameworks; Spatio-temporal graphs; Neural network model; Machine learning framework.; Network usage; Spatio-temporal graph neural network; Traffic data,,,,,,,,,,,,,,,,,,,,,,,,,,,,,,,,2024 15th International Conference on Information and Communication Technology Convergence (ICTC),,,,,,,,,,,,,,,,FL - TS.csv,1
GD4IYATT,conferencePaper,2025,X. Shangguan; X. Zeng; L. Dong; X. Fu; J. Xie,Research on Power Grid Data Governance Technology Based on Artificial Intelligence Algorithms,"2025 International Conference on Electronics and Computing, Communication Networking Automation Technologies (ICEC2NT)",,,10.1109/ICEC2NT65402.2025.11380022,,"The massive amount of multi-source heterogeneous data generated during the operation of the smart grid poses a dual challenge to data governance technology in terms of real-time and domain adaptability. This study proposes a hybrid governance framework based on artificial intelligence algorithms to address the shortcomings of traditional governance methods in dealing with the dynamic characteristics and topological constraints of power grid data. By constructing a three-layer architecture of “ARIMA+CNN+knowledge graph”, the collaboration of time series prediction, anomaly detection, and topology inference is achieved: using ARIMA to capture data stationary features, CNN to extract nonlinear patterns, and knowledge graph embedded in power grid topology rules and business logic, forming an intelligent closed loop of “prediction detection cleaning traceability”. Experiments show that the accuracy rate of the framework in current data anomaly identification reaches 96.3%, the processing delay is stable at 280 ms under $5000 / \mathrm{s}$ traffic, and the CPU utilization is reduced by more than 30% compared with the single model, effectively solving the problem of multi-source data collaborative governance and real-time response. The research results provide a technical path with both algorithm efficiency and business interpretability for power grid data governance, and will explore the application of federated learning and edge computing in cross domain governance in the future.",2025-09-03,2026-03-10 15:12:41,2026-03-10 15:28:33,,1-6,,,,,,,,,,,,,,,,,,,,"Journal Abbreviation: 2025 International Conference on Electronics and Computing, Communication Networking Automation Technologies (ICEC2NT)",,,,Artificial intelligence; Real-time systems; Collaboration; Feature extraction; Heuristic algorithms; Topology; Data governance; Cleaning; Knowledge graphs; Hybrid power systems; Artificial intelligence algorithms; Data cleaning; Hybrid framework; Knowledge graph; Power grid data governance; Real time processing,,,,,,,,,,,,,,,,,,,,,,,,,,,,,,,,"2025 International Conference on Electronics and Computing, Communication Networking Automation Technologies (ICEC2NT)",,,,,,,,,,,,,,,,FL - TS.csv,1
YDWTGFVH,conferencePaper,2024,S. Lei; X. Xia; J. Sha,Day-ahead Demand Response Potential Forecasting Method for Data Centers Based on Federated Learning,2024 IEEE/IAS Industrial and Commercial Power System Asia (I&CPS Asia),,,10.1109/ICPSAsia61913.2024.10761280,,"The unique nature of data center workloads determines a considerable adjustable potential in their power demand at different times and locations. Fully exploring and utilizing this potential is crucial for devising strategies for power load shifting, participating in demand response (DR) or electricity markets, and effectively reducing the operational costs of data centers. However, current research in demand response forecasting often inadequately considers the spatiotemporal correlation of data centers and potential privacy issues during the sample training process, limiting the accuracy and reliability of forecasting models. To address the challenges posed by this phenomenon, this paper first estimates the demand response potential of ten data centers under central server using the load elasticity coefficient method with a sliding window. Subsequently, parameter weights are assigned based on actual geographical conditions, and a federated learning algorithm based on Long Short-Term Memory (LSTM) is employed to forecast the demand response potential. Finally, the effectiveness of this method is validated using load data provided by the National Renewable Energy Laboratory (NREL).",2024-07-09,2026-03-10 15:12:41,2026-03-10 15:12:41,,490-495,,,,,,,,,,,,,,,,,,,,Journal Abbreviation: 2024 IEEE/IAS Industrial and Commercial Power System Asia (I&CPS Asia),,,,federated learning; Federated learning; Data models; Data privacy; Load modeling; Long short term memory; Forecasting; Electric potential; Data centers; Elasticity; data center; Demand response; demand response potential; load elasticity coefficient method; spatiotemporal correlation,,,,,,,,,,,,,,,,,,,,,,,,,,,,,,,,2024 IEEE/IAS Industrial and Commercial Power System Asia (I&CPS Asia),,,,,,,,,,,,,,,,FL - TS.csv,1
IVNNXQRM,conferencePaper,2024,R. Chen; J. Zhao,Fed-IoVIDS: Intrusion Detection based on Attack Behavior Analysis with Temporal Model on IoV Considering Privacy Protection,2024 International Joint Conference on Neural Networks (IJCNN),2161-4407,,10.1109/IJCNN60899.2024.10650781,https://www.scopus.com/inward/record.uri?eid=2-s2.0-85204966644&doi=10.1109%2FIJCNN60899.2024.10650781&partnerID=40&md5=4ac547b459862771fe84086e65c0d168,"With advancements in distributed communications for the IoV, security threats expose significant challenges. While current IoV intrusion detection systems demonstrate high accuracy, they rely heavily on private or easily forged data. Moreover, the training process incurs increased network communication costs, fails to protect user privacy, and distorted data degrades detection performance. To address these limitations, we proposes a distributed federated learning-based intrusion detection model for IoV using non-private behavior features. Firstly, we design a data processing algorithm that groups and slices IoV communication messages into time series. Then, behavior vectors are extracted using an attention-based time series model designed in this work. Attacks are detected by spatially transforming the residuals with a neural network. Finally, we use a federated learning algorithm for data processing and training of the model, effectively reduce communication burden and protect privacy training data on the vehicle-side. Extensive experiments on two datasets validate the proposed model, achieving F1 scores of 91.66% and 90.25% respectively, outperforming state-of-theart methods. We publicly release the model and algorithms to improve reproducibility and accessibility of effective IoV intrusion detection solutions.",2024-07-30,2026-03-10 15:12:41,2026-03-10 17:08:57,,1-8,,,,,,,,,,,,,,,,Scopus,,,,Journal Abbreviation: 2024 International Joint Conference on Neural Networks (IJCNN),,,,federated learning; Federated learning; Training; Data privacy; Feature extraction; Neural networks; Time series analysis; Differential privacy; Analytical models; Data processing; Intrusion Detection; Spatio-temporal data; Privacy Protection; Attack Behavior analysis; Distributed Communication; Network intrusion; Privacy protection; 'current; Intrusion-Detection; Behavior analysis; Intrusion Detection Systems; Temporal models; Security threats; Attack behavior; Attack behavior analyze; Distributed communications,,,,,,,,,,,,,,,,,,,,,,,,,,,,,,,,2024 International Joint Conference on Neural Networks (IJCNN),,,,,,,,,,,,,,,,FL - TS.csv,1
U2QVHMNE,journalArticle,2024,O. Lytvyn; G. Nguyen,Secure Federated Learning for Multi-Party Network Monitoring,IEEE Access,,2169-3536,10.1109/ACCESS.2024.3486810,https://www.scopus.com/inward/record.uri?eid=2-s2.0-85208408455&doi=10.1109%2FACCESS.2024.3486810&partnerID=40&md5=bfd7415c6fdbf13765cfc901b9616265,"Network monitoring is essential for IT infrastructure health, enabling proactive threat detection, bandwidth optimization, and data analysis. Federated Learning facilitates collaboration and expands threat detection capabilities by allowing multiple clients to train models while preserving privacy and security without compromising sensitive information. This work explores the application of Federated Learning for secure network monitoring by investigating its use in various data partitioning settings to train Deep Learning models across multiple data partitions, incorporating secure aggregation to enhance data privacy. We propose an approach for multiparty training of deep neural networks for time series-based network load forecasting with secure aggregation. Our approach shows that a collaboratively trained model, on horizontal partitions, performs 11%-14% better than model training only on a single partition of that type. The model trained on vertical partitions achieved performance comparable to that of the models trained on a complete data set. Finally, examining the proposed approach on horizontal and vertical partitions proved its viability in both aggregation settings, regular and secure. These contributions demonstrate the feasibility of Federated Learning to improve interoperability between multiple organizations while addressing privacy and security concerns.",2024,2026-03-10 15:12:41,2026-03-10 17:08:58,,163262-163284,,,12,,IEEE Access,,,,,,,,,,,Scopus,,,,,,,,federated learning; Federated learning; Training; Data models; Predictive models; Monitoring; Distributed databases; Load modeling; Computational modeling; Security; Differential privacy; Context modeling; Network monitoring; secret sharing; secure aggregation; time-series modeling; Times series models; Privacy and security; Threat detection; Network Monitoring; Multiple clients; Bandwidth optimization; Detection capability; IT infrastructures; Secret-sharing; Secure aggregations,,,,,,,,,,,,,,,,,,,,,,,,,,,,,,,,,,,,,,,,,,,,,,,,FL - TS.csv,1
7UIQVEY4,conferencePaper,2025,R. Hao; W. -C. Chang; J. Hu; M. Gao,Federated Learning-Driven Health Risk Prediction on Electronic Health Records under Privacy Constraints,"2025 6th International Conference on Information Science, Parallel and Distributed Systems (ISPDS)",,,10.1109/ISPDS67367.2025.11391104,,"This study addresses the challenges of privacy protection and data silos in the intelligent analysis and health risk prediction of electronic health records by proposing a federated learning-based framework. In this framework, data from different medical institutions do not require centralized storage but instead achieve cross-institutional collaborative optimization through local model training and secure parameter aggregation, thereby improving model performance under conditions of compliance and privacy protection. A multimodal feature fusion mechanism is introduced to jointly model structured diagnostic information, clinical text, and time-series data, enabling the capture of complex semantic associations and temporal relationships across modalities. At the output stage, the model adopts a probabilistic prediction strategy optimized with cross-entropy loss, which effectively enhances the accuracy and stability of risk identification. Experiments conducted on a public electronic health record dataset show that the proposed method outperforms several baseline models in accuracy, precision, recall, and F1-Score, achieving a good balance between privacy protection and predictive robustness. Overall, this study establishes an integrated framework that combines federated learning with multimodal modeling, providing a feasible path for the efficient use of electronic health records and health risk prediction, while demonstrating significant advantages in improving the value of medical data and supporting better health management decisions.",2025-11-31,2026-03-10 15:12:42,2026-03-10 15:12:42,,225-229,,,,,,,,,,,,,,,,,,,,"Journal Abbreviation: 2025 6th International Conference on Information Science, Parallel and Distributed Systems (ISPDS)",,,,Federated learning; Data models; Data privacy; Accuracy; Predictive models; Collaboration; Robustness; Protection; Medical diagnostic imaging; multimodal fusion; Electronic medical records; electronic health records; risk prediction,,,,,,,,,,,,,,,,,,,,,,,,,,,,,,,,"2025 6th International Conference on Information Science, Parallel and Distributed Systems (ISPDS)",,,,,,,,,,,,,,,,FL - TS.csv,1
47RHMS5I,conferencePaper,2025,K. Lingda; Z. Bo; Z. Yuhao; F. Min; H. Lianjie; Y. Honglei,Research on Electric Vehicle Charging Simultaneity Factor Prediction Algorithm Integrating Multi-Source Features and Federated Learning,2025 7th International Conference on Electrical Engineering and Control Technologies (CEECT),,,10.1109/CEECT67814.2025.11393109,,"Growing proliferation of electric vehicles poses significant challenges to the stability of distribution networks, the charging simultaneity factor, as a critical metric reflecting the concurrent operation of charging stations,plays a pivotal role in enabling accurate grid load forecasting and optimal scheduling. Existing research primarily focuses on charging load prediction but encounters limitations, including inadequate representation of multi-source data and potential privacy risks associated with multi-site data collaboration. To address these challenges, this study proposes a novel prediction model for the electric vehicle charging simultaneity factor that integrates multi-source features within a federated learning framework. This proposed approach leverages federated learning to safeguard data privacy and enable collaborative model training across distributed sites. It employs the sparrow search algorithm to optimize the parameters of variational mode decomposition , which effectively decomposes complex simultaneity factor time series and mitigates nonlinear interferences. Furthermore, the model integrates multi-source features including temporal, meteorological, and historical simultaneity factors data, into a Transformer-based architecture to capture long-term temporal dependencies and cross-modal correlations.Experimental results demonstrate the effectiveness and superiority of the proposed model.",2025-12-18,2026-03-10 15:12:42,2026-03-10 15:12:42,,579-585,,,,,,,,,,,,,,,,,,,,Journal Abbreviation: 2025 7th International Conference on Electrical Engineering and Control Technologies (CEECT),,,,"Federated learning; Power system stability; Stability analysis; Data models; Predictive models; Collaboration; Adaptation models; Load modeling; Transformers; electric vehicles; Electric vehicle charging; federated learning,transformer; simultaneity factor",,,,,,,,,,,,,,,,,,,,,,,,,,,,,,,,2025 7th International Conference on Electrical Engineering and Control Technologies (CEECT),,,,,,,,,,,,,,,,FL - TS.csv,1
CSCPBRFT,conferencePaper,2023,H. Zhang; K. Yan,Solar Irradiance Forecasting Utilizing Distributed and Federated Learning,"2023 IEEE International Conference on High Performance Computing & Communications, Data Science & Systems, Smart City & Dependability in Sensor, Cloud & Big Data Systems & Application (HPCC/DSS/SmartCity/DependSys)",,,10.1109/HPCC-DSS-SmartCity-DependSys60770.2023.00147,https://www.scopus.com/inward/record.uri?eid=2-s2.0-85189855296&doi=10.1109%2FHPCC-DSS-SmartCity-DependSys60770.2023.00147&partnerID=40&md5=a2fb7a20fdc41fd5c51e733a3e88332b,"Photovoltaic energy generation and prediction are crucial for the integration between solar plants and smart grid. Accurate solar radiation prediction is one of the most important research topics for solar energy generation. Existing deep learning methods require sufficient data for training for achieving the desired results. In traditional deep learning modeling, the data sets required for model training usually come from various data in different regions and organizations, and it is difficult to ensure data security and privacy protection. Federated learning can effectively utilize the data optimization model while ensuring data security and privacy, but there is still the risk of privacy leakage by analyzing the parameters uploaded by the client. To effectively utilize data optimization models while ensuring data security and privacy, we propose a method based on a federated learning framework and N-BEATS to achieve interpretable time series prediction of solar irradiance. The model builds the N-BEATS model on the solar irradiance datasets of multiple institutions in a distributed method, does not share local data to protect institutional data privacy, the concept of differential privacy (DP) is introduced, Gaussian noise is added to the parameters of the client before the server-side aggregation processing, the model parameters of each distributed node are collected through TCP communication for federated average, and the parameters are returned to each distributed node. The experimental results show that compared with other deep learning models, the model has better prediction accuracy under the premise of ensuring data security and privacy.",2023-12-17,2026-03-10 15:12:42,2026-03-10 17:08:59,,1020-1027,,,,,,,,,,,,,,,,Scopus,,,,"Journal Abbreviation: 2023 IEEE International Conference on High Performance Computing & Communications, Data Science & Systems, Smart City & Dependability in Sensor, Cloud & Big Data Systems & Application (HPCC/DSS/SmartCity/DependSys)",,,,Federated learning; Training; Data privacy; Time series analysis; Computational modeling; Deep learning; Optimization; Forecasting; Differential Privacy; Solar energy; Optimization models; Data security; Learning systems; Solar irradiance; Solar power generation; N-BEATS; Solar radiation; Differential privacies; Smart power grids; Gaussian noise (electronic); Learning models; Data security and privacy; Solar irradiances; Data optimization; Distributed nodes; Energy generations,,,,,,,,,,,,,,,,,,,,,,,,,,,,,,,,"2023 IEEE International Conference on High Performance Computing & Communications, Data Science & Systems, Smart City & Dependability in Sensor, Cloud & Big Data Systems & Application (HPCC/DSS/SmartCity/DependSys)",,,,,,,,,,,,,,,,FL - TS.csv,1
6AMVUXCD,conferencePaper,2024,L. Yuan; D. Chen,Wind Turbine Fault Diagnosis Based on Gramian Angle and Federated Learning,2024 4th International Conference on Energy Engineering and Power Systems (EEPS),,,10.1109/EEPS63402.2024.10804336,https://www.scopus.com/inward/record.uri?eid=2-s2.0-85216579174&doi=10.1109%2FEEPS63402.2024.10804336&partnerID=40&md5=0a852436c10bac041790d61300b555cb,"To improve the efficiency and accuracy of wind turbine fault detection while maintaining data confidentiality, we propose a convolutional neural network model that integrates Gram's Angle Summation Field (GAF) with a federated learning algorithm. Initially, the one-dimensional time series signal is converted into a two-dimensional image using GAF technology, and a Convolutional Neural Networks model is developed for feature extraction. To address the issue of uneven client data distribution and the tendency to get stuck in local optima, local drift variables are introduced to monitor the disparity between the learned local model and the global model, thereby enhancing fault identification accuracy in diverse data sets. Experimental findings demonstrate that the proposed model algorithm outperforms other algorithms significantly, showcasing its superiority and effectiveness. This study serves as a valuable addition to contemporary wind turbine fault diagnosis technology.",2024-08-09,2026-03-10 15:12:42,2026-03-10 17:08:59,,434-439,,,,,,,,,,,,,,,,Scopus,,,,Journal Abbreviation: 2024 4th International Conference on Energy Engineering and Power Systems (EEPS),,,,Federated learning; Data models; Accuracy; Convolutional neural networks; Fault diagnosis; Wind turbines; Fault detection; Feature extraction; Robustness; Time series analysis; fault diagnosis; federal learning; Adversarial machine learning; gramian angle; Federal learning; Convolutional neural network; Faults detection; Faults diagnosis; Neural network model; Neural network models; Data confidentiality; Gramian angle; Gramians; One-dimensional time series; Wind turbine faults,,,,,,,,,,,,,,,,,,,,,,,,,,,,,,,,2024 4th International Conference on Energy Engineering and Power Systems (EEPS),,,,,,,,,,,,,,,,FL - TS.csv,1
MUST8A8Z,conferencePaper,2022,W. Zhu; D. Song; Y. Chen; W. Cheng; B. Zong; T. Mizoguchi; C. Lumezanu; H. Chen; J. Luo,Deep Federated Anomaly Detection for Multivariate Time Series Data,2022 IEEE International Conference on Big Data (Big Data),,,10.1109/BigData55660.2022.10064694,https://www.scopus.com/inward/record.uri?eid=2-s2.0-85150424008&doi=10.1109%2FBigData55660.2022.10064694&partnerID=40&md5=523fe96bdff53cdf86057a54644b591c,"Although many anomaly detection approaches have been developed for multivariate time series data, limited effort has been made in federated settings in which multivariate time series data are heterogeneously distributed among different edge devices while data sharing is prohibited. In this paper, we investigate the problem of federated unsupervised anomaly detection and present a Federated Exemplar-based Deep Neural Network (Fed-ExDNN) to conduct anomaly detection for multivariate time series data on different edge devices. Specifically, we first design an Exemplar-based Deep Neural network (ExDNN) for learning local time series representations based on their compatibility with an exemplar module which consists of hidden parameters learned to capture varieties of normal patterns on each edge device. Next, a constrained clustering mechanism (FedCC) is employed on the centralized server to align and aggregate the parameters of different local exemplar modules to obtain a unified global exemplar module. Finally, the global exemplar module is deployed together with a shared feature encoder to each edge device, and anomaly detection is conducted by examining the compatibility of testing data to the exemplar module. Fed-ExDNN captures local normal time series patterns with ExDNN and aggregates these patterns by FedCC, and thus can handle the heterogeneous data distributed over different edge devices simultaneously. Thoroughly empirical studies on six public datasets show that ExDNN and Fed-ExDNN can outperform state-of-the-art anomaly detection algorithms and federated learning techniques, respectively.",2022-12-17,2026-03-10 15:12:42,2026-03-10 17:09:00,,1-10,,,2022-January,,,,,,,,,,,,,Scopus,,,,Journal Abbreviation: 2022 IEEE International Conference on Big Data (Big Data),,,,Federated learning; Federated Learning; Big Data; Distributed databases; Anomaly detection; Neural networks; Time series analysis; Image edge detection; Deep learning; Representation learning; Learning systems; Multivariate time series; Time series; Representation Learning; Aggregates; Unsupervised Anomaly Detection; Data Sharing; Time-series data; Deep neural networks; Unsupervised anomaly detection; Detection approach; Exemplar-based; First designs,,,,,,,,,,,,,,,,,,,,,,,,,,,,,,,,2022 IEEE International Conference on Big Data (Big Data),,,,,,,,,,,,,,,,FL - TS.csv,1
HUZT4LDH,conferencePaper,2025,S. B. Soumma; S. M. Raihanul Alam; R. Rahman; U. N. Mahi; A. Mamun; S. M. Mostafavi; H. Ghasemzadeh,Freezing of Gait Detection Using Gramian Angular Fields and Federated Learning from Wearable Sensors,2025 47th Annual International Conference of the IEEE Engineering in Medicine and Biology Society (EMBC),2694-0604,,10.1109/EMBC58623.2025.11254302,,"Freezing of gait (FOG) is a debilitating symptom of Parkinson’s disease that impairs mobility and safety by increasing the risk of falls. An effective FOG detection system must be accurate, real-time, and deployable in free-living environments to enable timely interventions. However, existing detection methods face challenges due to (1) intra-and inter-patient variability, (2) subject-specific training, (3) using multiple sensors in FOG dominant locations (e.g., ankles) leading to high failure points, (4) centralized, non-adaptive learning frameworks that sacrifice patient privacy and prevent collaborative model refinement across populations and disease progression, and (5) most systems are tested in controlled settings, limiting their real-world applicability for continuous in-home monitoring. Addressing these gaps, we present FOGSense, a real-world deployable FOG detection system designed for uncontrolled, free-living conditions using only a single sensor. FOGSense uses Gramian Angular Field (GAF) transformations and privacy-preserving federated deep learning to capture temporal and spatial gait patterns missed by traditional methods with a low false positive rate. We evaluated our system using a public Parkinson’s dataset collected in a free-living environment. FOGSense improves accuracy by 10.4% over a single-axis accelerometer, reduces failure points compared to multi-sensor systems, and demonstrates robustness to missing values. The federated architecture allows personalized model adaptation and efficient smartphone synchronization during off-peak hours, making it effective for long-term monitoring as symptoms evolve. Overall, FOGSense achieved a 22.2% improvement in F1-score and a 74.53% reduction in false positive rate compared to state-of-the-art methods, along with enhanced sensitivity for FOG episode detection, empowering preventive care and long-term symptom management as Parkinson’s progresses. Code is available: https://github.com/shovito66/FOGSense.",2025-07-14,2026-03-10 15:12:42,2026-03-10 15:12:42,,1-7,,,,,,,,,,,,,,,,,,,,Journal Abbreviation: 2025 47th Annual International Conference of the IEEE Engineering in Medicine and Biology Society (EMBC),,,,Federated learning; Training; Federated Learning; Real-time systems; Accuracy; Monitoring; Synchronization; Sensitivity; Diseases; Sensor systems; Wearable sensors; Class Imbalance; Data Scarcity; Freezing of Gait; IMU; Movement Disorder; Parkinson’s Disease; Wearable Sensors,,,,,,,,,,,,,,,,,,,,,,,,,,,,,,,,2025 47th Annual International Conference of the IEEE Engineering in Medicine and Biology Society (EMBC),,,,,,,,,,,,,,,,FL - TS.csv,1
WVQHP52E,journalArticle,2025,S. Jin; Q. Li; S. Liu; O. K. Joel; X. Ge,Hybrid Transformer-KAN Within Federated Learning Framework: A Novel Machine Learning Approach for Improved Short-Term Weather Forecasting,IEEE Access,,2169-3536,10.1109/ACCESS.2025.3591119,https://www.scopus.com/inward/record.uri?eid=2-s2.0-105011619865&doi=10.1109%2FACCESS.2025.3591119&partnerID=40&md5=836834b7bd4e303046db461173e63107,"Among the various methods used for time series prediction tasks in weather forecasting, Transformer can effectively extract global information and has achieved tremendous success. However, Transformer is challenged in forecasting series with large lookback windows due to performance degradation and computation explosion. At the same time, a new architecture of Kolmogorov–Arnold Network (KAN) has been proposed, which dramatically improves the fitting ability in constructing neural networks widely used in machine learning techniques. In order to take both advantages of Transformer and KAN, in this paper a novel method of Transformer-KAN is proposed. To be specific, the Transformer is used to extract global features and pass them to KAN, and the latter is responsible for learning global features and optimizing them with high precision. With a deep integration of Transformer and KAN, the proposed Transformer-KAN exhibits powerful feature extraction capability and fitting ability. Furthermore, federated learning is applied to the proposed method to exploit the spatio-temporal dependencies while protecting data privacy. As a result, a novel framework of Federated-Transformer-KAN is proposed to collaboratively forecast weather variables in a distributed manner, without sharing data that is collected by the intelligent sensors equipped at each weather station locally. Compared with the benchmark methods, extensive experimental results shown that better prediction accuracy and generalization are achieved by the proposed Federated-Transformer-KAN. For instance, in the task of predicting the next 1 ambient temperature at station 68328, the mean squared error of Transformer and KAN individually is reduced by 33.9% and 40.9%, respectively.",2025,2026-03-10 15:12:42,2026-03-10 17:09:00,,129920-129932,,,13,,IEEE Access,,,,,,,,,,,Scopus,,,,,,,,federated learning; Federated learning; Data privacy; Accuracy; Predictive models; Feature extraction; Computational modeling; machine learning; Forecasting; Transformers; Machine learning; transformer; Transformer; Time series prediction; Weather forecasting; Learning systems; Overfitting; Network architecture; Fitting; Kolmogorov–Arnold network (KAN); Machine-learning; Mean square error; Learning algorithms; Kolmogorov; Learning frameworks; Machine learning approaches; Global informations; Global feature; Kolmogorov–arnold network; Prediction tasks; Weather information services,,,,,,,,,,,,,,,,,,,,,,,,,,,,,,,,,,,,,,,,,,,,,,,,FL - TS.csv,1
YJW9PI3H,journalArticle,2023,Z. Liu; C. Guo; D. Liu; X. Yin,An Asynchronous Federated Learning Arbitration Model for Low-Rate DDoS Attack Detection,IEEE Access,,2169-3536,10.1109/ACCESS.2023.3247512,https://www.scopus.com/inward/record.uri?eid=2-s2.0-85149421747&doi=10.1109%2FACCESS.2023.3247512&partnerID=40&md5=ef27501a62d32cd6cda3ab0e7becbe08,"Low-rate Distributed Denial of Service (LDDoS) attacks have been one of the most notorious network security threats, which use periodic slight multi-variate time series pulse flows to degrade network quality. Limited by the poor data in a single client, a powerful and satisfactory LDDoS attack detection model is hard to be trained. Federated Learning (FL) is a promising paradigm offering joint learning through multiple clients. We propose an asynchronous federated learning arbitration framework based on bidirectional LSTM (bi-LSTM) and attention mechanism (AsyncFL-bLAM). In the AsyncFL-bLAM, the leader node election algorithm is proposed for constructing the framework of asynchronous federated learning. The proposed bLAM model composed of feature extracter and arbitrator takes on the responsibility of LDDoS detection locally. Furthermore, the novel AsyncFL framework helps to upload and aggregate the bLAM models’ parameters asynchronously between leader node and client nodes. Experimental results show that the AsyncFL-bLAM outperforms the state-of-the-art models in accuracy, and reduces the overall communication rounds.",2023,2026-03-10 15:12:42,2026-03-10 17:09:02,,18448-18460,,,11,,IEEE Access,,,,,,,,,,,Scopus,,,,,,,,Federated learning; Training; Data models; Internet of Things; Feature extraction; Deep learning; deep learning; Internet of things; Network security; IP networks; Electronic mail; Arbitration mechanism; asynchronous federated learning; low-rate distributed denial-of-service; Denial-of-service attack; Long short-term memory; Features extraction; E-learning; Attack detection; Distributed denial of service; IP-network; Asynchronoi federated learning; Arbitration mechanisms; Low rates; Low-rate distributed denial-of-service,,,,,,,,,,,,,,,,,,,,,,,,,,,,,,,,,,,,,,,,,,,,,,,,FL - TS.csv,1
K5BBSDNM,journalArticle,2024,L. Qin; L. Zhang; C. Li; C. Song; D. Cheng; S. Wang; H. Wu; A. Song,Towards Better Accuracy-Efficiency Trade-Offs: Dynamic Activity Inference via Collaborative Learning From Various Width-Resolution Configurations,IEEE Transactions on Artificial Intelligence,,2691-4581,10.1109/TAI.2024.3489532,https://www.scopus.com/inward/record.uri?eid=2-s2.0-85208664683&doi=10.1109%2FTAI.2024.3489532&partnerID=40&md5=83225ea4317a717248f5ebe4e9046340,"Recently, deep neural networks have triumphed over a large variety of human activity recognition (HAR) applications on resource-constrained mobile devices. However, most existing works are static and ignore the fact that the computational budget usually changes drastically across various devices, which prevent real-world HAR deployment. It still remains a major challenge: how to adaptively and instantly tradeoff accuracy and latency at runtime for on-device activity inference using time series sensor data? To address this issue, this article introduces a new collaborative learning scheme by training a set of subnetworks executed at varying network widths when fueled with different sensor input resolutions as data augmentation, which can instantly switch on-the-fly at different width-resolution configurations for flexible and dynamic activity inference under varying resource budgets. Particularly, it offers a promising performance-boosting solution by utilizing self-distillation to transfer the unique knowledge among multiple width-resolution configuration, which can capture stronger feature representations for activity recognition. Extensive experiments and ablation studies on three public HAR benchmark datasets validate the effectiveness and efficiency of our approach. A real implementation is evaluated on a mobile device. This discovery opens up the possibility to directly access accuracy-latency spectrum of deep learning models in versatile real-world HAR deployments. Code is available at https://github.com/Lutong-Qin/Collaborative_HAR.",2024-12,2026-03-10 15:12:42,2026-03-10 17:09:02,,6723-6738,,12,5,,IEEE Transactions on Artificial Intelligence,,,,,,,,,,,Scopus,,,,,,,,Federated learning; Accuracy; Convolutional neural networks; Sensors; Redundancy; Computational efficiency; Human activity recognition; Wearable devices; Runtime; Activity recognition; Wearable sensors; convolutional neural networks; Collaborative learning; collaborative learning; dynamic budgets; sensor; wearables; Convolutional neural network; Neural-networks; Deep neural networks; Real-world; Budget control; Wearable; Trade off; Activity inference; Dynamic budget,,,,,,,,,,,,,,,,,,,,,,,,,,,,,,,,,,,,,,,,,,,,,,,,FL - TS.csv,1
2VN92L74,conferencePaper,2024,R. Chen; P. Fan; J. Zhao,A Privacy-Preservation-Based Secured Model for Detection Network Crawlers,2024 7th World Conference on Computing and Communication Technologies (WCCCT),,,10.1109/WCCCT60665.2024.10541517,https://www.scopus.com/inward/record.uri?eid=2-s2.0-85195781682&doi=10.1109%2FWCCCT60665.2024.10541517&partnerID=40&md5=1c7828e40691c60b520a217a5076d92d,"Crawler detection is crucial for Network Service Provider (NSP), and the federated learning-based approach to crawler detection has been under vigorous investigation. Nevertheless, training crawler detection models locally with NSP training server-side data is ineffective and expose privacy risks. To address this problem, we propose a privacy-preserving and communication-efficient model for decentralized federated learning by combining NSP training server-side and central server-side aggregation. Specifically, we developed an enhanced federated learning algorithms to train the model, avoiding data transfer burdens. We design perturbed local model parameters and corresponding method to mitigate privacy risks during upload. We developed an innovative data processing algorithm that effectively enables the server to obtain structured data with spatiotemporal information by analyzing user access time and resources. Finally, we improved the time series detection model by fusing the output of each time step with the hidden layer, effectively improve the robustness of the detection model. Evaluation on two datasets under two network crawler scenarios shows substantial improvement of accuracy while ensuring privacy protection.",2024-04-12,2026-03-10 15:12:42,2026-03-10 17:09:02,,6-11,,,,,,,,,,,,,,,,Scopus,,,,Journal Abbreviation: 2024 7th World Conference on Computing and Communication Technologies (WCCCT),,,,Federated learning; Training; Data models; Feature extraction; Privacy; Time series analysis; Deep learning; Privacy Preservation; Data transfer; Learning systems; Access Time and Resources; Crawlers; Federated Deep Learning; Network Crawler Detection; Network Service Provider; Privacy preservation; Learning algorithms; Privacy-preserving techniques; Detection models; Privacy risks; Access time; Access time and resource; Federated deep learning; Internet service providers; Network crawler detection; Network crawlers; Network service providers; Server sides,,,,,,,,,,,,,,,,,,,,,,,,,,,,,,,,2024 7th World Conference on Computing and Communication Technologies (WCCCT),,,,,,,,,,,,,,,,FL - TS.csv,1
7KUZ9XDF,conferencePaper,2025,M. Meenakshi; L. Vijayakumar; M. Baliyan; V. V. Ramana; B. A. Reddy; M. Srivastava,Federated Learning and Blockchain-Based Hybrid Model for Stock Price Prediction and Financial Market Forecasting,2025 10th International Conference on Communication and Electronics Systems (ICCES),,,10.1109/ICCES67310.2025.11336984,,"Despite the stock market's central role in the nation's economy and society, predicting its prices and other financial market trends is extremely difficult since stock price time series are complicated, noisy, nonparametric, chaotic, and volatile. Investments in the market are fraught with uncertainty, making reliable forecasting an important area of study in the financial sector. In order to overcome these obstacles, they used the soft/hard threshold method to reduce noise and proposed a new MOCWT to process data more efficiently. The MPCA method substantially enhanced feature extraction. To further facilitate collaborative model development while protecting sensitive market information, a FL paradigm was also implemented. Also investigated were new techniques to federated neural architecture search, which may be either online or offline, and can use either a single or multiple objectives. Experimental findings showed that the suggested vertical FL model was successful in financial forecasting, with a high prediction accuracy of 98.41 %. In conclusion, this study highlights the possibility of enhancing stock price prediction and financial market forecasting through the integration of computational intelligence, wavelet-based processing, feature extraction, and federated learning. This could lead to more trustworthy decisionmaking while ensuring the security of data.",2025-10-28,2026-03-10 15:12:42,2026-03-10 15:12:42,,1606-1611,,,,,,,,,,,,,,,,,,,,Journal Abbreviation: 2025 10th International Conference on Communication and Electronics Systems (ICCES),,,,Federated learning; Predictive models; Feature extraction; Forecasting; Market research; Noise; Transforms; Stock markets; Federated Learning (FL); Discrete Wavelet Transform (DWT); Discrete wavelet transforms; Multioptimal Combination Wavelet Transform (MOCWT); Multivariate Principal Component Analysis (MPCA); Wavelet analysis,,,,,,,,,,,,,,,,,,,,,,,,,,,,,,,,2025 10th International Conference on Communication and Electronics Systems (ICCES),,,,,,,,,,,,,,,,FL - TS.csv,1
IZ4GQJN5,journalArticle,2025,Y. Chai; M. Liu; M. Li,Navigation Spoofing and Jamming Signals Identification of UAV Based on Federated Learning,IEEE Internet of Things Journal,,2327-4662,10.1109/JIOT.2025.3588162,,"Precise navigation signals are essential for unmanned aerial vehicles (UAVs) to achieve accurate positioning and task execution. However, global positioning system (GPS) signals are highly vulnerable to spoofing and jamming attacks, posing serious threats to flight safety. Therefore, this article proposes an intelligent detection algorithm based on federated learning (FL) for identifying spoofing and jamming signals in UAV navigation. First, the algorithm innovatively integrates the local feature extraction ability of the temporal convolutional network (TCN) and the global dependency modeling advantage of the Transformer network, constructing a TCN-Transformer model to capture the features of navigation data efficiently. Second, a distributed construction network is adopted, where weight aggregation and updates are performed via FL, enabling global optimization without data sharing. Furthermore, an accuracy-weighted aggregation strategy is introduced, dynamically assigning weights based on the detection performance of each client mode. This encourages contributions of high-quality data and computational resources, thereby enhancing the overall model performance. Simulation results demonstrate that the proposed method outperforms traditional algorithms in detecting navigation spoofing and jamming, offering superior detection accuracy and robustness.",2025-11-01,2026-03-10 15:12:42,2026-03-10 15:12:42,,44177-44188,,21,12,,IEEE Internet of Things Journal,,,,,,,,,,,,,,,,,,,Federated learning; Training; Data models; Accuracy; Internet of Things; Feature extraction; Autonomous aerial vehicles; Federated learning (FL); unmanned aerial vehicle (UAV); Global Positioning System; Navigation; global positioning system (GPS); Jamming; jamming attack; spoofing attack,,,,,,,,,,,,,,,,,,,,,,,,,,,,,,,,,,,,,,,,,,,,,,,,FL - TS.csv,1
IA9UL4HS,conferencePaper,2021,P. Akubathini; S. Chouksey; H. S. Satheesh,Evaluation of Machine Learning approaches for resource constrained IIoT devices,2021 13th International Conference on Information Technology and Electrical Engineering (ICITEE),,,10.1109/ICITEE53064.2021.9611880,https://www.scopus.com/inward/record.uri?eid=2-s2.0-85123367369&doi=10.1109%2FICITEE53064.2021.9611880&partnerID=40&md5=3fca13043f6b1bf026f3db8dd782be29,"Resource-constrained devices such as sensors, industrial controllers, analyzers etc., mostly contain limited computational capacity and memory. They are largely deployed in all industries and have been generating a huge amount of data. This data is sent to the cloud servers where various Machine Learning (ML) algorithms are applied to perform the analysis or prediction as per the application. In this process, communication requires bandwidth and time. Since the data is sent into the network, the privacy of the data is not guaranteed. Cloud servers consume a huge amount of power. To reduce these cost factors, the machine learning models are compressed and optimized such that they can fit and run in small footprint devices. The Federated Learning (FL) approach at the edge device level promises to address the data privacy and bandwidth related issues. Since it is a decentralized learning method across a set of devices, the performance of the model also improves. This paper describes and evaluates the machine learning algorithms with various compression methods suitable for resource-constrained IIoT devices and federated learning approach, particularly for time series data applications. Simulation results show that FastGRNN algorithm gives the least model size compared to the traditional RNN algorithms for time series.",2021-10-14,2026-03-10 15:12:45,2026-03-10 17:09:04,,74-79,,,,,,,,,,,,,,,,Scopus,,,,Journal Abbreviation: 2021 13th International Conference on Information Technology and Electrical Engineering (ICITEE),,,,Federated learning; Data privacy; Federated Learning; Industrial Automation; Time series analysis; Optimization; Machine learning; Performance evaluation; Collaborative work; Industrial automation; Bandwidth; Cloud computing; Machine learning algorithms; Time series; Resource-constrained environment; Learning algorithms; Optimisations; Learning approach; Machine learning approaches; Constrained optimization; Resourceconstrained devices; Cloud servers; Industrial controllers,,,,,,,,,,,,,,,,,,,,,,,,,,,,,,,,2021 13th International Conference on Information Technology and Electrical Engineering (ICITEE),,,,,,,,,,,,,,,,FL - TS.csv,1
KN8CFKNR,journalArticle,2025,K. Wu; F. Hao; R. Yao; J. Li; G. Min; S. O. Kuznetsov,Traffic Prediction Based on Formal Concept-Enhanced Federated Graph Learning,IEEE Transactions on Intelligent Transportation Systems,,1558-0016,10.1109/TITS.2025.3531108,https://www.scopus.com/inward/record.uri?eid=2-s2.0-85216873272&doi=10.1109%2FTITS.2025.3531108&partnerID=40&md5=b14084ec23cbd95cbb04b224248bd86c,"Aiming to improve the efficiency of urban traffic management, previous studies have achieved considerable traffic prediction accuracy. For example, methods based on time series analysis perform well in short-term traffic prediction, and neural networks show strong capabilities in processing complex nonlinear relationships within traffic data. However, previous studies also have the following two limitations: 1) a large amount of complex traffic data will increase the complexity of the model during training and further reduce the accuracy of the training results; 2) the large-scale distribution of traffic data leads to incomplete model training and data security issues. To address these issues, we propose a Formal Concept-enhanced Federated Graph Convolutional Network (FC-FedGCN), which adopts formal concept analysis to fully mine graph data and improve the training accuracy of the GCNs model. Under federated learning, the GCNs model can be trained independently on different clients, and the local model is optimized by sharing model parameters. Coupled with the premise of protecting data privacy, the integrity of the data is guaranteed and the training accuracy of the GCNs model is improved. We compare our model with various baseline models based on the PEMS datasets, and the results demonstrate that FC-FedGCN has significant advantages in traffic prediction, outperforming the comparison methods in multiple indicators.",2025-05,2026-03-10 15:12:45,2026-03-10 17:09:04,,6936-6948,,5,26,,IEEE Transactions on Intelligent Transportation Systems,,,,,,,,,,,Scopus,,,,,,,,Federated learning; Training; Data models; Data privacy; Accuracy; Predictive models; Prediction algorithms; Time series analysis; Roads; traffic prediction; federated graph learning; Formal concept analysis; Graph convolutional networks; Prediction accuracy; Data accuracy; Convolutional networks; Prediction-based; Traffic data; Traffic prediction; Federated graph learning; Formal concepts; Formal concepts analysis; Training accuracy; Urban traffic management,,,,,,,,,,,,,,,,,,,,,,,,,,,,,,,,,,,,,,,,,,,,,,,,FL - TS.csv,1
97SX7HLV,journalArticle,2023,Z. Xie; Y. Huang; D. Yu; R. M. Parizi; Y. Zheng; J. Pang,FedEE: A Federated Graph Learning Solution for Extended Enterprise Collaboration,IEEE Transactions on Industrial Informatics,,1941-0050,10.1109/TII.2022.3216238,https://www.scopus.com/inward/record.uri?eid=2-s2.0-85140744716&doi=10.1109%2FTII.2022.3216238&partnerID=40&md5=a297018adcf23a35e4cbd9f04236642d,"Today's business environment is characterized by uncertainty and competition, so the capability to adapt to the evolving era and unforeseen challenges is essential in business strategies. Recent studies on extended enterprise indicate that collaboration among different stakeholders is beneficial for surviving these unexpected changes. However, the barriers such as market uncertainty, privacy and trust concerns, and individual contribution evaluation limit the implementation and application of the extended enterprise concept. Federated learning (FL), in which multiple enterprise entities can use a shared model while retaining all training data locally, has emerged as a promising artificial intelligence (AI) solution for accumulating insights from multiple stakeholders and providing collaborative decision-making. Furthermore, the enhanced privacy-protection benefits of FL remove the barriers to implementing extended enterprise collaboration. In particular, an FL central server manages the local updates of multiple enterprise entities (FL clients) and aggregates their contributions to improve the global model training. Meanwhile, to address the time-series graph learning problem in most business environments, we incorporate temporal convolutional network, graph convolutional neural network, and gated recurrent unit architecture into FL to capture the temporal-spatial dependencies in individual data sources. Furthermore, we use traffic flow forecasting as the use case of our proposed framework to verify its effectiveness. Finally, the experimental results on a real traffic flow dataset and the comparison results with the state-of-the-art baseline methods show that our proposed solution achieves superior performance.",2023-07,2026-03-10 15:12:45,2026-03-10 17:09:05,,8061-8071,,7,19,,IEEE Transactions on Industrial Informatics,,,,,,,,,,,Scopus,,,,,,,,Federated learning; Training; Data models; Data privacy; Collaboration; Privacy; Decision making; privacy; Uncertainty; Recurrent neural networks; Shapley value; federated learning (FL); Soft sensors; Business; Convolution; Learning systems; Extended enterprise (EE); graph convolutional network (GCN); graph learning; Shapley value (SV); Competition; Convolutional neural network; Graph theory; Graph learning; Data structures; Extended enterprise; Graph convolutional neural network,,,,,,,,,,,,,,,,,,,,,,,,,,,,,,,,,,,,,,,,,,,,,,,,FL - TS.csv,1
VH3M4K9T,conferencePaper,2014,Y. -x. Zheng; L. -z. He,Effects of Personal Learning Space on Learners' Online Self-Regulated Learning Capability and Collaborative Learning Level,2014 International Conference of Educational Innovation through Technology,,,10.1109/EITT.2014.18,,"The purpose of this study was to examine the effects of Personal Learning Space (PLS) on learners' online self-regulated learning capability and online collaborative learning level in a face-to-face undergraduate course. 20 sophomores were randomly chosen to use PLS during their course learning. One-group pretest-posttest quasi-experimental research with time series was adopted in the study. Students were assigned to finish two learning projects. Results indicated that learners' online self-regulated learning capability and online collaborative learning level based on PLS were enhanced than before. Results also indicated that students performed better at online self-regulated learning than online collaborative learning. These findings indicated that PLS might be an effective means for improving both online self-regulated learning capability and online collaborative learning level, however, its effects on online collaborative learning level might not be as great as on online self-regulated learning capability.",2014-10-27,2026-03-10 15:12:45,2026-03-10 15:12:45,,62-67,,,,,,,,,,,,,,,,,,,,Journal Abbreviation: 2014 International Conference of Educational Innovation through Technology,,,,Collaboration; Collaborative work; Educational institutions; Blogs; Mathematics; Online Collaborative Learning Level; Online Self-regulated Learning Capability; Personal Learning Space; Social network services,,,,,,,,,,,,,,,,,,,,,,,,,,,,,,,,2014 International Conference of Educational Innovation through Technology,,,,,,,,,,,,,,,,FL - TS.csv,1
7AYGIM53,conferencePaper,2024,W. Wang; H. Han; F. Li,DRE-xLSTM: Distributed Reversible Embedding Extended Long Short-Term Memory (xLSTM) for Complex Industrial Data Imputation,2024 China Automation Congress (CAC),2688-0938,,10.1109/CAC63892.2024.10865501,https://www.scopus.com/inward/record.uri?eid=2-s2.0-86000745291&doi=10.1109%2FCAC63892.2024.10865501&partnerID=40&md5=227290c450f9bbecbf23e543f12742e6,"The large amount of sensor data poses a challenge for imputation in complex industrial processes. The prominent method of xLSTM can achieve highly accurate data imputation in time series, however, xLSTM is incapable of distributed imputation. To solve the problem in a distributed environment, a distributed reversible embedding xLSTM imputation method (DRE-xLSTM) is proposed. First, a reversible embedded xLSTM method is designed to scale the data and fuse complex features using reversible normalization and multilayer linear modules. Second, a searchable prototype federated learning method is developed to accomplish the distributed learning using searchable cell states in a reversibly embedded xLSTM for delivery. The proposed DRE-xLSTM produces more accurate imputation results than comparative methods on the QINGHE dataset.",2024-11-01,2026-03-10 15:12:45,2026-03-10 17:09:05,,2902-2907,,,,,,,,,,,,,,,,Scopus,,,,Journal Abbreviation: 2024 China Automation Congress (CAC),,,,Federated learning; Training; Accuracy; Distributed databases; Prototypes; Computer aided instruction; Distance learning; Imputation; Time Series; Vectors; Distributed; Wastewater treatment; xLSTM; Times series; Short term memory; Sensors data; Embeddings; Data imputation; Large amounts; Imputation methods; XLSTM,,,,,,,,,,,,,,,,,,,,,,,,,,,,,,,,2024 China Automation Congress (CAC),,,,,,,,,,,,,,,,FL - TS.csv,1
65NX56MT,conferencePaper,2025,S. Alosaime; A. Jhumka,RIFLES: Resource-effIcient Federated LEarning via Scheduling,2025 IEEE 22nd International Conference on Mobile Ad-Hoc and Smart Systems (MASS),2155-6814,,10.1109/MASS66014.2025.00034,https://www.scopus.com/inward/record.uri?eid=2-s2.0-105026343021&doi=10.1109%2FMASS66014.2025.00034&partnerID=40&md5=56444d3b94b5ebabc1fc6134343a8522,"Federated Learning (FL) is a privacy-preserving machine learning technique that allows decentralized collaborative model training across a set of distributed clients, by avoiding raw data exchange. A fundamental component of FL is the selection of a subset of clients in each round for model training by a central server. Current selection strategies are myopic in nature in that they are based on past or current interactions, often leading to inefficiency issues such as straggling clients. In this paper, we address this serious shortcoming by proposing the RIFLES approach that builds a novel availability forecasting layer to support the client selection process. We make the following contributions: (i) we formalise the sequential selection problem and reduce it to a scheduling problem and show that the problem is NP-complete, (ii) leveraging heartbeat messages from clients, RIFLES build an availability prediction layer to support (long term) selection decisions, (iii) we propose a novel adaptive selection strategy to support efficient learning and resource usage. To circumvent the inherent exponential complexity of the client selection problem, RIFLES leverages clients’ historical availability data to predict future availability by using a CNN-LSTM time series forecasting model, allowing the server to predict the optimal participation times of clients, thereby enabling informed selection decisions. By comparing against other FL techniques, we show that RIFLES provide significant improvement by between 10%-50% on a variety of metrics such as accuracy and test loss. To the best of our knowledge, it is the first work to investigate FL as a scheduling problem.",2025-10-06,2026-03-10 15:12:45,2026-03-10 17:09:05,,160-166,,,,,,,,,,,,,,,,Scopus,,,,Journal Abbreviation: 2025 IEEE 22nd International Conference on Mobile Ad-Hoc and Smart Systems (MASS),,,,Federated learning; Training; Data models; Predictive models; Servers; Time series analysis; Smart systems; Measurement; Forecasting; Machine learning; Client selection; Learning systems; Collaborative learning; Scheduling; Client Selection; Availability; Heart beat; Learning algorithms; Privacy preserving; Collaborative modeling; Machine learning techniques; Decentralised; Distributed computer systems; Privacy-preserving techniques; Model training; Electronic data interchange; Resource-efficient; Scheduling problem; Selection decisions; Selection problems,,,,,,,,,,,,,,,,,,,,,,,,,,,,,,,,2025 IEEE 22nd International Conference on Mobile Ad-Hoc and Smart Systems (MASS),,,,,,,,,,,,,,,,FL - TS.csv,1
YWT23ZG8,journalArticle,2025,S. Ickin; X. Lan; M. Angelova; S. Abghari; V. Boeva,Sample Selection Methods for Federated Continual Learning in a Time Series Context,IEEE Access,,2169-3536,10.1109/ACCESS.2025.3628353,https://www.scopus.com/inward/record.uri?eid=2-s2.0-105020987474&doi=10.1109%2FACCESS.2025.3628353&partnerID=40&md5=8136d15c5e0e59de8464eb105e04e832,"The complex dynamics in telecommunication networks that vary over time is due to network reconfiguration, hardware reinstallation, and other factors related to user behavior. This requires machine learning (ML) models that are robust to dynamic and time-varying data distributions in order to assist reliable network operations. This motivates us to focus on building a generalized ML model that is robust to temporal changes in data distributions by continuously training on various data distributions, that is, concepts, at different times. In a federated learning (FL) setting, when there is a concept drift at one client, iterative aggregation of client model weights causes model entanglement. This may slow down both the forgetting of the data concept learned at previous rounds and also the learning the new data concept in the current round. Traditionally, models are trained using both old and new datasets to prevent performance degradation due to catastrophic forgetting and to simultaneously adapt to new data. This requires the storage of old and new datasets. Continuous increase in the training set size with changing concepts leads to increased arithmetic operations on the data, which subsequently causes an increase in computation requirements. In this article, we propose and evaluate various sample selection methods to sustain the overall performance of ML models while reducing the number of training samples. The proposed methods reduced the training set size, addressed high computation requirement, reduced the impact of catastrophic forgetting, and helped to adapt to new data concepts better.",2025,2026-03-10 15:12:45,2026-03-10 17:09:07,,189057-189073,,,13,,IEEE Access,,,,,,,,,,,Scopus,,,,,,,,Federated learning; Stability analysis; Training; Data models; Adaptation models; Servers; Time series analysis; Computational modeling; time series data; Continuing education; Data centers; Concept drift; AI-native networks; Learning systems; Spatio-temporal data; Time series; catastrophic forgetting; Continual learning; AI/ML model lifecycle management; concept drift; Federated continual learning; future mobile networks; sample selection; Data aggregation; Complex networks; Information management; Machine learning models; Time-series data; Digital storage; Life cycle; Lifecycle management; Data reduction; Concept drifts; Catastrophic forgetting; Mobile telecommunication systems; Behavioral research; Sampling; Samples selection; AI-native network; AI/machine learning model lifecycle management; Future mobile network; Reconfigurable hardware; Time varying networks,,,,,,,,,,,,,,,,,,,,,,,,,,,,,,,,,,,,,,,,,,,,,,,,FL - TS.csv,1
EFT94HIN,journalArticle,2021,P. Zhang; C. Wang; C. Jiang; Z. Han,Deep Reinforcement Learning Assisted Federated Learning Algorithm for Data Management of IIoT,IEEE Transactions on Industrial Informatics,,1941-0050,10.1109/TII.2021.3064351,https://www.scopus.com/inward/record.uri?eid=2-s2.0-85102653562&doi=10.1109%2FTII.2021.3064351&partnerID=40&md5=68a7e02d54f611168829e0e3e4292352,"The continuous expanded scale of the industrial Internet of Things (IIoT) leads to IIoT equipments generating massive amounts of user data every moment. According to the different requirement of end users, these data usually have high heterogeneity and privacy, while most of users are reluctant to expose them to the public view. How to manage these time series data in an efficient and safe way in the field of IIoT is still an open issue, such that it has attracted extensive attention from academia and industry. As a new machine learning paradigm, federated learning (FL) has great advantages in training heterogeneous and private data. This article studies the FL technology applications to manage IIoT equipment data in wireless network environments. In order to increase the model aggregation rate and reduce communication costs, we apply deep reinforcement learning (DRL) to IIoT equipment selection process, specifically to select those IIoT equipment nodes with accurate models. Therefore, we propose a FL algorithm assisted by DRL, which can take into account the privacy and efficiency of data training of IIoT equipment. By analyzing the data characteristics of IIoT equipments, we use MNIST, fashion MNIST, and CIFAR-10 datasets to represent the data generated by IIoT. During the experiment, we employ the deep neural network model to train the data, and experimental results show that the accuracy can reach more than 97%, which corroborates the effectiveness of the proposed algorithm.",2021-12,2026-03-10 15:12:46,2026-03-10 17:09:08,,8475-8484,,12,17,,IEEE Transactions on Industrial Informatics,,,,,,,,,,,Scopus,,,,,,,,Data privacy; Reinforcement learning; Informatics; federated learning (FL); industrial Internet of Things (IIoT); Data training; deep reinforcement learning (DRL); IIoT equipment; Information management; Machine-learning; Learning algorithms; Reinforcement learnings; Time-series data; Deep neural networks; Learning technology; Learning paradigms; User data; End-users; Technology application; High heterogeneity,,,,,,,,,,,,,,,,,,,,,,,,,,,,,,,,,,,,,,,,,,,,,,,,FL - TS.csv,1
V7BPRT34,journalArticle,2024,Y. Shan; Y. Yao; X. Zhou; T. Zhao; B. Hu; L. Wang,CFL-IDS: An Effective Clustered Federated Learning Framework for Industrial Internet of Things Intrusion Detection,IEEE Internet of Things Journal,,2327-4662,10.1109/JIOT.2023.3324302,https://www.scopus.com/inward/record.uri?eid=2-s2.0-85174818568&doi=10.1109%2FJIOT.2023.3324302&partnerID=40&md5=9425946b3b096a9a76d58a99085356ce,"The Industrial Internet of Things (IIoT) offers the manufacturing sector opportunities for transformation and upgrade but also carries significant security risks. Traditional federated learning (FL) as a potential security solution is challenging in complicated application environments with heterogeneous data, imbalanced data, and poisoning attacks. To address these challenges, we construct a clustered FL Framework for IIoT intrusion detection (CFL-IDS) based on local models’ evaluation metrics (EMs). First, we designed an intrusion detection model with a dynamic focal loss (DFL) for all edge nodes (ENs). This model’s performance is enhanced under various imbalanced data partitions by dynamically altering the focus on samples during the loss minimization training process. Second, the time series of EMs of local models to reflect the data distribution of ENs implicitly, and use clustering algorithms to facilitate knowledge sharing among those ENs with similar data distribution to co-optimize a common model for them. Finally, an intelligent cooperative model aggregation mechanism (ICMAM) adaptively adjusts each local model’s weight distribution, which substantially improves the benefits of FL and alleviates subpar models’ alleviates interference from subpar models to FL. Experiments demonstrate that CFL-IDS has stronger robustness and displays superior performance under data imbalance and non-independent and identically distributed (non-IID) situations while being effective against poisoning attacks.",2024-03-15,2026-03-10 15:12:46,2026-03-10 17:09:08,,10007-10019,,6,11,,IEEE Internet of Things Journal,,,,,,,,,,,Scopus,,,,,,,,Training; Data models; Industrial Internet of Things; Adaptation models; Robustness; Computational modeling; Intrusion detection; Clustering algorithms; Internet of things; Network security; Learning systems; poisoning attack; Clustered federated learning (FL); data imbalanced; evaluation metrics (EMs); Industrial Internet of Things (IIoT) Intrusion detection; non-independent and identically distributed (non-IID); Industrial internet of thing; Computational modelling; Intrusion-Detection; Clustered federated learning; Non-independent and identically distributed; Poisoning attacks; Data imbalanced; Evaluation metrics; Industrial internet of thing intrusion detection,,,,,,,,,,,,,,,,,,,,,,,,,,,,,,,,,,,,,,,,,,,,,,,,FL - TS.csv,1
5ZC8669C,journalArticle,2026,S. Li; M. Liu; X. Cheng; J. Xiao; S. Chen,Time-Frequency Collaborative Learning for Imbalanced Ship Motion Data With Missing Labels in Sea State Estimation,IEEE Transactions on Cybernetics,,2168-2275,10.1109/TCYB.2025.3610416,,"Semi-supervised learning (SSL) has gained significant attention in the domain of sea state estimation (SSE) due to its capacity to alleviate the reliance of deep learning models on extensive labeled datasets. While existing semi-supervised SSE methodologies leveraging pseudo-labeling have achieved promising results, they often overlook the challenges posed by high class imbalance and the prevalence of missing data in ship motion datasets, which restricts their broader applicability. In this article, we propose a novel SSL approach BalanceSSE based on the class-imbalanced ship motion data for SSE. This approach consists of three main modules: 1) the dynamic imputation (DIT); 2) the imbalance temporal-frequency learning (ITFL); and 3) the ClusterProx classifier (CL). The DIT module dynamically imputes incomplete ship motion data by assigning different weights to various dimensions data. The ITFL module employs time-frequency collaborative learning to generate pseudo-labels and integrate an adaptive confidence strategy to select high confidence pseudo-labels. This process is further enhanced by the CL module to produce better estimates. Experimental tests on UCR datasets and ship motion datasets demonstrate that BalanceSSE outperforms state-of-the-art methods. Ablation studies highlight the critical role of each module in BalanceSSE.",2026-02,2026-03-10 15:12:46,2026-03-10 15:12:46,,685-698,,2,56,,IEEE Transactions on Cybernetics,,,,,,,,,,,,,,,,,,,Federated learning; Training; Data models; Accuracy; Predictive models; Time series analysis; Marine vehicles; Imputation; Time-frequency analysis; missing data; class imbalance; semi-supervised learning (SSL); Autonomous marine vessel; Sea state; sea state estimation (SSE),,,,,,,,,,,,,,,,,,,,,,,,,,,,,,,,,,,,,,,,,,,,,,,,FL - TS.csv,1
RETKFMUE,conferencePaper,2022,Y. Xing; H. An; Y. Zhang,Federated Learning-Based Space-Time Data Prediction on Edge Devices,2022 7th International Conference on Intelligent Computing and Signal Processing (ICSP),,,10.1109/ICSP54964.2022.9778747,https://www.scopus.com/inward/record.uri?eid=2-s2.0-85131820292&doi=10.1109%2FICSP54964.2022.9778747&partnerID=40&md5=cfa3bb39ddac5ed5844b9b51a40f37b2,"With the wide application of edge devices in Internet of Things (IoT), the current space-time data prediction algorithms are unable to accurately predict the frequently updated time series data due to the inability to automatically update the prediction models according to the different scenarios. In addition, degrading the prediction performance due to the collected data cannot be shared among edge devices with privacy protection. In order to solve above problem and achieve accurate prediction under privacy-preserving, the space-time convolution networks based on federated learning (FedSTCN) algorithm is proposed. Specifically, the space-time convolution networks (STCN) is adopted to extract temporal and spatial features for achieving high-precision multi-sensor monitoring data prediction. Moreover, the FedSTCN shares model training weights between edge devices under privacy-preserving to guarantee the distributed prediction performance. Numerical simulations show that the proposed FedSTCN algorithm achieves superior prediction performance than existing the-state-of-art space-time data prediction algorithms with fewer datasets and privacy protection.",2022-04-15,2026-03-10 15:12:46,2026-03-10 17:09:09,,737-741,,,,,,,,,,,,,,,,Scopus,,,,Journal Abbreviation: 2022 7th International Conference on Intelligent Computing and Signal Processing (ICSP),,,,federated learning; Federated learning; Data privacy; Costs; Predictive models; IoT; Prediction algorithms; Feature extraction; edge computing; Forecasting; Performance evaluation; Edge computing; Convolution; Internet of things; Signal processing algorithms; space-time data prediction; Privacy preserving; Privacy protection; Privacy-preserving techniques; Prediction performance; Spacetime; Data prediction; Data prediction algorithms; Space-time data prediction; Time convolution,,,,,,,,,,,,,,,,,,,,,,,,,,,,,,,,2022 7th International Conference on Intelligent Computing and Signal Processing (ICSP),,,,,,,,,,,,,,,,FL - TS.csv,1
3D3LFGNZ,conferencePaper,2024,S. Sheikhi; P. Kostakos,Advancing Security in 5G Core Networks Through Unsupervised Federated Time Series Modeling,2024 IEEE International Conference on Cyber Security and Resilience (CSR),,,10.1109/CSR61664.2024.10679491,https://www.scopus.com/inward/record.uri?eid=2-s2.0-85206176397&doi=10.1109%2FCSR61664.2024.10679491&partnerID=40&md5=d51fce87ec9180a8c184a8bd97aedbbd,"The rapid development of fifth-generation (5G) mobile communication technology poses fresh challenges for cybersecurity defense systems. Current intrusion detection mechanisms in 5G networks have shortcomings, particularly in identifying sophisticated cyber attacks. Our study presents a novel approach combining Federated Learning with Long Short-Term Memory (LSTM) networks to enhance cyber threat detection on the GTP protocol within 5G infrastructures. Our approach leverages the collective analytical power of multiple devices to identify cyber threats more effectively. The model validated against two major cyber threats, Distributed Packet Forwarding Control Protocol (PFCP) and IP address spoofing emulated within a specially constructed 5G test environment that mirrors a complex public network infrastructure. The findings demonstrate that our unsupervised FL-LSTM model effectively identifies 5G cyber threats while preserving individual network traffic privacy, highlighting Federated Learning's potential to strengthen 5G and beyond network security.",2024-09-02,2026-03-10 15:12:46,2026-03-10 17:09:10,,353-356,,,,,,,,,,,,,,,,Scopus,,,,Journal Abbreviation: 2024 IEEE International Conference on Cyber Security and Resilience (CSR),,,,Federated learning; Privacy; Time series analysis; Intrusion detection; Protocols; LSTM; 5G mobile communication; Threat assessment; Telecommunication traffic; Cyber security; 5G security; cyber-security; intrusion detection systems; Times series models; Short term memory; 5G mobile communication systems; Network intrusion; 'current; Cyber threats; Cyber attacks; Intrusion Detection Systems; Core networks; Computer viruses; 5g security; Defence systems; Mobile communication technology,,,,,,,,,,,,,,,,,,,,,,,,,,,,,,,,2024 IEEE International Conference on Cyber Security and Resilience (CSR),,,,,,,,,,,,,,,,FL - TS.csv,1
NBI3XPG3,journalArticle,2026,T. Nie; W. Ma; J. Sun; Y. Yang; J. Cao,Collaborative Imputation of Urban Time Series Through Cross-City Meta-Learning,IEEE Transactions on Knowledge and Data Engineering,,1558-2191,10.1109/TKDE.2025.3633492,https://www.scopus.com/inward/record.uri?eid=2-s2.0-105022447521&doi=10.1109%2FTKDE.2025.3633492&partnerID=40&md5=ec3b2e04ed6aab246bb538b5f1a0d3bc,"Urban time series, such as mobility flows, energy consumption, and pollution records, encapsulate complex urban dynamics and structures. However, data collection in each city is impeded by technical challenges such as budget limitations and sensor failures, necessitating effective data imputation techniques that can enhance data quality and reliability. Existing imputation models, categorized into learning-based and analytics-based paradigms, grapple with the trade-off between capacity and generalizability. Collaborative learning to reconstruct data across multiple cities holds the promise of breaking this trade-off. Nevertheless, urban data's inherent irregularity and heterogeneity issues exacerbate challenges of knowledge sharing and collaboration across cities. To address these limitations, we propose a novel collaborative imputation paradigm leveraging meta-learned implicit neural representations (INRs). INRs offer a continuous mapping from domain coordinates to target values, integrating the strengths of both paradigms. By imposing embedding theory, we first employ continuous parameterization to handle irregularity and reconstruct the dynamical system. We then introduce a cross-city collaborative learning scheme through model-agnostic meta learning, incorporating hierarchical modulation and normalization techniques to accommodate multiscale representations and reduce variance in response to heterogeneity. Extensive experiments on a diverse urban dataset from 20 global cities demonstrate our model's superior imputation performance and generalizability, underscoring the effectiveness of collaborative imputation in resource-constrained settings.",2026-02,2026-03-10 15:12:46,2026-03-10 17:09:10,,940-955,,2,38,,IEEE Transactions on Knowledge and Data Engineering,,,,,,,,,,,Scopus,,,,,,,,Federated learning; Data models; Collaboration; Adaptation models; Neural networks; Time series analysis; Analytical models; Knowledge transfer; Urban areas; Imputation; Spatiotemporal phenomena; Learning systems; Time series; Metalearning; Collaborative learning; meta learning; cross-city generalization; implicit neural representations; Time series imputation; Knowledge management; Times series; Economic and social effects; Energy utilization; Data Sharing; Generalisation; Budget control; Data reliability; Cross-city generalization; Flow energy; Implicit neural representation; Neural representations; Trade off,,,,,,,,,,,,,,,,,,,,,,,,,,,,,,,,,,,,,,,,,,,,,,,,FL - TS.csv,1
7L3T2FLA,conferencePaper,2024,R. Du; S. Li; P. Zhao,A Behavioral Recognition-Based Federated Learning Framework for IoT Environments,2024 International Joint Conference on Neural Networks (IJCNN),2161-4407,,10.1109/IJCNN60899.2024.10651433,,"Identifying the behavior and intent of various Internet of Things (IoT) devices distributed across different environments is a challenge. The previous centralized modeling approach ran the risk of invading privacy. This study develops a federated learning approach enhanced by Long short-term memory (LSTM) networks to improve the accuracy of modeling the behavior of iot devices in decentralized networks. We extract periodic communication features locally at each node, focusing on relevant behavior sequences while protecting privacy. Applying LSTM to these periodic sequences captures the temporal dynamics necessary for behavioral modeling. The federated LSTM model then aggregates the locally learned behavior patterns to classify device sequences and interactions without sharing the raw data. Experiments show that this method can accurately identify the key behaviors of iot devices. By focusing on periodic communication, our technology enables collaborative device behavior identification across distributed nodes without compromising user privacy. This provides a pathway for privacy-protecting behavioral intelligent federated learning in iot environments.",2024-07-30,2026-03-10 15:12:46,2026-03-10 15:12:46,,1-9,,,,,,,,,,,,,,,,,,,,Journal Abbreviation: 2024 International Joint Conference on Neural Networks (IJCNN),,,,Federated learning; Internet of Things; Collaboration; Feature extraction; Privacy; Long short term memory; Security; Streams; LSTM; Focusing; Object recognition; Iot device behavior recognition; Privacy security,,,,,,,,,,,,,,,,,,,,,,,,,,,,,,,,2024 International Joint Conference on Neural Networks (IJCNN),,,,,,,,,,,,,,,,FL - TS.csv,1
C5KIWVWY,conferencePaper,2025,K. Praveen; V. K. D. M,AI-Powered Crop Disease Detection Using Drone-Based Multispectral Imaging and Federated Learning,2025 IEEE 6th Global Conference for Advancement in Technology (GCAT),,,10.1109/GCAT66372.2025.11368475,,"Plant diseases are sources of serious concern to world food security particularly in those areas where there is the absence of proper diagnostic facilities on time. Conventional disease detection methods using AI use centralized data and RGB images restricts accuracy and flexibility of various agro-climatics zones. We come up with the AI-powered solution to this problem, combining drone-based multispectral imaging with an edge-efficient federated learning (FL) to recognize crop diseases in a decentralized way. In contrast to the current ones, our solution incorporates the element of a tailor-made, resource-efficient hybrid spectral-temporal model trained on a local level within several farm clusters, so there is no need to transfer raw data. A new Spectral Anomaly Differential Index (SADI) was developed and it was found to accurately increase disease-specific characteristics in time-series multispectral frames. Tests in 5 geographically distributed farms (including 3 types of crops) showed a 93.2% disease detection accuracy, an average 41.6% reduction in communication overhead over the baseline FL models. In addition, the suggested strategy was 27.8% faster than convergence and needed only 32% of the total data amount required by the conventional centralized training methods. These performance results verify the extent to which our system is practical to scale, and privacy-preserving crop health monitoring in practical, agricultural use-cases.",2025-10-24,2026-03-10 15:12:46,2026-03-10 15:12:46,,1-7,,,,,,,,,,,,,,,,,,,,Journal Abbreviation: 2025 IEEE 6th Global Conference for Advancement in Technology (GCAT),,,,Federated learning; Training; Federated Learning; Accuracy; Monitoring; Sensors; Diseases; Crops; Precision agriculture; Crop Disease Detection; Drone Sensing; Multispectral imaging; Multispectral Imaging; Plant diseases; Precision Agriculture,,,,,,,,,,,,,,,,,,,,,,,,,,,,,,,,2025 IEEE 6th Global Conference for Advancement in Technology (GCAT),,,,,,,,,,,,,,,,FL - TS.csv,1
XQJMN7VM,conferencePaper,2023,P. Gautam; M. Vakilifard; C. Bockelmann; A. Dekorsy,Cooperative Interference Estimation Using LSTM-Based Federated Learning for In-X Subnetworks,GLOBECOM 2023 - 2023 IEEE Global Communications Conference,2576-6813,,10.1109/GLOBECOM54140.2023.10437515,https://www.scopus.com/inward/record.uri?eid=2-s2.0-85187390313&doi=10.1109%2FGLOBECOM54140.2023.10437515&partnerID=40&md5=2b53143cc312b39edeeda121c08b4f8e,"“Network of subnetworks” is envisioned to be a key enabler in a 6G network with extremely low (100 μs) latency and high-reliability (99.9999%-99.99999%) in demanding applications. However, to achieve this level of performance, it is necessary to introduce a proactive and robust interference estimation considering the random mobility of subnetworks in an ultra-dense environment. We propose long-short term memory (LSTM) to learn the non-linear behavior of interference power time series for robust estimation and prediction in in-X subnetworks. This proposed method empowers to prediction/estimation of interference on the subnetwork itself. The achieved estimation result is compared with the moving average-based and expectation based estimators. Furthermore, we introduce federated learning (FL) in-X subnetworks' interference estimation, which learns cooperatively from the interference power vector of subnetworks participating in training. The results indicate that the proposed FL-based estimator achieves a higher convergence speed and lower estimation error.",2023-12-04,2026-03-10 15:12:46,2026-03-10 17:09:12,,1338-1344,,,,,,,,,,,,,,,,Scopus,,,,Journal Abbreviation: GLOBECOM 2023 - 2023 IEEE Global Communications Conference,,,,Federated learning; Training; Estimation; Time series analysis; Convergence; Forecasting; 6G; LSTM; Interference; Smart Industry; Vectors; FL; In-X; Interference Estimation; Interference Prediction; Subnetworks; Long short-term memory; Learn+; 6g; High reliability; Interference estimation; Interference power; Interference prediction; Smart industry,,,,,,,,,,,,,,,,,,,,,,,,,,,,,,,,GLOBECOM 2023 - 2023 IEEE Global Communications Conference,,,,,,,,,,,,,,,,FL - TS.csv,1
UXXMI742,journalArticle,2024,Y. Zhang; X. Wang; P. Wang; B. Wang; Z. Zhou; Y. Wang,Modeling Spatio-Temporal Mobility Across Data Silos via Personalized Federated Learning,IEEE Transactions on Mobile Computing,,1558-0660,10.1109/TMC.2024.3453657,https://www.scopus.com/inward/record.uri?eid=2-s2.0-85203540829&doi=10.1109%2FTMC.2024.3453657&partnerID=40&md5=523f507292cbcdabca8feefec7d9ea47,"Spatio-temporal mobility modeling plays a pivotal role in the advancement of mobile computing. Nowadays, data is frequently held by various distributed silos, which are isolated from each other and confront limitations on data sharing. Given this, there have been some attempts to introduce federated learning into spatio-temporal mobility modeling. Meanwhile, the distributional heterogeneity inherent in the spatio-temporal data also puts forward requirements for model personalization. However, the existing methods tackle personalization in a model-centric manner and fail to explore the data characteristics in various data silos, thus ignoring the fact that the fundamental cause of insufficient personalization in the model is the heterogeneous distribution of data. In this paper, we propose a novel distribution-oriented personalized Federated learning framework for Cross-silo Spatio-Temporal mobility modeling (named FedCroST), that leverages learnable spatio-temporal prompts to implicitly represent the local data distribution patterns of data silos and guide the local models to learn the personalized information. Specifically, we focus on the potential characteristics within temporal distribution and devise a conditional diffusion module to generate temporal prompts that serve as guidance for the evolution of the time series. Simultaneously, we emphasize the structure distribution inherent in node neighborhoods and propose adaptive spatial structure partition to construct the spatial prompts, augmenting the spatial information representation. Furthermore, we introduce a denoising autoencoder to effectively harness the learned multi-view spatio-temporal features and obtain personalized representations adapted to local tasks. Our proposal highlights the significance of latent spatio-temporal data distributions in enabling personalized federated spatio-temporal learning, providing new insights into modeling spatio-temporal mobility in data silo scenarios. Extensive experiments conducted on real-world datasets demonstrate that FedCroST outperforms the advanced baselines by a large margin in diverse cross-silo spatio-temporal mobility modeling tasks.",2024-12,2026-03-10 15:12:46,2026-03-10 17:09:12,,15289-15306,,12,23,,IEEE Transactions on Mobile Computing,,,,,,,,,,,Scopus,,,,,,,,Federated learning; Data models; Personalized federated learning; Computational modeling; Task analysis; data silos; Correlation; Mobile computing; Spatio-temporal data; personalized federated learning; Adversarial machine learning; distribution heterogeneity; Mobility models; Spatio-temporal mobility modeling; Data distribution; Data silos; Spatio-temporal; Personalizations; Distribution heterogeneity; Mobile-computing; Mobility modeling,,,,,,,,,,,,,,,,,,,,,,,,,,,,,,,,,,,,,,,,,,,,,,,,FL - TS.csv,1
P78S6HMG,journalArticle,2025,J. Lv; B. -G. Kim; K. Li,Fed-HealthGen: A Generative Federated Framework for Privacy-Preserving Personalized Healthcare Using Wearable Consumer Electronics,IEEE Transactions on Consumer Electronics,,1558-4127,10.1109/TCE.2025.3624693,https://www.scopus.com/inward/record.uri?eid=2-s2.0-105020093792&doi=10.1109%2FTCE.2025.3624693&partnerID=40&md5=12d7ba5de93867191be41c19db2aecec,"Wearable healthcare consumer electronics generate substantial medical time-series data with significant potential for personalized healthcare applications. However, effectively modeling such data in federated settings presents unique challenges due to pronounced Non-Independent and Identically Distributed (Non-IID) characteristics, privacy concerns, and personalization requirements. This paper proposes Med-FedLSG, a novel federated learning framework that addresses these challenges through three key innovations: a variational temporal representation learning mechanism with explicit disentanglement of shared and personalized features, a conditional temporal generator with physiological constraints, and a two-level federated optimization framework based on knowledge distillation. Extensive experiments on the MIMIC-III clinical database and UCI-HAR dataset demonstrate that Med-FedLSG consistently outperforms existing federated learning methods, achieving 85.47% accuracy on MIMIC-III and 92.28% on UCI-HAR. Furthermore, our framework achieves superior intra-user consistency scores of 0.89 on MIMIC-III and 0.93 on UCI-HAR, demonstrating enhanced stability for long-term medical monitoring. Ablation studies validate the effectiveness of our personalized representation separation mechanism and conditional temporal generator. The proposed approach successfully balances generalization and personalization while maintaining privacy, offering promising solutions for smart wearable health applications.",2025-11,2026-03-10 15:12:47,2026-03-10 17:09:13,,11440-11452,,4,71,,IEEE Transactions on Consumer Electronics,,,,,,,,,,,Scopus,,,,,,,,Artificial intelligence; Federated learning; Data models; Data privacy; Monitoring; Servers; Medical services; Consumer electronics; Biomedical monitoring; generative AI; Generative AI; Learning systems; Biomedical imaging; Generators; consumer electronics; personalized medicine; wearable healthcare; Health care; Privacy preserving; Time-series data; Privacy-preserving techniques; Medical computing; Health care application; Wearable technology; Medical time series; Personalizations; Distributed characteristics; Personalized healthcare; Personalized medicine; Personalized medicines; Wearable healthcare,,,,,,,,,,,,,,,,,,,,,,,,,,,,,,,,,,,,,,,,,,,,,,,,FL - TS.csv,1
TXCCIS68,journalArticle,2023,Y. -W. Chang; H. -Y. Chen; C. Han; T. Morikawa; T. Takahashi; T. -N. Lin,FINISH: Efficient and Scalable NMF-Based Federated Learning for Detecting Malware Activities,IEEE Transactions on Emerging Topics in Computing,,2168-6750,10.1109/TETC.2023.3292924,https://www.scopus.com/inward/record.uri?eid=2-s2.0-85164705206&doi=10.1109%2FTETC.2023.3292924&partnerID=40&md5=75e20f751965b0bdd9d7063116e184e2,"5G networks with the vast number of devices pose security threats. Manual analysis of such extensive security data is complex. Dark-NMF can detect malware activities by monitoring unused IP address space, i.e., the darknet. However, the challenges of cooperative training for Dark-NMF are immense computational complexity with Big Data, communication overhead, and privacy concern with darknet sensor IP addresses. Darknet sensors can observe multivariate time series of packets from the same hosts, represented as intersecting columns in different data matrices. Previous works do not consider intersecting columns, losing a host's semantics because they do not aggregate the host's time series. To solve these problems, we proposed a federated IoT malware detection NMF for intersecting source hosts (FINISH) algorithm for offloading computing tasks to 5G multiaccess edge computing (MEC). The experiments show that FINISH is scalable to a data size with a shorter computational time and has a lower false positive detection performance than Dark-NMF. The comparison results demonstrate that FINISH has better computation and communication efficiency than related works and a short communication time, taking only 1/10 the execution time in a simulated 5G MEC. The experimental results can provide substantial insights into developing federated cybersecurity in the future.",2023-12,2026-03-10 15:12:47,2026-03-10 17:09:14,,934-949,,4,11,,IEEE Transactions on Emerging Topics in Computing,,,,,,,,,,,Scopus,,,,,,,,federated learning; Federated learning; Training; Costs; Time series analysis; Fuzzy logic; Big data; Edge computing; Semantics; 5G mobile communication; Time-series analysis; IP networks; 5G MEC; Darknet; Malware; malware activity; nonnegative matrix factorization; Complex networks; 5G mobile communication systems; Matrix algebra; Internet protocols; Mobile communications; Factorization; 5 G multiaccess edge computing; 5g mobile communication; Darknets; Fuzzy-Logic; IP-network; Malware activity; Malwares; Multiaccess; Nonnegative matrix factorization,,,,,,,,,,,,,,,,,,,,,,,,,,,,,,,,,,,,,,,,,,,,,,,,FL - TS.csv,1
IIZPVIPL,conferencePaper,2024,P. Aupke; A. Nakao; A. Kassler,Uncertainty-Aware Forecasting of Computational Load in MECs Using Distributed Machine Learning: A Tokyo Case Study,2024 33rd International Conference on Computer Communications and Networks (ICCCN),2637-9430,,10.1109/ICCCN61486.2024.10637613,,"Mobile Edge Clouds (MECs) address the critical needs of bandwidth-intensive, latency-sensitive mobile applications by positioning computing and storage resources at the network's edge in Edge Data Centers (EDCs). However, the diverse, dynamic nature of EDCs' resource capacities and user mobility poses significant challenges for resource allocation and management. Efficient EDC operation requires accurate forecasting of computational load to ensure optimal scaling, service placement, and migration within the MEC infrastructure. This task is complicated by the temporal and spatial fluctuations of computational load.We develop a novel MEC computational demand forecasting method using Federated Learning (FL). Our approach leverages FL's distributed processing to enhance data security and prediction accuracy within MEC infrastructure. By incorporating uncertainty bounds, we improve load scheduling robustness. Evaluations on a Tokyo dataset show significant improvements in forecast accuracy compared to traditional methods, with a 42.04% reduction in Mean Absolute Error (MAE) using LightGBM and a 34.93% improvement with CatBoost, while maintaining minimal networking overhead for model transmission.",2024-07-29,2026-03-10 15:12:47,2026-03-10 15:12:47,,1-6,,,,,,,,,,,,,,,,,,,,Journal Abbreviation: 2024 33rd International Conference on Computer Communications and Networks (ICCCN),,,,Federated Learning; Accuracy; Predictive models; Machine Learning; Robustness; Uncertainty; Processor scheduling; Resource Management; Fluctuations; CPU-Load Prediction; Edge Data Center; Mobile applications; Mobile Edge Cloud,,,,,,,,,,,,,,,,,,,,,,,,,,,,,,,,2024 33rd International Conference on Computer Communications and Networks (ICCCN),,,,,,,,,,,,,,,,FL - TS.csv,1
9HHLIZAP,journalArticle,2026,B. Yang; L. Yan; Z. Li; M. Kao; H. Gao; X. Sun; C. Shen,Joint Privacy-Preserving Cloud Workload Prediction Based on Federated Learning,IEEE Transactions on Networking,,2998-4157,10.1109/TON.2025.3643456,,"Organizations around the world are increasingly using multiple clouds for critical workloads, which makes the accurate prediction of cloud workload a collaborative task across multiple cloud providers. Our experimental studies on four large-scale cloud workload datasets demonstrate that the workloads are highly heterogeneous, and different cloud providers have highly heterogeneous model pReferences, which makes the above task challenging. Accordingly, we propose a joint privacy-preserving cloud workload prediction framework based on Federated Learning (FL), which enables the collaborative training of a workload prediction model across cloud providers with heterogeneous workloads and model preferences without exposing private workload data. To handle workload heterogeneity without privacy leakage, we first design a Generative Adversarial Network (GAN) based virtual workload dataset generation method that incorporates workloads’ temporal and resource-usage-plan-related features via temporal-aware feature calibration. Then, to handle model heterogeneity, we design a FL approach based on a hybrid local model composed of a homogeneous public model and a heterogeneous personal model. Finally, we design a Knowledge Distillation (KD) based approach to post-train the personal model with both private workload knowledge and shared workload knowledge learned from the trained global public model. Extensive experiments on various real-world workloads and actual implementations demonstrate that compared with the state-of-the-art, our framework improves workload prediction accuracy by 57.7% in average over all cloud providers.",2026,2026-03-10 15:12:47,2026-03-10 15:12:47,,2256-2270,,,34,,IEEE Transactions on Networking,,,,,,,,,,,,,,,,,,,federated learning; Training; Data models; Accuracy; Predictive models; Collaboration; Adaptation models; Load modeling; Computational modeling; Generative adversarial networks; knowledge distillation; Cloud computing; Cloud workload prediction,,,,,,,,,,,,,,,,,,,,,,,,,,,,,,,,,,,,,,,,,,,,,,,,FL - TS.csv,1
BAQLCLWQ,conferencePaper,2025,Y. Kuang; L. Yan; Z. Li,P3 Forecast: Personalized Privacy-Preserving Cloud Workload Prediction Based on Federated Generative Adversarial Networks,2025 IEEE International Parallel and Distributed Processing Symposium (IPDPS),1530-2075,,10.1109/IPDPS64566.2025.00038,https://www.scopus.com/inward/record.uri?eid=2-s2.0-105013078612&doi=10.1109%2FIPDPS64566.2025.00038&partnerID=40&md5=ea5f37f8d85490059e6789e8dbba27cf,"To comply with privacy regulations and selfprotection from cloud outages, increasingly more users are leveraging multiple cloud providers for service deployment. However, due to the isolation of highly Non-Identically and Independently Distributed (Non-IID) workload datasets and deficiencies of existing methods as reflected in our experimental studies, no cloud providers can single-handedly capture the workload patterns of such users for accurate workload prediction. Accordingly, we propose $\boldsymbol{P}^{3}$ Forecast, a Personalized Privacy-Preserving Cloud workload prediction framework based on Federated Generative Adversarial Networks (GANs), which allows cloud providers with Non-IID workload data to collaboratively train workload prediction models as preferred while protecting privacy. We first design a data synthesis quality assessment method based on Dynamic Time Warping (called pattern-aware DTW), which is insusceptible to time series length and reliable for the comparison of temporal patterns. By using pattern-aware DTW as the model aggregation weights, we adopt the Federated Learning (FL) of a GAN model for the augmentation of IID workload training datasets per cloud provider. Then, we further design a post-training method of local workload prediction models, which consists of a query mechanism for extracting the most informative synthesized data for training dataset augmentation and a learning rate adjustment strategy for stable convergence. Extensive experiments driven by real-world workloads demonstrate that compared with the state-of-the-art, $P^{3}$ Forecast improves workload prediction accuracy by $19.5 \%-46.7 \%$ in average over all cloud providers, while ensuring the fastest convergence in Federated GAN training. The codes can be found at https://github.com/liyan2015/P3Forecast.",2025-06-03,2026-03-10 15:12:47,2026-03-10 17:09:14,,1-11,,2025,,,,,,,,,,,,,,Scopus,,,,Journal Abbreviation: 2025 IEEE International Parallel and Distributed Processing Symposium (IPDPS),,,,Federated learning; Training; Data models; Federated Learning; Accuracy; Predictive models; Training data; Time series analysis; Generative adversarial networks; Convergence; Forecasting; Data mining; Learning systems; Generative Adversarial Networks; Quality assessment; Cloud workload prediction; Cloud Workload Prediction; Privacy preserving; Prediction models; Privacy-preserving techniques; Prediction modelling; Prediction-based; Adversarial networks; Training dataset; Privacy regulation; Cloud providers; Distributed workloads; Workload predictions,,,,,,,,,,,,,,,,,,,,,,,,,,,,,,,,2025 IEEE International Parallel and Distributed Processing Symposium (IPDPS),,,,,,,,,,,,,,,,FL - TS.csv,1
VZ4WTRE8,journalArticle,2025,W. Huang; F. Wang; J. Chen; J. Liu; Z. Liu; T. Li,A Federated Framework for Air Quality Prediction With Predefined Graph and Adaptive Graph,IEEE Internet of Things Journal,,2327-4662,10.1109/JIOT.2025.3563956,https://www.scopus.com/inward/record.uri?eid=2-s2.0-105003680877&doi=10.1109%2FJIOT.2025.3563956&partnerID=40&md5=d8b1b335cc9d27d628372bd51ad70b22,"Air quality prediction utilizes IoT technologies to collect data centrally for model training, which may cause regulatory risks, privacy concerns, and high costs of integrating data. Meanwhile, distributed training through federated learning relies on the predefined graph structure generated by the geographic locations of air monitoring stations, which fails to capture the potential spatial relationships between air monitoring stations. In addition, the inherent multiperiod attribute of air quality data makes time series changes extremely complex. To this end, this article proposes a federated framework for air quality prediction with predefined graph and adaptive graph (FedPAG). Specifically, the client encodes the air quality data and meteorological data provided by the Internet of Things (IoT) system using the multiperiod interaction and encoder modules to capture the proximity and periodicity features of the time series data. Next, the server combines the hidden states uploaded by the clients with predefined graph and adaptive graph, respectively and forms node embeddings to capture the spatial features among the clients. Then, the client concatenates the hidden states with node embeddings to fuse the spatial information and feeds them into the decoder to obtain the final predicted values. Finally, we conduct experiments on the Beijing and Shijiazhuang datasets to demonstrate the effectiveness of the proposed method.",2025-07-15,2026-03-10 15:12:50,2026-03-10 17:09:14,,27606-27617,,14,12,,IEEE Internet of Things Journal,,,,,,,,,,,Scopus,,,,,,,,federated learning; Training; Data models; Predictive models; Internet of Things; Monitoring; Atmospheric modeling; Servers; Sensors; Time series analysis; Air quality; air quality prediction; Adaptive graph; multiperiod interaction; Model training; Internet of things technologies; Embeddings; Air monitoring stations; Air quality data; Air quality prediction; Hidden state; Multi-period; Multi-period interaction,,,,,,,,,,,,,,,,,,,,,,,,,,,,,,,,,,,,,,,,,,,,,,,,FL - TS.csv,1
J5N42A3T,journalArticle,2025,H. Kabbaj; R. El-Azouzi; A. Kobbane,ClusFed: A Clustering-Based Defense for Secure Federated Learning,IEEE Access,,2169-3536,10.1109/ACCESS.2025.3605870,https://www.scopus.com/inward/record.uri?eid=2-s2.0-105015052742&doi=10.1109%2FACCESS.2025.3605870&partnerID=40&md5=a92f9e761630e1e15c77fc799431f4f7,"As IoT devices continue to proliferate, the demand for secure and efficient machine learning solutions becomes increasingly critical. Federated Learning (FL) offers a promising approach by enabling decentralized model training across distributed clients while preserving data privacy. However, FL systems are susceptible to adversarial threats, such as data and model poisoning attacks, where compromised clients send corrupted updates to undermine the global model’s performance. In this paper, we develop an innovative, lightweight Byzantine resistance strategy, called ClusFed, which uses adaptive client selection mechanisms. By leveraging clustering techniques to dynamically differentiate between honest and malicious clients, based on their local model updates. ClusFed effectively mitigates the impact of malicious nodes while sometimes exploiting their data, depending on the type of attack. This approach ensures robust performance even with up to 40% of clients being malicious. Extensive experiments on non independent, identically distributed (non-IID) partitions of MNIST, CIFAR-10, Shakespeare and a time series Water Leak datasets demonstrate that ClusFed consistently outperforms state-of-the-art Byzantine-resilient methods like FedMedian, Multi-Krum, and TrimmedMean. The results highlight ClusFed’s ability to maintain high accuracy, achieving up to 93% for MNIST and 76% for CIFAR-10, 86% for Water Leak and 40% for Shakespeare dataset, as well as stability in various attack scenarios while guaranteeing efficient learning times.",2025,2026-03-10 15:12:50,2026-03-10 17:09:15,,156949-156966,,,13,,IEEE Access,,,,,,,,,,,Scopus,,,,,,,,Federated learning; Training; Data models; Data privacy; Accuracy; Internet of Things; Adaptation models; Servers; Anomaly detection; Robustness; edge computing; Security; Reviews; Cybersecurity; Edge computing; Clustering algorithms; Internet of things; Network security; Learning systems; Cyber security; Distributed AI; Adversarial machine learning; adversarial attacks; cyber defense; cybersecurity in IoT; decentralized machine learning; distributed AI; Machine-learning; Decentralised; Cluster analysis; Decentralized machine learning; Cyber-defense; Cybersecurity in IoT; Shakespeare; Water leaks,,,,,,,,,,,,,,,,,,,,,,,,,,,,,,,,,,,,,,,,,,,,,,,,FL - TS.csv,1
YVPD7RC2,conferencePaper,2025,A. M. Ida; N. Gomathi; P. M. Jesi; A. Joel; A. R. Deepa; M. Suji,Tier Wear Estimation with Federated CNN-LSTM Learning Method with Privacy Enhancement,2025 IEEE International Conference on Advances in Computing Research On Science Engineering and Technology (ACROSET),,,10.1109/ACROSET66531.2025.11281292,,"In order to guarantee vehicle safety and operational effectiveness, tire wear estimate is essential. A privacy-preserving method for real-time tire wear monitoring is proposed in this research by combining three-axis accelerometers and Hall effect sensors with a federated deep learning framework. Through the detection of both temporal and spatial patterns in sensor data, a hybrid CNN-LSTM model is employed to accurately classify tire conditions as ""good"" or ""bad"". To ensure data confidentiality, the approach combines federated learning, which enables local model training on edge devices, with safe aggregation and encryption techniques. Unlike conventional centralized systems, raw sensor data remains on the device and only encrypted model changes are transmitted. The experimental results highlight the system's viability for deployment in intelligent and connected transportation networks by demonstrating high classification accuracy and effective privacy preservation.",2025-09-27,2026-03-10 15:12:50,2026-03-10 15:12:50,,1-6,,,,,,,,,,,,,,,,,,,,Journal Abbreviation: 2025 IEEE International Conference on Advances in Computing Research On Science Engineering and Technology (ACROSET),,,,Federated learning; Data models; Data privacy; Estimation; Federated Learning; Real-time systems; Sensors; Deep learning; Context modeling; Tires; Privacy Preservation; Sensor systems; CNN-LSTM; Tire Wear Estimation,,,,,,,,,,,,,,,,,,,,,,,,,,,,,,,,2025 IEEE International Conference on Advances in Computing Research On Science Engineering and Technology (ACROSET),,,,,,,,,,,,,,,,FL - TS.csv,1
KM45TLI2,conferencePaper,2025,K. M. Monica; D. P. U. Rani; S. K. S; M. K; R. Ramya,Rényi Differential Privacy with a Temporal Convolutional Network for Privacy Preserving Data in Healthcare IoT,2025 3rd International Conference on Data Science and Network Security (ICDSNS),,,10.1109/ICDSNS65743.2025.11168651,,"In modern era, the significant growth in the deployment of Internet of Healthcare Things (IoHT) devices has led to rise in concern about data privacy and security, particularly in Intrusion Detection System (IDS). However, existing Federated Learning (FL) based approach integrated, E-Differential Privacy (DP) with Convolutional Neural Network (CNN) and Deep Neural Network (DNN) but struggled with tradeoff between accuracy and privacy, lack of ability for temporal pattern recognition and limited adaptability to sequential healthcare data. Therefore, a novel privacy preserving FL framework that integrates Rényi Differential Privacy with a Temporal Convolutional Network (RDP-TCN) is proposed. Initially, the input data is collected from Washington University in St. Louis - Enhanced Healthcare Monitoring System (WUSTL-EHMS-2020) and East Carolina University - Internet of Healthcare Things (ECU-loHT) dataset. Next, the collected data is preprocessed by performing min max normalization and Synthetic Minority Oversampling Technique (SMOTE). After preprocessing, the input data is passed to the edge devices in FL architecture, where a TCN is trained by each client to capture long term dependencies. Further, RDP is used to process the trained local model gradients to ensure privacy preservation. Then, Federated Averaging is used by central server to aggregate the differentially private updates, thereby to obtain the global TCN model. Finally, the global TCN model performs intrusion detection across healthcare IoT environments. Therefore, the proposed RDP-TCN obtained 97.21% accuracy and 0.29 of privacy budget when compared to existing models.",2025-07-25,2026-03-10 15:12:50,2026-03-10 15:12:50,,1-5,,,,,,,,,,,,,,,,,,,,Journal Abbreviation: 2025 3rd International Conference on Data Science and Network Security (ICDSNS),,,,federated learning; Federated learning; Data models; Accuracy; Convolutional neural networks; data privacy; Internet; Privacy; Medical services; Differential privacy; Performance evaluation; Intrusion detection; intrusion detection systems; internet of healthcare things; rényi differential privacy,,,,,,,,,,,,,,,,,,,,,,,,,,,,,,,,2025 3rd International Conference on Data Science and Network Security (ICDSNS),,,,,,,,,,,,,,,,FL - TS.csv,1
6LTKWRDV,journalArticle,2026,W. Wang; H. Liu; W. Ma,Robust and Secure Multiparty Collaborative QoS Prediction Scheme for IIoT Services,IEEE Transactions on Industrial Informatics,,1941-0050,10.1109/TII.2026.3656244,https://www.scopus.com/inward/record.uri?eid=2-s2.0-105030114915&doi=10.1109%2FTII.2026.3656244&partnerID=40&md5=fc11eafb51bc11059569f9b232644189,"The rapid growth of intelligent manufacturing within the Industrial Internet of Things (IIoT) has highlighted the importance of quality of service (QoS) as a key metric for system performance and reliability. Due to its dynamic and heterogeneous nature, accurate QoS prediction is essential but remains difficult under data silos, privacy constraints, and limited trust among industrial entities. To overcome these limitations, this article proposes a robust and secure multiparty collaborative (RSMC) QoS prediction scheme for IIoT service recommendation. RSMC leverages a federated learning architecture with a secure aggregation strategy, facilitating joint model training across factories without exposing raw data. Specifically, a hybrid local time-aware prediction model integrating a temporal convolutional network with a bidirectional simple recurrent unit is employed to capture long-term dependencies and nonlinear dynamics in QoS time series. To ensure the security of collaborative training, a robust functional encryption mechanism is introduced to achieve secure parameter aggregation and effectively resist inference and collusion attacks. Experiments on real QoS datasets show that the proposed scheme achieves superior prediction accuracy compared with mainstream approaches, while preserving privacy and enabling large-scale collaboration.",2026,2026-03-10 15:12:50,2026-03-10 17:09:15,,1-12,,,,,IEEE Transactions on Industrial Informatics,,,,,,,,,,,Scopus,,,,,,,,Federated learning; Training; Data models; Data privacy; Accuracy; Predictive models; Industrial Internet of Things; Collaboration; Long short term memory; Forecasting; Federated learning (FL); Encryption; Quality of service; Internet of things; Network security; Industrial Internet of Things (IIoT) services; quality of service (QoS) prediction; simple recurrent unit (SRU); temporal convolutional network (TCN); Dynamics; Prediction models; Distributed computer systems; Privacy-preserving techniques; Simple++; Quality-of-service; Convolutional networks; Temporal convolutional network; Rapid growth; Industrial internet of thing  service; Prediction schemes; Quality of service  prediction; Simple recurrent unit,,,,,,,,,,,,,,,,,,,,,,,,,,,,,,,,,,,,,,,,,,,,,,,,FL - TS.csv,1
2R7J3S93,journalArticle,2023,C. Zhang; M. Dong; K. Ota,Effective 3C Resource Utilization and Fair Allocation Strategy for Multi-Task Federated Learning,IEEE Transactions on Machine Learning in Communications and Networking,,2831-316X,10.1109/TMLCN.2023.3285171,https://www.scopus.com/inward/record.uri?eid=2-s2.0-105027896417&doi=10.1109%2FTMLCN.2023.3285171&partnerID=40&md5=d7a3dbd753f464abb095f13ec94c9165,"Nowadays, one of the main challenges in expanding AI applications is the effective use of Computation, Communication, and Caching (3C) resources. The complexity of the cloud environment and the diversity of resource usage make it challenging to complete federated learning tasks in a cost-effective, timely, and seamless manner. To address these issues, this paper proposes a comprehensive approach to optimize the overall service efficiency of federated learning in time-varying and 3C-constrained environments. Firstly, a utility function based on convergence efficiency is proposed to reflect the physical benefits of processing AI tasks. Then, a fair allocation strategy consistent with the optimization goal is designed by modeling the task allocation process through virtual queue Lyapunov drift. Next, a Federated Learning Long Short-Term Memory (LSTM) based Queuing Optimization and Allocation Policy Calculation Algorithm (FL-QAPC) is proposed for resource allocation policy calculation using multi-dimensional network state inputs with time series. This algorithm implements predictive control based on historical records. Finally, a feasible experimental test platform is conducted, which is extended to an actual wireless mobile scenario based on 5G. The superiority of the proposed solution is verified through comparison with other benchmarks.",2023,2026-03-10 15:12:50,2026-03-10 17:09:16,,153-167,,,1,,IEEE Transactions on Machine Learning in Communications and Networking,,,,,,,,,,,Scopus,,,,,,,,Federated learning; Training; Resource management; Task analysis; Convergence; Optimization; Cloud computing; Resource allocation; Learning systems; AI applications; learning systems; mobile communication; multitasking; user centered design; Efficiency; 5G mobile communication systems; Cost effectiveness; Mobile communications; Multi tasks; Cloud environments; Constrained optimization; Learning tasks; Allocation strategy; Resources utilizations; Resource usage; Fair allocation,,,,,,,,,,,,,,,,,,,,,,,,,,,,,,,,,,,,,,,,,,,,,,,,FL - TS.csv,1
257THCY8,journalArticle,2025,Z. Ni; M. Karlsson; S. Gong,A Study of Federated Deep Learning for Building Indoor Climate Forecasting,IEEE Access,,2169-3536,10.1109/ACCESS.2025.3601973,https://www.scopus.com/inward/record.uri?eid=2-s2.0-105013980567&doi=10.1109%2FACCESS.2025.3601973&partnerID=40&md5=97ac8f4006c9eded80b7dcbbec50bc7a,"This study investigates federated deep learning for multi-horizon indoor climate forecasting in historic buildings. Unlike traditional centralized or isolated local learning approaches, this work explores federated learning (FL) as a solution that balances prediction accuracy with data privacy. By combining FL with deep learning, the study addresses challenges in distributed environments, including data heterogeneity and communication efficiency. Eight deep learning architectures and six FL algorithms have been evaluated across three learning cases: local learning, centralized learning, and FL. The case study has used several years of hourly data on indoor temperature, relative humidity, and CO2 concentration from three public historic buildings, along with outdoor weather conditions. It has been shown that time-series dense encoder (TiDE) and gated recurrent units (GRU) consistently outperformed other architectures, capturing temporal dependencies effectively across all cases. Among FL algorithms, federated averaging (FedAvg) and federated median (FedMedian) demonstrated the best overall performance, with fast convergence and low validation loss. A comparison of the three learning cases revealed distinct trade-offs. Centralized learning typically achieved the highest predictive accuracy but required full data aggregation, raising privacy concerns. Local learning ensured data privacy but performed worse than centralized learning and FL due to limited amount of data. FL offered a balance, enabling collaborative model training without sharing raw data. TiDE combined with FedAvg or FedMedian achieved accuracy within 5–10% of the centralized models, measured by the coefficient of variation of the root mean squared error (CV-RMSE), making it a promising approach for privacy-sensitive scenarios. These results highlight the potential of FL for accurate and privacy-preserving indoor climate forecasting. The proposed approach supports scalable, institution-level collaboration without compromising data confidentiality. It is especially relevant for facility managers and heritage conservationists who are seeking data-driven indoor climate control in sensitive heritage buildings.",2025,2026-03-10 15:12:50,2026-03-10 17:09:16,,148838-148858,,,13,,IEEE Access,,,,,,,,,,,Scopus,,,,,,,,federated learning; Federated learning; Data models; Data privacy; Accuracy; Servers; Time series analysis; Computational modeling; Deep learning; Differential privacy; Forecasting; Weather forecasting; Buildings; Learning systems; Multivariate time series; Meteorology; Time series; multivariate time series; Collaborative learning; indoor climate forecasting; public historic buildings; Tides; Centralised; Learning algorithms; Times series; Economic and social effects; Distributed computer systems; Data accuracy; Office buildings; Climate forecasting; Historic buildings; Historic preservation; Indoor climate; Indoor climate forecasting; Local learning; Public historic building,,,,,,,,,,,,,,,,,,,,,,,,,,,,,,,,,,,,,,,,,,,,,,,,FL - TS.csv,1
75UBN2CJ,conferencePaper,2023,A. K. Bapatla; S. P. Mohanty; E. Kougianos,FortiRx 2.0: Smart Privacy-Preserved Demand Forecasting of Prescription Drugs in Healthcare-CPS,2023 OITS International Conference on Information Technology (OCIT),,,10.1109/OCIT59427.2023.10430944,https://www.scopus.com/inward/record.uri?eid=2-s2.0-85186738185&doi=10.1109%2FOCIT59427.2023.10430944&partnerID=40&md5=70e5099343ab22b32115aba35ac66ebf,"Pharmaceutical Supply Chains (PSCs) are a combination of processes and networks involved in the production, distribution, and delivery of pharmaceutical products from the stage of raw materials till they reach the end-user which is typically patients. PSC is a complex and critical part of the Healthcare Cyber-Physical System (H-CPS) that ensures the availability, quality, and timely delivery of pharmaceutical products to meet the needs of the patients. One of the main characteristics of efficient PSC is accurate production planning and resource allocation which not only reduces the costs but also significantly enhances customer satisfaction. Accurate production planning for manufacturers needs accurate demand prediction models in place, otherwise can lead to overstocking or under-stocking, wastage, and other costs. Demand prediction of pharmaceutical products is very complicated due to unexpected fluctuations due to seasonality, pandemics, and several other reasons. This causes supply chain disruptions which may in turn cause both life and financial losses. Many statistical methods and machine learning models including time series analysis for forecasting the demand based on historical, but the significant setback is the availability of real-time data and privacy concerns on prescription data being shared. The current proposed FortiRx 2.0 architecture leverages a blockchain-based prescription system and federated learning approach to solve these issues and provide accurate demand forecasting. Federated XGBoost is used for demand prediction and different evaluation metrics are computed for performance evaluation of implemented model. These metrics are compared with baseline models Naive and Seasonal Naive as a reference and the results from the comparison are discussed.",2023-12-13,2026-03-10 15:12:50,2026-03-10 17:09:17,,438-443,,,,,,,,,,,,,,,,Scopus,,,,Journal Abbreviation: 2023 OITS International Conference on Information Technology (OCIT),,,,Federated learning; Federated Learning; Costs; Predictive models; Time series analysis; Deep learning; Blockchain; Medical services; Forecasting; Cyber-physical systems; Supply chains; Demand forecasting; Time-series analysis; Embedded systems; Time-Series Analysis; Learning systems; XGBoost; Demand Forecasting; Healthcare Cyber-Physical System (H-CPS); Distributed Ledger Technology; Pharmaceutical Supply Chain; Prescription System; Production planning; Block-chain; Cybe-physical systems; Losses; Xgboost; Production control; Controlled drug delivery; Customer satisfaction; Distributed ledg technology; Harmonic analysis; Healthcare cybe-physical system; Pharmaceutical supply chains; Prescription system; Targeted drug delivery,,,,,,,,,,,,,,,,,,,,,,,,,,,,,,,,2023 OITS International Conference on Information Technology (OCIT),,,,,,,,,,,,,,,,FL - TS.csv,1
2HITD58B,conferencePaper,2025,K. Padmavathi; Y. Pal; M. Mounika; G. P. Rokade; H. Anandaram; S. Kumar,A Federated Deep Learning Approach for Privacy-Preserving Cardiovascular Risk Prediction,"2025 3rd International Conference on IoT, Communication and Automation Technology (ICICAT)",,,10.1109/ICICAT68430.2025.11414716,,"Cardiovascular disease remain one of the leading causes of mortality in the world, which highlights the need to predict the risk accurately and just in time. The study proposes a federated deep learning model of estimating cardiovascular risks via privacy-preservation, based on distributed patient data of online repositories and offline healthcare centers, using 1,000 patient records of electronic health records, ECG time-series signals, and spectrogram images, which are normalised, imputed, and reduced noise, segmented, and augmented, to reflect data quality and integrity to deep learning models. It compared 3 architectures, including ResNet-50 (CNN), used to extract imaging and spectrogram features, BiLSTM, used to therapeutically sequence ECG and clinical time-series, and a 3-layer MLP, used to extract structured tabular EHR features. In a federated learning configuration, local models were trained without sacrificing the privacy of patients, but allowed joint model improvement. It was measured in terms of performance versus precision, recall, F1-score, accuracy, AUC-ROC, and confusion matrices. Findings demonstrated that, ResNet-50 was more accurate in predicting cardiovascular risk and was the most discriminative among BiLSTM and MLP in all aspects. BiLSTM was effective in the field of temporal patterns detection whereas the MLP served as a useful benchmark. The federated structure promoted secured real-time model deployment without the leakage of sensitive patient information. These findings indicate that deep convolutional networks with federated learning can provide cardiovascular risk prediction with scalability and privacy-immering solution. The suggested solution has enormous capacity to support clinical decisions to eliminate high-risk patients at an early stage and facilitate intervention in order to improve cardiovascular outcomes.",2025-12-05,2026-03-10 15:12:50,2026-03-10 15:12:50,,1-6,,,,,,,,,,,,,,,,,,,,"Journal Abbreviation: 2025 3rd International Conference on IoT, Communication and Automation Technology (ICICAT)",,,,Federated learning; Data models; Accuracy; Convolutional neural networks; Predictive models; Feature extraction; Deep learning; Electrocardiography; Privacy-preserving; Bidirectional long short term memory; Cardiovascular risk prediction; ResNet-50; Spectrogram,,,,,,,,,,,,,,,,,,,,,,,,,,,,,,,,"2025 3rd International Conference on IoT, Communication and Automation Technology (ICICAT)",,,,,,,,,,,,,,,,FL - TS.csv,1
Y4L8YEDU,conferencePaper,2026,R. Suleiman; A. M. Vera Venkata Sai,Privacy-Preserving Digital Twin Framework for Autonomous and Connected Vehicles,2026 IEEE 23rd Consumer Communications & Networking Conference (CCNC),2331-9860,,10.1109/CCNC65079.2026.11366505,,"Vehicular Digital Twins (VDTs) are emerging as key components in Autonomous and Connected Vehicles (ACVs), enabling real-time monitoring and threat detection. However, in decentralized environments, collaborative learning among VDTs raises significant privacy concerns such as data leakage, re-identification risks and compromised VDTs. This paper presents a decentralized Federated Learning (FL) framework with Differential Privacy (DP) to enable secure and privacy-preserving threat detection across VDTs using a Bi-directional Long Short-Term Memory Autoencoder (Bi-LSTM AE) within an FL setting. The model is designed to capture temporal dependencies in a time series vehicular dataset without compromising data privacy. The model’s performance was evaluated on two attack scenarios, Denial of Service (DoS) and data replay, and compared against existing LSTM-based models in both federated and non-federated contexts. Without DP, the model achieved an F1-score of about 90% and AUC of 95%, performing better than similar methods. We incorporate DP into the FL process to further enhance privacy and assess its impact across different clients. Although, recall remains high, there is a trade-off in precision and accuracy resulting in a global F1-score of 77%. These results highlight the effectiveness of Bi-LSTM AE for decentralized anomaly detection as well as the critical need to balance privacy with utility in real-world deployments.",2026-01-09,2026-03-10 15:12:50,2026-03-10 15:12:50,,1-6,,,,,,,,,,,,,,,,,,,,Journal Abbreviation: 2026 IEEE 23rd Consumer Communications & Networking Conference (CCNC),,,,Federated learning; Data models; Federated Learning; Adaptation models; Digital twins; Digital Twins; Privacy; Anomaly detection; Anomaly Detection; Differential privacy; Context modeling; Differential Privacy; Connected vehicles; Threat assessment; V2V,,,,,,,,,,,,,,,,,,,,,,,,,,,,,,,,2026 IEEE 23rd Consumer Communications & Networking Conference (CCNC),,,,,,,,,,,,,,,,FL - TS.csv,1
6SABLAIF,journalArticle,2023,Y. Hu; X. Sun; Y. Tian; L. Song; K. C. Tan,Communication Efficient Federated Learning With Heterogeneous Structured Client Models,IEEE Transactions on Emerging Topics in Computational Intelligence,,2471-285X,10.1109/TETCI.2022.3209345,https://www.scopus.com/inward/record.uri?eid=2-s2.0-85160829564&doi=10.1109%2FTETCI.2022.3209345&partnerID=40&md5=5765509b0aba9a3034e9b04f8eb1efff,"Federated learning (FL) has recently attracted much attention due to its superior performance in privacy protection when processing data from different terminals. However, homogeneous deep learning models are pervasively adopted without considering the difference between distinct data in various clients, resulting in low learning performance and high communication costs. This paper thus proposes a novel FL framework with heterogeneous structured client models for handling different data scales and investigates its superiority over canonical FL with homogeneous models. Additionally, singular value decomposition is adopted on the client models to reduce the amount of transmitted data, i.e., the communication costs. The aggregation mechanism with multiple models on the central server is then presented based on the heterogeneous characteristics of the uploaded parameters and models. The proposed framework is applied to four benchmark classification datasets and a trend following task on electromagnetic radiation intensity time series data. Experimental results demonstrate that the proposed method can effectively improve the accuracy of local learning models and significantly reduce communication costs.",2023-06,2026-03-10 15:12:50,2026-03-10 17:09:18,,753-767,,3,7,,IEEE Transactions on Emerging Topics in Computational Intelligence,,,,,,,,,,,Scopus,,,,,,,,Federated learning; Training; Data models; Data privacy; Costs; Servers; Deep learning; Optimization; Performance; Matrix decomposition; neural network; heterogeneous structured model; singular value decomposition; Cost reduction; Neural-networks; Optimisations; Client models; Learning models; Classification (of information); Communication cost; Singular value decomposition; Heterogeneous structured model; Structured modeling,,,,,,,,,,,,,,,,,,,,,,,,,,,,,,,,,,,,,,,,,,,,,,,,FL - TS.csv,1
9EV49PCI,journalArticle,2026,J. Shi; Z. Guo; Y. Huang,User Comment Brushing Behavior Identification Algorithm for Malicious Network Behavior Detection,IEEE Transactions on Computational Social Systems,,2329-924X,10.1109/TCSS.2025.3614707,https://www.scopus.com/inward/record.uri?eid=2-s2.0-105020432317&doi=10.1109%2FTCSS.2025.3614707&partnerID=40&md5=6f06bd8ad21eadb6802e5bc502f29adc,"As the behavior of user comment brushing on e-commerce and social platforms becomes increasingly hidden, this article constructs a detection algorithm that integrates dynamic graph neural network (dynamic GNN) and federated learning to detect the blind spots caused by deep learning-generated text and cross-platform collaborative brushing. Dynamic GNN is used to model user-device temporal associations to identify group topological features, and federated learning is used to aggregate multiplatform features to improve cross-platform detection performance while protecting privacy. Based on user comment behavior sequences, such as device ID (identifier), IP (Internet protocol), and timestamp, a dynamic heterogeneous graph (nodes: users/devices; edges: interaction frequency and time series) is constructed, and the topological structure is updated through a sliding window to capture short-term collaborative brushing patterns. A time-aware graph attention mechanism is adopted to aggregate the historical states of neighbor nodes and the current interaction features and output the temporal embedding vector of the user node to characterize its membership in the brushing group. Each platform trains the dynamic GNN model locally, and the central server aggregates cross-platform features such as device fingerprints and IP geographic distribution through federated averaging (FedAvg) to avoid the sharing of raw data. The user temporal embedding is concatenated with the federated features and input into the multilayer perceptron (MLP). The probability of user brushing is output, and the suspicious groups are marked after the threshold is determined. Experimental results show that the dynamic GNN integrated with federated learning has a false alarm rate of 12.1% and an F1-score of 83.1% under an attack density of 50%, demonstrating high cross-platform detection performance. When the time window changes from 30 to 600 s, the mean feature update delay decreases linearly with the increase of the window (38.2→15.9 ms), maintaining a millisecond-level response. The changing trend of the mean training throughput (12 450→29 450 edges/s) directly reflects the elastic expansion capability of the model architecture and has a high dynamic topology capture timeliness. The experimental data verify the effectiveness of this article’s research on the algorithm for identifying user comment brushing behavior.",2026-02,2026-03-10 15:12:50,2026-03-10 17:09:19,,1180-1193,,1,13,,IEEE Transactions on Computational Social Systems,,,,,,,,,,,Scopus,,,,,,,,federated learning; Federated learning; Training; Data models; Real-time systems; Collaboration; Feature extraction; Computational modeling; Deep learning; Graph neural networks; IP networks; Windows; Network architecture; Network topology; Aggregates; Dynamic graph neural network (dynamic GNN); federated averaging (FedAvg); malicious network behavior detection; user comment brushing; Behavioral research; Embeddings; Internet protocols; Multilayer neural networks; User devices; Graph algorithms; Behavior detection; Cross-platform; Dynamic graph; Dynamic graph neural network; Error detection; Federated averaging; Malicious network behavior detection; Multilayers; Network behaviors; User comment brushing,,,,,,,,,,,,,,,,,,,,,,,,,,,,,,,,,,,,,,,,,,,,,,,,FL - TS.csv,1
HPVT5RSJ,journalArticle,2025,C. -J. Chuang; K. -H. Liu,Federated Learning-Aided Beam Prediction for Multi-User Millimeter Wave Communications,IEEE Transactions on Cognitive Communications and Networking,,2332-7731,10.1109/TCCN.2024.3494741,https://www.scopus.com/inward/record.uri?eid=2-s2.0-85209673102&doi=10.1109%2FTCCN.2024.3494741&partnerID=40&md5=1521073a8a317af248e02220c446f24a,"Seamless and high-rate millimeter wave (mmWave) communications hinge on precise alignment between transmit and receive beams. While traditional methods like beam sweeping incur high pilot overhead, beam tracking is sensitive to movement patterns. In this study, we leverage received pilot signals collected over a time window and treat them as a time series to predict optimal beams of mmWave users. Inspired by the feature extraction capabilities of machine learning (ML) models, we propose a deep neural network (DNN) trained on a sequence of received pilot signals. Since each user’s dataset reflects only their movement pattern, we adopt federated learning (FL). Here, users train local models and transmit trained parameters to the base station (BS) for aggregation, ensuring model versatility. We assess the performance of our FL-aided beam prediction model using a popular mmWave channel dataset and study the impact of numerous key parameters. We also compare our method against state-of-the-art beam alignment approaches.",2025-06,2026-03-10 15:12:50,2026-03-10 17:09:19,,1818-1829,,3,11,,IEEE Transactions on Cognitive Communications and Networking,,,,,,,,,,,Scopus,,,,,,,,federated learning; Training; Accuracy; Predictive models; Long short term memory; Wireless communication; Millimeter wave communication; Vectors; Image segmentation; Tracking; Indexes; Image analysis; Array signal processing; Beam prediction; mmWave; multi-user; ODE-LSTM; residual network; Prediction models; Deep neural networks; Multiusers; Communication channels (information theory); Clutter (information theory); Beam sweeping; Cooperative communication; High rate; Image thinning; Millimeterwave communications; Movement pattern; Particle beam tracking; Pilot signals; Precise alignments; Residual network,,,,,,,,,,,,,,,,,,,,,,,,,,,,,,,,,,,,,,,,,,,,,,,,FL - TS.csv,1
8CRLKNTL,conferencePaper,2021,A. Mitra; Y. Ngoko; D. Trystram,Impact of Federated Learning On Smart Buildings,2021 International Conference on Artificial Intelligence and Smart Systems (ICAIS),,,10.1109/ICAIS50930.2021.9395938,https://www.scopus.com/inward/record.uri?eid=2-s2.0-85104963416&doi=10.1109%2FICAIS50930.2021.9395938&partnerID=40&md5=375fda802308d770996c9a8060c21070,"Advances in Internet of Things open up many new possibilities in the design of smart-buildings. Thanks to the wide deployment and the growing computing power of connected devices, the researchers can now consider in-situ with distributed learning processes where on connected devices, local learners collect data to improve the building management system knowledge. In-situ and distributed learning is a convincing direction for smart-buildings since they can better take into account users contexts, privacy concerns or the minimization of energy consumption. However, this direction introduces new challenges such as that of formulating distributed learning processes in which data are collected locally, aggregated to generate models which themselves serve to define a global intelligence. This paper considers the formulation of such a distributed learning process, Federated personalization: a distributed learning strategy where individual learners collaborate in a knowledge sharing round to benefit from shared generalization, yet retain local specificity. This research work proposes a federation framework to orchestrate a group of autonomous learners naturally distributed across smart buildings. The results show that leveraging inter learner knowledge transfer makes it possible to achieve personalized lower generalization loss for regression problems like forecasting time series data and image classification. The prototype is currently deployed at Qarnot, a French computing heater company to provide secure and sustainable autonomic ambient intelligence via edge devices.",2021-03-25,2026-03-10 15:12:50,2026-03-10 17:09:20,,93-99,,,,,,,,,,,,,,,,Scopus,,,,Journal Abbreviation: 2021 International Conference on Artificial Intelligence and Smart Systems (ICAIS),,,,Artificial intelligence; Federated Learning; Real-time systems; Edge Computing; Distributed databases; Time series analysis; Smart cities; Knowledge transfer; Collaborative work; Smart buildings; Learning systems; Smart Buildings; Ambient Intelligence; Internet Of Things; Multi sensor Networks; Space heating; Knowledge management; Privacy by design; Energy utilization; Building management system; Intelligent buildings; Distributed learning; Ambient intelligence; Regression problem; Autonomous learners; Forecasting time series; Global intelligence; Knowledge-sharing,,,,,,,,,,,,,,,,,,,,,,,,,,,,,,,,2021 International Conference on Artificial Intelligence and Smart Systems (ICAIS),,,,,,,,,,,,,,,,FL - TS.csv,1
AKWTS9GP,conferencePaper,2025,A. Tiwari; Himanshu,A Hybrid Machine Learning and Deep Learning Model for Time-Series Groundwater Level Prediction,"2025 Fourth International Conference on Smart Technologies, Communication and Robotics (STCR)",,,10.1109/STCR62650.2025.11019322,https://www.scopus.com/inward/record.uri?eid=2-s2.0-105008423637&doi=10.1109%2FSTCR62650.2025.11019322&partnerID=40&md5=39cf41354397049a34e5f55ad9a3cf8b,"Groundwater level forecasting is important for sustainable water resource management, especially in areas experiencing variable water availability. This research investigates the use of machine learning and deep learning methods to predict groundwater levels from historical data obtained from monitoring stations.The input data include groundwater measurements, temporal characteristics, and station information, which were preprocessed with interpolation and normalization techniques to ensure data quality.Different predictive models were deployed, such as Random Forest, Support Vector Machines (SVM), Long Short-Term Memory (LSTM) networks, and Bidirectional LSTM. In addition, a hybrid model involving Random Forest with LSTM was built for leveraging both structured and sequential learning features. Model accuracy was approximated through Mean Squared Error (MSE) and R2 Score, with Random Forest being the most accurate in machine learning models (MSE: 0.0276, R2: 0.9946). Bidirectional LSTM was outperforming the simple LSTM with an MSE of 0.0848 and an R2 Score of 0.9835. The hybrid model had better predictive ability with an MSE of 0.0410 and an R2 Score of 0.9920.The findings indicate the efficiency of hybrid methods in improving prediction accuracy, with the implication that integrating machine learning and deep learning methods can enhance groundwater forecasting. Future research will aim to incorporate remote sensing data, utilize federated learning for decentralized processing, and investigate transformer-based architectures for additional accuracy enhancements.",2025-05-09,2026-03-10 15:12:50,2026-03-10 17:09:20,,1-6,,,,,,,,,,,,,,,,Scopus,,,,"Journal Abbreviation: 2025 Fourth International Conference on Smart Technologies, Communication and Robotics (STCR)",,,,Federated learning; Accuracy; Predictive models; Machine Learning; Random forests; Deep learning; Forecasting; Machine learning; Deep Learning; LSTM; Random Forest; Resource allocation; Support vector machines; Learning systems; Time series; Time series forecasting; Time-Series Forecasting; Bidirectional LSTM; Bidirectional long short-term memory; Bidirectional long short term memory; Groundwater; Groundwater Prediction; Hybrid Models; SVM; Water conservation; Water Resource Management; Water resources; Machine-learning; Mean square error; Learning algorithms; Support vectors machine; Short term memory; Hybrid model; Natural resources management; Groundwater prediction; Groundwater resources; Water resources management,,,,,,,,,,,,,,,,,,,,,,,,,,,,,,,,"2025 Fourth International Conference on Smart Technologies, Communication and Robotics (STCR)",,,,,,,,,,,,,,,,FL - TS.csv,1
NIKFJRZI,conferencePaper,2026,R. Kumar; J. Soni; H. Upadhyay,Federated Transformer Model for Water Contamination Detection in Distributed Monitoring Systems,2026 IEEE 5th International Conference on AI in Cybersecurity (ICAIC),,,10.1109/ICAIC67076.2026.11395770,,"Safety of water distribution systems is a serious societal health concern. The emergence of IoT sensors has facilitated real time monitoring, yet this creates huge time-series data that is high-dimensional and generates massive amounts of data that are often isolated across various utilities for privacy and security reasons. Such fragmentation of data prevents the creation of effective anomaly detection models. We introduce a privacy-sensitive federated learning (FL) system to water contamination detection based on Transformer-based architecture. Our solution is based on the FedAvg algorithm that allows several, distributed water utilities to jointly learn a strong global model, without ever exchanging their raw, sensitive sensor data. The self-attention module of the Transformer is particularly useful when attempting to detect intricate spatio-temporal relationships and long-range connections among various water quality metrics (e.g., pH, turbidity, chlorine), which tend to be antecedents of contamination occurrences. We show that the federated Transformer method shows high levels of detection performance, validating its potential to develop a generalized and resilient system of anomaly detection and strictly adhering to the data privacy requirements necessary to critical infrastructure.",2026-02-18,2026-03-10 15:12:50,2026-03-10 15:12:50,,1-6,,,,,,,,,,,,,,,,,,,,Journal Abbreviation: 2026 IEEE 5th International Conference on AI in Cybersecurity (ICAIC),,,,Federated learning; Data models; Data privacy; Federated Learning; Monitoring; Sensors; Privacy; Anomaly detection; Anomaly Detection; Transformers; Critical infrastructure; Transformer; Time-Series; Contamination; Self-Attention; Water Contamination; Water pollution,,,,,,,,,,,,,,,,,,,,,,,,,,,,,,,,2026 IEEE 5th International Conference on AI in Cybersecurity (ICAIC),,,,,,,,,,,,,,,,FL - TS.csv,1
BBGQ96DB,journalArticle,2022,Y. Li; J. Li; Y. Wang,Privacy-Preserving Spatiotemporal Scenario Generation of Renewable Energies: A Federated Deep Generative Learning Approach,IEEE Transactions on Industrial Informatics,,1941-0050,10.1109/TII.2021.3098259,,"Scenario generation is a fundamental and crucial tool for decision-making in power systems with high-penetration renewables. Based on big historical data, in this article, a novel federated deep generative learning framework, called Fed-LSGAN, is proposed by integrating federated learning and least square generative adversarial networks (LSGANs) for renewable scenario generation. Specifically, federated learning learns a shared global model in a central server from renewable sites at network edges, which enables the Fed-LSGAN to generate scenarios in a privacy-preserving manner without sacrificing the generation quality by transferring model parameters, rather than all data. Meanwhile, the LSGANs-based deep generative model generates scenarios that conform to the distribution of historical data through fully capturing the spatial-temporal characteristics of renewable powers, which leverages the least squares loss function to improve the training stability and generation quality. The simulation results demonstrate that the proposal manages to generate high-quality renewable scenarios and outperforms the state-of-the-art centralized methods. Besides, an experiment with different federated learning settings is designed and conducted to verify the robustness of our method.",2022-04,2026-03-10 15:12:50,2026-03-10 15:12:50,,2310-2320,,4,18,,IEEE Transactions on Industrial Informatics,,,,,,,,,,,,,,,,,,,federated learning; renewable energy; Training; Data models; Servers; Collaborative work; Renewable energy sources; scenario generation; Wind power generation; Generators; Deep generative models (DGMs); least square generative adversarial networks (GANs); uncertainty modeling,,,,,,,,,,,,,,,,,,,,,,,,,,,,,,,,,,,,,,,,,,,,,,,,FL - TS.csv,1
CAHH2RE8,conferencePaper,2024,P. S. M. Traoré; W. Jaafar; F. Baldé,A Novel Dual FedAux-based Harvested Energy Prediction for Road Safety Systems,2024 IEEE World Forum on Public Safety Technology (WFPST),,,10.1109/WFPST58552.2024.00006,https://www.scopus.com/inward/record.uri?eid=2-s2.0-85201179056&doi=10.1109%2FWFPST58552.2024.00006&partnerID=40&md5=ca0f929e9a7fec8da00c3820fb448d50,"In the evolving landscape of road safety, the role of solar-powered Internet-of-Things (IoT) devices, crucial for supporting connected and autonomous vehicles (CAVs) with enhanced computing and storage capabilities, is increasingly significant These devices, often deployed in remote areas such as transcontinental highways, rely heavily on their energy harvesting capabilities for optimal operation. Given their expected widespread deployment, this paper explores the challenge of accurately predicting harvested energy in such IoT devices. To do so, we introduce ""Dual FedAux"", a novel approach that blends Federated Learning with a dual-model architecture, integrating long short-term memory (LSTM) and Transformer models. This combination, which is enhanced with meta-learning, i.e., stacking ensemble learning, is particularly adapted for time series analysis, such as for energy prediction. Through experiments, we demonstrate that the proposed Dual FedAux significantly outperforms benchmark models in terms of root-mean-square error (RMSE) and convergence, thus underscoring its potential to enhance the efficiency and reliability of large-scale road safety IoT-based systems.",2024-05-14,2026-03-10 15:12:50,2026-03-10 17:09:20,,68-73,,,,,,,,,,,,,,,,Scopus,,,,Journal Abbreviation: 2024 IEEE World Forum on Public Safety Technology (WFPST),,,,Federated learning; Federated Learning; Predictive models; Computer architecture; IoT; Time series analysis; Computational modeling; Forecasting; Transformers; Autonomous Vehicles; Solar energy; Internet of things; Learning systems; Energy prediction; energy prediction; Energy harvesting; FedAux; Road safety; Long short-term memory; Mean square error; Computing capability; Accident prevention; Motor transportation; Roads and streets; Fedaux; Optimal operation; Remote areas; Solar-powered; Storage capability,,,,,,,,,,,,,,,,,,,,,,,,,,,,,,,,2024 IEEE World Forum on Public Safety Technology (WFPST),,,,,,,,,,,,,,,,FL - TS.csv,1
2863ULBW,conferencePaper,2022,Q. Chen; S. Liu; H. Qu; R. Zhu; L. You,TWAFR-GRU: An Integrated Model for Real-time Charging Station Occupancy Prediction,"2022 IEEE Smartworld, Ubiquitous Intelligence & Computing, Scalable Computing & Communications, Digital Twin, Privacy Computing, Metaverse, Autonomous & Trusted Vehicles (SmartWorld/UIC/ScalCom/DigitalTwin/PriComp/Meta)",,,10.1109/SmartWorld-UIC-ATC-ScalCom-DigitalTwin-PriComp-Metaverse56740.2022.00233,,"The fast-growing number of electric vehicles has resulted in a variety of charging-related issues, such as the shortage of public charging piles, the inconvenience of finding available charging piles, the additional traffic congestion caused by unnecessary cruising to search for available charging piles, etc. Since only constructing new charging piles may not significantly improve the charging efficiency, methods of predicting charging station occupancy are widely discussed as an effective means to address these issues. However, several challenges are encountered in training an efficient and effective model by utilizing distributed data, improving convergence speed, and enhancing model generalization ability. To address these issues, this paper proposes a novel mechanism, named TWAFR-GRU, which integrates Temporally Weighted Asynchronous Federated Learning (TWAFL) with Reptile and Gated Recurrent Unit (GRU). As shown by the holistic evaluation based on the charging station occupancy dataset, compared with other state-of-the-art baselines, TWAFR-GRU can 1) decrease MAE, RMSE and RAE by 19%, 15% and 17% separately and improve R2, by 67%; 2) cut rounds for the model to converge by 75%; 3) save training time by 44%; and 4) reduce 17% in forecasting error after the personalization of the initial model to serve a specific charging station.",2022-12-15,2026-03-10 15:12:50,2026-03-10 15:12:50,,1611-1618,,,,,,,,,,,,,,,,,,,,"Journal Abbreviation: 2022 IEEE Smartworld, Ubiquitous Intelligence & Computing, Scalable Computing & Communications, Digital Twin, Privacy Computing, Metaverse, Autonomous & Trusted Vehicles (SmartWorld/UIC/ScalCom/DigitalTwin/PriComp/Meta)",,,,Federated learning; Training; Data models; Real-time systems; Predictive models; Distributed databases; Meta-learning; Charging stations; Asynchronous Federated Learning; Charging Station Occupancy Prediction; Gated Recurrent Unit,,,,,,,,,,,,,,,,,,,,,,,,,,,,,,,,"2022 IEEE Smartworld, Ubiquitous Intelligence & Computing, Scalable Computing & Communications, Digital Twin, Privacy Computing, Metaverse, Autonomous & Trusted Vehicles (SmartWorld/UIC/ScalCom/DigitalTwin/PriComp/Meta)",,,,,,,,,,,,,,,,FL - TS.csv,1
3E3WV75N,journalArticle,2025,K. Qi; J. Yang; M. Y. H. Al-Shamri; S. Ayouni; G. Kumar; P. L. Yee,Federated IoT-Driven Multisensor Fusion With Adaptive Graph and Multiscale Transformer Modules for Secure Coastal Vulnerability Assessment,IEEE Journal of Selected Topics in Applied Earth Observations and Remote Sensing,,2151-1535,10.1109/JSTARS.2025.3601541,,"Coastal areas are increasingly vulnerable to rising sea levels, shoreline erosion, and more frequent extreme weather events. These evolving threats demand precise and timely vulnerability assessments to support effective planning and mitigation strategies. Yet, many existing prediction frameworks fall short—they often lack scalability, perform inconsistently across different coastal zones, and rely heavily on centralized data processing, which introduces delays and hinders real-time responsiveness. To overcome these limitations, this study proposes a novel federated graph-masked transformer network (FGMT-Net) designed specifically for dynamic, zone-sensitive coastal vulnerability prediction. Rather than focusing solely on data privacy, FGMT-Net uses federated learning to enable low-latency, decentralized training across regional data sources—such as Aberdeen Bay, Stonehaven, and St. Andrews—without requiring data centralization. The model architecture blends three core innovations: first, graph-based spatial learning to capture cross-zone dependencies, second, temporal transformers to model evolving environmental patterns, and third, an attention-guided feature masking mechanism that enhances both interpretability and noise reduction. Our primary objective is to build a scalable, interpretable, and communication-efficient framework for multitarget coastal risk forecasting. Experimental results show that FGMT-Net delivers strong performance, achieving a 97.6% classification rate, converging within 18 communication rounds, and maintaining high consistency across regions, reflected in federated agreement quotient and prediction agreement consistency scores of 0.931 and 0.974, respectively. In addition, statistical evaluations [ANOVA (F) = 8.90, Pearson (r) = 0.95, and Spearman ($\rho$) = 0.93] confirm its robustness. The novelty of this work lies in fusing federated deployment with graph-masked transformer reasoning, paving the way for fast, transparent, and zone-aware coastal vulnerability monitoring.",2025,2026-03-10 15:12:51,2026-03-10 15:12:51,,22996-23011,,,18,,IEEE Journal of Selected Topics in Applied Earth Observations and Remote Sensing,,,,,,,,,,,,,,,,,,,federated learning; Federated learning; Training; Data models; Real-time systems; Monitoring; Adaptation models; Privacy; Scalability; Transformers; graph neural networks; Sea measurements; explainable AI; Coastal flood risk; coastal vulnerability; risk forecasting,,,,,,,,,,,,,,,,,,,,,,,,,,,,,,,,,,,,,,,,,,,,,,,,FL - TS.csv,1
