"Key","Item Type","Publication Year","Author","Title","Publication Title","ISBN","ISSN","DOI","Url","Abstract Note","Date","Date Added","Date Modified","Access Date","Pages","Num Pages","Issue","Volume","Number Of Volumes","Journal Abbreviation","Short Title","Series","Series Number","Series Text","Series Title","Publisher","Place","Language","Rights","Type","Archive","Archive Location","Library Catalog","Call Number","Extra","Notes","File Attachments","Link Attachments","Manual Tags","Automatic Tags","Editor","Series Editor","Translator","Contributor","Attorney Agent","Book Author","Cast Member","Commenter","Composer","Cosponsor","Counsel","Interviewer","Producer","Recipient","Reviewed Author","Scriptwriter","Words By","Guest","Number","Edition","Running Time","Scale","Medium","Artwork Size","Filing Date","Application Number","Assignee","Issuing Authority","Country","Meeting Name","Conference Name","Court","References","Reporter","Legal Status","Priority Numbers","Programming Language","Version","System","Code","Code Number","Section","Session","Committee","History","Legislative Body"
"8Z3I868I","conferencePaper","2025","L. Andreoli; C. Andreotti; S. Avola; P. Baglietto; C. Cavazzoni; G. Delzanno; G. Fischetto; L. Gaggero; M. Maresca; P. Marra; R. Rizzo; F. Romano","Federated Learning on Disruption-Tolerant Distributed Confidential Infrastructures: A Case Study on Satellite Anomaly Detection","2025 3rd International Conference on Federated Learning Technologies and Applications (FLTA)","","","10.1109/FLTA67013.2025.11336607","","This paper presents a Federated Learning (FL) architecture for satellite anomaly detection, designed to operate in distributed environments with strict confidentiality and disruption tolerance requirements. The solution integrates Confidential Computing (Intel SGX with Gramine) to protect data and models at the hardware level, and the DocSpace platform to provide Confidential Networking and Disruption-Tolerant capabilities through persistence, delayed synchronization, and end-to-end encryption. Two case studies validate the approach using ESA satellite data sets: (1) analysis of time series to support predictive maintenance, applying SVM-based anomaly classification in a federated setting; (2) anomaly detection on the ESA OPSSAT-AD dataset, using Fully Connected Neural Networks and the FedAvg algorithm. Experimental results show that federated models outperform local models, particularly in detecting anomalies unseen by individual nodes, demonstrating improved generalization and robustness. The proposed infrastructure enables distributed collective intelligence while preserving operational autonomy and data privacy in space systems.","2025-10-14","2026-03-10 15:03:45","2026-03-10 15:42:04","","522-529","","","","","","","","","","","","","","","","","","","","Journal Abbreviation: 2025 3rd International Conference on Federated Learning Technologies and Applications (FLTA)","","","","Federated learning; Predictive maintenance; Federated Learning; Predictive Maintenance; Prediction algorithms; Anomaly detection; Confidential Computing; Hardware; Neural networks; Robustness; Satellites; Synchronization; Time series analysis","","","","","","","","","","","","","","","","","","","","","","","","","","","","","","","","2025 3rd International Conference on Federated Learning Technologies and Applications (FLTA)","","","","","","","","","","","","","","",""
"QW3LBFA5","conferencePaper","2025","A. Khanna; D. Negi; A. Sah; B. K. Dewangan; G. V. Londhe","Transformers Meet Federated Learning: An Intelligent Framework for Energy Forecasting and Optimization in IIoT-Driven Industries","2025 4th International Conference on Applied Artificial Intelligence and Computing (ICAAIC)","","","10.1109/ICAAIC64647.2025.11330454","","The recent development of Industrial Internet of Things (IIoT) devices has triggered a sharp increase in the energy demand of industrial complexes. The traditional machine-learning methods are not sufficient to measure the distributed and time-complex nature of energy data in these environments. Thus, the paper proposes an integrated system combining transformer designs with Federated Learning (FL). The architecture ensures privacy-preserving, efficient, and interpretable energy forecasting for IIoT. Explicitly, the framework enhances the capabilities of transformers by adding a period-aware attention mechanism that learns cyclical energy consumption patterns and a sparse attention mechanism that refocuses computation on relevant temporal dependencies. In addition, an individualized federated optimization plan is worked out, achieving a balance between the global knowledge aggregation and local adaptation, and thus maintaining the energy consumption patterns of the sites. Hierarchical aggregation protocol is also suggested to improve the communication effectiveness and scalability of industrial networks. The empirical findings indicate that the suggested framework outperforms the traditional deep-learning models in terms of forecast accuracy as well as computational and privacy preservation.","2025-12-17","2026-03-10 15:03:45","2026-03-10 15:42:05","","1984-1988","","","","","","","","","","","","","","","","","","","","Journal Abbreviation: 2025 4th International Conference on Applied Artificial Intelligence and Computing (ICAAIC)","","","","Federated learning; Federated Learning; Predictive models; Industrial Internet of Things; IIoT; Computational modeling; Optimization; Analytical models; Attention mechanisms; Energy consumption; Energy Optimization; Forecasting; Transformers","","","","","","","","","","","","","","","","","","","","","","","","","","","","","","","","2025 4th International Conference on Applied Artificial Intelligence and Computing (ICAAIC)","","","","","","","","","","","","","","",""
"UEAHBX4C","journalArticle","2024","A. Arunan; Y. Qin; X. Li; C. Yuen","A Federated Learning-Based Industrial Health Prognostics for Heterogeneous Edge Devices Using Matched Feature Extraction","IEEE Transactions on Automation Science and Engineering","","1558-3783","10.1109/TASE.2023.3274648","","Data-driven industrial health prognostics require rich training data to develop accurate and reliable predictive models. However, stringent data privacy laws and the abundance of edge industrial data necessitate decentralized data utilization. Thus, the industrial health prognostics field is well suited to significantly benefit from federated learning (FL), a decentralized and privacy-preserving learning technique. However, FL-based health prognostics tasks have hardly been investigated due to the complexities of meaningfully aggregating model parameters trained from heterogeneous data to form a high performing federated model. Specifically, data heterogeneity among edge devices, stemming from dissimilar degradation mechanisms and unequal dataset sizes, poses a critical statistical challenge for developing accurate federated models. We propose a pioneering FL-based health prognostic model with a feature similarity-matched parameter aggregation algorithm to discriminatingly learn from heterogeneous edge data. The algorithm searches across the heterogeneous locally trained models and matches neurons with probabilistically similar feature extraction functions first, before selectively averaging them to form the federated model parameters. As the algorithm only averages similar neurons, as opposed to conventional naive averaging of coordinate-wise neurons, the distinct feature extractors of local models are carried over with less dilution to the resultant federated model. Using both cyclic degradation data of Li-ion batteries and non-cyclic data of turbofan engines, we demonstrate that the proposed method yields accuracy improvements as high as 44.5% and 39.3% for state-of-health estimation and remaining useful life estimation, respectively. Note to Practitioners—Data-driven machine health monitoring enabled by cyber-physical systems allows humans to make timely predictive maintenance decisions for optimizing the life cycle of critical industrial assets. However, the benefits of intelligent health prognostics may not be fully realized in practice because strict data privacy laws restrict the aggregation of decentralized industrial data that are essential for model training. In proposing a privacy-preserving learning technique, we also focused on tackling a common and practical problem of learning from heterogeneous degradation data at the edge. The competitive performance of the proposed similarity-matching-based federated learning algorithm indicates its suitability for modeling heterogeneous, industrial time series data. Therefore, industry practitioners can utilize this algorithm as a staple component of their machine health modeling toolkit in an increasingly privacy-concerned era.","2024-07","2026-03-10 15:04:17","2026-03-10 15:42:13","","3065-3079","","3","21","","IEEE Transactions on Automation Science and Engineering","","","","","","","","","","","","","","","","","","","Federated learning; Data models; Data privacy; Prognostics and health management; Feature extraction; Computational modeling; Long short term memory; Cyber-physical systems; Degradation; human-cyber-physical systems; industrial health prognostics; long short-term memory network; similarity matching","","","","","","","","","","","","","","","","","","","","","","","","","","","","","","","","","","","","","","","","","","","","","","",""
"NMVBSWEM","conferencePaper","2025","D. Rosendal; A. Oprescu","A Taxonomy and Resolution Strategy for Client-Level Disagreements in Federated Learning","2025 IEEE International Conference on Big Data (BigData)","2573-2978","","10.1109/BigData66926.2025.11401516","","Federated Learning (FL) typically assumes unconditional collaboration, a premise that overlooks the complexities of real-world, multi-stakeholder environments in which clients may need to exclude one another for strategic, regulatory, or competitive reasons. This paper addresses this gap, which we term ‘client-level disagreements,’ by first introducing a taxonomy of such scenarios. We then propose a robust, multi-track resolution strategy that guarantees strict client exclusion by creating and managing isolated model update paths (‘tracks’), thereby preventing the cross-contamination and unfairness issues present in naive strategies. Through an empirical evaluation of our custom simulation system across 34 scenarios using the MNIST and N-CMAPSS datasets, we validate that our approach correctly handles permanent, temporal, and overlapping disagreement patterns. Our scalability analysis reveals the server-side resolution algorithm's overhead is negligible ($<1 ~\text{ms}$ per round) even under heavy load. The primary scalability constraint is the client-side training load from participating in multiple tracks, a cost that we show can be effectively mitigated by a submodel reuse strategy. This work presents a scalable and architecturally sound method for managing client-level disagreements, and enhances the practical applicability of FL in settings where policy compliance and strategic control are non-negotiable.","2025-12-08","2026-03-10 15:04:17","2026-03-10 15:04:17","","458-465","","","","","","","","","","","","","","","","","","","","Journal Abbreviation: 2025 IEEE International Conference on Big Data (BigData)","","","","Federated learning; Training; Federated Learning; Costs; Big Data; Collaboration; Prediction algorithms; Scalability; Taxonomy; Complexity theory; Logic; Client-Level Disagreements; Compliance; Governance; Resolution Strategies","","","","","","","","","","","","","","","","","","","","","","","","","","","","","","","","2025 IEEE International Conference on Big Data (BigData)","","","","","","","","","","","","","","",""
"WA6JHWPF","conferencePaper","2025","O. Pavliuk; M. Mishchuk","Iterative Weighted-Voting Approach for Adaptive Time-Series Anomaly Correction in Federated AGV Systems","2025 IEEE International Conference on Big Data (BigData)","2573-2978","","10.1109/BigData66926.2025.11400914","","Understanding how artificial intelligence (AI) systems detect and correct anomalies in distributed industrial environments is crucial for building trustworthy autonomous systems. Automated Guided Vehicles (AGVs) operating in industrial settings generate a substantial amount of sensor data, providing an ideal testbed for developing explainable AI approaches to anomaly detection. Among the most important is the battery discharge, as it depends on the operation of the AGV. However, for a number of reasons, including sensor hardware instability, insecure communication during data transmission, unsynchronized timestamps, and uncalibrated sensors, data loss occurs. In federated learning, these issues are further compounded by decentralized data, the uniqueness of each client's data, and the model's inability to observe anomalies during training, among other factors. The publication provides a detailed analysis of classical anomaly detection methods for time series describing the battery discharge of three AGVs: IQR, Z-score, LOF, rolling mean, and SH-ESD. At the points where anomalies were detected, the values were filled in using interpolation methods: linear, nearest, spline (cubic), and polynomial. The advantages and disadvantages of each method are shown. Based on the analysis of detection and imputation methods for outliers in the battery discharge signal, an iterative anomaly detection method for the AGV sensor data was developed, assigning weights to each method.","2025-12-08","2026-03-10 15:04:18","2026-03-10 15:42:16","","4028-4035","","","","","","","","","","","","","","","","","","","","Journal Abbreviation: 2025 IEEE International Conference on Big Data (BigData)","","","","Federated Learning; Anomaly detection; Time series analysis; Forecasting; Batteries; Vehicle dynamics; Automated Guided Vehicles; Battery Discharge Forecasting; Detectors; Ensemble Methods; Interpolation; Interpretable Machine Learning; Iterative methods; Remotely guided vehicles; Splines (mathematics); Time-Series Anomaly Detection","","","","","","","","","","","","","","","","","","","","","","","","","","","","","","","","2025 IEEE International Conference on Big Data (BigData)","","","","","","","","","","","","","","",""
"FKQEQZBE","journalArticle","2026","W. Yang; H. Chen; T. Schlagenhauf; Z. Li; Z. Zou","FeDMus: Federated Dynamic Example Mining for Unlabeled Sensor Data in Industrial Automation","IEEE Transactions on Automation Science and Engineering","","1558-3783","10.1109/TASE.2025.3547220","https://www.scopus.com/inward/record.uri?eid=2-s2.0-105000184441&doi=10.1109%2FTASE.2025.3547220&partnerID=40&md5=8cb07ac4692edfa023a83374bdeabcf6","Machine learning-based time series analysis has numerous applications in industrial automation, particularly in identifying sensor signals collected from distributed machines. However, large-scale repetitive operations generate massive amounts of redundant data, posing challenges to centralized learning, which requires collecting all data. Federated active learning addresses these challenges by selecting the most informative samples from multiple local data distributions for training the local model, aggregating and broadcasting model weights without transferring raw data, thus preserving data privacy and reducing labeling costs. We propose a dynamic federated active learning strategy, FeDMus, Federated Dynamic Example Mining for Unlabeled Sensor Data. By monitoring the training states of local and global models, FeDMus optimizes the timing of sample selection and dynamically allocates the query budget. FeDMus includes a dynamic selector and a dynamic filter: the proposed selector dynamically allocates the query budget based on training loss and weight dispersion, selecting informative data based on uncertainty and diversity across both models; the filter dynamically adjusts the training set by reducing simple samples to prevent the model from getting stuck in redundant data. On the typical industrial dataset CNC machine, FeDMus achieves an accuracy of 91.96% using only 10% of the data. We validated our method on four datasets, and the experimental results show that FeDMus outperforms state-of-the-art methods in tasks such as anomaly detection, fault diagnosis, action and trajectory recognition. Note to Practitioners—In practical industrial automation scenarios, plenty of sensor data is generated and recorded. At the same time, only a limited amount of labeled data is available. At the same time, though, training local machine learning models requires labeled data. Federated Learning allows the combination of those local models into a powerful global model without sharing raw data. Since the global model is built from the local models, the data used for training the local models is critical. On the other hand, Active Learning methods are designed to filter the most informative but currently unlabeled data to enhance the training efficiency. The combination of these two forms the term Federated Active Learning. The work presented here is a novel Federated Active Learning strategy for handling massive redundant data. It is especially useful for ML applications running on edge devices with restrictions w.r.t. sharing raw data, e.g., on the customer side. Examples of applications are anomaly detection, status classification, drift detection, condition monitoring, and predictive maintenance.","2026","2026-03-10 15:04:18","2026-03-10 17:07:06","","3388-3398","","","23","","IEEE Transactions on Automation Science and Engineering","","","","","","","","","","","Scopus","","","","","","","","Federated learning; Training; Data models; Data privacy; Accuracy; Predictive models; Automation; Resource management; Anomaly detection; Uncertainty; industrial automation; Industrial automation; Active learning; Data mining; Dynamic scheduling; sensor data processing; unlabeled data mining; Time-series analysis; Network security; Adversarial machine learning; Machine-learning; Local model; Budget control; Sensors data; Redundant data; Unlabeled data; Sensor data processing; Sensor signals; Unlabeled data mining","","","","","","","","","","","","","","","","","","","","","","","","","","","","","","","","","","","","","","","","","","","","","","",""
"9TWLE7HN","conferencePaper","2025","S. S; M. Y. Al-Safarini; V. Vaishnavi; M. Bhavana; J. C. J; M. Dinesh","Application of Edge-Based Deep Learning in Industrial IoT: Employing the Compact Neural Networks for Local Industrial Monitoring","2025 International Conference on Digital Innovations for Sustainable Solutions (ICDISS)","","","10.1109/ICDISS68238.2025.11320614","","Industrial Internet of Things (IIoT) systems are revolutionizing manufacturing, logistics, and critical infrastructure by providing pervasive sensing, automation and real-time decision-making. The classical reliance on cloud-based processing, however, incurs problems such as network latency, bandwidth restrictions, privacy, and reliance on an active connection. In order to address these limitations, in this work we investigate the utilization of edge-based deep learning for local industrial monitoring, with a focus on using compact neural networks designed to run on edge devices with limited resources. Edge processing of data enables the factories and industrial systems to respond faster, lower network costs, and improve operational privacy and resilience. The aim of this paper is to propose a methodology for creating efficient, lightweight neural networks that are feasible for deployment within embedded industrial IoT (IIoT) devices, such as smart sensors, PLCs and gateway devices. Research is concentrated on developing compact CNN- and RNN-based time series models, hybrid models for real-time fault prediction, vibration analysis, and process optimization. Pruning, quantization, and knowledge distillation techniques are incorporated to minimize memory and compute overheads while maintaining predictive accuracy. The framework also highlights the hardware-software co-design principles for compatibility with the edge AI accelerators and the low-power microcontrollers. Real industrial datasets of sensor data on some manufacturing equipment, vibration signatures and readings of various environmental sensors were experimented with. Experimental results show that the proposed compact neural network have the comparable recognition accuracy to larger cloud-trained models, and the reduction in the total inference latency and energy savings are up to 80 % and over 60 %, respectively. In addition, local anomaly detection supports early fault prediction and maintenance scheduling, without a need for constant cloud connection, providing improved safety and reliability of operations. The prototype all-hardware implementation on ARM-based edge devices demonstrates its practical deployability in real-world industrial environments. This work demonstrates the IoT-scale visions for Industrial IoT, made smarter, more autonomic and resilient through edgebased deep learning. By bringing intelligence to the edge, businesses and industry can reduce dependency on centralized infrastructure, and reduce latency, while addressing issues of data sovereignty. The proposed approach can further assist in the development of costeffective, scalable and efficient IIoT monitoring systems in view of Industry 4.0. Next, we plan to explore federated learning for building collaborative model, integration with digital twins, and standardized deployment toolchains to speed up the adoption in various industrial domains.","2025-11-14","2026-03-10 15:04:38","2026-03-10 15:30:47","","1-7","","","","","","","","","","","","","","","","","","","","Journal Abbreviation: 2025 International Conference on Digital Innovations for Sustainable Solutions (ICDISS)","","","","Real-time systems; Accuracy; Vibrations; Edge Computing; Industrial Internet of Things; Fourth Industrial Revolution; Industry 4.0; Anomaly detection; Neural networks; Anomaly Detection; Computational modeling; Deep learning; Industrial IoT (IIoT); Real-Time Monitoring; Deep Learning; Embedded Systems; Cloud computing; Compact Neural Networks","","","","","","","","","","","","","","","","","","","","","","","","","","","","","","","","2025 International Conference on Digital Innovations for Sustainable Solutions (ICDISS)","","","","","","","","","","","","","","",""
"Q5YN3XCS","conferencePaper","2025","S. S; M. Y. Al-Safarini; V. S. Pandi; M. Arora; A. K. Kumar Reddy; M. Dinesh","Enhancement of a Machine Learning Methodology for Predicting State of Charge and Thermal Safety Monitoring: Electric Vehicle Smart Battery Management","2025 IEEE 7th International Conference on Computing, Communication and Automation (ICCCA)","","","10.1109/ICCCA66364.2025.11325237","","With the popularity of EVs featuring in sustainable transport, the performance and safety of battery system are more important than ever. The most important aspects of the battery management are the precise prediction of the State of Charge (SoC) and the reliable thermal safety monitoring which has to prevent the battery from degradation, overheating or failure. Classical algorithms applied in BMS, such as Kalman filter and model-based estimators, encounter challenges to deal with the fluctuations of driving characteristics, the non-linear properties of the batteries, and the aging effects. This paper demonstrates a novel methodology that addresses these challenges by employing refined machine learning (ML) algorithms and using accurate data-driven models in order to predict SoC and detect thermal risk in real-time. The proposed model makes use of supervised learning methods such as Long Short-Term Memory (LSTM) and gradient boosting machine to model the temporal dependencies and nonlinear correlations between sensor data and SoC values. Further, a thermal monitoring unit through anomaly detection with unsupervised ML (e.g., autoencoders and clustering algorithms) is used to locate possible thermal runaway risks. The models are trained and tested on actual EV battery data (voltage, current, temperature and usage history) in different load and environmental situation. The approach comprises a combined feature selection strategy which picks the most discriminant variables and at the same time filters noise and over fitting. In order to prove the feasibility of the proposed technique, a smart BMS prototype is developed and the testing is conducted in a laboratory environment and under driving cycles simulating conditions. Benchmark results indicate that the ML-improved SoC prediction in the model reduces mean absolute error (MAE) by more than 30% in contrast to the conventional model-based SoC estimators and that error more significant than 95% is attained in the thermal monitoring of an early anomaly. The system can learn and adapt to battery ageing and is well-studied for long-term deployment in real-world vehicles. The performance of the model and the hardware efficiency are also discussed. This work highlights a new era for the use of machine learning to improve state-of-charge management for EV (electric vehicle) batteries. It assists with better decision-making, saving battery life and attaining higher vehicle safety as a whole. Future work may extend to federated learning of EV fleet for data privacy, real-time and embedded implementation, and integrating the system to vehicle-to-grid (V2G) feature for smart energy management. The results of this work are particularly relevant to the areas of intelligent transportation systems, prognostics and health monitoring, sustainable energy technologies.","2025-11-28","2026-03-10 15:04:38","2026-03-10 15:04:38","","1-7","","","","","","","","","","","","","","","","","","","","Journal Abbreviation: 2025 IEEE 7th International Conference on Computing, Communication and Automation (ICCCA)","","","","Predictive Maintenance; Real-time systems; Predictive models; Monitoring; Adaptation models; Anomaly Detection; Long short term memory; Batteries; Safety; Battery management systems; State of charge; Battery Management System (BMS); Electric Vehicles (EVs); LSTM Networks; State of Charge (SoC); Thermal management; Thermal Monitoring","","","","","","","","","","","","","","","","","","","","","","","","","","","","","","","","2025 IEEE 7th International Conference on Computing, Communication and Automation (ICCCA)","","","","","","","","","","","","","","",""
"RWA923RS","conferencePaper","2023","K. Asha; R. Kumar; S. Fiza","Enhancing Networked Embedded Systems Using Deep Learning Techniques","2023 IEEE International Conference on ICT in Business Industry & Government (ICTBIG)","","","10.1109/ICTBIG59752.2023.10456078","https://www.scopus.com/inward/record.uri?eid=2-s2.0-85189245153&doi=10.1109%2FICTBIG59752.2023.10456078&partnerID=40&md5=ab5e2816e98e1ccb1e898610c8be4892","Improving performance and flexibility is crucial in the field of networked embedded systems. Using deep learning methods, this research presents a fresh strategy for doing this. Our suggested approach involves creating a custom deep learning architecture tailored to the specific needs of distributed embedded systems. This strategy makes use of Convolutional Neural Networks (CNNs), Recurrent Neural Networks (RNNs), and Long Short-Term Memory Networks (LSTMs) to evaluate real-time data streams, expedite decision-making, and intelligently adapt to ever-changing environments. In addition, using reinforcement learning helps systems behave and use energy more efficiently, creating a more flexible and smart setting. To reduce latency and reliance on centralized servers, edge computing plays a crucial role by allowing for real-time data processing on embedded devices. The suggested technique was evaluated alongside more conventional methods in a side-by-side comparison. Imaginary numbers were utilized for demonstration purposes. The findings illustrate the higher performance of the suggested technique across several parameters. When compared to baseline deep learning methods like Convolutional Neural Networks, Recurrent Neural Networks, Long Short-Term Memory Networks, Generative Adversarial Networks, Federated Learning, Transfer Learning, and Time Series Analysis with Deep Learning, the proposed method shows marked improvements in accuracy, latency, energy efficiency, robustness, security, scalability, and resource utilization. Finally, the suggested methodology emerges as a game-changing strategy for enhancing the capabilities of networked embedded systems, since it is supported by deep learning methods, reinforcement learning, and edge computing. Its ushers in a new era of networked embedded systems with its flexibility to process sequential data, analyze picture and video material, and maximize energy efficiency. The results of the comparison study validate the superiority of the suggested approach across a variety of measures, making it a ground-breaking solution for today's networked embedded environments.","2023-12-08","2026-03-10 15:04:59","2026-03-10 17:07:07","","1-7","","","","","","","","","","","","","","","","Scopus","","","","Journal Abbreviation: 2023 IEEE International Conference on ICT in Business Industry & Government (ICTBIG)","","","","Real-time systems; Convolutional neural networks; Edge Computing; Reinforcement learning; Robustness; Time series analysis; Deep learning; Decision making; Deep Learning; Recurrent neural networks; Embedded Systems; Energy efficiency; Edge computing; Adaptability; Energy Efficiency; Convolution; Time-series analysis; Embedded systems; Networked Systems; Performance; Sequential Data; Time-Series Analysis; Learning systems; Digital signal processing; Long short-term memory; Brain; Data handling; Deep neural networks; Embedded-system; Sequential data; Networked embedded systems; Networked systems","","","","","","","","","","","","","","","","","","","","","","","","","","","","","","","","2023 IEEE International Conference on ICT in Business Industry & Government (ICTBIG)","","","","","","","","","","","","","","",""
"FK8G83K8","conferencePaper","2025","M. Ali; C. Lisle; P. W. Moore; T. Barkouki; B. J. Kirkwood; L. J. Brattain","Fine-Tuning Foundation Models with Federated Learning for Privacy Preserving Medical Time Series Forecasting","2025 47th Annual International Conference of the IEEE Engineering in Medicine and Biology Society (EMBC)","2694-0604","","10.1109/EMBC58623.2025.11254049","https://www.scopus.com/inward/record.uri?eid=2-s2.0-105023715957&doi=10.1109%2FEMBC58623.2025.11254049&partnerID=40&md5=39cac60a0fa9fb9ea1a6ca1a984675db","Federated Learning (FL) provides a decentralized machine learning approach, where multiple devices or servers collaboratively train a model without sharing their raw data, thus enabling data privacy. This approach has gained significant interest in academia and industry due to its privacy-preserving properties, which are particularly valuable in the medical domain where data availability is often protected under strict regulations. A relatively unexplored area is applying FL to fine-tune Foundation Models (FMs) for time series forecasting, enhancing efficacy while preserving privacy. In this paper, we fine-tuned time series FMs with Electrocardiogram (ECG) and Impedance Cardiography (ICG) data using different FL techniques. We then examined various scenarios and discussed the challenges FL faces under different data heterogeneity configurations. Our empirical results demonstrated that while FL can be effective for fine-tuning FMs on time series forecasting tasks, its benefits depend on the data distribution across clients. We highlighted the trade-offs in applying FL to FM fine-tuning.","2025-07-14","2026-03-10 15:06:18","2026-03-10 17:07:17","","1-7","","","","","","","","","","","","","","","","Scopus","","","","Journal Abbreviation: 2025 47th Annual International Conference of the IEEE Engineering in Medicine and Biology Society (EMBC)","","","","federated learning; Federated learning; Data models; Data privacy; Federated Learning; Machine Learning; Privacy; Time series analysis; machine learning; Convergence; Forecasting; privacy; Machine learning; Systematics; Foundation models; Tuning; Frequency modulation; electrocardiography; Electrocardiography; Learning systems; Time series; Time series forecasting; forecasting; Privacy preserving; Economic and social effects; Property; Decentralised; Privacy-preserving techniques; Machine learning approaches; human; algorithm; Algorithms; Humans; Fine tuning; time factor; Time Factors; Medical time series; Multiple devices; Multiple servers","","","","","","","","","","","","","","","","","","","","","","","","","","","","","","","","2025 47th Annual International Conference of the IEEE Engineering in Medicine and Biology Society (EMBC)","","","","","","","","","","","","","","",""
"F8AE96BV","conferencePaper","2024","Y. Hu; J. Zuo; A. Zhao; B. Iannucci; C. Joe-Wong","CoRAST: Towards Foundation Model-Powered Correlated Data Analysis in Resource-Constrained CPS and IoT","2024 IEEE International Workshop on Foundation Models for Cyber-Physical Systems & Internet of Things (FMSys)","","","10.1109/FMSys62467.2024.00005","https://www.scopus.com/inward/record.uri?eid=2-s2.0-85199889874&doi=10.1109%2FFMSys62467.2024.00005&partnerID=40&md5=0b12cb2ab81426127bf3855f799897ff","Foundation models (FMs) emerge as a promising solution to harness distributed and diverse environmental data by leveraging prior knowledge to understand the complicated temporal and spatial correlations within heterogeneous datasets. Unlike distributed learning frameworks such as federated learning’ which often struggle with multimodal data, FMs can trans-form diverse inputs into embeddings. This process facilitates the integration of information from various modalities and the application of prior learning to new domains. However, deploying FMs in resource-constrained edge systems poses significant challenges. To this end, we introduce CoRAST, a novel learning framework that utilizes FMs for enhanced analysis of distributed, correlated heterogeneous data. Utilizing a server-based FM, CoRAST exploits existing environment information to extract temporal, and cross-feature correlations among sensor data. This enables CoRAST to offer context-aware insights for localized client tasks through FM-powered global representation learning. Our evaluation on real-world weather dataset demonstrates CoRAST's ability to exploit correlated heterogeneous data through environmental representation learning to reduce the forecast errors by up to 50.3% compared to the baselines.","2024-05-13","2026-03-10 15:06:18","2026-03-10 17:07:18","","1-6","","","","","","","","","","","","","","","","Scopus","","","","Journal Abbreviation: 2024 IEEE International Workshop on Foundation Models for Cyber-Physical Systems & Internet of Things (FMSys)","","","","Distributed databases; Internet of Things (IoT); Time series analysis; Analytical models; Representation learning; Cyber-physical systems; Foundation models; Correlation; Distance learning; Internet of things; Frequency modulation; Embedded systems; time series; foundation models; Weather forecasting; het-erogeneous data analysis; Knowledge management; Times series; Data handling; Heterogeneous data; Internet of thing; Cybe-physical systems; Cyber Physical System; Learning frameworks; Information analysis; Correlated data; Environmental data; Het-erogeneous data analyse","","","","","","","","","","","","","","","","","","","","","","","","","","","","","","","","2024 IEEE International Workshop on Foundation Models for Cyber-Physical Systems & Internet of Things (FMSys)","","","","","","","","","","","","","","",""
"S88K5EEM","journalArticle","2026","P. Zhao; W. Hu; D. Cao; Z. Dong; Y. Zeng; Q. Huang; Z. Chen","A Review on Deep Learning-Based Electrical Load Forecasting: From Perspectives of Learning Paradigms and Foundation Models","Journal of Modern Power Systems and Clean Energy","","2196-5420","10.35833/MPCE.2025.000740","","Electrical load forecasting (ELF) plays a critical role in the planning and operation of modern power systems. As energy demand patterns grow more complex, deep learning (DL) techniques, and more recently, foundation models (FMs), have emerged as powerful tools for modeling temporal dynamics and integrating heterogeneous inputs. In practice, the effectiveness of these models depends not only on their architectures but also on the learning paradigms that determine how they are trained, adapted, and deployed. However, most existing surveys focus solely on network architectures, with limited attention to the underlying paradigms. To this end, this review maps the DL-based ELF approaches through the lens of learning paradigms. It organizes the literature into four orthogonal paradigms: task-tuned offline learning, adaptive learning, collaborative learning, and general-purpose learning. This paradigm-centric perspective enables a unified understanding of how DL methods evolve to meet the challenges of ELF. It also provides a natural framework to incorporate FMs as the latest advancement in this trajectory. Finally, key challenges are provided, and research opportunities are highlighted to inform future directions.","2026","2026-03-10 15:06:31","2026-03-10 15:42:29","","1-19","","","","","Journal of Modern Power Systems and Clean Energy","","","","","","","","","","","","","","","","","","","Data models; Predictive models; Adaptation models; Load modeling; Surveys; Reviews; Forecasting; deep learning; Frequency modulation; foundation model; Electrical load forecasting; Geophysical measurement techniques; Ground penetrating radar","","","","","","","","","","","","","","","","","","","","","","","","","","","","","","","","","","","","","","","","","","","","","","",""
"FPIRD8NI","journalArticle","2025","W. Ullah; F. Outay; L. U. Khan; M. Guizani","Split Federated Learning for Real-Time Aerial Video Event Recognition in UAV-Based Geospatial Monitoring","IEEE Transactions on Geoscience and Remote Sensing","","1558-0644","10.1109/TGRS.2025.3596389","","Event recognition in UAV-based monitoring systems is crucial for geospatial analysis, environmental surveillance, and disaster response. However, federated learning (FL)-based approaches for real-time event recognition face significant challenges, including spatiotemporal heterogeneity, constrained computational resources, and communication limitations in distributed UAV networks. Although FL enables decentralized machine learning with enhanced data privacy, its application to temporal event recognition in UAV-based remote sensing systems requires addressing data heterogeneity and maintaining spatiotemporal coherence across distributed nodes. To address these challenges, we propose a Split Federated Learning (SFL) framework tailored for UAV-assisted event recognition in geospatial monitoring. The proposed SFL architecture partitions computational workloads between UAV-based edge clients and a central server, optimizing both on-device efficiency and global model performance. At the client level, lightweight convolutional models extract spatiotemporal features from UAV-captured video sequences, reducing computational complexity and transmission overhead. These extracted features are transmitted to a central server, where higher-order temporal dependencies are learned, enabling robust event classification. To enhance adaptability in dynamic environments, we integrate dynamic video chunking, adaptive temporal pooling, and modality-agnostic feature aggregation, ensuring efficient processing of variable-length sequences while minimizing bandwidth constraints. Experimental evaluations on standard UAV-based geospatial datasets demonstrate that the proposed SFL framework significantly outperforms conventional FL approaches in terms of classification accuracy, communication efficiency, and scalability. This work provides a scalable, privacy-preserving, and computationally efficient solution for real-time temporal event recognition in UAV-assisted geospatial monitoring applications.","2025","2026-03-10 15:07:46","2026-03-10 15:07:46","","1-1","","","","","IEEE Transactions on Geoscience and Remote Sensing","","","","","","","","","","","","","","","","","","","Federated learning; Real-time systems; Monitoring; Servers; Feature extraction; Computational modeling; Autonomous aerial vehicles; Spatiotemporal phenomena; Videos; Geospatial analysis; Event Recognition; Real-Time Processing; Spatiotemporal Learning; Split Federated Learning; UAV-Based Monitoring","","","","","","","","","","","","","","","","","","","","","","","","","","","","","","","","","","","","","","","","","","","","","","",""
"AP9J35T3","conferencePaper","2023","U. Khalid; H. Iqbal; S. Vahidian; J. Hua; C. Chen","CEFHRI: A Communication Efficient Federated Learning Framework for Recognizing Industrial Human-Robot Interaction","2023 IEEE/RSJ International Conference on Intelligent Robots and Systems (IROS)","2153-0866","","10.1109/IROS55552.2023.10341467","","Human-robot interaction (HRI) is a rapidly growing field that encompasses social and industrial applications. Machine learning plays a vital role in industrial HRI by enhancing the adaptability and autonomy of robots in complex environments. However, data privacy is a crucial concern in the interaction between humans and robots, as companies need to protect sensitive data while machine learning algorithms require access to large datasets. Federated Learning (FL) offers a solution by enabling the distributed training of models without sharing raw data. Despite extensive research on Federated learning (FL) for tasks such as natural language processing (NLP) and image classification, the question of how to use FL for HRI remains an open research problem. The traditional FL approach involves transmitting large neural network parameter matrices between the server and clients, which can lead to high communication costs and often becomes a bottleneck in FL. This paper proposes a communication-efficient FL framework for human-robot interaction (CEFHRI) to address the challenges of data heterogeneity and communication costs. The framework leverages pre-trained models and introduces a trainable spatiotemporal adapter for video understanding tasks in HRI. Experimental results on three human-robot interaction benchmark datasets: HRI30, InHARD, and COIN demonstrate the superiority of CEFHRI over full fine-tuning in terms of communication costs. The proposed methodology provides a secure and efficient approach to HRI federated learning, particularly in industrial environments with data privacy concerns and limited communication bandwidth. Our code is available at https://github.com/umarkhalidAI/CEFHRI-Efficient-Federated-Learning.","2023-10-01","2026-03-10 15:07:47","2026-03-10 15:30:38","","10141-10148","","","","","","","","","","","","","","","","","","","","Journal Abbreviation: 2023 IEEE/RSJ International Conference on Intelligent Robots and Systems (IROS)","","","","Federated learning; Training; Data privacy; Costs; Adaptation models; Service robots; Human-robot interaction","","","","","","","","","","","","","","","","","","","","","","","","","","","","","","","","2023 IEEE/RSJ International Conference on Intelligent Robots and Systems (IROS)","","","","","","","","","","","","","","",""
"MM5JWK2C","journalArticle","2024","L. Yuan; Z. Wang; L. Sun; P. S. Yu; C. G. Brinton","Decentralized Federated Learning: A Survey and Perspective","IEEE Internet of Things Journal","","2327-4662","10.1109/JIOT.2024.3407584","","Federated learning (FL) has been gaining attention for its ability to share knowledge while maintaining user data, protecting privacy, increasing learning efficiency, and reducing communication overhead. Decentralized FL (DFL) is a decentralized network architecture that eliminates the need for a central server in contrast to centralized FL (CFL). DFL enables direct communication between clients, resulting in significant savings in communication resources. In this article, a comprehensive survey and profound perspective are provided for DFL. First, a review of the methodology, challenges, and variants of CFL is conducted, laying the background of DFL. Then, a systematic and detailed perspective on DFL is introduced, including iteration order, communication protocols, network topologies, paradigm proposals, and temporal variability. Next, based on the definition of DFL, several extended variants and categorizations are proposed with state-of-the-art (SOTA) technologies. Lastly, in addition to summarizing the current challenges in the DFL, some possible solutions and future research directions are also discussed.","2024-11-01","2026-03-10 15:07:47","2026-03-10 15:07:47","","34617-34638","","21","11","","IEEE Internet of Things Journal","","","","","","","","","","","","","","","","","","","Data models; Internet of Things; Adaptation models; Servers; Internet of Things (IoT); Surveys; privacy preservation; Taxonomy; federated learning (FL); Protocols; Decentralized learning; network","","","","","","","","","","","","","","","","","","","","","","","","","","","","","","","","","","","","","","","","","","","","","","",""
"PWAEF2WS","conferencePaper","2025","R. Chattopadhyay; C. -K. Tham","Marl-Enhanced Federated Learning for Predicting Remaining Useful Lifetime","2025 IEEE 101st Vehicular Technology Conference (VTC2025-Spring)","2577-2465","","10.1109/VTC2025-Spring65109.2025.11174527","https://www.scopus.com/inward/record.uri?eid=2-s2.0-105019061720&doi=10.1109%2FVTC2025-Spring65109.2025.11174527&partnerID=40&md5=57f50b9de18926cff2bada9896df6ae9","Remaining useful life (RUL) prediction is an important problem in the Prognostics and Health Management (PHM) of industrial machines. Recently, the proliferation of Internet of Things (IoT) has resulted in the availability of a large amount of sensor data obtained from the monitoring of industrial machines. This has greatly enhanced the performance of deep learning based RUL prediction methods. RUL prediction is a multivariate time series forecasting problem where state-of-the-art results have been achieved using transformer architectures and its variants. This success is based on their long sequence modelling ability. Two important characteristics of transformers is that they have a large number of free parameters and require a lot of data for training, and any single organization may not have access to the required data volume. In addition, operational sensor data is private, which organizations may not be willing to share. The Federated Learning (FL) is a suitable method to tackle this issue as it enables model training using data distributed over several sources without explicit data sharing. In many situations, FL client devices connect to the FL coordinator over wireless network and hence the performance achieved will be affected by wireless loss. Furthermore, FL clients may want to use UDP over TCP to exchange the large number of transformer model parameters. In this work, we first propose a novel transformer architecture for RUL prediction. Secondly, we propose multi-agent reinforcement learning (MARL) methods to mitigate the effect of wireless loss on FL based transformer model training. Our system formulation and experiments comprehensively demonstrate the effectiveness of our approach.","2025-06-17","2026-03-10 15:09:11","2026-03-10 17:08:10","","1-6","","","","","","","","","","","","","","","","Scopus","","","","Journal Abbreviation: 2025 IEEE 101st Vehicular Technology Conference (VTC2025-Spring)","","","","Federated learning; Training; Federated Learning; Internet of Things; Prognostics and health management; Distributed databases; Reinforcement learning; Deep learning; Forecasting; Transformers; Wireless sensor networks; Organizations; Internet of things; Deep reinforcement learning; Multi-Agent Reinforcement Learning; Performance; Transformer; Wireless networks; Network architecture; Graph Convolution; Position Awareness; Multi agent systems; Remaining useful life predictions; Data Sharing; Intelligent agents; Model training; Industrial machines; Sensors data; Graph convolution; Multi-agent reinforcement learning; Position awareness; Wireless loss","","","","","","","","","","","","","","","","","","","","","","","","","","","","","","","","2025 IEEE 101st Vehicular Technology Conference (VTC2025-Spring)","","","","","","","","","","","","","","",""
"C4E6TSWQ","conferencePaper","2025","K. Hallak; O. Kem","Benchmarking Catastrophic Forgetting Mitigation Methods in Federated Time Series Forecasting","2025 3rd International Conference on Federated Learning Technologies and Applications (FLTA)","","","10.1109/FLTA67013.2025.11336525","","Catastrophic forgetting (CF) poses a persistent challenge in continual learning (CL), especially within federated learning (FL) environments characterized by non-i.i.d. time series data. While existing research has largely focused on classification tasks in vision domains, the regression-based forecasting setting prevalent in IoT and edge applications remains underexplored. In this paper, we present the first benchmarking framework tailored to investigate CF in federated continual time series forecasting. Using the Beijing Multi-site Air Quality dataset across 12 decentralized clients, we systematically evaluate several CF mitigation strategies, including Replay, Elastic Weight Consolidation, Learning without Forgetting, and Synaptic Intelligence. Key contributions include: (i) introducing a new benchmark for CF in time series FL, (ii) conducting a comprehensive comparative analysis of state-of-the-art methods, and (iii) releasing a reproducible open-source framework. This work provides essential tools and insights for advancing continual learning in federated time-series forecasting systems.","2025-10-14","2026-03-10 15:12:24","2026-03-10 15:12:24","","278-285","","","","","","","","","","","","","","","","","","","","Journal Abbreviation: 2025 3rd International Conference on Federated Learning Technologies and Applications (FLTA)","","","","federated learning; Federated learning; Time series analysis; Benchmark testing; Forecasting; Prevention and mitigation; Continuing education; Air quality; time series forecasting; catastrophic forgetting; continual learning","","","","","","","","","","","","","","","","","","","","","","","","","","","","","","","","2025 3rd International Conference on Federated Learning Technologies and Applications (FLTA)","","","","","","","","","","","","","","",""
"SXYJZZCQ","conferencePaper","2025","C. Meijer; J. Huang; S. Sharma; E. Lazovik; L. Y. Chen","TS-Inverse: A Gradient Inversion Attack Tailored for Federated Time Series Forecasting Models","2025 IEEE Conference on Secure and Trustworthy Machine Learning (SaTML)","","","10.1109/SaTML64287.2025.00014","https://www.scopus.com/inward/record.uri?eid=2-s2.0-105007292840&doi=10.1109%2FSaTML64287.2025.00014&partnerID=40&md5=c117be3a6ec4c89e3819e02766c2591a","Federated learning (FL) for time series forecasting (TSF) enables clients with privacy-sensitive time series (TS) data to collaboratively learn accurate forecasting models, for example, in energy load prediction. Unfortunately, privacy risks in FL persist, as servers can potentially reconstruct clients' training data through gradient inversion attacks (GIA). Although GIA is demonstrated for image classification tasks, little is known about time series regression tasks. In this paper, we first conduct an extensive empirical study on inverting TS data across 4 TSF models and 4 datasets, identifying the unique challenges of reconstructing both observations and targets of TS data. We then propose TS-Inverse, a novel GIA that improves the inversion of TS data by (i) learning a gradient inversion model that outputs quantile predictions, (ii) a unique loss function that incorporates periodicity and trend regularization, and (iii) regularization according to the quantile predictions. Our evaluations demonstrate a remarkable performance of TS-Inverse, achieving at least a 2x-10x improvement in terms of the sMAPE metric over existing GIA methods on TS data. Code repository: https://github.com/Capsar/ts-inverse","2025-04-09","2026-03-10 15:12:24","2026-03-10 17:08:11","","110-124","","","","","","","","","","","","","","","","Scopus","","","","Journal Abbreviation: 2025 IEEE Conference on Secure and Trustworthy Machine Learning (SaTML)","","","","Federated learning; Data models; Predictive models; Training data; Time series analysis; Energy; Analytical models; Forecasting; Market research; time series; Time series forecasting; forecasting; Image reconstruction; Text categorization; gradient inversion attack; Times series; Time-series data; Sensitive data; Learn+; Forecasting models; Time series forecasting models; Regularisation; Gradient inversion attack; Load predictions","","","","","","","","","","","","","","","","","","","","","","","","","","","","","","","","2025 IEEE Conference on Secure and Trustworthy Machine Learning (SaTML)","","","","","","","","","","","","","","",""
"BYLBVWG9","conferencePaper","2025","X. Yang; J. Jung; J. Lu; K. -W. Lim; L. Linguaglossa","MVFL: Multivariate Vertical Federated Learning for Time-Series Forecasting","2025 21st International Conference on Network and Service Management (CNSM)","2165-963X","","10.23919/CNSM67658.2025.11297529","","Extending multivariate time series forecasting to resource-constrained edge devices is essential for enabling intelligent and sustainable IoT services. A common scenario involves vertically partitioned data across devices, where each device must forecast its own variables while benefiting from others’ information. This paper studies a resource-efficient solution for this scenario based on vertical federated learning (VFL). Prior VFL frameworks are designed for situations where only one party holds the labels and would struggle to meet the demand of the targeted scenario, as storage resources usage would increase dramatically with the number of devices. Going beyond VFL, we design multivariate vertical federated learning (MVFL) as a novel federated learning framework, where we separate communication features and local features in an embedded feature space. This design enables MVFL to utilize storage and communication resources more efficiently by eliminating redundant models. On four real-world benchmarks, MVFL outperforms the VFL approach in both efficiency and accuracy, demonstrating its practical value for distributed IoT systems.","2025-10-27","2026-03-10 15:12:24","2026-03-10 15:12:24","","1-7","","","","","","","","","","","","","","","","","","","","Journal Abbreviation: 2025 21st International Conference on Network and Service Management (CNSM)","","","","Federated learning; Costs; Accuracy; Predictive models; Internet of Things; Collaboration; Time series analysis; Benchmark testing; Forecasting; Performance evaluation; multivariate time series forecasting; resource-limited devices; vertical federated learning","","","","","","","","","","","","","","","","","","","","","","","","","","","","","","","","2025 21st International Conference on Network and Service Management (CNSM)","","","","","","","","","","","","","","",""
"KNQTSQHJ","conferencePaper","2024","B. Zhao; H. Xing; L. Xu; D. Zheng; J. Peng; Z. Xiao; L. Feng","Heterogeneous Federated Semantic Communication for Time Series Forecasting","GLOBECOM 2024 - 2024 IEEE Global Communications Conference","2576-6813","","10.1109/GLOBECOM52923.2024.10901768","https://www.scopus.com/inward/record.uri?eid=2-s2.0-105000828388&doi=10.1109%2FGLOBECOM52923.2024.10901768&partnerID=40&md5=83734dc673ce397567cb1ed7d7f0b825","This paper studies a distributed semantic communication (SC) problem for multivariate time series forecasting tasks in edge environments, with heterogeneous clients considered. At the client side, a semantic encoder is composed of a number of federated blocks and this number is subject to local resource availability. Each federated block consists of a patch-wise attention module (PAM) and a federated adapter, extracting semantic information for efficient transmission across wireless channels. Based on the federated adapters, this paper proposes an SC-oriented heterogeneous federated learning architecture, named SC-FedAda. SC-FedAda adopts self-distillation to facilitate cross-client and cross-layer knowledge sharing, enabling efficient collaborative inference. At the edge server, semantic signals are fed into a channel decoder and then a semantic decoder. The semantic decoder consists of a PAM and a fully connected network for forecasting tasks. Simulation results demonstrate that SC-FedAda outperforms four state-of-the-art federated learning-based structures under three types of wireless channels, i.e. SC-FedAda achieves much lower forecasting loss on three widely-used time series datasets, particularly in low signal-to-noise ratio scenarios.","2024-12-08","2026-03-10 15:12:24","2026-03-10 17:08:11","","2059-2064","","","","","","","","","","","","","","","","Scopus","","","","Journal Abbreviation: GLOBECOM 2024 - 2024 IEEE Global Communications Conference","","","","Federated learning; Collaboration; Servers; Time series analysis; Decoding; Forecasting; Wireless communication; Simulation; Time Series Forecasting; Multivariate time series; Time series; Time series forecasting; Signal to noise ratio; Collaborative Inference; Heterogeneous Federated Learning; Semantic communication; Semantic Communication; Collaborative inference; Local resources; Heterogeneous federated learning; Client sides; Communication problems; Resource availability; Wireless channel","","","","","","","","","","","","","","","","","","","","","","","","","","","","","","","","GLOBECOM 2024 - 2024 IEEE Global Communications Conference","","","","","","","","","","","","","","",""
"5KAPBFIH","conferencePaper","2025","D. P. Nguyen; C. Wang; O. Altintas","CD2Linear: Convolution-based Federated Learning for Efficient Time Series Forecasting in the Metaverse","2025 International Conference on Metaverse Computing, Networking and Applications (MetaCom)","","","10.1109/MetaCom65502.2025.00047","https://www.scopus.com/inward/record.uri?eid=2-s2.0-105020834033&doi=10.1109%2FMetaCom65502.2025.00047&partnerID=40&md5=7da6c3f3023281e2fdba9a73eb52a481","Federated Learning (FL) is a powerful framework for collaborative machine learning, particularly beneficial in the Metaverse context where preserving data privacy and optimizing performance on resource-constrained edge devices are crucial. In immersive Metaverse applications, accurate time series prediction is vital for maintaining seamless user experiences, real time responsiveness, and personalized services, as well as for efficient resource scheduling in highly dynamic virtual environments. In this paper, we introduce CD2Linear, a novel convolution-based decomposition method tailored explicitly for time series forecasting within federated learning scenarios relevant to Metaverse applications. By employing learnable depth-wise convolutional filters, CD2Linear significantly enhances predictive accuracy and adaptability over traditional decomposition approaches. Extensive experimental evaluations demonstrate that our method achieves superior forecasting performance while ensuring computational efficiency, effectively addressing critical challenges such as scalability, privacy, latency, and limited computational resources inherent to Metaverse computing and networking.","2025-08-27","2026-03-10 15:12:24","2026-03-10 17:08:11","","246-253","","","","","","","","","","","","","","","","Scopus","","","","Journal Abbreviation: 2025 International Conference on Metaverse Computing, Networking and Applications (MetaCom)","","","","Federated learning; Data privacy; Federated Learning; Real-time systems; User experience; Accuracy; Edge Computing; Privacy; Time series analysis; Scalability; Metaverse; Forecasting; Computational efficiency; Edge computing; Virtual reality; Dynamic scheduling; Convolution; Time Series Forecasting; Time series prediction; Learning systems; Time series; Time series forecasting; Collaborative learning; Machine-learning; Immersive; Metaverses; Real- time; Efficient time; Optimizing performance; Users' experiences","","","","","","","","","","","","","","","","","","","","","","","","","","","","","","","","2025 International Conference on Metaverse Computing, Networking and Applications (MetaCom)","","","","","","","","","","","","","","",""
"8LIZQI6Q","conferencePaper","2024","B. Zhao; T. Yang; H. Xing; L. Xu","Two-Stage Attention Based Collaborative Inference in Semantic Communication","2024 International Conference on Ubiquitous Computing and Communications (IUCC)","","","10.1109/IUCC65928.2024.00091","https://www.scopus.com/inward/record.uri?eid=2-s2.0-105011161297&doi=10.1109%2FIUCC65928.2024.00091&partnerID=40&md5=558e1571ed11c26265d134c9f1d7e287","This paper presents a heterogeneous federated semantic communication system for time series forecasting tasks (HSC-TSF) within an edge network. To extract forecasting-oriented semantic information, we devise a two-stage attention mechanism comprising in-window attention and cross-window attention. The in-window attention efficiently extracts local temporal features with linear complexity, while the cross-window attention achieves global awareness by aggregating information from the same positions across all windows. In addition, an unsupervised heterogeneous federated learning architecture is adopted to facilitate knowledge sharing among all mobile devices. This approach summarizes semantic features generated from a public dataset and utilizes cross-correlation matrices to enhance the performance of each heterogeneous device individually. Simulation results demonstrate that the proposed HSC-TSF system achieves outstanding performance compared with both SC-based and traditional technique-based baseline systems under additive white Gaussian noise, Rayleigh, and Rician channels. HSC-TSF attains the lowest mean square error across three time series datasets.","2024-12-20","2026-03-10 15:12:24","2026-03-10 17:08:12","","493-498","","","","","","","","","","","","","","","","Scopus","","","","Journal Abbreviation: 2024 International Conference on Ubiquitous Computing and Communications (IUCC)","","","","Federated learning; Collaboration; Feature extraction; Time series analysis; Attention mechanisms; Forecasting; Performance evaluation; Wireless communication; Semantics; Data mining; Performance; Time Series Forecasting; Time series; Time series forecasting; Heterogeneous Federated Learning; Semantic communication; Semantic Communication; Ubiquitous computing; Mean square error; Distributed computer systems; Mobile telecommunication systems; Communications systems; EDGE Networks; Semantic Web; Temporal features; Heterogeneous federated learning; Semantics Information; Linear complexity","","","","","","","","","","","","","","","","","","","","","","","","","","","","","","","","2024 International Conference on Ubiquitous Computing and Communications (IUCC)","","","","","","","","","","","","","","",""
"Y4MSFA5G","conferencePaper","2023","L. F. Da Costa; L. S. Furtado; P. H. G. Rocha; P. A. L. Rego; F. A. M. Trinta","Time series prediction in IoT: a comparative study of federated versus centralized learning","2023 IEEE 20th Consumer Communications & Networking Conference (CCNC)","2331-9860","","10.1109/CCNC51644.2023.10060467","https://www.scopus.com/inward/record.uri?eid=2-s2.0-85150655067&doi=10.1109%2FCCNC51644.2023.10060467&partnerID=40&md5=934dcaf069b05aab71296c3b644d9037","Temporal data collected by IoT sensors can be used to feed predictive algorithms constantly. This allows the construction of applications that, for example, are used to predict CO2 indices in a given region, whose results can help in the prototyping of solutions aimed at health. In this context, in order to find out which are the best solutions for predicting time series generated from data collected by IoT devices, two machine learning approaches were compared: Federated learning and centralized learning. Federated learning implies training the algorithms in a distributed way across devices, while centralized learning takes data from devices into a server and focuses training on it. We used a Long Short Term Memory (LSTM) to predict the time series. Experiments were performed using LSTM with both federated and centralized strategies. The results show that the Federated Learning model predicts five time-steps of a time series with on average 78 % less mean squared error than a Centralized solution.","2023-01-08","2026-03-10 15:12:24","2026-03-10 17:08:12","","993-994","","","2023-January","","","","","","","","","","","","","Scopus","","","","Journal Abbreviation: 2023 IEEE 20th Consumer Communications & Networking Conference (CCNC)","","","","Federated learning; Training; Federated Learning; Predictive models; Prediction algorithms; Sensors; Time series analysis; Forecasting; Performance evaluation; LSTM; Internet of things; Time Series; Time series prediction; Learning systems; Time series; Centralized Learning; Centralised; Long short-term memory; Mean square error; Learning algorithms; Times series; Machine learning approaches; Comparatives studies; Temporal Data; Centralized learning; Predictive algorithms; Two machines","","","","","","","","","","","","","","","","","","","","","","","","","","","","","","","","2023 IEEE 20th Consumer Communications & Networking Conference (CCNC)","","","","","","","","","","","","","","",""
"3LU57C94","journalArticle","2026","X. Wang; D. Yuan; L. He; Z. Qiu; H. Huang; J. Pan; Y. Jia","A Multiscale Collaborative Learning Method on Long-Term Time Series for Cyber-Physical-Social Intelligence","IEEE Transactions on Computational Social Systems","","2329-924X","10.1109/TCSS.2025.3642005","https://www.scopus.com/inward/record.uri?eid=2-s2.0-105027765907&doi=10.1109%2FTCSS.2025.3642005&partnerID=40&md5=5448a709dbf08295162c22b248cfa03a","Cyber-physical-social system (CPSS) is an interactive system that combines digital technologies, physical infrastructures, and social dynamics. Within the CPSS framework, coordination of data flows, information flows, and knowledge flows facilitates seamless collaboration across human–machine boundaries. With the development and integration of artificial intelligence, cyber-physical-social intelligence (CPSI) has emerged, facilitating intelligent decision-making and promoting adaptive behavior in dynamic environments. CPSI aims to provide personal services through efficient CPSS data processing. Long-term time series (LTS), as one of the critical CPSS data, play a vital role in enabling CPSI to anticipate and address potential problems or changes in demand. However, real-world series commonly present irregular temporal patterns, which complicates the analysis of global information. Single-scale periodicity typically limits the exploration of temporal patterns, limiting the baseline’s ability to identify dynamic patterns. Moreover, LTS are frequently affected by noise, and excessively long sequences may hinder models from effectively capturing intersequence dependencies and the deep structural features embedded in the data. To address these challenges, this article proposes multiscale decomposition analysis baseline (MDAB), a highly effective long-term time series forecasting (LTSF) model. MDAB extracts multiscale components and performs collaborative learning of information across multiscales. For trend components, it integrates complex frequency-domain optimization to reduce noise, while for seasonal components, it employs efficient sparse attention to deeply analyze features and reduce memory usage. Comprehensive experiments carried out on several benchmark LTS datasets demonstrate that MDAB exceeds most existing LTSF models.","2026","2026-03-10 15:12:24","2026-03-10 17:08:13","","1-12","","","","","IEEE Transactions on Computational Social Systems","","","","","","","","","","","Scopus","","","","","","","","Federated learning; Accuracy; Predictive models; Adaptation models; Time series analysis; Deep learning; Analytical models; Forecasting; Transformers; Decision making; Market research; Knowledge transfer; deep learning; Human computer interaction; Learning systems; Long-term time series forecasting; Time series; Time series forecasting; Collaborative learning; Decomposition; long-term time series forecasting (LTSF); multiscale; Times series; Data handling; Distributed computer systems; Cyber Physical System; Cyber physicals; Behavioral research; Data flow analysis; Multi-scale Decomposition; Decomposition analysis; Multiscale; Social intelligence; Social systems","","","","","","","","","","","","","","","","","","","","","","","","","","","","","","","","","","","","","","","","","","","","","","",""
"T7SNZ2N2","conferencePaper","2022","M. Repetto; D. La Torre; M. Tariq","Goal Programming in Federated Learning: an Application to Time Series Forecasting","2022 International Conference on Decision Aid Sciences and Applications (DASA)","","","10.1109/DASA54658.2022.9765040","https://www.scopus.com/inward/record.uri?eid=2-s2.0-85130195098&doi=10.1109%2FDASA54658.2022.9765040&partnerID=40&md5=7495632eb153c7350fb84b43b9bc151a","As data becomes more prevalent in our societies, the need for large-scale data analysis is expanding at an exponential rate. The advantage of having a plethora of data is that it allows the decision-maker to adopt complicated models in settings that were previously too expensive. A method based on distributed learning is also required because of the sheer volume of data. As a result, Deep Learning models demand a significant amount of resources, and distributed training is required. A technique to distributed learning based on many criteria is presented in this research. An ensemble of decision rules that maximize aprioristically stated performance measures is built using the Weighted Goal Programming technique in its Chebyshev formulation, which is a variation of the Weighted Goal Programming approach. Such a formulation is advantageous since it is model and metric agnostic and produces an output that is easy to understand for the decision-maker to comprehend. We put our technique to the test by demonstrating a real application in the field of power demand forecasting. In our experiments, we found that when we allow for overlap between dataset splits, the performance of our methods is consistently better than the baseline model trained on the entire dataset.","2022-03-23","2026-03-10 15:12:24","2026-03-10 17:08:13","","1672-1677","","","","","","","","","","","","","","","","Scopus","","","","Journal Abbreviation: 2022 International Conference on Decision Aid Sciences and Applications (DASA)","","","","Training data; Power demand; Deep learning; Measurement; Decision making; Deep Learning; Computer aided instruction; Distance learning; Programming; Time series forecasting; Linear programming; Distributed Systems; Multiple Criteria Decision Making; Multiple Data Set; Weight measurement; Distributed systems; Distributed computer systems; Multiobjective optimization; Distributed learning; Multiple data sets; Large-scale data analysis; Computer programming; Application programs; Decision makers; Exponential rates; Goal-programming; Multiple criteria decision making","","","","","","","","","","","","","","","","","","","","","","","","","","","","","","","","2022 International Conference on Decision Aid Sciences and Applications (DASA)","","","","","","","","","","","","","","",""
"3XCQQBYA","journalArticle","2026","M. K. Saravana; M. S. Roopa; J. S. Arunalatha; K. R. Venugopal","Transformers for Multivariate Time Series Forecasting: Comprehensive Analysis, Challenges, Research Opportunities, and Future Prospects","IEEE Access","","2169-3536","10.1109/ACCESS.2026.3654408","https://www.scopus.com/inward/record.uri?eid=2-s2.0-105027654486&doi=10.1109%2FACCESS.2026.3654408&partnerID=40&md5=87073165ddd1cd6caf93f8651cf6fb30","Multivariate time series (MTS) forecasting appears in many applied settings, ranging from finance and healthcare to energy systems, climate analysis, and IoT-based platforms. In these fields, practitioners rely on forecasts not just for reporting, but for making everyday operational and planning decisions. Over the years, a variety of sequence-modeling methods such as RNNs, LSTMs, CNNs, and TCNs have been used for this purpose. In practice, however, these models often have difficulty dealing with long temporal dependencies, interactions across multiple variables, and the computational demands that arise when datasets grow large. As a result, their performance and scalability can be inconsistent when they are deployed in real applications. In recent years, Transformer-based models have gained attention as an alternative because their self-attention mechanism and parallel processing capabilities allow more flexible handling of long and complex sequences. This survey therefore reviews the main Transformer-based approaches developed for MTS forecasting, covering early architectures, efficient attention variants, decomposition-oriented designs, patch-based techniques, hybrid frameworks, and large-scale pretrained models. In addition, we organize the existing literature into a clear taxonomy that includes commonly used datasets and evaluation metrics, and we discuss the relative strengths and limitations of these methods. Additionally, we discuss key challenges such as computational complexity, interpretability, data sparsity, and generalization, and outline future research directions, including spatiotemporal modeling, self-supervised learning, physics-informed designs, explainable architectures, and federated learning. The survey consolidates existing knowledge and provides guidance for researchers and practitioners to select, adapt, and innovate Transformer-based models for effective MTS forecasting.","2026","2026-03-10 15:12:24","2026-03-10 17:08:13","","11424-11457","","","14","","IEEE Access","","","","","","","","","","","Scopus","","","","","","","","Data models; Predictive models; Computer architecture; Surveys; Time series analysis; Computational modeling; Deep learning; Analytical models; Attention mechanisms; Forecasting; Transformers; Decision making; Taxonomy; deep learning; Transformer; Multivariate time series; Time series forecasting; survey; forecasting; transformers; attention mechanism; MTS analysis; Knowledge management; Comprehensive analysis; Sequence models; Electric transformers; Future prospects; Multivariant analysis; Multivariate time series analysis; Research opportunities","","","","","","","","","","","","","","","","","","","","","","","","","","","","","","","","","","","","","","","","","","","","","","",""
"QR4YVBHF","conferencePaper","2025","S. Outeiro; L. L. Filho; C. Miceli","An aggregation algorithm to handle data temporal dependence in Federated Learning","2025 IEEE Annual Congress on Artificial Intelligence of Things (AIoT)","","","10.1109/AIoT66900.2025.00114","","Time series data underlie critical applications in healthcare, finance, and environmental monitoring, where preserving temporal dependencies is essential for accurate forecasting. Standard federated learning (FL) aggregation methods such as Federated Averaging (FedAvg) disregard sequence order and are therefore vulnerable to temporal heterogeneity across clients. We propose a metadata-driven hierarchical aggregation algorithm that uses time-window descriptors—statistical summaries (mean, variance, autocorrelation) and temporal features (seasonality period, trend strength)—to cluster clients by temporal similarity before aggregation. The method is called hierarchical because it organizes clients into structured clusters that each yield a specialized global model, producing a set of global representations aligned with distinct temporal regimes. This clustering-guided aggregation preserves shared time-dependent patterns within clusters, improving interpretability and convergence stability. Experiments on a residential energy dataset show that metadata-guided clustering can enhance stability and produce useful specialized models, though raw-weight aggregation still attains lower RMSE in many configurations, indicating that metadata strategies require further tuning. We discuss privacy implications of metadata disclosure and outline future directions in privacy-preserving metadata representations and adaptive clustering for federated time series learning.","2025-12-03","2026-03-10 15:12:24","2026-03-10 15:12:24","","733-739","","","","","","","","","","","","","","","","","","","","Journal Abbreviation: 2025 IEEE Annual Congress on Artificial Intelligence of Things (AIoT)","","","","Federated learning; Stability analysis; Federated Learning; Predictive models; Machine Learning; Adaptation models; Time series analysis; Medical services; Forecasting; Market research; Time Series Forecasting; Couplings; Hierarchical Aggregation; Metadata; Metadata Clustering; Model Aggregation; Privacy-Preserving Learning; Temporal Dependencies","","","","","","","","","","","","","","","","","","","","","","","","","","","","","","","","2025 IEEE Annual Congress on Artificial Intelligence of Things (AIoT)","","","","","","","","","","","","","","",""
"7ME67PKX","conferencePaper","2022","R. Verma; K. M. Sivalingam","Federated Learning approach for Auto-scaling of Virtual Network Function resource allocation in 5G-and-Beyond Networks","2022 IEEE 11th International Conference on Cloud Networking (CloudNet)","2771-5663","","10.1109/CloudNet55617.2022.9978793","https://www.scopus.com/inward/record.uri?eid=2-s2.0-85146116093&doi=10.1109%2FCloudNet55617.2022.9978793&partnerID=40&md5=0a14294b760b78cb73f313c0df9be445","This paper deals with Network Slicing-based 5G Networks to support the varying demands of customers and for efficient resource utilization. A network slice can be defined as a set of network and virtual network function (VNF) resources deployed across multiple administrative domains. Here, multi-domain refers to multiple infrastructure providers spread across different geographic regions. Slice demands and QoS requirements may vary dynamically, which can be satisfied by scaling the allotted VNF resources. The VNF scaling problem can be posed as a time series forecasting problem that predicts future VNF resources based on the slice traffic demand. 5G deployments with multiple domains pose a serious challenge in terms of data privacy since one domain may need access to the data of another domain for efficient resource allocation using the conventional forecasting approaches that requires data aggregation. In this paper, we use the federated learning approach in which the training data remains within the respective domains but learns a shared model by aggregating locally-computed updates. We evaluate the applicability of federated settings in VNF scaling using two state-of-the-art deep learning models, Long Short-Term Memory (LSTM) and Gated recurrent units (GRU). We present a comparison of the performance of the proposed federated system against the centralized system. Additionally, synthetic data in each domain has been generated using Generative Adversarial Networks (GAN) to improve the forecasting results.","2022-11-07","2026-03-10 15:12:24","2026-03-10 17:08:14","","242-246","","","","","","","","","","","","","","","","Scopus","","","","Journal Abbreviation: 2022 IEEE 11th International Conference on Cloud Networking (CloudNet)","","","","Federated learning; Data privacy; Predictive models; Training data; Time series analysis; Generative adversarial networks; Forecasting; Cloud computing; Quality of service; Network function virtualization; Network slicing; 5G mobile communication; Resource allocation; Long short-term memory; 5G mobile communication systems; Learning approach; Resources allocation; E-learning; Multi-domains; Scalings; Network functions; Geographics; Transfer functions; Virtual networks; Infrastructure providers; Resources utilizations","","","","","","","","","","","","","","","","","","","","","","","","","","","","","","","","2022 IEEE 11th International Conference on Cloud Networking (CloudNet)","","","","","","","","","","","","","","",""
"VI2T3RH6","conferencePaper","2021","Y. Kim; E. A. Hakim; J. Haraldson; H. Eriksson; J. M. B. da Silva; C. Fischione","Dynamic Clustering in Federated Learning","ICC 2021 - IEEE International Conference on Communications","1938-1883","","10.1109/ICC42927.2021.9500877","https://www.scopus.com/inward/record.uri?eid=2-s2.0-85115675502&doi=10.1109%2FICC42927.2021.9500877&partnerID=40&md5=317c155dc4ffe0e0bae0851aa29a7c0d","In the resource management of wireless networks, Federated Learning has been used to predict handovers. However, non-independent and identically distributed data degrade the accuracy performance of such predictions. To overcome the problem, Federated Learning can leverage data clustering algorithms and build a machine learning model for each cluster. However, traditional data clustering algorithms, when applied to the handover prediction, exhibit three main limitations: the risk of data privacy breach, the fixed shape of clusters, and the non-adaptive number of clusters. To overcome these limitations, in this paper, we propose a three-phased data clustering algorithm, namely: generative adversarial network-based clustering, cluster calibration, and cluster division. We show that the generative adversarial network-based clustering preserves privacy. The cluster calibration deals with dynamic environments by modifying clusters. Moreover, the divisive clustering explores the different number of clusters by repeatedly selecting and dividing a cluster into multiple clusters. A baseline algorithm and our algorithm are tested on a time series forecasting task. We show that our algorithm improves the performance of forecasting models, including cellular network handover, by 43%.","2021-06-14","2026-03-10 15:12:24","2026-03-10 17:08:15","","1-6","","","","","","","","","","","","","","","","Scopus","","","","Journal Abbreviation: ICC 2021 - IEEE International Conference on Communications","","","","Federated learning; Data privacy; Federated Learning; Prediction algorithms; Time series analysis; Generative adversarial networks; Forecasting; Machine learning; Heuristic algorithms; clustering; Clustering algorithms; Machine learning algorithms; Performance; Wireless networks; Calibration; GAN; Handover; handover prediction; non-IID; Non-IID; Network-based; Clusterings; Cluster analysis; Data clustering algorithm; Hand over; Handover prediction; Number of clusters","","","","","","","","","","","","","","","","","","","","","","","","","","","","","","","","ICC 2021 - IEEE International Conference on Communications","","","","","","","","","","","","","","",""
"87SHYPHK","journalArticle","2024","C. Cai; W. Liu; X. Xia; Z. Chen; Y. Fang","Bayesian Uncertainty Calibration for Federated Time Series Analysis","IEEE Transactions on Multimedia","","1941-0077","10.1109/TMM.2024.3443627","https://www.scopus.com/inward/record.uri?eid=2-s2.0-85201291232&doi=10.1109%2FTMM.2024.3443627&partnerID=40&md5=5eff3f46da2a0c833f5f0793207a5f8d","Deep learning models for time series analysis often require large-scale labeled datasets for training. However, acquiring such datasets is cost-intensive and challenging, particularly for individual institutions. To overcome this challenge and concern about data confidentiality among different institutions, federated learning (FL) servers as a viable solution to this dilemma by offering a decentralized learning framework. However, the datasets collected by each institution often suffer from imbalance and may not adhere to uniform protocols, leading to diverse data distributions. To address this problem, we design a global model to approximate the global data distribution of all participant clients, then transfer it to local clients as an induction in the training phase. While discrepancies between the approximate distribution and the actual distribution result in uncertainty in the predicted results. Moreover, the diverse data distributions among various clients within the FL framework, combined with the inherent lack of reliability and interpretability in deep learning models, further amplify the uncertainty of the prediction results. To address these issues, we propose an uncertainty calibration method based on Bayesian deep learning techniques, which captures uncertainty by learning a fidelity transformation to reconstruct the output of time series regression and classification tasks, utilizing deterministic pre-trained models. Extensive experiments on the regression dataset (C-MAPSS) and classification datasets (ESR, Sleep-EDF, HAR, and FD) in the Independent and Identically Distributed (IID) and non-IID settings show that our approach effectively calibrates uncertainty within the FL framework and facilitates better generalization performance in both the regression and classification tasks, achieving state-of-the-art performance.","2024","2026-03-10 15:12:24","2026-03-10 17:08:16","","11151-11163","","","26","","IEEE Transactions on Multimedia","","","","","","","","","","","Scopus","","","","","","","","federated learning; Federated learning; Training; Data models; Predictive models; Time series analysis; Deep learning; Task analysis; Uncertainty; Uncertainty calibration; Time-series analysis; Time series; time series analysis; Calibration; Bayesian; Contrastive Learning; Adversarial machine learning; Data distribution; Learning frameworks","","","","","","","","","","","","","","","","","","","","","","","","","","","","","","","","","","","","","","","","","","","","","","",""
"9YLPP5D9","conferencePaper","2022","A. Gkillas; A. S. Lalos","Missing Data Imputation for Multivariate Time series in Industrial IoT: A Federated Learning Approach","2022 IEEE 20th International Conference on Industrial Informatics (INDIN)","","","10.1109/INDIN51773.2022.9976093","https://www.scopus.com/inward/record.uri?eid=2-s2.0-85145780904&doi=10.1109%2FINDIN51773.2022.9976093&partnerID=40&md5=30a9e21c86916835c5423f9eef818813","In multidimensional times series generated by sensor recordings of multiple dispersed IoT edge devices, missing measurements are commonplace due to sensing or communication failures, considered a thorny and perplexing problem in a wide range of Industry 4.0 applications. Existing studies for time series imputation focus on developing centralized deep learning approaches, which require massive amounts of data to be uploaded to a central server with adequate computational and power resources for the training of the models, since these approaches are unsuitable for edge and IoT devices characterized by limited computation resources. Different from the current literature, in this study, the time series imputation problem is studied from a federated learning perspective, which is able to surmount the above difficulties. In particular, a novel federated learning approach is proposed, assuming different IoT devices with varying sensing and computational capabilities, that trade-off accuracy with computational/communication/sensing complexity and minimize the operations that need to be performed during training and inferences phase. Furthermore, considering that the main computations are performed on the edge, where the IoT edge devices have limited computational capabilities and power resources, a lightweight yet effective autoencoder-based model is employed to address the examined problem, modified properly to capture the temporal dependencies of the time series data. Extensive evaluation studies with two open datasets have shown that both approaches minimize the data exchanges the need to be made for outperforming centralized approaches in the presence of limited training data.","2022-07-25","2026-03-10 15:12:24","2026-03-10 17:08:16","","87-94","","","2022-July","","","","","","","","","","","","","Scopus","","","","Journal Abbreviation: 2022 IEEE 20th International Conference on Industrial Informatics (INDIN)","","","","federated learning; Federated learning; Training; Data models; Industry 4.0; Time series analysis; Computational modeling; Deep learning; Performance evaluation; Internet of things; Imputation; Learning systems; Time series; autoencoders; imputation; missing data; multidimensional time series; Missing data; Times series; Economic and social effects; Computational capability; Learning approach; Electronic data interchange; Auto encoders; Missing data imputations; Multidimensional time series; Power resources","","","","","","","","","","","","","","","","","","","","","","","","","","","","","","","","2022 IEEE 20th International Conference on Industrial Informatics (INDIN)","","","","","","","","","","","","","","",""
"L66HU8FU","conferencePaper","2023","I. Siniosoglou; K. Xouveroudis; V. Argyriou; T. Lagkas; D. Margounakis; A. -A. A. Boulogeorgos; P. Sarigiannidis","Applying Federated Learning on Decentralized Smart Farming: A Case Study","2023 IEEE International Conference on Communications Workshops (ICC Workshops)","2694-2941","","10.1109/ICCWorkshops57953.2023.10283681","https://www.scopus.com/inward/record.uri?eid=2-s2.0-85177864591&doi=10.1109%2FICCWorkshops57953.2023.10283681&partnerID=40&md5=1f7252f129662f961e094eb6958c3518","In the field of Smart Agriculture, accurate time series forecasting is essential for farmers to gather and evaluate relevant information about various aspects of their work, such as the management of harvests, livestock, crops, water and soil. One commonly used method for trend forecasting in time series is the Long Short Term Memory (LSTM) Recurrent Neural Network (RNN) model, due to its ability to retain context for longer periods and enhance performance in context-intensive tasks. To further improve the results, the use of Federated Learning (FL) can be implemented, allowing multiple data providers to simultaneously train on a shared model while preserving data privacy. In this study, a Centralised Federated Learning System (CFLS) is leveraged, that implements and evaluates the efficacy of FL in smart agriculture through the use of datasets produced by such infrastructures. The system receives data from multiple clients and creates an optimised global model through model federation. Consequently, the federated approach is compared with the conventional local training to explore the potential of FL in real-time forecasting for the Smart Farming sector.","2023-06-28","2026-03-10 15:12:24","2026-03-10 17:08:17","","1295-1300","","","","","","","","","","","","","","","","Scopus","","","","Journal Abbreviation: 2023 IEEE International Conference on Communications Workshops (ICC Workshops)","","","","Federated learning; Training; Data models; Data privacy; Federated Learning; Time series analysis; Deep learning; Forecasting; Deep Learning; Recurrent neural networks; Synthetic data; Conferences; LSTM; Smart agriculture; Crops; Learning systems; Time series; Synthetic Data; Animal Welfare; Crop Optimisation; Dataset; Smart farming; Long short-term memory; Decentralised; Optimisations; Smart agricultures; Animal welfare; Crop optimization; Farms","","","","","","","","","","","","","","","","","","","","","","","","","","","","","","","","2023 IEEE International Conference on Communications Workshops (ICC Workshops)","","","","","","","","","","","","","","",""
"HGCK556H","conferencePaper","2025","K.Ramyalakshmi; S. Bansal; V. Midasala; P. Tanna; U. Mahender; L. Bhagyalakshmi","A Hybrid Federated Learning and Deep Learning Approach for Time Series Forecasting in Distributed System","2025 IEEE Madhya Pradesh Section Conference (MPCON)","","","10.1109/MPCON66082.2025.11256749","https://www.scopus.com/inward/record.uri?eid=2-s2.0-105031364577&doi=10.1109%2FMPCON66082.2025.11256749&partnerID=40&md5=4fa460535f0b1b600bbef8080cc8be5f","Attempts by conventional recommendations to provide accurate customization have been thwarted by the proliferation of internet-based content and the increasing variety of users. Incorporating multi-preference models with methods for deep learning, this study presents an AI-enhanced suggestion engine. The platform uses a combination of neural network structure involving CNNs and RNNs to constantly collect customer preferences along multiple levels, including behavior, information, and historical trends. The algorithm uses a method of attention to give preferences evaluations and significant interactions between items and users greater significance, which improves suggestion correctness and customization. The multi-preference integrated layer is a game-changer because it unifies different kinds of info into one embedded distance, making it more flexible to respond to changing user preferences. The model has outstanding training capability with little excessive fitting, when developed and verified on freely available prescription samples. With respect to accuracy, exactness, recollection, and F1-score, the suggested system outperforms matrix factorizing, group filtering, and a content-driven approaches. The model achieves an accuracy of 91.4%, which is additional 5% superior to the cutting-edge comparisons. An improvement over previous recommendation methods, the suggested AI-enhanced suggester system shows increased computing efficacy, customisation, and resilience.","2025-08-29","2026-03-10 15:12:24","2026-03-10 17:08:18","","89-95","","","","","","","","","","","","","","","","Scopus","","","","Journal Abbreviation: 2025 IEEE Madhya Pradesh Section Conference (MPCON)","","","","Federated learning; Training; Data models; Accuracy; Computer architecture; Time series analysis; Computational modeling; Deep learning; Software; Learning systems; Time series; CNN; Attention Machinery; Deep Knowledge; Embedding Fusion; Multi-Preference Modeling; Personalized Recommendations; Recommendation Accuracy; Recommender System; RNN; Time-varying systems; User Behavior Analysis; Recommender systems; Distributed computer systems; Behavioral research; Embeddings; Embedding fusion; Personalized recommendation; Attention machinery; Deep knowledge; Factorization; Multi-preference modeling; Preference models; Recommendation accuracy; User behavior analysis","","","","","","","","","","","","","","","","","","","","","","","","","","","","","","","","2025 IEEE Madhya Pradesh Section Conference (MPCON)","","","","","","","","","","","","","","",""
"IUTHP2CY","journalArticle","2025","J. Wang; D. Xu; T. Yang","Decentralized Federated Learning for Time Series Prediction in Electric Vehicle Charging Ecosystems","IEEE Transactions on Consumer Electronics","","1558-4127","10.1109/TCE.2025.3642305","https://www.scopus.com/inward/record.uri?eid=2-s2.0-105024902968&doi=10.1109%2FTCE.2025.3642305&partnerID=40&md5=e78dc5c690e15b99a6276f3ee972a675","The rapid growth and widespread adoption of electric vehicles (EVs) have led to increasing demand for accurate, privacy-preserving time series prediction in EV charging ecosystems. While federated learning (FL) offers a privacy-preserving framework, conventional centralized FL suffers from communication bottleneck, single point of failure, and training inefficiency caused by synchronous updates in heterogeneous environments. To address these challenges, we propose decentralized synchronous federated learning (DeSFL) and its asynchronous variant DeAFL for time series prediction in EV charging ecosystems. Both methods eliminate the need for centralized coordination. DeSFL provides synchronous updates for homogeneous environments, while DeAFL supports asynchronous updates to enhance efficiency and robustness for heterogeneous environments in real-world applications. In order to handle scenarios in EV charging ecosystems where geographical information is unavailable or unreliable, we introduce an adaptive dynamic directed communication topology graph (AD2CTG) algorithm that optimizes communication efficiency without sacrificing model performance. Experimental results on four real-world EV-related datasets demonstrate that both DeSFL and DeAFL achieve superior prediction accuracy compared to centralized baselines.","2025","2026-03-10 15:12:24","2026-03-10 17:08:18","","1-1","","","","","IEEE Transactions on Consumer Electronics","","","","","","","","","","","Scopus","","","","","","","","Federated learning; Training; Data models; Data privacy; Predictive models; Electric vehicles; Prediction algorithms; Servers; Time series analysis; Computational modeling; Forecasting; Decentralized federated learning; Ecosystems; Electric vehicle charging; Time series prediction; Time series; Electric vehicles charging; Centralised; Privacy preserving; Efficiency; Decentralised; Charging (batteries); Real-world; Heterogeneous environments; Rapid growth; Graph algorithms; Single point","","","","","","","","","","","","","","","","","","","","","","","","","","","","","","","","","","","","","","","","","","","","","","",""
"VFWADJJX","conferencePaper","2025","J. Nakrani; D. Nair; P. Gadekar; T. Dalvi; M. Tiwari","Artificial Intelligence - Driven Wealth Management: A Review of Reinforcement Learning, Time Series Forecasting, and Financial Decision Systems","2025 3rd DMIHER International Conference on Artificial Intelligence in Healthcare, Education and Industry (IDICAIHEI)","","","10.1109/IDICAIHEI65991.2025.11379045","","Artificial Intelligence (AI) is revolutionizing wealth management by enabling data- driven, real-time, and adaptive financial decision- making. This review investigates the role of advanced AI techniques, specifically Reinforcement Learning (RL), Long Short-Term Memory (LSTM), and Transformer-based models, in improving portfolio optimization, forecast accuracy, and risk mitigation. We provide a structured comparison of these approaches and examine their integration within scalable engineering frameworks such as robo-advisors and institutional trading platforms. Key challenges related to explainability, regulatory compliance, and deployment latency are also addressed through system-level design principles and risk governance strategies. The paper includes real-world use cases, performance benchmarks, and architectural insights. Conclusions identify research gaps in federated learning, sustainable AI, continual adaptation, and human-AI collaboration. This review serves as a comprehensive technical guide for practitioners and researchers looking to design AI-driven, compliant, and future-ready wealth management systems.","2025-11-28","2026-03-10 15:12:24","2026-03-10 15:12:24","","1-6","","","","","","","","","","","","","","","","","","","","Journal Abbreviation: 2025 3rd DMIHER International Conference on Artificial Intelligence in Healthcare, Education and Industry (IDICAIHEI)","","","","Artificial intelligence; Accuracy; Predictive models; Reinforcement learning; Time series analysis; Long short term memory; Reviews; Optimization; Forecasting; Portfolios; Artificial Intelligence in Finance; Deep Learning in Forecasting; Financial Risk Prediction; Reinforcement Learning for Portfolio Optimization; Robo-Advisory Engineering; Time Series Modeling; Wealth Management Systems","","","","","","","","","","","","","","","","","","","","","","","","","","","","","","","","2025 3rd DMIHER International Conference on Artificial Intelligence in Healthcare, Education and Industry (IDICAIHEI)","","","","","","","","","","","","","","",""
"E2KY4FZ7","conferencePaper","2025","H. V. Marisetty; M. Gupta; Y. Simmhan","D3FL: Data Distribution and Detrending for Robust Federated Learning in Non-linear Time-series Data","2025 IEEE International Conference on Edge Computing and Communications (EDGE)","2767-9918","","10.1109/EDGE67623.2025.00026","https://www.scopus.com/inward/record.uri?eid=2-s2.0-105015672031&doi=10.1109%2FEDGE67623.2025.00026&partnerID=40&md5=0ff545fa2f2338bc735eef7c5ab1a13a","With advancements in computing and communication technologies, the Internet of Things (IoT) has seen significant growth. IoT devices typically collect data from various sensors, such as temperature, humidity, and energy meters. Much of this data is temporal in nature. Traditionally, data from IoT devices is centralized for analysis, but this approach introduces delays and increased communication costs. Federated learning (FL) has emerged as an effective alternative, allowing for model training across distributed devices without the need to centralize data.In many applications, such as smart home energy and environmental monitoring, the data collected by IoT devices across different locations can exhibit significant variation in trends and seasonal patterns. Accurately forecasting such non-stationary, non-linear time-series data is crucial for applications like energy consumption estimation and weather forecasting. However, these data variations can severely impact prediction accuracy. The key contributions of this paper are: (1) Investigating how non-linear, non-stationary time-series data distributions, like generalized extreme value (gen-extreme) and log norm distributions, affect FL performance. (2) Analyzing how different detrending techniques for non-linear time-series data influence the forecasting model’s performance in a FL setup.We generated several synthetic time-series datasets using nonlinear data distributions and trained an LSTM-based forecasting model using both centralized and FL approaches. Additionally, we evaluated the impact of detrending on real-world datasets with non-linear time-series data distributions. Our experimental results show that: (1) FL performs worse than centralized approaches when dealing with non-linear data distributions. (2) The use of appropriate detrending techniques improves FL performance, reducing loss across different data distributions.","2025-07-07","2026-03-10 15:12:24","2026-03-10 17:08:19","","156-166","","","","","","","","","","","","","","","","Scopus","","","","Journal Abbreviation: 2025 IEEE International Conference on Edge Computing and Communications (EDGE)","","","","Artificial intelligence; Federated learning; Data models; Federated Learning; Predictive models; Edge Computing; Internet of Things; Distributed databases; Analytical models; Forecasting; Temperature sensors; Distributed Machine Learning; Edge computing; Internet of things; Weather forecasting; Learning systems; Time series; Industrial electronics; Data Distribution Synthetic Data Generation; Non-linear; Time-series Data; Centralised; Time-series data; Data distribution; Distributed machine learning; Synthetic data generations; Non linear; Nonlinear time series; Data distribution synthetic data generation; Detrending","","","","","","","","","","","","","","","","","","","","","","","","","","","","","","","","2025 IEEE International Conference on Edge Computing and Communications (EDGE)","","","","","","","","","","","","","","",""
"8BY5GQ8L","journalArticle","2021","T. Subramanya; R. Riggio","Centralized and Federated Learning for Predictive VNF Autoscaling in Multi-Domain 5G Networks and Beyond","IEEE Transactions on Network and Service Management","","1932-4537","10.1109/TNSM.2021.3050955","https://www.scopus.com/inward/record.uri?eid=2-s2.0-85099579919&doi=10.1109%2FTNSM.2021.3050955&partnerID=40&md5=fe3664d2c0bd6dc8986ca86210c9f05d","Network Function Virtualization (NFV) and Multi-access Edge Computing (MEC) are two technologies expected to play a vital role in 5G and beyond networks. However, adequate mechanisms are required to meet the dynamically changing network service demands to utilize the network resources optimally and also to satisfy the demanding QoS requirements. Particularly in multi-domain scenarios, the additional challenge of isolation and data privacy among domains needs to be tackled. To this end, centralized and distributed Artificial Intelligence (AI)-driven resource orchestration techniques (e.g., virtual network function (VNF) autoscaling) are foreseen as the main enabler. In this work, we propose deep learning models, both centralized and federated approaches, that can perform horizontal and vertical autoscaling in multi-domain networks. The problem of autoscaling is modelled as a time series forecasting problem that predicts the future number of VNF instances based on the expected traffic demand. We evaluate the performance of various deep learning models trained over a commercial network operator dataset and investigate the pros and cons of federated learning over centralized learning approaches. Furthermore, we introduce the AI-driven Kubernetes orchestration prototype that we implemented by leveraging our MEC platform and assess the performance of the proposed deep learning models in a practical setup.","2021-03","2026-03-10 15:12:24","2026-03-10 17:08:20","","63-78","","1","18","","IEEE Transactions on Network and Service Management","","","","","","","","","","","Scopus","","","","","","","","federated learning; Predictive models; Servers; Time series analysis; Computational modeling; Deep learning; Forecasting; Collaborative work; Quality of service; Network function virtualization; deep learning; 5G; Learning systems; Time series forecasting; autoscaling; Kubernetes; multi-domain; multi-operator multi-access edge computing; Privacy by design; 5G mobile communication systems; Learning approach; Queueing networks; Beryllium compounds; Commercial networks; Distributed Artificial Intelligence; Multidomain networks; Network resource; Network services; Transfer functions; Virtual networks","","","","","","","","","","","","","","","","","","","","","","","","","","","","","","","","","","","","","","","","","","","","","","",""
"MGRMYHPX","conferencePaper","2023","C. Huang; C. Jiang; Z. Chen","Shuffled Differentially Private Federated Learning for Time Series Data Analytics","2023 IEEE 18th Conference on Industrial Electronics and Applications (ICIEA)","2158-2297","","10.1109/ICIEA58696.2023.10241529","https://www.scopus.com/inward/record.uri?eid=2-s2.0-85173618112&doi=10.1109%2FICIEA58696.2023.10241529&partnerID=40&md5=130394f7f4c02a06d27de5eb690a3feb","Trustworthy federated learning aims to achieve optimal performance while ensuring clients’ privacy. Existing privacy-preserving federated learning approaches are mostly tailored for image data, lacking applications for time series data, which have many important applications, like machine health monitoring, human activity recognition, etc. Furthermore, protective noising on a time series data analytics model can significantly interfere with temporal-dependent learning, leading to a greater decline in accuracy. To address these issues, we develop a privacy-preserving federated learning algorithm for time series data. Specifically, we employ local differential privacy to extend the privacy protection trust boundary to the clients. We also incorporate shuffle techniques to achieve a privacy amplification, mitigating the accuracy decline caused by leveraging local differential privacy. Extensive experiments were conducted on five time series datasets. The evaluation results reveal that our algorithm experienced minimal accuracy loss compared to non-private federated learning in both small and large client scenarios. Under the same level of privacy protection, our algorithm demonstrated improved accuracy compared to the centralized differentially private federated learning in both scenarios.","2023-08-18","2026-03-10 15:12:24","2026-03-10 17:08:20","","1023-1028","","","","","","","","","","","","","","","","Scopus","","","","Journal Abbreviation: 2023 IEEE 18th Conference on Industrial Electronics and Applications (ICIEA)","","","","Federated learning; Training; Privacy; Time series analysis; Differential privacy; Data Analytics; Data analysis; Data analytics; Time series; Industrial electronics; Learning algorithms; Privacy preserving; Differential privacies; Time-series data; Privacy protection; Privacy-preserving techniques; Learning approach; Optimal performance; Image data; Client privacy; Machine health monitoring","","","","","","","","","","","","","","","","","","","","","","","","","","","","","","","","2023 IEEE 18th Conference on Industrial Electronics and Applications (ICIEA)","","","","","","","","","","","","","","",""
"GHUVXLDM","conferencePaper","2025","A. P. Maria; H. P. N; S. G. S","Trustworthy Glucose Prediction Using Federated Learning: Privacy Preserving as a Service","2025 International Conference on Computational Innovations and Engineering Sustainability (ICCIES)","","","10.1109/ICCIES63851.2025.11032911","https://www.scopus.com/inward/record.uri?eid=2-s2.0-105011937028&doi=10.1109%2FICCIES63851.2025.11032911&partnerID=40&md5=930c4d64baa02545b7c631b526fab984","Diabetes is one of the most difficult chronic diseases to manage, especially among working individuals and elderly people with limited mobility. Without adequate time to monitor the blood sugar levels, many individuals find it particularly difficult to keep tabs on their glucose. This paper proposes a solution to this issue leveraging Deep Learning (DL) methods, particularly Long Short-Term Memory (LSTM) networks, which are a type of Recurrent Neural Networks (RNN) ideally designed for time series forecasting. To automate the process of diabetes management, the LSTM model is designed to predict glucose levels by being trained on active data collected from the users in real time. For the model to learn without the sensitive data being exposed, data privacy and protection mechanisms are established using Federated Learning (FL). This method allows sensitive information to remain securely stored within devices while ensuring the advantages of joint model training and reduced vulnerability risks from storing shared data. The healthcare centers provide the combination of LSTM and FL and host it in a cloud environment as a service or as web services enabling patients to receive blood glucose level predictions in real time without visiting the clinic. The proposed system shows an accuracy of LSTM with FL which results to 95% and only LSTM as such receives 98% with loss being minutely less of 1% compared to each other. The total error reduced using RMSE and MAE are 0.17 and 0.02 for plain LSTM and 0.29 and 0.09 for LSTM with FL.","2025-04-24","2026-03-10 15:12:24","2026-03-10 17:08:21","","1-8","","","","","","","","","","","","","","","","Scopus","","","","Journal Abbreviation: 2025 International Conference on Computational Innovations and Engineering Sustainability (ICCIES)","","","","Federated learning; Data models; Federated Learning; Real-time systems; Deep learning; Long short term memory; Forecasting; Deep Learning; Recurrent neural networks; Web services; Diabetes; Learning systems; Glucose; Blood; Blood Glucose Level Prediction; Long Short Term Memory; Web Services; Information management; Long short-term memory; Privacy preserving; Short term memory; Real- time; Sensitive data; Data reduction; Blood glucose level; Blood glucose level prediction; Blood sugar levels; Chronic disease; Elderly people; Webs services","","","","","","","","","","","","","","","","","","","","","","","","","","","","","","","","2025 International Conference on Computational Innovations and Engineering Sustainability (ICCIES)","","","","","","","","","","","","","","",""
"A95MHIMA","journalArticle","2024","R. Nachtigall; M. L. Haller; A. Wagner; V. Walter","Revealing the Effects of Data Heterogeneity in Federated Learning Regression Models for Short-Term Solar Power Forecasting","IEEE Access","","2169-3536","10.1109/ACCESS.2024.3479737","https://www.scopus.com/inward/record.uri?eid=2-s2.0-85207713770&doi=10.1109%2FACCESS.2024.3479737&partnerID=40&md5=9e3618e0d3730a54dfa43bd953557707","Accurate short-term power forecasting is crucial for the successful commercialization of solar energy, helping to prevent financial losses in energy markets. Federated learning (FL) offers a promising approach for power forecasting with small databases, enabling marketers to collaboratively develop models without exchanging sensitive data. An initial simulation of this FL use case reveals a clear discrepancy between the solar power forecasting performance of the FL model and central learning (CL) models trained on each marketer’s data. While some benefit from participating in FL, others achieve far better results with individually trained forecasting models. This paper demonstrates that the discrepancy is due to heterogeneity between the data of each marketer. As this is a poorly researched area in FL regression, a taxonomy of heterogeneity characteristics (skews) is first proposed. Next the influence of the skews are analyzed conducting a simulation study. The study has shown that differences in autocorrelation and number of data points among time series from FL clients have the greatest impact on the performance of the FL regression model. A first heterogeneity quantification approach based on ARMA-GARCH models is proposed to address this problem in the development of federated solar power forecasting systems and other federated regression problems. In addition, the paper highlights the need for further investigation of heterogeneity in federated regression problems.","2024","2026-03-10 15:12:24","2026-03-10 17:08:21","","171472-171487","","","12","","IEEE Access","","","","","","","","","","","Scopus","","","","","","","","Federated learning; Data models; Predictive models; Time series analysis; Forecasting; Machine learning; Market research; Taxonomy; Mathematical models; time series; Weather forecasting; Federated machine learning; heterogeneity; regression; Solar irradiance; solar power forecasting; Solar power generation; Heterogeneity; Machine-learning; Times series; Learning models; Regression; Power forecasting; Regression modelling; Regression problem; Solar power forecasting","","","","","","","","","","","","","","","","","","","","","","","","","","","","","","","","","","","","","","","","","","","","","","",""
"JZJ684YS","journalArticle","2025","Y. He; X. Ding; Y. Tang; J. Guan; S. Zhou","Unsupervised Multivariate Time Series Anomaly Detection by Feature Decoupling in Federated Learning Scenarios","IEEE Transactions on Artificial Intelligence","","2691-4581","10.1109/TAI.2025.3533437","https://www.scopus.com/inward/record.uri?eid=2-s2.0-85219675227&doi=10.1109%2FTAI.2025.3533437&partnerID=40&md5=621f8769b6eb9f11d67320305d929c80","Anomalies are usually regarded as data errors or novel patterns previously unseen, which are quite different from most observed data. Accurate detection of anomalies is crucial in various application scenarios. This article focuses on unsupervised anomaly detection from multivariate time series (MTS), as real-world data collected from sources such as wearable devices, medical equipment, and industrial machines typically manifest as MTS and are often unlabeled. Anomaly detection in MTS represents a data-driven challenge that traditionally requires substantial centralized data for training models. However, in practice, data are frequently distributed among multiple institutions, with privacy concerns restricting unrestricted access. To address these issues, we introduce feature decoupling federated learning (FDFL), an approach designed to collaboratively train a representation learning network over multiple clients for unsupervised anomaly detection in MTS. Unlike previous methods that simply integrate MTS anomaly detection (MTS-AD) algorithms with federated learning (FL) strategies, FDFL specifically addresses heterogeneity among clients by decoupling the representation network into shared and private branches through a contrastive learning mechanism. This method aggregates shared parameters during each federated round while maintaining client-specific private parameters locally. Additionally, we develop a self-attention block that integrates the representations derived from both shared and private parameters to reconstruct MTS and identify anomalies based on reconstruction errors. Extensive experiments conducted on three publicly available datasets demonstrate that FDFL outperforms existing algorithms in most cases, highlighting the effectiveness and superiority of our proposed method in MTS-AD.","2025-08","2026-03-10 15:12:24","2026-03-10 17:08:21","","2013-2026","","8","6","","IEEE Transactions on Artificial Intelligence","","","","","","","","","","","Scopus","","","","","","","","Federated learning; Training; Data models; Data privacy; Distributed databases; Feature extraction; Anomaly detection; Time series analysis; Unsupervised learning; Differential privacy; Transformers; Self-supervised learning; federated learning (FL); Noise; Multivariate time series; Time series; Feature decoupling; multivariate time series (MTS); unsupervised anomaly detection; Contrastive Learning; Adversarial machine learning; Wearable computers; Learning scenarios; Unsupervised anomaly detection; Observed data; Decouplings; Data errors; Error patterns; Novel patterns","","","","","","","","","","","","","","","","","","","","","","","","","","","","","","","","","","","","","","","","","","","","","","",""
"3M623UY5","journalArticle","2025","J. Chen; Y. Ma; X. Yue","Federated Learning of Dynamic Bayesian Network via Continuous Optimization from Time Series Data","IEEE Transactions on Artificial Intelligence","","2691-4581","10.1109/TAI.2025.3622545","https://www.scopus.com/inward/record.uri?eid=2-s2.0-105019625155&doi=10.1109%2FTAI.2025.3622545&partnerID=40&md5=fd691deedfb5d064d9f6754a75622a99","Traditionally, learning the structure of a Dynamic Bayesian Network has been centralized, requiring all data to be pooled in one location. However, in real-world scenarios, data are often distributed across multiple entities (e.g., companies, devices) that seek to collaboratively learn a Dynamic Bayesian Network while preserving data privacy and security. More importantly, due to the presence of diverse clients, the data may follow different distributions, resulting in data heterogeneity. This heterogeneity poses additional challenges for centralized approaches. In this study, we first introduce a federated learning approach for estimating the structure of a Dynamic Bayesian Network (FDBNL) from homogeneous time series data that are horizontally distributed across different parties. We then extend this approach to heterogeneous time series data by incorporating a proximal operator as a regularization term in a personalized federated learning framework (PFDBNL). Moreover, we prove that our federated learning framework converges to a stationary point, addressing the lack of theoretical guarantees for continuous optimization based structure learning in federated settings. To the best of our knowledge, this is the first rigorous convergence result for structure learning under this paradigm. Experimental results on synthetic and real-world datasets demonstrate that our method outperforms state-of-the-art techniques, particularly in scenarios with many clients and limited individual sample sizes.","2025","2026-03-10 15:12:24","2026-03-10 17:08:22","","1-18","","","","","IEEE Transactions on Artificial Intelligence","","","","","","","","","","","Scopus","","","","","","","","Federated learning; Data models; Data privacy; Federated Learning; Personalized federated learning; Adaptation models; Distributed databases; Time series analysis; Security; Scalability; Optimization; Bayes methods; Network security; Time Series; Learning systems; Time series; Continuous Optimization; Convergence Analysis; Dynamic Bayesian Network; Heterogeneity; Personalized Federated Learning; Centralised; Times series; Bayesian networks; Time-series data; Learning frameworks; Structural optimization; Arts computing; Continuous optimization; Structure-learning; Barium compounds; Convergence analysis; Dynamic Bayesian networks","","","","","","","","","","","","","","","","","","","","","","","","","","","","","","","","","","","","","","","","","","","","","","",""
"RPNUJRFL","conferencePaper","2023","N. Moumni; F. Châabane; F. Drira","Privacy-Preserving Anomaly Detection in Smart Meter Data Via Federated Learning","2023 International Conference on Cyberworlds (CW)","2642-3596","","10.1109/CW58918.2023.00093","https://www.scopus.com/inward/record.uri?eid=2-s2.0-85181112357&doi=10.1109%2FCW58918.2023.00093&partnerID=40&md5=2f21ccd148edd0b1b15f531f93e0cd9e","Federated Learning can ensure privacy by design through its unique approach to data analysis and model training. Adapting Machine Learning models into federated architectures is particularly interesting, especially in the context of anomaly detection and data preservation in time series data of smart meters. In this study, we explore Machine Learning models deployed and depicted on an open dataset to demonstrate the efficiency of Machine Learning based Federated Learning frameworks in preserving privacy. Through comprehensive experiments and evaluations, we highlight the significant privacy achieved through decentralized data, local model training and aggregated model updates. By harnessing the power of the federated learning, we offer a promising solution for preserving privacy in anomaly detection while enabling effective analysis of smart meter data.","2023-10-03","2026-03-10 15:12:24","2026-03-10 17:08:22","","516-517","","","","","","","","","","","","","","","","Scopus","","","","Journal Abbreviation: 2023 International Conference on Cyberworlds (CW)","","","","federated learning; Federated learning; Training; Data privacy; Adaptation models; Privacy; Anomaly detection; Time series analysis; anomaly detection; machine learning; privacy preservation; Machine learning; data security; Smart meters; smart meter; Systems engineering and theory; Machine learning models; Machine-learning; Privacy preservation; Privacy preserving; Privacy-preserving techniques; Model training; Analysis and models; Data preservations; Federated architecture","","","","","","","","","","","","","","","","","","","","","","","","","","","","","","","","2023 International Conference on Cyberworlds (CW)","","","","","","","","","","","","","","",""
"6A287BDV","conferencePaper","2022","F. Liu; C. Zeng; L. Zhang; Y. Zhou; Q. Mu; Y. Zhang; L. Zhang; C. Zhu","FedTADBench: Federated Time-series Anomaly Detection Benchmark","2022 IEEE 24th Int Conf on High Performance Computing & Communications; 8th Int Conf on Data Science & Systems; 20th Int Conf on Smart City; 8th Int Conf on Dependability in Sensor, Cloud & Big Data Systems & Application (HPCC/DSS/SmartCity/DependSys)","","","10.1109/HPCC-DSS-SmartCity-DependSys57074.2022.00071","https://www.scopus.com/inward/record.uri?eid=2-s2.0-85152232081&doi=10.1109%2FHPCC-DSS-SmartCity-DependSys57074.2022.00071&partnerID=40&md5=61d9ff2c29841ccdf39dd21cdbc4762b","Time series anomaly detection strives to uncover potential abnormal behaviors and patterns from temporal data, and has fundamental significance in diverse application scenarios. Constructing an effective detection model usually requires adequate training data stored in a centralized manner, however, this requirement sometimes could not be satisfied in realistic scenarios. As a prevailing approach to address the above problem, federated learning has demonstrated its power to cooperate with the distributed data available while protecting the privacy of data providers. However, it is still unclear that how existing time series anomaly detection algorithms perform with decentralized data storage and privacy protection through federated learning. To study this, we conduct a federated time series anomaly detection benchmark, named FedTADBench, which involves five representative time series anomaly detection algorithms and four popular federated learning methods. We would like to answer the following questions: (l)How is the performance of time series anomaly detection algorithms when meeting federated learning? (2) Which federated learning method is the most appropriate one for time series anomaly detection? (3) How do federated time series anomaly detection approaches perform on different partitions of data in clients? Numbers of results as well as corresponding analysis are provided from extensive experiments with various settings. The source code of our benchmark is publicly available at https://github.com/fanxindiu2020/FedTADBench.","2022-12-18","2026-03-10 15:12:25","2026-03-10 17:08:24","","303-310","","","","","","","","","","","","","","","","Scopus","","","","Journal Abbreviation: 2022 IEEE 24th Int Conf on High Performance Computing & Communications; 8th Int Conf on Data Science & Systems; 20th Int Conf on Smart City; 8th Int Conf on Dependability in Sensor, Cloud & Big Data Systems & Application (HPCC/DSS/SmartCity/DependSys)","","","","federated learning; Federated learning; Data privacy; Training data; Distributed databases; Anomaly detection; Time series analysis; Source coding; Learning systems; Time series; time series anomaly detection; performance evaluation; data partition; Memory; Time series anomaly detection; Benchmarking; Times series; Digital storage; Learning methods; Performances evaluation; Signal detection; Anomaly-detection algorithms; Abnormal behavior; Abnormal patterns; Data partition","","","","","","","","","","","","","","","","","","","","","","","","","","","","","","","","2022 IEEE 24th Int Conf on High Performance Computing & Communications; 8th Int Conf on Data Science & Systems; 20th Int Conf on Smart City; 8th Int Conf on Dependability in Sensor, Cloud & Big Data Systems & Application (HPCC/DSS/SmartCity/DependSys)","","","","","","","","","","","","","","",""
"RRTS23BF","journalArticle","2025","F. A. R. Silva; O. Orang; F. Javier Erazo-Costa; P. C. L. Silva; P. H. Barros; R. P. M. Ferreira; F. Gadelha Guimarães","Time Series Classification Using Federated Convolutional Neural Networks and Image-Based Representations","IEEE Access","","2169-3536","10.1109/ACCESS.2025.3554097","https://www.scopus.com/inward/record.uri?eid=2-s2.0-105003089371&doi=10.1109%2FACCESS.2025.3554097&partnerID=40&md5=0ebdeb8e299c83160b31045d98808801","Time series classification (TSC) has numerous applications across various domains. This research introduces a federated hybrid TSC method that combines image-based time series representation techniques with Convolutional Neural Networks (CNNs) in a decentralized framework. Specifically, three image representation techniques—Motif representation of numerical time series (NMotif), Motif representation of fuzzy time series (FTSMotif), and Polar—are utilized to convert raw data into image representations, which are then used as inputs for CNNs. Federated Learning (FL) enables collaborative training across distributed clients while ensuring data privacy. The method’s effectiveness is evaluated using 40 datasets from the UCR Archive. The results show that the FL model surpasses traditional baselines by up to 1.9% while enabling collaborative learning and preserving privacy. Although centralized state-of-the-art (SOTA) models such as Rocket and ResNet achieve higher overall accuracy, the proposed approach offers a competitive and practical alternative for real-world scenarios where centralized training is infeasible due to privacy constraints. These findings highlight the potential of our proposed federated image-based TSC as a scalable and privacy-aware solution for time series analysis.","2025","2026-03-10 15:12:25","2026-03-10 17:08:24","","56180-56194","","","13","","IEEE Access","","","","","","","","","","","Scopus","","","","","","","","federated learning; Federated learning; Training; Data privacy; Accuracy; Convolutional neural networks; privacy-preserving; Servers; Time series analysis; Differential privacy; Fuzzy logic; Classification algorithms; Time series; convolutional neural networks; Image representation; image-based representation; Time series classification; Centralised; Times series; Privacy preserving; Convolutional neural network; Network-based; Time series classifications; Image representations; Image-based; Image-based representation; Representation techniques","","","","","","","","","","","","","","","","","","","","","","","","","","","","","","","","","","","","","","","","","","","","","","",""
"K4VW5E4X","conferencePaper","2023","J. Xu; R. Kilfoyle; Z. Xiong; L. Lu","Communication-Efficient Design of Learning System for Energy Demand Forecasting of Electrical Vehicles","2023 Asia Pacific Signal and Information Processing Association Annual Summit and Conference (APSIPA ASC)","2640-0103","","10.1109/APSIPAASC58517.2023.10317551","https://www.scopus.com/inward/record.uri?eid=2-s2.0-85180007607&doi=10.1109%2FAPSIPAASC58517.2023.10317551&partnerID=40&md5=db63101e16e7d656ba19898a9f0e5af4","Machine learning (ML) applications to time series energy utilization forecasting problems are a challenging assignment due to a variety of factors. Chief among these is the non-homogeneity of the energy utilization datasets and the geographical dispersion of energy consumers. Furthermore, these ML models require vast amounts of training data and communications overhead in order to develop an effective model. In this paper, we propose a communication-efficient time series forecasting model combining the most recent advancements in transformer architectures implemented across a geographically dispersed series of EV charging stations and an efficient variant of federated learning (FL) to enable distributed training. The time series prediction performance and communication overhead cost of our FL are compared against their counterpart models and shown to have parity in performance while consuming significantly lower data rates during training. Additionally, the comparison is made across EV charging as well as other time series datasets to demonstrate the flexibility of our proposed model in generalized time series prediction beyond energy demand. The source code for this work is available at https://github.com/XuJiacong/LoGTST_PSGF.","2023-11-31","2026-03-10 15:12:25","2026-03-10 17:08:24","","1214-1220","","","","","","","","","","","","","","","","Scopus","","","","Journal Abbreviation: 2023 Asia Pacific Signal and Information Processing Association Annual Summit and Conference (APSIPA ASC)","","","","Energy management; Training; Predictive models; Training data; Time series analysis; Source coding; Forecasting; Demand forecasting; Time series prediction; Learning systems; Time series; Times series; Energy utilization; Vehicle to vehicle communications; Communication overheads; Electrical vehicles; Machine learning applications; Energy demand forecasting; Forecasting problems; Efficient designs; EV Charging; Nonhomogeneity","","","","","","","","","","","","","","","","","","","","","","","","","","","","","","","","2023 Asia Pacific Signal and Information Processing Association Annual Summit and Conference (APSIPA ASC)","","","","","","","","","","","","","","",""
"FJPB24JB","conferencePaper","2025","M. Forstenhäusler; C. Anagnostopoulos","Multi-Modal Personalized Federated Learning for Human Intent Prediction","2025 IEEE 45th International Conference on Distributed Computing Systems Workshops (ICDCSW)","2332-5666","","10.1109/ICDCSW63273.2025.00073","https://www.scopus.com/inward/record.uri?eid=2-s2.0-105030452079&doi=10.1109%2FICDCSW63273.2025.00073&partnerID=40&md5=7f3a2e3e07a98e98ca896696a11fb21e","This paper presents an overview of ongoing doctoral research, which explores multi-modal personalized federated learning for human intent predictions. Situated within the field of computer science, specifically Machine Learning, the study aims to address several challenges with utilizing and harmonizing multiple Machine Learning disciplines, such as fusing different data sources, e.g., time series and videos or images, decentralized learning, and personalization. The research adopts quantitative methods, such as experimental evaluation, simulation-based studies, and comparative analysis, and is currently at the early stages of development. By participating in the doctoral consortium, I seek constructive feedback on research design and research direction as well as the opportunity to engage with peers and senior researchers for collaborative dialogue and professional growth. This paper outlines the background, objectives, and describes anticipated contributions.","2025-07-21","2026-03-10 15:12:25","2026-03-10 17:08:25","","379-382","","","","","","","","","","","","","","","","Scopus","","","","Journal Abbreviation: 2025 IEEE 45th International Conference on Distributed Computing Systems Workshops (ICDCSW)","","","","Federated learning; Federated Learning; Predictive models; Time series analysis; Computational modeling; Medical services; Forecasting; Machine learning; Conferences; Soft sensors; Computer science; Videos; Learning systems; Time series; Domain adaptation; Collaborative learning; Domain Adaptation; Decentralized learning; Time Series Modeling; Distributed computing; Multi-Modality; Engineering education; Multi-modal; Machine-learning; Times series models; Times series; Distributed computer systems; Multi-modality; Data-source; Doctoral research; Multiple machine","","","","","","","","","","","","","","","","","","","","","","","","","","","","","","","","2025 IEEE 45th International Conference on Distributed Computing Systems Workshops (ICDCSW)","","","","","","","","","","","","","","",""
"H2JSPQKE","conferencePaper","2025","Y. Bao; R. Safarzadeh; X. Wang; S. Drew","Semi-decentralized Federated Time Series Prediction with Client Availability Budgets","IEEE INFOCOM 2025 - IEEE Conference on Computer Communications Workshops (INFOCOM WKSHPS)","2833-0587","","10.1109/INFOCOMWKSHPS65812.2025.11152880","https://www.scopus.com/inward/record.uri?eid=2-s2.0-105017971301&doi=10.1109%2FINFOCOMWKSHPS65812.2025.11152880&partnerID=40&md5=2007ed8b697148886af54751944589b5","Federated learning (FL) effectively promotes collaborative training among distributed clients with privacy considerations in the Internet of Things (IoT) scenarios, providing a promising application framework for emerging 6G network systems. FL clients may be constrained by unreliable network connections and availability budgets. Therefore, effective selection of clients participating in training is of vital importance for the convergence of the global model and the balance of client contributions. In this paper, we discuss the performance impact of client availability with time-series data on federated learning. We set up three different scenarios that affect the availability of time-series data and propose FedDeCAB, a novel, semi-decentralized client selection method applying probabilistic rankings of available clients. When a client is disconnected from the server, FedDeCAB allows obtaining partial model parameters from the nearest neighbor clients for joint optimization, improving the performance of offline models and reducing communication overhead. Experiments based on real-world large-scale vehicle and vessel trajectory datasets show that FedDeCAB is effective under highly heterogeneous data distribution, limited communication budget, and dynamic client offline or rejoining.","2025-05-19","2026-03-10 15:12:25","2026-03-10 17:08:26","","1-6","","","","","","","","","","","","","","","","Scopus","","","","Journal Abbreviation: IEEE INFOCOM 2025 - IEEE Conference on Computer Communications Workshops (INFOCOM WKSHPS)","","","","federated learning; Federated learning; Training; Internet of Things; Collaboration; Servers; Time series analysis; Optimization; Vehicle dynamics; Client selection; Internet of things; Trajectory; availability; Probabilistic logic; Time series prediction; Time series; client selection; Decentralised; Time-series data; Distributed computer systems; Budget control; Collaborative training; Large datasets; Application frameworks; Network availability; Network connection; Network systems; Unreliable network","","","","","","","","","","","","","","","","","","","","","","","","","","","","","","","","IEEE INFOCOM 2025 - IEEE Conference on Computer Communications Workshops (INFOCOM WKSHPS)","","","","","","","","","","","","","","",""
"59XC5FID","conferencePaper","2024","I. Iwan; T. A. Bukit; B. N. Yahya; S. -L. Lee","Federated Learning Framework for Collaborative Time Series Anomaly Detection on Distributed Machines","2024 IEEE 48th Annual Computers, Software, and Applications Conference (COMPSAC)","2836-3795","","10.1109/COMPSAC61105.2024.00262","https://www.scopus.com/inward/record.uri?eid=2-s2.0-85204063166&doi=10.1109%2FCOMPSAC61105.2024.00262&partnerID=40&md5=a38f14cfd2f048c8039cb20c8483445f","Detecting an anomaly is an essential task in the manufacturing operation. Due to the vast adaptation of machines for industry, AI has become an indispensable part of detecting anomalous instances. However, data scarcity and cost allocation pose a significant challenge for individual companies to train a model alone. Therefore, in Industries 5.0, companies need to collaborate to achieve the common goal. On the other hand, they also need to disclose sensitive information according to General Data Protection Regulation (GDPR). This work presents a secure collaborative framework with Federated Learning to enable the development of an anomaly detection model among multiple machines or clients in different companies. The proposed framework performs tasks such as managing secure connections among clients, transforming client data to a processable format, and conducting model training between clients simultaneously.","2024-07-02","2026-03-10 15:12:25","2026-03-10 17:08:26","","1665-1670","","","","","","","","","","","","","","","","Scopus","","","","Journal Abbreviation: 2024 IEEE 48th Annual Computers, Software, and Applications Conference (COMPSAC)","","","","Federated learning; Training; Data models; Federated Learning; Collaboration; Anomaly detection; Time series analysis; Anomaly Detection; Companies; Software; Data scarcity; Times series; Learning frameworks; Sensitive informations; Collaborative framework; Cost-allocation; Data costs; General data protection regulations; Manufacturing operations","","","","","","","","","","","","","","","","","","","","","","","","","","","","","","","","2024 IEEE 48th Annual Computers, Software, and Applications Conference (COMPSAC)","","","","","","","","","","","","","","",""
"7QCX4SW7","conferencePaper","2024","J. Huang; D. Xu; T. Yang","Fed-SMAE: Federated-Learning Based Time Series Anomaly Detection with Shared Memory Augmented Autoencoder","2024 IEEE 7th International Conference on Industrial Cyber-Physical Systems (ICPS)","2769-3899","","10.1109/ICPS59941.2024.10640001","https://www.scopus.com/inward/record.uri?eid=2-s2.0-85203690317&doi=10.1109%2FICPS59941.2024.10640001&partnerID=40&md5=25b636d37838843527db34c36de079b0","Time series anomaly detection plays a critical role in ensuring the security of Cyber-Physical Systems (CPS). However, the growing complexity of data acquired from CPS poses significant challenges to conventional anomaly detection methods. Deep learning-based anomaly detection has garnered significant attention and research interest due to its ability to discern intricate patterns and extract meaningful features from complex data. However, centralized anomaly detection methods currently are challenging due to the privacy protection issue and the difficulty of real-time data acquisition in the distributed scenario. In addition, conventional reconstruction-based methods are difficult to accurately identify anomalies due to the overfitting problem of the model. To address these issues, we proposed a novel method called federated shared memory augmented autoencoder (Fed-SMAE) to perform federated learning-based anomaly detection for multivariate time series data. First, we design the distributed training framework to address the privacy protection issues, which consists of a central server and multiple edge node devices. On the edge device, we design memory-augmented autoencoder (MAE) based on Long Short Term Memory (LSTM) to improve the performance of AE and perform local device anomaly detection. On the central server side, federated averaging algorithm (FedAvg) is employed to aggregate the model parameters from various edge devices. Meanwhile, the shared memory module mechanism is proposed to combine the MAE model with the distributed training framework. Finally, experimental results demonstrate that the proposed method outperforms the existing methods.","2024-05-12","2026-03-10 15:12:25","2026-03-10 17:08:27","","1-6","","","","","","","","","","","","","","","","Scopus","","","","Journal Abbreviation: 2024 IEEE 7th International Conference on Industrial Cyber-Physical Systems (ICPS)","","","","federated learning; Federated learning; Training; Servers; Privacy; Anomaly detection; Time series analysis; Image edge detection; Deep learning; Differential privacy; Cyber-physical systems; Performance evaluation; Multivariate time series; Memory modules; multivariate time series data; shared memory module mechanism; Times series; Privacy by design; Time-series data; Auto encoders; Multivariate time series data; Shared memory; Shared memory module mechanism; Shared memory modules","","","","","","","","","","","","","","","","","","","","","","","","","","","","","","","","2024 IEEE 7th International Conference on Industrial Cyber-Physical Systems (ICPS)","","","","","","","","","","","","","","",""
"MDJ35MPC","conferencePaper","2025","P. Xu; S. Sun; P. Zhao; Y. Pei","FLCAD: Anomaly detection based on contrastive federated learning","2025 5th International Conference on Artificial Intelligence, Automation and High Performance Computing (AIAHPC)","","","10.1109/AIAHPC66801.2025.11290205","","With the widespread adoption of the Industrial Internet of Things (IIoT), distributed sensors generate massive amounts of time series data. Efficiently detecting anomalies in the absence of annotations has become a key challenge. This paper proposes a time series-based anomaly detection framework based on contrastive federated learning, FLCAD (Federated Learning Contrastive Anomaly Detection). This approach introduces an anomaly injection strategy in the local phase, extracting window features using ResNet and MLP, and enhancing feature discriminability by constructing triples. In the federated phase, the server fuses cross-client features based on nearest neighbor/furthest neighbor constraints and calculates anomaly scores, thereby improving global detection performance while ensuring data privacy. Experiments on four real-world datasets, including MSL, SMAP, KPI, and SMD, show that FLCAD outperforms other baseline methods in metrics such as F1 score and AU-PR, demonstrating its robustness and effectiveness in environments with scarce annotations and heterogeneous data. However, this approach still has room for improvement due to communication overhead and differences in client computing power.","2025-09-19","2026-03-10 15:12:25","2026-03-10 15:12:25","","513-516","","","","","","","","","","","","","","","","","","","","Journal Abbreviation: 2025 5th International Conference on Artificial Intelligence, Automation and High Performance Computing (AIAHPC)","","","","Federated learning; Federated Learning; Industrial Internet of Things; Servers; Resource management; Sensors; Feature extraction; Anomaly detection; Robustness; Time series analysis; Anomaly Detection; Annotations; FLCAD; IIOT","","","","","","","","","","","","","","","","","","","","","","","","","","","","","","","","2025 5th International Conference on Artificial Intelligence, Automation and High Performance Computing (AIAHPC)","","","","","","","","","","","","","","",""
"VATGT5YG","conferencePaper","2024","P. Biswas; D. De; M. S. Obaidat; A. Hazra; B. Sadoun","FedHZone: Federated Learning Based Hazardous Zone Detection Using Internet of Drone Things","2024 International Conference on Communications, Computing, Cybersecurity, and Informatics (CCCI)","","","10.1109/CCCI61916.2024.10736477","https://www.scopus.com/inward/record.uri?eid=2-s2.0-85211106716&doi=10.1109%2FCCCI61916.2024.10736477&partnerID=40&md5=3a0fcf2e44aae9baadb665c90bf90730","Air pollution can affect human health, so it is necessary to predict the air quality index (AQI) in advance. In this work, air quality data collected by the Internet of Drone Things (IoDT) is predicted and analyzed to detect highly polluted zones using a distributed privacy-preserving federated learning (FL) approach. Air quality data for a particular zone is collected and then fed into a Long short-term memory (LSTM) based model to predict the pollution level in local training. Global aggregation is done by an IoDT -mounted central server to aggregate the received models from the local IoDT level. Privacy-preserving FedHZone predicts and analyses the AQI values from the past time series dataset in a multi-drone environment. This work detects the most hazardous zone in a larger region of Jaipur, Rajasthan using real-time data. The result shows FedHZone with stacked LSTM having “'2%-7% better accuracy than the vanilla LSTM-based model.","2024-10-16","2026-03-10 15:12:25","2026-03-10 17:08:28","","1-6","","","","","","","","","","","","","","","","Scopus","","","","Journal Abbreviation: 2024 International Conference on Communications, Computing, Cybersecurity, and Informatics (CCCI)","","","","Federated learning; Training; Federated Learning; Real-time systems; Atmospheric modeling; Servers; Internet; Time series analysis; Long short term memory; Telecommunication computing; Drones; Air quality; AQI; Hazardous zone; IoDT; Privacy-preserving; Privacy preserving; Short term memory; Learning approach; Human health; Aircraft detection; Air quality indices; Air quality data; Internet of drone thing; Memory-based modeling; Zone detection","","","","","","","","","","","","","","","","","","","","","","","","","","","","","","","","2024 International Conference on Communications, Computing, Cybersecurity, and Informatics (CCCI)","","","","","","","","","","","","","","",""
"D5KB8HFU","conferencePaper","2025","V. Lella; C. S. Sashank; G. J. Sagar; A. K. Yadav; S. V. Tewari; T. Mahto","Federated Learning with Temporal Fusion Transformer for Interpretable SOH Prediction in EV Batteries","2025 IEEE 2nd International Conference on Green Industrial Electronics and Sustainable Technologies (GIEST)","","","10.1109/GIEST66547.2025.11387696","","Accurate forecasting of the State of Health (SOH) in electric vehicle (EV) batteries is critical for ensuring operational safety and extending battery lifespan. Existing centralized machine learning methods pose significant limitations, including data privacy concerns, communication overhead, and poor adaptability to heterogeneous EV data. In this paper, we propose a privacy-preserving Federated Learning (FL) framework integrated with the Temporal Fusion Transformer (TFT)—which incorporates an encoder-decoder long short-term memory (LSTM) backbone—for SOH prediction using multivariate time-series data. The framework allows multiple EV clients to train local TFT models on standardized telemetry data—such as voltage, temperature, and state of charge—while sharing only encrypted model updates with a central server. The server performs weighted aggregation of parameters and redistributes the global model across 50 communication rounds. Our approach leverages attention mechanisms and gating structures within the TFT architecture to capture temporal dependencies and enhance interpretability. The model is evaluated using error metrics such as MSE, MAE, RMSE, and MAPE. Results demonstrate that the FL-TFT framework achieves superior predictive accuracy (MSE of 0.139, MAE of 0.301, RMSE of 0.373 and MAPE of 0.298), representing a $23.6 \%$ improvement in MSE over conventional federated approaches, with efficient convergence in just 30 communication rounds compared to 50 rounds required by baseline models (SGD, RF, DT, SVR),—making it a scalable and privacy-aware solution for battery health diagnostics across distributed EV datasets.","2025-10-11","2026-03-10 15:12:25","2026-03-10 15:12:25","","1-7","","","","","","","","","","","","","","","","","","","","Journal Abbreviation: 2025 IEEE 2nd International Conference on Green Industrial Electronics and Sustainable Technologies (GIEST)","","","","federated learning; Federated learning; Data privacy; Accuracy; Servers; Robustness; Long short term memory; Transformers; Batteries; electric vehicles; deep learning; time-series forecasting; state of health; interpretability; Thin film transistors; Radio frequency; temporal fusion transformer","","","","","","","","","","","","","","","","","","","","","","","","","","","","","","","","2025 IEEE 2nd International Conference on Green Industrial Electronics and Sustainable Technologies (GIEST)","","","","","","","","","","","","","","",""
"7VSJNF95","conferencePaper","2023","I. Siniosoglou; K. Xouveroudis; V. Argyriou; T. Lagkas; S. K. Goudos; K. E. Psannis; P. Sarigiannidis","Evaluating the Effect of Volatile Federated Timeseries on Modern DNNs: Attention over Long/Short Memory","2023 12th International Conference on Modern Circuits and Systems Technologies (MOCAST)","","","10.1109/MOCAST57943.2023.10176585","https://www.scopus.com/inward/record.uri?eid=2-s2.0-85166465129&doi=10.1109%2FMOCAST57943.2023.10176585&partnerID=40&md5=9cbaa89933995630e9f4847a2c624f83","In regards to the field of trend forecasting in time series, many popular Deep Learning (DL) methods such as Long Short Term Memory (LSTM) models have been the gold standard for a long time. However, depending on the domain and application, it has been shown that a new approach can be implemented and possibly be more beneficial, the Transformer deep neural networks. Moreover, one can incorporate Federated Learning (FL) in order to further enhance the prospective utility of the models, enabling multiple data providers to jointly train on a common model, while maintaining the privacy of their data. In this paper, we use an experimental Federated Learning System that employs both Transformer and LSTM models on a variety of datasets. The sytem receives data from multiple clients and uses federation to create an optimized global model. The potential of Federated Learning in real-time forecasting is explored by comparing the federated approach with conventional local training. Furthermore, a comparison is made between the performance of the Transformer and its equivalent LSTM in order to determine which one is more effective in each given domain, which shows that the Transformer model can produce better results, especially when optimised by the FL process.","2023-06-28","2026-03-10 15:12:25","2026-03-10 17:08:28","","1-6","","","","","","","","","","","","","","","","Scopus","","","","Journal Abbreviation: 2023 12th International Conference on Modern Circuits and Systems Technologies (MOCAST)","","","","Federated learning; Training; Data models; Data privacy; Federated Learning; Real-time systems; Predictive models; Deep learning; Forecasting; Transformers; Deep Learning; LSTM; Transformer; Learning systems; Federated Dataset; Long short-term memory; Times series; Learning methods; Deep neural networks; Memory modeling; Federated dataset; Gold standards; Short memory; Trend forecasting","","","","","","","","","","","","","","","","","","","","","","","","","","","","","","","","2023 12th International Conference on Modern Circuits and Systems Technologies (MOCAST)","","","","","","","","","","","","","","",""
"JSXGUJ62","conferencePaper","2023","C. M. Thwal; Y. L. Tun; K. Kim; S. -B. Park; C. S. Hong","Transformers with Attentive Federated Aggregation for Time Series Stock Forecasting","2023 International Conference on Information Networking (ICOIN)","1976-7684","","10.1109/ICOIN56518.2023.10048928","https://www.scopus.com/inward/record.uri?eid=2-s2.0-85149167953&doi=10.1109%2FICOIN56518.2023.10048928&partnerID=40&md5=0ed110ce4d88ee927eccfa9627b8a5d9","Recent innovations in transformers have shown their superior performance in natural language processing (NLP) and computer vision (CV). The ability to capture long-range dependencies and interactions in sequential data has also triggered a great interest in time series modeling, leading to the widespread use of transformers in many time series applications. However, being the most common and crucial application, the adaptation of transformers to time series forecasting has remained limited, with both promising and inconsistent results. In contrast to the challenges in NLP and CV, time series problems not only add the complexity of order or temporal dependence among input sequences but also consider trend, level, and seasonality information that much of this data is valuable for decision making. The conventional training scheme has shown deficiencies regarding model overfitting, data scarcity, and privacy issues when working with transformers for a forecasting task. In this work, we propose attentive federated transformers for time series stock forecasting with better performance while preserving the privacy of participating enterprises. Empirical results on various stock data from the Yahoo! Finance website indicate the superiority of our proposed scheme in dealing with the above challenges and data heterogeneity in federated learning.","2023-01-11","2026-03-10 15:12:25","2026-03-10 17:08:29","","499-504","","","2023-January","","","","","","","","","","","","","Scopus","","","","Journal Abbreviation: 2023 International Conference on Information Networking (ICOIN)","","","","federated learning; Federated learning; Training; Data privacy; Time series analysis; Technological innovation; Forecasting; Transformers; Decision making; transformer; Natural language processing; Performance; Transformer; Natural languages; Time series; attentive aggregation; multi-head self-attention; time series stock forecasting; Times series; Natural language processing systems; Language processing; Attentive aggregation; Multi-head self-attention; Stock forecasting; Time series stock forecasting","","","","","","","","","","","","","","","","","","","","","","","","","","","","","","","","2023 International Conference on Information Networking (ICOIN)","","","","","","","","","","","","","","",""
"PJSD5DE8","conferencePaper","2024","S. S. Ali; A. Kumar; M. Ali; A. K. Singh; B. J. Choi","Temporal Adaptive Clustering for Heterogeneous Clients in Federated Learning","2024 International Conference on Information Networking (ICOIN)","1976-7684","","10.1109/ICOIN59985.2024.10572174","","Federated learning has emerged as a highly promising approach for training machine learning models across a decentralized network of clients, with a key focus on maintaining the privacy of data. Nevertheless, the management of system heterogeneity and the handling of time-varying interests continue to pose hurdles for conventional federated learning methodologies. This work presents temporal-based adaptive clustered federated learning as a viable solution to the difficulties mentioned above. The evaluation of clusterability is conducted by calculating the Silhouette score following each iteration of federated training. The process of model aggregation is performed at the cluster level, resulting in enhanced convergence efficiency and improved accuracy of predictions. The inclusion of temporal-based adaptiveness in clustered federated learning for time-varying environments enables the system to dynamically modify cluster configurations in response to clients joining or leaving the network. The experimental results on a real-world dataset of an electric vehicle charging station network illustrate the efficacy of the suggested approach in terms of model correctness, convergence, and adaptability. The temporal-based adaptive clustered federated learning framework has demonstrated significant advancements compared to the current state-of-the-art clustered federated learning approaches.","2024-01-17","2026-03-10 15:12:25","2026-03-10 15:12:25","","11-16","","","","","","","","","","","","","","","","","","","","Journal Abbreviation: 2024 International Conference on Information Networking (ICOIN)","","","","Federated learning; Stability analysis; Training; Federated Learning; Accuracy; Adaptation models; Time series analysis; Computational modeling; Adaptive Clustered Federated Learning; Clustered Federated Learning; Energy Demand Prediction; Temporal based CFL","","","","","","","","","","","","","","","","","","","","","","","","","","","","","","","","2024 International Conference on Information Networking (ICOIN)","","","","","","","","","","","","","","",""
"AGAC8VRH","journalArticle","2024","K. Kea; Y. Han; Y. -J. Min","A Federated Learning Approach for Efficient Anomaly Detection in Electric Power Steering Systems","IEEE Access","","2169-3536","10.1109/ACCESS.2024.3397000","https://www.scopus.com/inward/record.uri?eid=2-s2.0-85192979686&doi=10.1109%2FACCESS.2024.3397000&partnerID=40&md5=eb61a9a0b29a98286748b3745f890ea0","Electric power steering (EPS) has emerged as a valuable driver-assistance system. In an EPS system, an extensive amount of data collected from various sensors is analyzed to enhance the driving experience. Anomaly detection techniques have shown potential in ensuring the integrity of data patterns and detecting abnormalities to prevent adverse driving incidents, thus improving vehicle safety. However, traditional centralized anomaly detection methods require the collection of data from all EPS sensors, resulting in high communication network overhead. Herein, we propose an approach for anomaly detection using EPS data within a federated learning (FL) framework. Our approach exploits deep learning (DL) on time series data to achieve highly effective anomaly detection. This synergy of FL and DL enables all sensors in an EPS system to collaboratively train the anomaly detection model simultaneously. Our results demonstrate the feasibility of combining FL with DL anomaly detection in EPS systems, thus overcoming the limitations of the traditional centralized approach. The combined FL and DL model performs remarkably well, achieving an F1-Score of 99.01%, outperforming the 98.31%~98.89% achieved by the centralized approach. It also exhibits high generalizability by incorporating insights from all sensors to comprehensively understand diverse driving scenarios. This results in a significant reduction in error rates, ranging from 20% to 33.25%, compared to centralized methods. Additionally, the proposed model exhibits significant advantages over traditional methods, including reduced training time and communication overhead, while maintaining comparable anomaly detection accuracy performance.","2024","2026-03-10 15:12:25","2026-03-10 17:08:29","","67525-67536","","","12","","IEEE Access","","","","","","","","","","","Scopus","","","","","","","","federated learning; Federated learning; Training; Data models; Sensors; Anomaly detection; Time series analysis; Deep learning; Vehicle safety; deep learning; Pattern recognition; Sensor systems; Time-series analysis; electric power steering (EPS); Power steering; Automobile drivers; Automobile steering equipment; Electric power; Electric power steering; Steering","","","","","","","","","","","","","","","","","","","","","","","","","","","","","","","","","","","","","","","","","","","","","","",""
"XDFPZ2JI","conferencePaper","2025","P. Aupke; M. A. Zafar; Seema; A. Kassler; A. Theocharis","Towards Uncertainty-Aware Forecasting Using Tree-Based Aggregation in Federated Learning","2025 IEEE PES Innovative Smart Grid Technologies Conference Europe (ISGT Europe)","","","10.1109/ISGTEurope64741.2025.11305284","","To support the integration of sustainable energy sources, accurate and reliable forecasting of photovoltaic (PV) power production and energy consumption is essential. Equally important is the ability to predict uncertainty bounds to enable robust scheduling in smart grids. Federated Learning (FL) is a privacy-preserving technique suitable for such forecasting, though applying it to tree-based models for multivariate time series remains challenging. We propose a novel multi-model tree-based FL architecture that supports client-side quantile regression to estimate uncertainty. By efficiently aggregating updates from multiple nodes, our approach improves forecast accuracy. Evaluations on grid data for PV production and consumption show substantial gains over non-federated models: CatBoost’s MAE for PV production dropped by 88.1%, LightGBM’s consumption error by 14.93%, and CatBoost’s consumption error by 79.5%. These gains are achieved while maintaining well-calibrated uncertainty bounds, with PICP values consistently above 0.96. Our reliable forecasts support more efficient energy scheduling and reduce costly imports from the main grid.","2025-10-20","2026-03-10 15:12:25","2026-03-10 15:12:25","","1-5","","","","","","","","","","","","","","","","","","","","Journal Abbreviation: 2025 IEEE PES Innovative Smart Grid Technologies Conference Europe (ISGT Europe)","","","","Federated learning; Accuracy; Machine Learning; Production; Time series analysis; Smart grids; Forecasting; Reliability; Uncertainty; Distributed Machine Learning; Europe; Gradient Boosted Decision Trees; Regression tree analysis; Smart Energy Grids; Uncertainty Bounds","","","","","","","","","","","","","","","","","","","","","","","","","","","","","","","","2025 IEEE PES Innovative Smart Grid Technologies Conference Europe (ISGT Europe)","","","","","","","","","","","","","","",""
"78UJZLZR","conferencePaper","2024","F. Er; I. Shayea; B. Saoud; L. Rzayeva; A. Alibek","Machine Learning and Deep Learning Algorithms in Times Series Analysis","2024 IEEE International Conference on Big Data & Machine Learning (ICBDML)","","","10.1109/ICBDML60909.2024.10577333","https://www.scopus.com/inward/record.uri?eid=2-s2.0-85198904569&doi=10.1109%2FICBDML60909.2024.10577333&partnerID=40&md5=54d02f7faa8e59836dcc1d982e0fa957","This paper presents a thorough exploration of time series analysis within the broader landscape of machine learning and deep learning. From fundamental principles such as linear modeling to more complex neural network structures, the paper navigates the evolving terrain of predictive modeling. It discusses the amalgamation of various methodologies within machine learning and deep learning, addressing challenges related to interpretability, ethical considerations, and biases inherent in training datasets. Emerging trends, including the wider accessibility of methodologies through open-source tools and a growing emphasis on transparency, are brought to light. Looking ahead, the paper envisions ongoing innovation in time series analysis, incorporating diverse approaches such as reinforcement learning, federated learning, and domain-specific knowledge. It underscores the need to address ethical concerns and biases for a future where predictive analytics is not only accurate but also ethically grounded and universally applicable.","2024-02-24","2026-03-10 15:12:25","2026-03-10 17:08:29","","251-256","","","","","","","","","","","","","","","","Scopus","","","","Journal Abbreviation: 2024 IEEE International Conference on Big Data & Machine Learning (ICBDML)","","","","Ethics; Training; Accuracy; Predictive models; Machine Learning; Reinforcement learning; Neural networks; Time series analysis; Deep learning; Predictive analytics; Technological innovation; Deep Learning; Time-series analysis; Learning systems; Linear Regression; CNN; Interpretability; Machine-learning; Learning algorithms; Domain Knowledge; Ethical considerations; Philosophical aspects; Linear modeling; Complex neural networks; Harmonic analysis; Fundamental principles; Neural networks structure","","","","","","","","","","","","","","","","","","","","","","","","","","","","","","","","2024 IEEE International Conference on Big Data & Machine Learning (ICBDML)","","","","","","","","","","","","","","",""
"UZ7LCDC9","conferencePaper","2025","M. Hassan; K. S. Yildrim; G. Iacca","A Federated Multi-Task Learning Framework with Dual Attention Mechanisms for Smart Buildings","2025 IEEE 101st Vehicular Technology Conference (VTC2025-Spring)","2577-2465","","10.1109/VTC2025-Spring65109.2025.11174387","https://www.scopus.com/inward/record.uri?eid=2-s2.0-105019043505&doi=10.1109%2FVTC2025-Spring65109.2025.11174387&partnerID=40&md5=7a7c27130a8b05f6c685ce26a53977a1","Accurate energy forecasting and occupancy detection are critical for energy management and occupant comfort in smart buildings. Centralized models, for example, based on LSTM and GRU, perform well with homogeneous datasets but face challenges in distributed IoT settings due to privacy concerns and sensor data heterogeneity (e.g., light, temperature, humidity, $\text{CO}_{2}$). In this paper, we propose Federated Forecasting (FedFor), a privacy-preserving framework integrating Federated Learning (FL), Multi-Task Learning (MTL), and dual attention mechanisms. FedFor simultaneously enhances energy forecasting and occupancy detection by leveraging task-specific and temporal patterns while keeping data localized. We evaluated our approach on two datasets, namely ThingSpeak and Occupancy Detection Data (ODD). Results show that FedFor outperforms the baselines, achieving 99.11% accuracy for occupancy detection and reducing Mean Absolute Error (MAE) to 0.0097 for forecasting. Compared to state-of-the-art, our FedFor method is effective in addressing privacy concerns and data heterogeneity.","2025-06-17","2026-03-10 15:12:34","2026-03-10 17:08:30","","1-7","","","","","","","","","","","","","","","","Scopus","","","","Journal Abbreviation: 2025 IEEE 101st Vehicular Technology Conference (VTC2025-Spring)","","","","Federated learning; Data privacy; Accuracy; Monitoring; Sensors; Attention mechanisms; Forecasting; Temperature sensors; Temperature distribution; Smart buildings; Multitasking; Learning systems; Vehicular and wireless technologies; Distributed Systems; Environmental; Time-Series; Energy forecasting; Distributed systems; Data heterogeneity; Times series; Privacy concerns; Learning frameworks; Multi-task learning; Multitask learning; Occupancy detections","","","","","","","","","","","","","","","","","","","","","","","","","","","","","","","","2025 IEEE 101st Vehicular Technology Conference (VTC2025-Spring)","","","","","","","","","","","","","","",""
"MHC6D3FC","conferencePaper","2024","Y. Su; L. He","AIFed: Anomaly-resilient and Imbalance-aware Federated Learning","2024 10th International Symposium on System Security, Safety, and Reliability (ISSSR)","2835-2823","","10.1109/ISSSR61934.2024.00020","https://www.scopus.com/inward/record.uri?eid=2-s2.0-85197675727&doi=10.1109%2FISSSR61934.2024.00020&partnerID=40&md5=f9b00167514e2f116551eb5273f729a7","In geographically distributed systems, time series data often exhibit non-identical distributions (non-IID) across nodes due to diverse features and sample imbalances, posing significant challenges for centralized AI model training. The conventional federated learning paradigm, while mitigating data privacy and communication cost concerns, does not adequately address the imbalance in sample importance nor the presence of anomalous data in model training. This work introduces AIFed, an advanced federated learning framework designed to be both anomaly-resilient and imbalance-aware. AIFed judiciously assigns weights to client models based on data segment features, accounting for sample importance and anomaly levels. By innovatively incorporating local data characteristics into a global training process, AIFed significantly enhances model robustness and effectiveness in real-time learning scenarios. We demonstrate AIFed’s efficacy through extensive experiments that show improved performance over traditional federated learning approaches.","2024-03-16","2026-03-10 15:12:34","2026-03-10 17:08:31","","110-121","","","","","","","","","","","","","","","","Scopus","","","","Journal Abbreviation: 2024 10th International Symposium on System Security, Safety, and Reliability (ISSSR)","","","","Federated learning; Training; Data models; Data privacy; Federated Learning; Distributed databases; Robustness; Time series analysis; Measurement; Time-series analysis; Time Series Analysis; Learning systems; Distributed AI; Non-IID; Centralised; Time-series data; Model training; Diverse features; Geographically distributed systems; Non- identical distributions","","","","","","","","","","","","","","","","","","","","","","","","","","","","","","","","2024 10th International Symposium on System Security, Safety, and Reliability (ISSSR)","","","","","","","","","","","","","","",""
"9BB7UYQD","conferencePaper","2025","K. Nogami; H. Tamura; G. Tanaka","Federated Learning with Reservoir State Analysis for Time Series Anomaly Detection","2025 International Joint Conference on Neural Networks (IJCNN)","2161-4407","","10.1109/IJCNN64981.2025.11228565","https://www.scopus.com/inward/record.uri?eid=2-s2.0-105023977285&doi=10.1109%2FIJCNN64981.2025.11228565&partnerID=40&md5=3e0f3da7b8c5dd500133c010877f273c","With a growing data privacy concern, federated learning has emerged as a promising framework to train machine learning models without sharing locally distributed data. In federated learning, local model training by multiple clients and model integration by a server are repeated only through model parameter sharing. Most existing federated learning methods assume training deep learning models, which are often computationally demanding. To deal with this issue, we propose federated learning methods with reservoir state analysis to seek computational efficiency and data privacy protection simultaneously. Specifically, our method relies on Mahalanobis Distance of Reservoir States (MD-RS) method targeting time series anomaly detection, which learns a distribution of reservoir states for normal inputs and detects anomalies based on a deviation from the learned distribution. Iterative updating of statistical parameters in the MD-RS enables incremental federated learning (IncFed MD-RS). We evaluate the performance of IncFed MD-RS using benchmark datasets for time series anomaly detection. The results show that IncFed MD-RS outperforms other federated learning methods with deep learning and reservoir computing models particularly when clients’ data are relatively short and heterogeneous. We demonstrate that IncFed MD-RS is robust against reduced sample data compared to other methods. We also show that the computational cost of IncFed MD-RS can be reduced by subsampling from the reservoir states without performance degradation. The proposed method is beneficial especially in anomaly detection applications where computational efficiency, algorithm simplicity, and low communication cost are required.","2025-07-30","2026-03-10 15:12:34","2026-03-10 17:08:31","","1-8","","","","","","","","","","","","","","","","Scopus","","","","Journal Abbreviation: 2025 International Joint Conference on Neural Networks (IJCNN)","","","","Federated learning; Training; Data privacy; Federated Learning; Anomaly detection; Time series analysis; Computational modeling; Analytical models; Computational efficiency; Mathematical models; Reservoir Computing; Reservoir computing; Time Series Anomaly Detection","","","","","","","","","","","","","","","","","","","","","","","","","","","","","","","","2025 International Joint Conference on Neural Networks (IJCNN)","","","","","","","","","","","","","","",""
"E6KI2FVK","conferencePaper","2025","F. Yue; R. Qiu; J. Li; G. Li","Privacy-Preserving Federated Learning Framework for Disease Progression Prediction via Temporal-Aware Large Language Modeling","2025 International Conference on Sensor-Cloud and Edge Computing System (SCECS)","","","10.1109/SCECS65243.2025.11065627","","This study presents a novel federated learning approach for disease prediction by integrating the Chronos temporal large language model. The system addresses two critical challenges in public health management: data privacy protection and complex spatiotemporal modeling. Through a hierarchical federated architecture, the model enables collaborative learning across medical institutions without sharing raw data, ensuring compliance with privacy regulations such as GDPR. The Chronos model’s innovative temporal discretization and dual-stream attention mechanism effectively capture disease transmission patterns across different regions and time scales. Experimental results demonstrate that our system achieves a 21.4% improvement in prediction accuracy compared to traditional methods, while maintaining robust privacy protection with a reconstruction accuracy below 12.4% under various attack scenarios. The model’s practical value is validated through successful deployment in vaccine distribution optimization, achieving a 12.6% increase in coverage rate and reducing high-risk community response time by 3.2±0.8 days. This research provides a reliable technical foundation for public health decision-making while ensuring data security and privacy protection.","2025-04-18","2026-03-10 15:12:34","2026-03-10 15:12:34","","414-417","","","","","","","","","","","","","","","","","","","","Journal Abbreviation: 2025 International Conference on Sensor-Cloud and Edge Computing System (SCECS)","","","","Federated learning; Data models; Data privacy; Federated Learning; Accuracy; Predictive models; Privacy; Large language models; Large Language Models; Protection; Diseases; Public healthcare; Disease Prediction; Privacy Protection; Public Health","","","","","","","","","","","","","","","","","","","","","","","","","","","","","","","","2025 International Conference on Sensor-Cloud and Edge Computing System (SCECS)","","","","","","","","","","","","","","",""
"JRULALHD","journalArticle","2023","B. Zhao; H. Xing; X. Wang; Z. Xiao; L. Xu","Classification-Oriented Distributed Semantic Communication for Multivariate Time Series","IEEE Signal Processing Letters","","1558-2361","10.1109/LSP.2023.3265330","https://www.scopus.com/inward/record.uri?eid=2-s2.0-85153399471&doi=10.1109%2FLSP.2023.3265330&partnerID=40&md5=8916381ab4a37b718d01cab0f9f73482","We present a many-to-one distributed semantic communication system for multivariate time series classification. The system adopts a federated learning-based architecture to achieve low-redundancy collaborative inference, where an unsupervised auxiliary task is designed to coordinate the feature vectors at different dimensions between semantic encoders and the classifier. For each transmitter, we design a scale-adaptive semantic encoder by applying weighted sum to a number of predefined convolutional layers. The scale-adaptive semantic encoder can extract multi-scale features from time series following various distributions. A dynamic channel encoder is developed to adapt to the scale-adaptive semantic encoder, converting semantic features to complex symbols appropriate for wireless transmission. For the receiver, we apply the same scale-adaptive structure to the semantic decoder to extract multi-scale semantic features from all transmitters for accurate classification. Simulation results show that the proposed distributed semantic communication system outperforms two baseline systems under AWGN, Rician, and Rayleigh channels and achieves excellent Top-1 accuracy performance on three UEA2018 datasets, especially when the signal-to-noise ratio is low.","2023","2026-03-10 15:12:34","2026-03-10 17:08:32","","369-373","","","30","","IEEE Signal Processing Letters","","","","","","","","","","","Scopus","","","","","","","","federated learning; Federated learning; Collaboration; Feature extraction; Time series analysis; Deep learning; Task analysis; Semantics; Convolution; Time-series analysis; Signal to noise ratio; Semantic communication; Symbols; Auxiliary transmitters; scale-adaptive convolution; Features extraction; Signal encoding; Communications systems; Job analysis; Auxiliary transmitter; Channel coding; Scale-adaptive convolution; Symbol; Transmitters","","","","","","","","","","","","","","","","","","","","","","","","","","","","","","","","","","","","","","","","","","","","","","",""
"96HUTTQE","conferencePaper","2025","Y. K. Telila; D. Senevirathne; D. Tissera; A. Narayan; M. A. M. Capretz; K. Grolinger","Federated Learning for Anomaly Detection in Energy Consumption Data: Assessing the Vulnerability to Adversarial Attacks","2025 IEEE Conference on Technologies for Sustainability (SusTech)","2640-6810","","10.1109/SusTech63138.2025.11025610","https://www.scopus.com/inward/record.uri?eid=2-s2.0-105013071530&doi=10.1109%2FSusTech63138.2025.11025610&partnerID=40&md5=bcef5ec05dd1e5558f5e037b9f1bf858","Anomaly detection is crucial in the energy sector to identify irregular patterns indicating equipment failures, energy theft, or other issues. Machine learning techniques for anomaly detection have achieved great success, but are typically centralized, involving sharing local data with a central server which raises privacy and security concerns. Federated Learning (FL) has been gaining popularity as it enables distributed learning without sharing local data. However, FL depends on neural networks, which are vulnerable to adversarial attacks that manipulate data, leading models to make erroneous predictions. While adversarial attacks have been explored in the image domain, they remain largely unexplored in time series problems, especially in the energy domain. Moreover, the effect of adversarial attacks in the FL setting is also mostly unknown. This paper assesses the vulnerability of FL-based anomaly detection in energy data to adversarial attacks. Specifically, two state-of-the-art models, Long Short Term Memory (LSTM) and Transformers, are used to detect anomalies in an FL setting, and two white-box attack methods, Fast Gradient Sign Method (FGSM) and Projected Gradient Descent (PGD), are employed to perturb the data. The results show that FL is more sensitive to PGD attacks than to FGSM attacks, attributed to PGD’s iterative nature, resulting in an accuracy drop of over 10% even with naive, weaker attacks. Moreover, FL is more affected by these attacks than centralized learning, highlighting the need for defense mechanisms in FL.","2025-04-20","2026-03-10 15:12:34","2026-03-10 17:08:32","","1-8","","2025","","","","","","","","","","","","","","Scopus","","","","Journal Abbreviation: 2025 IEEE Conference on Technologies for Sustainability (SusTech)","","","","Federated learning; Training; Data models; Federated Learning; Sustainable development; Anomaly detection; Time series analysis; Anomaly Detection; Long short term memory; Energy consumption; Transformers; Time Series Classification; Pattern recognition; Adversarial Attacks; Iterative methods; Network security; Learning systems; Time series; Energy Consumption; Adversarial machine learning; Centralised; Long short-term memory; Learning algorithms; Learning settings; Equipment failures; Gradient methods; Local data; Time series classifications; Energy-consumption; Energy sector; Gradient-descent; Projected gradient","","","","","","","","","","","","","","","","","","","","","","","","","","","","","","","","2025 IEEE Conference on Technologies for Sustainability (SusTech)","","","","","","","","","","","","","","",""
"46XCEGM2","conferencePaper","2021","Q. Zhang; P. Palacharla; M. Sekiya; J. Suga; T. Katagiri","Blockchain-based Secure Aggregation for Federated Learning with a Traffic Prediction Use Case","2021 IEEE 7th International Conference on Network Softwarization (NetSoft)","2693-9789","","10.1109/NetSoft51509.2021.9492652","https://www.scopus.com/inward/record.uri?eid=2-s2.0-85112044650&doi=10.1109%2FNetSoft51509.2021.9492652&partnerID=40&md5=7c5e438eb79c2da6814d4b7938f36dbe","Federated learning is a distributed machine learning approach that can be applied to many networking applications. In this paper, we propose a novel blockchain-based secure aggregation protocol for federated learning, which simplifies the existing secure aggregation process by leveraging consensus through blockchain. We demonstrate the prototype by training a general LSTM model for traffic prediction at cell sites based on distributed time series datasets.","2021-07-28","2026-03-10 15:12:34","2026-03-10 17:08:32","","372-374","","","","","","","","","","","","","","","","Scopus","","","","Journal Abbreviation: 2021 IEEE 7th International Conference on Network Softwarization (NetSoft)","","","","Training; Predictive models; Time series analysis; Blockchain; Machine learning; Prototypes; Protocols; Conferences; Traffic control; Base stations; Long short-term memory; Distributed machine learning; Traffic prediction; Distributed time series; Secure aggregations; Networking applications","","","","","","","","","","","","","","","","","","","","","","","","","","","","","","","","2021 IEEE 7th International Conference on Network Softwarization (NetSoft)","","","","","","","","","","","","","","",""
"VUVBGKY7","conferencePaper","2021","Z. Zhu; L. Sun","Federated Trace: A Node Selection Method for More Efficient Federated Learning","2021 IEEE International Conference on Image Processing (ICIP)","2381-8549","","10.1109/ICIP42928.2021.9506725","https://www.scopus.com/inward/record.uri?eid=2-s2.0-85125561927&doi=10.1109%2FICIP42928.2021.9506725&partnerID=40&md5=33f37ed31a49847a624da9ea5ae0b576","Federated Learning (FL) is a learning paradigm, which allows the model to directly use a large amount of data in edge devices for training without heavy communication costs and privacy leakage. An important problem that FL faced is the heterogeneity of data at different edge nodes, resulting in a lack of convergence efficiency. In this paper, we propose Federated Trace (FedTrace) to address this problem. In FedTrace, we define the time series of some performance metrics of the global model on the edge node as the training trace of this node, which can reflect the data distribution of the edge node. By clustering the training traces, we can know which nodes have similar data distribution, which can guide the selection of nodes in each round of training. Here, we use a simple but effective method, that is, randomly selecting nodes from each cluster evenly. Experiments on various settings demonstrate that our method significantly reduces the number of communication rounds required in FL.","2021-09-19","2026-03-10 15:12:34","2026-03-10 17:08:32","","1234-1238","","","2021-September","","","","","","","","","","","","","Scopus","","","","Journal Abbreviation: 2021 IEEE International Conference on Image Processing (ICIP)","","","","Federated learning; Training; Data privacy; Federated Learning; Time series analysis; Measurement; Conferences; Clustering algorithms; Learning systems; Image processing; Clustering; Communication rounds; Trace; Data distribution; Clusterings; Learning paradigms; Edge nodes; Large amounts of data; Node selection; Selection methods","","","","","","","","","","","","","","","","","","","","","","","","","","","","","","","","2021 IEEE International Conference on Image Processing (ICIP)","","","","","","","","","","","","","","",""
"ZR4NG8SZ","conferencePaper","2025","S. R. Kabir; M. K. Hasan; S. Abdullah; T. Pavleska; R. A. Abdulkadir; S. K. Bajaj","Optimization of Energy Forecasting Anomalies Using LSTM Based Time Series Analysis and Secure Federated Learning","2025 International Conference on Electrical Engineering and Informatics (ICEEI)","2155-6830","","10.1109/ICEEI68459.2025.11330753","","The global energy sector is prioritizing the development of AMI (Advanced-Metering Infrastructure) to enhance the smart grid sustainability, where energy load forecasting anomalies remain a critical challenge. Existing machine learning-based load forecasting models exhibit anomalies, such as underestimation and overestimation of energy demand, which contribute to errors in AI (Artificial Intelligence) hallucination (inaccurate generative forecasting). Moreover, cyber threat anomalies can emerge in federated learning and smart meter node-based load forecasting processes, including risks, such as information leakage and data breaches caused by cyber-attack. To overcome these challenges, this paper proposes a generative load forecasting approach by combining time-series comparative analysis with LSTM (Long-Short-Term-Memory) neural networks. The load forecasting program computes generative load forecasts at each smart meter node, which are encrypted using AES (Advanced-Encryption-Standard) cryptography. The encrypted data is aggregated into AMI server and a total load forecast for a substation-grid node is generated through federated learning aggregation method. In the proposed Secure-LSTM-FedAggSum process, the smart-meter energy data used that was provided by the UK's “Low Carbon-London” project. The comparative analysis shows that the proposed model outperforms other approaches in mitigating load-forecasting anomalies and delivers more reliable, risk-free forecasting.","2025-11-13","2026-03-10 15:12:34","2026-03-10 15:12:34","","1-6","","","","","","","","","","","","","","","","","","","","Journal Abbreviation: 2025 International Conference on Electrical Engineering and Informatics (ICEEI)","","","","Artificial intelligence; Federated learning; Federated Learning; Predictive models; Load modeling; Long short term memory; Artificial Intelligence; Smart grids; Forecasting; Reliability; Cryptography; Load forecasting; Load Forecasting; Smart Grid; Smart meters; Advanced Metering Infrastructure; Green Computing","","","","","","","","","","","","","","","","","","","","","","","","","","","","","","","","2025 International Conference on Electrical Engineering and Informatics (ICEEI)","","","","","","","","","","","","","","",""
"HESJWH3U","journalArticle","2026","Y. Dai; R. Tan","A Continuous-Time On-Device Federated Learning Network","IEEE Transactions on Networking","","2998-4157","10.1109/TON.2026.3650762","https://www.scopus.com/inward/record.uri?eid=2-s2.0-105028029757&doi=10.1109%2FTON.2026.3650762&partnerID=40&md5=f460c93a7b4cf625b0b7cb443afbd1e1","Time series is an important form of data generated by Internet-of-Things (IoT) devices. Closed-form continuous-time (CFC) neural networks offer superior expressivity for modeling time series data compared with recurrent neural networks. Additionally, their lower training and inference overhead make them well-suited for deployment on microcontroller-based IoT devices. This paper introduces FedCFC, an on-device federated learning network that operates based on the CFC models distributed across IoT devices. FedCFC incorporates a novel and communication-efficient aggregation strategy designed to mitigate the effects of class distribution imbalances across the participating IoT devices’ training data. The strategy is designed based on a new property of CFC identified in this paper, i.e., the insensitivity of a sub-model of CFC with respect to training data’s class distribution shift. Extensive evaluation with multiple time series datasets demonstrates that FedCFC attains comparable or superior accuracy while achieving a  $7.6\times $  to  $11\times $  reduction in communication overhead compared with recent federated learning approaches designed to address the class distribution skew problem. Furthermore, deployments of FedCFC on four IoT platforms highlight its suitability for resource-constrained devices with as little as 256 kB of memory or even less.","2026","2026-03-10 15:12:34","2026-03-10 17:08:33","","2791-2804","","","34","","IEEE Transactions on Networking","","","","","","","","","","","Scopus","","","","","","","","Artificial intelligence; federated learning; Federated learning; Training; Data models; Internet of Things; IoT; Training data; Distributed databases; Time series analysis; Computational modeling; Neurons; Internet of things; Random access memory; Learning systems; Time series; Biological neural networks; Continuous-time neural network; on-device machine learning; Machine-learning; Times series; Continuous time systems; Class distributions; Learning network; Closed form; Continous time; Continuous-time neural networks; Modelling time; On-device machine learning","","","","","","","","","","","","","","","","","","","","","","","","","","","","","","","","","","","","","","","","","","","","","","",""
"GUUAPNZZ","journalArticle","2025","E. Gabrielli; D. Belli; Z. Matrullo; V. Miori; G. Tolomei","Securing Federated Learning Against Extreme Model Poisoning Attacks via Multidimensional Time Series Anomaly Detection on Local Updates","IEEE Transactions on Information Forensics and Security","","1556-6021","10.1109/TIFS.2025.3608671","https://www.scopus.com/inward/record.uri?eid=2-s2.0-105016827688&doi=10.1109%2FTIFS.2025.3608671&partnerID=40&md5=81147c3aed06d3ae1fcfc0c537c7a1f1","Current defense mechanisms against model poisoning attacks in federated learning (FL) systems have proven effective up to a certain threshold of malicious clients (e.g., 25% to 50%). In this work, we introduce FLANDERS, a novel pre-aggregation filter for FL that is resilient to large-scale model poisoning attacks, i.e., when malicious clients far exceed legitimate participants. FLANDERS treats the sequence of local models sent by clients in each FL round as a matrix-valued time series. Then, it identifies malicious client updates as outliers in this time series by comparing actual observations with estimates generated by a matrix autoregressive forecasting model maintained by the server. Experiments conducted in several non-iid FL setups show that FLANDERS significantly improves robustness across a wide spectrum of attacks when paired with standard and robust aggregation methods.","2025","2026-03-10 15:12:35","2026-03-10 17:08:33","","9610-9624","","","20","","IEEE Transactions on Information Forensics and Security","","","","","","","","","","","Scopus","","","","","","","","Federated learning; Training; Data models; Predictive models; Servers; Standards; Anomaly detection; Robustness; Time series analysis; anomaly detection; Computational modeling; Deep learning; Security; security; deep learning; Network security; Learning systems; Time series; model poisoning attacks; robustness; Times series; Matrix algebra; Agglomeration; 'current; Robustness (control systems); Defence mechanisms; Model poisoning attack; Multidimensional time series; Poisoning attacks","","","","","","","","","","","","","","","","","","","","","","","","","","","","","","","","","","","","","","","","","","","","","","",""
"K23EFCJZ","conferencePaper","2022","Z. Shen; Q. Wu; J. Qian; C. Gu; F. Sun; J. Tan","Federated Learning for Long-term Forecasting of Electricity Consumption towards a Carbon-neutral Future","2022 7th International Conference on Intelligent Computing and Signal Processing (ICSP)","","","10.1109/ICSP54964.2022.9778813","https://www.scopus.com/inward/record.uri?eid=2-s2.0-85131821996&doi=10.1109%2FICSP54964.2022.9778813&partnerID=40&md5=8cd4c0f9c0fcf7a6c5881f6d5b281699","In this paper, we propose an approach for long-term forecasting of electricity consumption based on federated learning. Basically, federated training was conducted on electricity consumption forecast models of several regions simultaneously, which can not only enrich training samples but also improve the generalization ability of the forecast model. More specifically, long short-term memory neural network (LSTM) is adopted as the local model for federated learning, in which carbon emission is one of the input features, so that the electricity consumption forecast results are more consistent with the carbon-neutral development path. In this study, we forecast electricity consumption of a certain area in China from 2022 to 2035, and experiment results verify the effectiveness of the proposed method compared with traditional time series method.","2022-04-15","2026-03-10 15:12:35","2026-03-10 17:08:34","","789-793","","","","","","","","","","","","","","","","Scopus","","","","Journal Abbreviation: 2022 7th International Conference on Intelligent Computing and Signal Processing (ICSP)","","","","federated learning; Federated learning; Training; Predictive models; Neural networks; Time series analysis; Signal processing; Forecasting; Memory management; Carbon dioxide; carbon-neutral; electricity consumption forecast; long short-term memory neural network; Long short-term memory; Brain; Neural-networks; Training sample; Long-term forecasting; Electric power utilization; Electricity-consumption; Carbon; Long short-term memory neural network; A-carbon; Carbon neutrals; Electricity consumption forecast; Forecast models","","","","","","","","","","","","","","","","","","","","","","","","","","","","","","","","2022 7th International Conference on Intelligent Computing and Signal Processing (ICSP)","","","","","","","","","","","","","","",""
"6HQGYNKR","conferencePaper","2025","R. Wang; C. Zhang; H. Zhang; L. Zhang; B. Shihada; J. Qiao","FLOW: Federated Large Model for Wireless Traffic Prediction","2025 IEEE 25th International Conference on Communication Technology (ICCT)","2576-7828","","10.1109/ICCT67417.2025.11374091","","The rapid growth of wireless traffic makes accurate forecasting vital for network management. Centralized learning faces high communication costs, while federated learning struggles with spatio-temporal dependencies and non-IID data. This paper proposes FLOW, a federated large language model framework for wireless traffic prediction. FLOW incorporates a LoRA-based local predictor with lightweight alignment and mapping layers, preserving strong modeling ability under edge resource constraints. Experiments on real-world Milano and Trento datasets show significant gains, reducing MSE by 11% and MAE by 9.5% compared to baselines. Interestingly, smaller models such as BERT and GPT-2 outperform larger ones in most cases, benefiting from LoRA's efficient fine-tuning on limited data. Moreover, FLOW demonstrates strong few-shot learning, surpassing baselines with only 5% of training data, and exhibits robust zero-shot cross-domain generalization. Ablation studies confirm the critical role of federated aggregation and LoRA fine-tuning, highlighting the effectiveness of the proposed framework.","2025-10-16","2026-03-10 15:12:35","2026-03-10 15:12:35","","276-280","","","","","","","","","","","","","","","","","","","","Journal Abbreviation: 2025 IEEE 25th International Conference on Communication Technology (ICCT)","","","","Federated learning; Accuracy; Predictive models; Computational modeling; Forecasting; Edge computing; Large language models; Few shot learning; Wireless networks; LoRa; LoRA fine-tuning; Wireless traffic prediction","","","","","","","","","","","","","","","","","","","","","","","","","","","","","","","","2025 IEEE 25th International Conference on Communication Technology (ICCT)","","","","","","","","","","","","","","",""
"9TY6ZPAT","conferencePaper","2025","K. -C. Chen; S. Y. -C. Chen; C. -Y. Liu; K. K. Leung","Federated Quantum Kernel Learning for Anomaly Detection in Multivariate IoT Time-Series","2025 IEEE Annual Congress on Artificial Intelligence of Things (AIoT)","","","10.1109/AIoT66900.2025.00049","","The rapid growth of industrial Internet of Things (IIoT) systems has created new challenges for anomaly detection in high-dimensional, multivariate time-series, where privacy, scalability, and communication efficiency are critical. Classical federated learning approaches mitigate privacy concerns by enabling decentralized training, but they often struggle with highly non-linear decision boundaries and imbalanced anomaly distributions. To address this gap, we propose a Federated Quantum Kernel Learning (FQKL) framework that integrates quantum feature maps with federated aggregation to enable distributed, privacy-preserving anomaly detection across heterogeneous IoT networks. In our design, quantum edge nodes locally compute compressed kernel statistics using parameterized quantum circuits and share only these summaries with a central server, which constructs a global Gram matrix and trains a decision function (e.g., Fed-QSVM). Experimental results on synthetic IIoT benchmarks demonstrate that FQKL achieves superior generalization in capturing complex temporal correlations compared to classical federated baselines, while significantly reducing communication overhead. This work highlights the promise of quantum kernels in federated settings, advancing the path toward scalable, robust, and quantum-enhanced intelligence for next-generation IoT infrastructures.","2025-12-03","2026-03-10 15:12:35","2026-03-10 15:12:35","","278-285","","","","","","","","","","","","","","","","","","","","Journal Abbreviation: 2025 IEEE Annual Congress on Artificial Intelligence of Things (AIoT)","","","","Federated learning; Training; Federated Learning; Industrial Internet of Things; Feature extraction; Privacy; Anomaly detection; Time series analysis; Anomaly Detection; Industrial IoT; Correlation; Time-Series Analysis; Vectors; Kernel; Quantum Kernel Learning","","","","","","","","","","","","","","","","","","","","","","","","","","","","","","","","2025 IEEE Annual Congress on Artificial Intelligence of Things (AIoT)","","","","","","","","","","","","","","",""
"7RYZVL5S","journalArticle","2026","C. Wu; H. Wang; X. Zhang; H. Chen; J. Bu; J. Liu","Tackling Spatial-Temporal Heterogeneous Federated Learning With Orthogonal Regularization","IEEE Transactions on Mobile Computing","","1558-0660","10.1109/TMC.2026.3650937","https://www.scopus.com/inward/record.uri?eid=2-s2.0-105028024120&doi=10.1109%2FTMC.2026.3650937&partnerID=40&md5=c9d22791557dae332fbaf065bac9836e","With the proliferation of mobile sensing technology, substantial time series data have been generated and accumulated in various distributed domains, providing the basis for practical applications. Federated Learning (FL) has emerged as an essential framework for machine learning on decentralized data, especially with its potential for privacy-preserving. However, deployed with distributed and various edge devices, existing FL frameworks struggle to address the statistical heterogeneity of spatial feature distribution shifts from heterogeneous sensors. Due to the complex temporal dynamics of real-world time series data, temporal feature heterogeneity may result in suboptimal model adaptation performance. To this end, we propose a novel Federated learning approach with Orthogonal regularization for Spatial-Temporal heterogeneity (FedOST) on time series classification. It is featured in three aspects: (1) In the local training phase, we utilize an orthogonal projection to disentangle and align the shared and personalized features, as well as complementary information from different views of the time series data to formulate a robust multi-view training. (2) In the global aggregation phase, we adopt trainable global prototypes to improve feature space separation through orthogonal constraint, to serve as refined global knowledge in the local training. (3) In the testing phase, we leverage an uncertainty-aware test-time adaptation scheme to tackle the temporal feature shifts of unlabeled test data. We conduct extensive evaluations on real-world datasets, where FedOST outperforms existing state-of-the-art baselines with significant advantages.","2026","2026-03-10 15:12:35","2026-03-10 17:08:34","","1-17","","","","","IEEE Transactions on Mobile Computing","","","","","","","","","","","Scopus","","","","","","","","federated learning; Federated learning; Training; Data models; Adaptation models; Distributed databases; Sensors; Time series analysis; Machine learning; Prototypes; Testing; Time-frequency analysis; Learning systems; Time series; time series classification; Feature distribution shifts; Time-series data; Local training; Sensing technology; Time series classifications; Mobile sensing; Spatial temporals; Regularisation; Feature distribution; Feature distribution shift; Spatial distribution; Temporal features","","","","","","","","","","","","","","","","","","","","","","","","","","","","","","","","","","","","","","","","","","","","","","",""
"J3D6ELUX","conferencePaper","2022","C. Tang; M. Wang; L. Xie; J. Jin; X. Yin; Y. Zhang","Fault Diagnosis of Gas Pressure Regulator with Temporal Convolutional Network and Fedrated Learning","2022 China Automation Congress (CAC)","2688-0938","","10.1109/CAC57257.2022.10055211","","Gas pressure regulators are essential equipments in gas transmission pipelines, which is indispensable for the safety in gas utilization. However, to accurately detect operation failures of gas pressure regulators, the conventional deep learning-based fault diagnosis model is not enough. This paper proposes a novel federated learning and temporal convolutional network (TCN) based model for fault diagnosis. Firstly, sensitive features are extracted from the three-dimensional signal of a gas pressure regulator using TCN. Secondly, the two-dimensional convolutional neural network (CNN) is used to learn robust features and enhance the classification performance of the model using the margin loss function. Finally, to attain a reliable classification model, the privacy protection of federated learning is integrated. To conclude, the proposed fault diagnosis model works efficiently in various complex working conditions and can be used in practice.","2022-11-25","2026-03-10 15:12:35","2026-03-10 15:12:35","","3347-3352","","","","","","","","","","","","","","","","","","","","Journal Abbreviation: 2022 China Automation Congress (CAC)","","","","Federated learning; Federated Learning; Fault diagnosis; Feature extraction; Privacy; Time series analysis; Fault Diagnosis; Pipelines; TCN; Regulators; Gas Pressure Regulator","","","","","","","","","","","","","","","","","","","","","","","","","","","","","","","","2022 China Automation Congress (CAC)","","","","","","","","","","","","","","",""
"BBG4MJ3B","conferencePaper","2025","P. H. Barros; T. Polido; J. C. Guevara; L. Villas; D. Guidoni; N. L. S. Da Fonseca; H. S. Ramos","Personalized federated learning for sedentary behavior classification with heterogeneous feature distributions under adversarial threats","2025 International Joint Conference on Neural Networks (IJCNN)","2161-4407","","10.1109/IJCNN64981.2025.11227203","https://www.scopus.com/inward/record.uri?eid=2-s2.0-105029234556&doi=10.1109%2FIJCNN64981.2025.11227203&partnerID=40&md5=9c418fa45d701f4778ffcccc92146755","Detecting sedentary behavior has increasing attention due to its significant health implications. However, distinguishing these low-intensity activities in federated learning scenarios is notably more complex than general human activity recognition. This complexity comes from heterogeneous feature distributions that can arise even for the same labeled activity, e.g., running and playing soccer, which may exhibit different sensor patterns despite both representing high-intensity activities. This paper proposes a robust personalized federated learning approach for sedentary behavior classification under adversarial conditions. Our method leverages ordinal pattern descriptors to extract meaningful symbolic representations from wearable sensor time series, then applies a meta-learning framework with Siamese Neural Networks to rapidly adapt across clients. Next, a reputation mechanism further safeguards the global model by penalizing malicious updates. Experiments on multiple public datasets show that our method achieves high F1-scores compared to baselines, affirming its ability to maintain robust performance in privacy-sensitive and adversarial environments.","2025-07-30","2026-03-10 15:12:35","2026-03-10 17:08:34","","1-8","","","","","","","","","","","","","","","","Scopus","","","","Journal Abbreviation: 2025 International Joint Conference on Neural Networks (IJCNN)","","","","Federated learning; Monitoring; Feature extraction; Neural networks; Time series analysis; Generative adversarial networks; Reliability; Human activity recognition; Sports; Pattern recognition; Wearable sensors; Metalearning; Personalization; Adversarial federated learning; Sedentary behavior detection; Complex networks; Learning scenarios; Personalizations; Feature distribution; Heterogeneous features; Behavior detection; Behaviour classification; Health implications; Low-intensity","","","","","","","","","","","","","","","","","","","","","","","","","","","","","","","","2025 International Joint Conference on Neural Networks (IJCNN)","","","","","","","","","","","","","","",""
"ZMXPKV5F","conferencePaper","2023","A. Sha; J. John; M. Varundev; S. Surendran; S. Abhishek; A. T","Urban Parking Management through Federated Learning: A Privacy-Preserving Approach to Parking Slot Prediction","2023 2nd International Conference on Automation, Computing and Renewable Systems (ICACRS)","","","10.1109/ICACRS58579.2023.10404706","https://www.scopus.com/inward/record.uri?eid=2-s2.0-85185386813&doi=10.1109%2FICACRS58579.2023.10404706&partnerID=40&md5=cf91e00b88905ba83985a187d4e07d8a","In the contemporary urban landscape, the efficient management of parking resources has emerged as a critical concern. The ability to predict parking slot availability has far-reaching implications for urban mobility, traffic congestion mitigation, economic efficiency, and overall quality of life. This research paper presents a comprehensive approach that leverages deep learning and machine learning techniques, including neural network models, to address the multifaceted problem of parking slot prediction. Unique to this research is the integration of federated learning, a distributed approach that preserves data privacy and security while aggregating knowledge from spatial and temporal data sources. The research unfolds in two primary stages: spatial and temporal. In the spatial case, models are trained to understand the intricate relationships between parking slot occupancy and the physical characteristics of the environment. Simultaneously, in the temporal case, models capture temporal patterns in parking slot occupancy, considering variables such as time of day and seasonal variations.Federated aggregation combines the models’ insights, uniting the knowledge acquired from these diverse data sources. The result is a final model that harmonizes spatial and temporal understanding, while respecting data privacy and maintaining data security. This innovative approach results in a unified model that provides a nuanced and comprehensive understanding of parking slot prediction, with federated learning techniques safeguarding data integrity.","2023-12-11","2026-03-10 15:12:35","2026-03-10 17:08:35","","896-901","","","","","","","","","","","","","","","","Scopus","","","","Journal Abbreviation: 2023 2nd International Conference on Automation, Computing and Renewable Systems (ICACRS)","","","","Federated learning; Data models; Data privacy; Federated Learning; Predictive models; Time series analysis; Deep learning; Forecasting; Biological system modeling; Deep Learning; Time-series analysis; Time Series Analysis; Learning systems; Federated Aggregation; Neural Network; Spatial Regression; Traffic congestion; Traffic Congestion; Vehicular Traffic; Learning algorithms; Neural-networks; Privacy-preserving techniques; Data-source; Economic efficiency; Federated aggregation; Parking management; Spatial regression; Urban parking; Vehicular traffic","","","","","","","","","","","","","","","","","","","","","","","","","","","","","","","","2023 2nd International Conference on Automation, Computing and Renewable Systems (ICACRS)","","","","","","","","","","","","","","",""
"YR9HYVIW","journalArticle","2022","H. Xing; Z. Xiao; R. Qu; Z. Zhu; B. Zhao","An Efficient Federated Distillation Learning System for Multitask Time Series Classification","IEEE Transactions on Instrumentation and Measurement","","1557-9662","10.1109/TIM.2022.3201203","https://www.scopus.com/inward/record.uri?eid=2-s2.0-85137611702&doi=10.1109%2FTIM.2022.3201203&partnerID=40&md5=3da52b98f1d171e279870c87101c81de","This article proposes an efficient federated distillation learning system (EFDLS) for multitask time series classification (TSC). EFDLS consists of a central server and multiple mobile users, where different users may run different TSC tasks. EFDLS has two novel components: a feature-based student–teacher (FBST) framework and a distance-based weights matching (DBWM) scheme. For each user, the FBST framework transfers knowledge from its teacher’s hidden layers to its student’s hidden layers via knowledge distillation, where the teacher and student have identical network structures. For each connected user, its student model’s hidden layers’ weights are uploaded to the EFDLS server periodically. The DBWM scheme is deployed on the server, with the least square distance (LSD) used to measure the similarity between the weights of two given models. This scheme finds a partner for each connected user such that the user’s and its partner’s weights are the closest among all the weights uploaded. The server exchanges and sends back the user’s and its partner’s weights to these two users which then load the received weights to their teachers’ hidden layers. Experimental results show that compared with a number of state-of-the-art federated learning (FL) algorithms, our proposed EFDLS wins 20 out of 44 standard UCR2018 datasets and achieves the highest mean accuracy (70.14%) on these datasets. In particular, compared with a single-task baseline, EFDLS obtains 32/4/8 regarding “win”/“tie”/“lose” and results in an improvement of approximately 4% in terms of mean accuracy.","2022","2026-03-10 15:12:35","2026-03-10 17:08:35","","1-12","","","71","","IEEE Transactions on Instrumentation and Measurement","","","","","","","","","","","Scopus","","","","","","","","Federated learning; Servers; Feature extraction; Time series analysis; Deep learning; Task analysis; Knowledge distillation; knowledge distillation; Heuristic algorithms; federated learning (FL); deep learning; Data mining; Time-series analysis; Multitasking; Instruments; time series classification (TSC); Learning algorithms; Features extraction; Distillation; Students; Time series classifications; Teachers'; Heuristics algorithm; Hidden layers","","","","","","","","","","","","","","","","","","","","","","","","","","","","","","","","","","","","","","","","","","","","","","",""
"J7GW255U","journalArticle","2024","Y. Yan; Y. Wang; Y. Hu; Y. Li","Federated Learning-Based Anomaly Detection for Environment Monitoring Sensor Networks","IEEE Sensors Letters","","2475-1472","10.1109/LSENS.2024.3421567","https://www.scopus.com/inward/record.uri?eid=2-s2.0-85197528005&doi=10.1109%2FLSENS.2024.3421567&partnerID=40&md5=752cb3b94d4baacf7f2bdfbb02cc2b06","This letter proposes a lightweight distributed time series anomaly detection method for environment monitoring sensor networks. To overcome environmental disturbance and ensure computation efficiency, for each sensor node, the observed data are converted into symbol sequences, and then trained through a self-learning model to obtain the local detection threshold. Within the framework of federated learning (FL), the global threshold is calculated using an energy-weighted method based on the local thresholds, and then used to continuously update the detection thresholds of sensor nodes. After training, any of sensor nodes independently determines whether an anomaly occurs by its own detection threshold. The proposed method has been successfully applied to indoor environment monitoring and experimental results demonstrate that our method has obvious advantages in terms of detection accuracy and energy efficiency.","2024-08","2026-03-10 15:12:35","2026-03-10 17:08:35","","1-4","","8","8","","IEEE Sensors Letters","","","","","","","","","","","Scopus","","","","","","","","Training; Sensors; Anomaly detection; Time series analysis; anomaly detection; Image edge detection; Energy efficiency; federated learning (FL); Wireless sensor networks; Time-series analysis; Learning systems; Symbols; environment monitoring; Sensor applications; wireless sensor network (WSN); Edge detection; Sensors network; Distributed computer systems; Anomaly detection methods; Sensor nodes; Distributed time series; Symbol; Detection threshold; Environment monitoring; Monitoring sensors","","","","","","","","","","","","","","","","","","","","","","","","","","","","","","","","","","","","","","","","","","","","","","",""
"M2HJC59U","conferencePaper","2025","N. Dahmani; S. M. Salman Bukhari; S. Gyawali","Federated Learning-Driven Hybrid TCN-Transformer Model for Accurate State of Charge Estimation in Electric Vehicles: A Multi-Scenario Study","2025 IEEE 102nd Vehicular Technology Conference (VTC2025-Fall)","2577-2465","","10.1109/VTC2025-Fall65116.2025.11310695","","Accurate State of Charge (SoC) estimation is critical for ensuring the safety, reliability, and efficiency of lithiumion batteries in electric vehicles (EVs). The traditional approaches, such as Extended Kalman Filters and conventional machine learning models, often struggle to generalize across diverse driving cycles and face limitations in scalability. This study proposes a privacy-preserving Federated Learning (FL) framework that trains a novel Hybrid TCN-Transformer model for SoC estimation under stable thermal conditions (25°C). The model is trained across four standard EV driving cycles, HPPC, HWFET, UDDS, and US06, while maintaining local data privacy. The hybrid architecture combines Temporal Convolutional Networks (TCNs) for capturing short-term temporal patterns and Transformer blocks for modeling long-range dependencies. The proposed system is evaluated across four FL scenarios and achieves state-of-the-art performance, with the best configuration (15 rounds, 30 local epochs) attaining an RMSE of 0.001093, MAE of 0.000899, and R2 of 0.9999. These results highlight the effectiveness and scalability of the framework for next-generation EV battery management systems.","2025-10-19","2026-03-10 15:12:35","2026-03-10 15:12:35","","1-6","","","","","","","","","","","","","","","","","","","","Journal Abbreviation: 2025 IEEE 102nd Vehicular Technology Conference (VTC2025-Fall)","","","","Federated learning; Data models; Data privacy; Estimation; Federated Learning; Accuracy; Convolutional neural networks; Electric Vehicles; Scalability; Transformers; Battery management systems; State of charge; Transformer Models; Battery Management Systems (BMS); State of Charge (SoC) Estimation; Temporal Convolutional Networks (TCN)","","","","","","","","","","","","","","","","","","","","","","","","","","","","","","","","2025 IEEE 102nd Vehicular Technology Conference (VTC2025-Fall)","","","","","","","","","","","","","","",""
"6XIWLEEW","journalArticle","2025","J. Mao; J. Liu; X. Tian; Y. Pan; E. Trucco; H. Lin","Toward Integrating Federated Learning With Split Learning via Spatio-Temporal Graph Framework for Brain Disease Prediction","IEEE Transactions on Medical Imaging","","1558-254X","10.1109/TMI.2024.3493195","","Functional Magnetic Resonance Imaging (fMRI) is used for extracting blood oxygen signals from brain regions to map brain functional connectivity for brain disease prediction. Despite its effectiveness, fMRI has not been widely used: on the one hand, collecting and labeling the data is time-consuming and costly, which limits the amount of valid data collected at a single healthcare site; on the other hand, integrating data from multiple sites is challenging due to data privacy restrictions. To address these issues, we propose a novel, integrated Federated learning and Split learning Spatio-temporal Graph framework (F $\text {S}^{{2}}$ G). Specifically, we introduce federated learning and split learning techniques to split a spatio-temporal model into a client temporal model and a server spatial model. In the client temporal model, we propose a time-aware mechanism to focus on changes in brain functional states and use an InceptionTime model to extract information about changes in the brain states of each subject. In the server spatial model, we propose a united graph convolutional network to integrate multiple graph convolutional networks. Integrating federated learning and split learning, F $\text {S}^{{2}}$ G can utilize multi-site fMRI data without violating data privacy protection and reduce the risk of overfitting as it is capable of learning from limited training data sets. Moreover, it boosts the extraction of spatio-temporal features of fMRI using spatio-temporal graph networks. Experiments on ABIDE and ADHD200 datasets demonstrate that our proposed method outperforms state-of-the-art methods. In addition, we explore biomarkers associated with brain disease prediction using community discovery algorithms using intermediate results of F $\text {S}^{{2}}$ G. The source code is available at https://github.com/yutian0315/FS2G.","2025-03","2026-03-10 15:12:35","2026-03-10 15:12:35","","1334-1346","","3","44","","IEEE Transactions on Medical Imaging","","","","","","","","","","","","","","","","","","","federated learning; Federated learning; Training; Data models; Data privacy; Predictive models; Servers; Computational modeling; Diseases; split learning; Brain modeling; Functional magnetic resonance imaging; brain disease; Spatio-temporal graph network","","","","","","","","","","","","","","","","","","","","","","","","","","","","","","","","","","","","","","","","","","","","","","",""
"SFVDNRXA","journalArticle","2024","P. H. Barros; J. C. Guevara; L. Villas; D. Guidoni; N. L. S. d. Fonseca; H. S. Ramos","A Novel Federated Meta-Learning Approach for Discriminating Sedentary Behavior From Wearable Data","IEEE Internet of Things Journal","","2327-4662","10.1109/JIOT.2024.3420891","https://www.scopus.com/inward/record.uri?eid=2-s2.0-85197527301&doi=10.1109%2FJIOT.2024.3420891&partnerID=40&md5=b8784746e8241de76b410639b302167e","Characterizing and monitoring patient activities through time series data is critical for identifying lifestyle patterns that may impact health outcomes. Sedentary behavior is a significant concern due to its association with various health risks. This study introduces a lightweight supervised classifier for healthcare applications based on ordinal pattern (OP) transformation to detect sedentary behavior in federated learning (FL) scenarios. Our hypothesis is grounded on the idea that sedentary behavior exhibits distinct dynamics compared to other activities, and information descriptors derived from the transformation of OPs effectively capture these differences. Next, we proceed with the FL training. We train a neural network (NN)-based encoder locally and send the local models to a server. The FL process updates the encoder weights based on the encoded representations of the clients’ data, enabling the model to learn from different participants. Finally, we personalize the model for the specific task of classifying sedentary behavior. Our approach utilizes a meta-learning framework, incorporating a Siamese NN to learn a similarity space. We fine-tune the model in this step by further training the last NN layer. This fine-tuning allows the model to adapt and specialize in accurately classifying sedentary behavior. We carry out a comprehensive analysis to support our hypothesis. We also extensively validated our proposal by comparing it with other methods over five different data sets. We obtain the best results using a smaller machine learning model compared with the best approaches in the literature. Specifically, our model has 78.73% times fewer parameters and consumes 48.67% times less energy than the best result in the literature.","2024-10-01","2026-03-10 15:12:35","2026-03-10 17:08:36","","31909-31916","","19","11","","IEEE Internet of Things Journal","","","","","","","","","","","Scopus","","","","","","","","Federated learning; Data models; Feature extraction; Neural networks; Time series analysis; Federated learning (FL); Proposals; Time-series analysis; Learning systems; Metalearning; neural network (NN); ordinal patterns (OPs); sedentary behavior; wearable data; Neural-networks; Features extraction; Signal encoding; Health risks; Wearable technology; Multilayer neural networks; Network layers; Ordinal pattern; Proposal; Sedentary behavior; Wearable data","","","","","","","","","","","","","","","","","","","","","","","","","","","","","","","","","","","","","","","","","","","","","","",""
"4DFLMVL5","journalArticle","2026","Y. Nejatbakhsh; M. Aliasgari","Enhancing Stock Market Prediction With Hybrid Deep Learning: Integrating LSTM, Transformer Attention, Federated Learning, and Sentiment Analysis","IEEE Access","","2169-3536","10.1109/ACCESS.2025.3649668","https://www.scopus.com/inward/record.uri?eid=2-s2.0-105026718481&doi=10.1109%2FACCESS.2025.3649668&partnerID=40&md5=1b64fe14f35636d2b756cdb7851ea91e","Accurate stock market prediction remains a critical yet challenging task due to the highly non-linear, volatile, and sentiment-driven nature of financial markets. In this paper, we present a hybrid deep learning framework that integrates long-short-term memory (LSTM) networks with Transformer-based attention mechanisms, sentiment analysis from financial news, and a privacy-preserving Federated Learning (FL) strategy. First, we benchmark traditional forecasting approaches, including ARIMA, SARIMAX, Prophet, Random Forest, and Support Vector Regression, against the baseline LSTM models. Our results show that LSTMs consistently outperform conventional methods in capturing temporal dependencies. To further enhance predictive accuracy, we incorporate Transformer attention to improve long-range dependency modeling and apply sentiment analysis using FinBERT-tone to embed market sentiment signals into the model. Finally, we simulate a Federated Learning environment, enabling decentralized model training without sharing raw financial data, thus addressing privacy concerns in the financial domain. Experimental results in ten major technology companies (Tesla, Apple, Amazon, Microsoft, Google, etc.) demonstrate that our hybrid model achieves superior short-term forecasting performance, with an average  $R^{2}$  variance score of 0.91 across ten major technology companies and a trend precision of  $65.36~\%$ , demonstrating strong prediction performance for short-term stock forecasting. These findings highlight the potential of combining deep sequential models, attention mechanisms, and privacy-sensitive training strategies for robust and secure stock market forecasting.","2026","2026-03-10 15:12:35","2026-03-10 17:08:38","","3926-3942","","","14","","IEEE Access","","","","","","","","","","","Scopus","","","","","","","","federated learning; Federated learning; Training; Data models; Data privacy; Predictive models; Computer architecture; Time series analysis; Long short term memory; Attention mechanisms; Forecasting; Transformers; privacy preserving; Sentiment analysis; Stock markets; Learning systems; deep learning in finance; financial time series forecasting; long-short-term memory (LSTM); sentiment analysis; Stock market prediction; transformer attention; Autoregressive moving average model; Long short-term memory; Privacy preserving; Prediction models; Short term memory; Decentralized finance; Technological forecasting; Financial markets; Commerce; Electronic trading; Financial time series forecasting; Deep learning in finance; Long-short-term memory; Technology companies; Transformer attention","","","","","","","","","","","","","","","","","","","","","","","","","","","","","","","","","","","","","","","","","","","","","","",""
"6CYFUWPP","conferencePaper","2021","R. Tehseen; M. S. Farooq; A. Abid","EPS: An earthquake prediction system using Federated Learning","2021 International Conference on Innovative Computing (ICIC)","","","10.1109/ICIC53490.2021.9692919","https://www.scopus.com/inward/record.uri?eid=2-s2.0-85126657619&doi=10.1109%2FICIC53490.2021.9692919&partnerID=40&md5=075bfb12677d9f47d2abffb8c2b0f4fe","Earthquake prediction is a challenging job and researchers are struggling to predict earthquakes since long time. The involvement of huge multidimensional data, data privacy considerations and transmission latency make it difficult to predict earthquakes in real time. In this research, an earthquake prediction system ‘EPS’ has been developed using python. It is unique among early earthquake warning systems as federated learning technique (FL) has been applied for incorporating the intelligence from cloud to the mobile edge devices. Features like onsite data collection, training of local data models and aggregation of these models for the generation of global data model makes FL capable enough to handle data privacy, data availability and resolve latency issues involved in earthquake prediction. The proposed system integrates multiple data sources using FL for generation of global data model, applies time series regression for earthquake prediction and transmits earthquake alerts to all connected users and agencies. Dataset from Western Himalayan zone has been collected from 1985 to 2020 considering five different aspects including seismicity, atmospheric temperature, atmospheric pressure, regional rainfall, and reservoir parameters using federated learning technique for experimentation. EPS has successfully predicted 97.96% of the earthquakes that have encountered in the region during past thirty-five years.","2021-11-09","2026-03-10 15:12:35","2026-03-10 17:08:40","","1-8","","","","","","","","","","","","","","","","Scopus","","","","Journal Abbreviation: 2021 International Conference on Innovative Computing (ICIC)","","","","Federated learning; Data privacy; Predictive models; Atmospheric modeling; Time series analysis; Computational modeling; Forecasting; Collaborative work; Learning systems; Earthquake prediction; Earthquakes; Global data model; Local data model; Seismic data; Learning algorithms; Prediction systems; Learning techniques; Local data; Multidimensional data; Atmospheric pressure; Global data; Seismic datas","","","","","","","","","","","","","","","","","","","","","","","","","","","","","","","","2021 International Conference on Innovative Computing (ICIC)","","","","","","","","","","","","","","",""
"A6NNBPFR","conferencePaper","2020","Y. Liu; N. Kumar; Z. Xiong; W. Y. B. Lim; J. Kang; D. Niyato","Communication-Efficient Federated Learning for Anomaly Detection in Industrial Internet of Things","GLOBECOM 2020 - 2020 IEEE Global Communications Conference","2576-6813","","10.1109/GLOBECOM42002.2020.9348249","https://www.scopus.com/inward/record.uri?eid=2-s2.0-85100958450&doi=10.1109%2FGLOBECOM42002.2020.9348249&partnerID=40&md5=810bd307b9f319d0ce5fc71308c2bb9e","With the rapid development of the Industrial Internet of Things (IIoT), various IoT devices and sensors generate massive industrial sensing data. Sensing big data can be analyzed for insights that lead to better decisions and strategic industrial production by using advanced machine learning technologies. However, vulnerable IoT devices are easy to be compromised thus causing IoT devices failures (i.e., anomalies). The anomalies seriously affect the production of industrial products, thereby, it is increasingly important to accurately and timely detect anomalies. To this end, we first introduce a Federated Learning (FL) framework to enable decentralized edge devices to collaboratively train a Deep Anomaly Detection (DAD) model, which can improve its generalization ability. Second, we propose a Convolutional Neural Network-Long Short Term Memory (CNN-LSTM) model to accurately detect anomalies. The CNN-LSTM model uses CNN units to capture fine-grained features and retains the advantages of LSTM unit in predicting time series data. Third, to achieve real-time and lightweight anomaly detection in the proposed framework, a gradient compression mechanism is applied to reduce communication costs and improve communication efficiency. Extensive experiment results based on realworld datasets demonstrate that the proposed framework and mechanism can accurately and timely detect anomalies, and also reduce about 50% communication overhead when compared with traditional schemes.","2020-12-07","2026-03-10 15:12:35","2026-03-10 17:08:40","","1-6","","","2020-January","","","","","","","","","","","","","Scopus","","","","Journal Abbreviation: GLOBECOM 2020 - 2020 IEEE Global Communications Conference","","","","Federated learning; Convolutional neural networks; Industrial Internet of Things; Sensors; Production; Anomaly detection; anomaly detection; Image edge detection; industrial internet of things; Collaborative work; Numerical models; Internet of things; Learning systems; gradient compression; Long short-term memory; Convolutional neural network; Industrial internet of thing; Cost reduction; Industrial production; Machine learning technology; Sensing data; Memory modeling; Gradient compression; Industrial sensing","","","","","","","","","","","","","","","","","","","","","","","","","","","","","","","","GLOBECOM 2020 - 2020 IEEE Global Communications Conference","","","","","","","","","","","","","","",""
"VSAKJLTP","conferencePaper","2024","Z. Dong; Y. Zuo","FedBA: A Traffic Prediction Approach Based on Bi-LSTM and Federated Learning","2024 IEEE International Conference on High Performance Computing and Communications (HPCC)","","","10.1109/HPCC64274.2024.00190","https://www.scopus.com/inward/record.uri?eid=2-s2.0-105013072799&doi=10.1109%2FHPCC64274.2024.00190&partnerID=40&md5=176edc2e28a6499aacbc6e810311616c","Artificial intelligence (AI) traffic prediction technology is key to achieving 6G network management and optimization, enhancing network efficiency, and automating processes to meet diverse service demands. Deep learning models have improved traffic prediction accuracy through time series modeling and spatial feature extraction. However, centralized training methods face issues like bandwidth consumption and network capacity depletion. Federated Learning (FL) offers a distributed training architecture for mobile network prediction models. However, FL faces challenges related to data heterogeneity and model generalization. To address these issues, we propose a traffic prediction model named FedBA, which integrates a Bidirectional Long Short-Term Memory (Bi-LSTM) network with an attention mechanism and Federated Learning. To manage data heterogeneity, a transfer strategy based on historical data is employed. The model trained on historical datasets is treated as a quasi-global model, transferred to a central server, and shared among all base stations. An iterative clustering algorithm is also introduced to group base stations based on correlations between different traffic patterns. A dual-attention model aggregation scheme is applied to enhance global model generalization by focusing on the unequal contributions of different local models and the quasi-global model. Experimental results demonstrate that FedBA outperforms existing Federated Learning models like FedDA. For example, on the Milano and Trento datasets, FedBA reduces prediction errors for SMS, Internet, and Call traffic by 16.9%, 11.5%, 21.2%, and 7.7%, 44.1%, 40%, respectively.","2024-12-13","2026-03-10 15:12:35","2026-03-10 17:08:40","","1427-1434","","","","","","","","","","","","","","","","Scopus","","","","Journal Abbreviation: 2024 IEEE International Conference on High Performance Computing and Communications (HPCC)","","","","Federated learning; Training; Data models; Federated Learning; Accuracy; Predictive models; Adaptation models; Deep learning; Attention mechanisms; Forecasting; Clustering algorithms; Traffic control; Iterative methods; Telecommunication traffic; Learning systems; Wireless networks; Base stations; Network architecture; Attention mechanism; Bi-LSTM; Mobile network traffic prediction; Multi-base stations; Bidirectional long short-term memory; Information management; Data heterogeneity; Global models; Short term memory; Distributed computer systems; Learning models; Network traffic predictions; Traffic prediction; Multi-base station","","","","","","","","","","","","","","","","","","","","","","","","","","","","","","","","2024 IEEE International Conference on High Performance Computing and Communications (HPCC)","","","","","","","","","","","","","","",""
"FFL9IYAB","journalArticle","2025","F. Lin; J. Chen; G. Ding; Y. Jiao; J. Gu","Spatiotemporal MUF Inference for HF Communications: A Personalized Federated Learning Framework","IEEE Transactions on Antennas and Propagation","","1558-2221","10.1109/TAP.2024.3516324","https://www.scopus.com/inward/record.uri?eid=2-s2.0-86000426236&doi=10.1109%2FTAP.2024.3516324&partnerID=40&md5=effb9a38a8f2b3f51fd6444c838e986c","High-frequency (HF) communications are vital in both military and commercial fields due to their ability to propagate across the horizon. Accurately predicting the maximum usable frequency (MUF) is crucial for improving the efficiency of HF ionospheric propagation. However, when there are only a limited number of ground-based stations for vertical ionospheric sounding, it becomes challenging to infer and predict MUFs in unfamiliar territories. In this article, we present a personalized federated learning framework that utilizes mutual information to make spatiotemporal inferences for MUFs across multiple stations. To begin with, we extract the trend component using time-series decomposition theory and then verify its significant spatial correlation using dynamic time warping (DTW). This enables us to identify the spatial relationships present in the local models of the federated learning system. Next, by monitoring changes in mutual information among different local models during the training phase of the trend component, we verify the existence of these spatial relationships. Furthermore, we introduce and validate the effectiveness of the personalization strategy employed in the proposed framework. Finally, experimental results demonstrate that the proposed framework significantly reduces the root mean square error (RMSE) and mean absolute error (MAE) in MUF predictions for ten cities with varying geographic latitudes.","2025-03","2026-03-10 15:12:35","2026-03-10 17:08:41","","1805-1818","","3","73","","IEEE Transactions on Antennas and Propagation","","","","","","","","","","","Scopus","","","","","","","","Federated learning; Data models; Accuracy; Personalized federated learning; Predictive models; Distributed databases; Deep learning; Mathematical models; Correlation; Time-frequency analysis; High-frequency communication; Ionosphere; ionospheric vertical sounding; maximum usable frequency (MUF); personalized federated learning; time-series decomposition; Mean square error; Local model; Learning frameworks; Spatial relationships; Time series decomposition; High frequency communication; Ionospheric electromagnetic wave propagation; Ionospheric measurement; Ionospheric vertical sounding; Maximum usable frequency; Military communications; Mutual informations; Vertical sounding","","","","","","","","","","","","","","","","","","","","","","","","","","","","","","","","","","","","","","","","","","","","","","",""
"AMYR9AUK","conferencePaper","2021","D. Perry; N. Wang; S. -S. Ho","Energy Demand Prediction with Optimized Clustering-Based Federated Learning","2021 IEEE Global Communications Conference (GLOBECOM)","","","10.1109/GLOBECOM46510.2021.9685647","https://www.scopus.com/inward/record.uri?eid=2-s2.0-85184376126&doi=10.1109%2FGLOBECOM46510.2021.9685647&partnerID=40&md5=552b4b3c9064a4b4665545d7530bd024","The rapid growth in pervasive Internet-of-Things (IoT) and Deep Learning (DL) is creating a huge demand for applying DL on IoT systems. However, it is non-trivial to train highly accurate DL models in such scenarios due to the following two challenges: (1) individual IoT devices may not have sufficient training data, and (2) simply combining all sensory data across all devices may cause performance degradation due to data imbalance and varying temporal patterns across different devices. The objective of this paper is to achieve high-accurate prediction models for each device in an IoT system. We propose a federated learning approach for IoT systems driven by trend-based clustering for energy demand prediction for Electric Vehicle (EV) charging station network. We first apply a time-series clustering method to identify stations with similar temporal demand patterns. Using time-series data from stations in a cluster, a single Long-Short Term Memory (LSTM) network is trained using FedAvg algorithm for energy demand prediction for all the stations in the cluster. Experimental results on a real-world energy usage dataset from an EV charging station network show that our proposed approach is very competitive against baseline federated learning approaches. In particular, the energy demand prediction error decreases by 80%.","2021-12-07","2026-03-10 15:12:35","2026-03-10 17:08:41","","1-6","","","","","","","","","","","","","","","","Scopus","","","","Journal Abbreviation: 2021 IEEE Global Communications Conference (GLOBECOM)","","","","Energy management; Federated learning; Training; Federated Learning; Predictive models; Edge Computing; Internet of Things; Prediction algorithms; Training data; Forecasting; Performance evaluation; Market research; Collaborative work; Edge computing; Internet of things; Electric vehicle charging; Learning systems; Time series; Prediction; Long short-term memory; Learning approach; Clusterings; Rapid growth; Charging station; Energy demand prediction; Non-trivial; Station network","","","","","","","","","","","","","","","","","","","","","","","","","","","","","","","","2021 IEEE Global Communications Conference (GLOBECOM)","","","","","","","","","","","","","","",""
"RZ4UDR9H","conferencePaper","2023","J. Mao; H. Lin; X. Tian; Y. Pan; J. Liu","FedGST: Federated Graph Spatio-Temporal Framework for Brain Functional Disease Prediction","2023 IEEE International Conference on Bioinformatics and Biomedicine (BIBM)","2156-1133","","10.1109/BIBM58861.2023.10385983","https://www.scopus.com/inward/record.uri?eid=2-s2.0-85184883130&doi=10.1109%2FBIBM58861.2023.10385983&partnerID=40&md5=a6b030699c4c0ed07cbe3c6b0c4e90b2","Currently, most medical institutions face the challenge of training a unified model using fragmented and isolated data to address disease prediction problems. Although federated learning has become the recognized paradigm for privacy-preserving model training, how to integrate federated learning with fMRI temporal characteristics to enhance predictive performance remains an open question for functional disease prediction. To address this challenging task, we propose a novel Federated Graph Spatio-Temporal (FedGST) framework for brain functional disease prediction. Specifically, anchor sampling is used to process variable-length time series data on local clients. Then dynamic functional connectivity graphs are generated via sliding windows and Pearson correlation coefficients. Next, we propose an InceptionTime model to extract temporal information from the dynamic functional connectivity graphs on the local clients. Finally, the hidden activation variables are sent to a global server. We propose a UniteGCN model on the global server to receive and process the hidden activation variables from clients. Then, the global server returns gradient information to clients for backpropagation and model parameter updating. Client models aggregate model parameters on the local server and distribute them to clients for the next round of training. We demonstrate that FedGST outperforms other federated learning methods and baselines on ABIDE-1 and ADHD200 datasets.","2023-12-05","2026-03-10 15:12:35","2026-03-10 17:08:42","","1356-1361","","","","","","","","","","","","","","","","Scopus","","","","Journal Abbreviation: 2023 IEEE International Conference on Bioinformatics and Biomedicine (BIBM)","","","","Federated learning; Training; Data models; Federated Learning; Predictive models; Time series analysis; Forecasting; Brain modeling; Learning systems; Functional magnetic resonance imaging; Brain Functional Disease; Graph Learing; Spatio-Temporal; Modeling parameters; Unified Modeling; Correlation methods; Spatio-temporal; Chemical activation; Prediction problem; Medical institutions; Medical problems; Functional connectivity; Brain functional disease; Connectivity graph; Graph learing","","","","","","","","","","","","","","","","","","","","","","","","","","","","","","","","2023 IEEE International Conference on Bioinformatics and Biomedicine (BIBM)","","","","","","","","","","","","","","",""
"X3NALAQP","conferencePaper","2025","S. Chinthakunta; J. P. Sunkavalli; P. Koduru","Deep Learning –Based Traffic Density Estimation And Analysis","2025 Global Conference in Emerging Technology (GINOTECH)","","","10.1109/GINOTECH63460.2025.11076792","https://www.scopus.com/inward/record.uri?eid=2-s2.0-105013618797&doi=10.1109%2FGINOTECH63460.2025.11076792&partnerID=40&md5=f04e6d7008d4c6c0a9b8e8207c7e1cfa","Congestion on roads, air pollution from automobile emissions, and a rising rate of accidents are only a few of the critical problems with which metropolitan areas are faced because of the intensifying automobile population caused by urban growth. These issues become particularly evident in developing countries, where it remains challenging to practice effective traffic tracking.This work presents a complex traffic surveillance system based on aerial drone videos and advanced computer vision algorithms.YOLOv11 and Graph Neural Networks (GNN) are the core algorithms employed to assess real-time traffic images captured by high-definition drone cameras. These algorithms reach 97% and 91% recognition accuracy, respectively. In addition, YOLOv8 and ResNet50 were utilized, with 90% and 85% recognition accuracies, respectively. In addition, traffic flow patterns can be predicted precisely with time series forecasting models such as LSTM and GRU. The GRU model had an RMSE accuracy of 0.943%, but the LSTM model had an MSE of 20.98%. Real-time traffic data analysis, congestion detection, and traffic monitoring are all enhanced by this integrated system.For making decisions faster to manage urban traffic, future upgrades will focus on improving real-time traffic forecasting through edge computing and adding federated learning for edge data processing.","2025-05-09","2026-03-10 15:12:35","2026-03-10 17:08:42","","1-6","","","","","","","","","","","","","","","","Scopus","","","","Journal Abbreviation: 2025 Global Conference in Emerging Technology (GINOTECH)","","","","Real-time systems; Accuracy; Predictive models; Prediction algorithms; Computational modeling; Deep learning; Long short term memory; Optimization; Graph neural networks; Drones; Residual neural networks; Image processing; Traffic congestion; algorithms; Gated recurrent unit(GRU); Graph Neural Networks(GNN); Long short term memory(LSTM); Mean Square Error(MSE); Residual neural network(ResNET50); Root Mean Square Error(RMSE); You only look once(YOLO); Air pollution; Mean square error; Learning algorithms; Data handling; Short term memory; Neural-networks; Deep neural networks; Urban growth; Population statistics; Gated recurrent unit; Graph algorithms; Means square errors; Residual neural network(resnet50); Root mean square errors; You only look once","","","","","","","","","","","","","","","","","","","","","","","","","","","","","","","","2025 Global Conference in Emerging Technology (GINOTECH)","","","","","","","","","","","","","","",""
"XBHRSC3V","conferencePaper","2022","L. Mondrejevski; I. Miliou; A. Montanino; D. Pitts; J. Hollmén; P. Papapetrou","FLICU: A Federated Learning Workflow for Intensive Care Unit Mortality Prediction","2022 IEEE 35th International Symposium on Computer-Based Medical Systems (CBMS)","2372-9198","","10.1109/CBMS55023.2022.00013","https://www.scopus.com/inward/record.uri?eid=2-s2.0-85137897314&doi=10.1109%2FCBMS55023.2022.00013&partnerID=40&md5=6c3cf860b977d3404106f8644fb5b083","Although Machine Learning can be seen as a promising tool to improve clinical decision-making, it remains limited by access to healthcare data. Healthcare data is sensitive, requiring strict privacy practices, and typically stored in data silos, making traditional Machine Learning challenging. Federated Learning can counteract those limitations by training Machine Learning models over data silos while keeping the sensitive data localized. This study proposes a Federated Learning workflow for Intensive Care Unit mortality prediction. Hereby, the applicability of Federated Learning as an alternative to Centralized Machine Learning and Local Machine Learning is investigated by introducing Federated Learning to the binary classification problem of predicting Intensive Care Unit mortality. We extract multivariate time series data from the MIMIC-III database (lab values and vital signs), and benchmark the predictive performance of four deep sequential classifiers (FRNN, LSTM, GRU, and 1DCNN) varying the patient history window lengths (8h, 16h, 24h, and 48h) and the number of Federated Learning clients (2, 4, and 8). The experiments demonstrate that both Centralized Machine Learning and Federated Learning are comparable in terms of AUPRC and F1-score. Furthermore, the federated approach shows superior performance over Local Machine Learning. Thus, Federated Learning can be seen as a valid and privacy-preserving alternative to Centralized Machine Learning for classifying Intensive Care Unit mortality when the sharing of sensitive patient data between hospitals is not possible.","2022-07-21","2026-03-10 15:12:35","2026-03-10 17:08:43","","32-37","","","2022-July","","","","","","","","","","","","","Scopus","","","","Journal Abbreviation: 2022 IEEE 35th International Symposium on Computer-Based Medical Systems (CBMS)","","","","Federated learning; Training; Federated Learning; Neural networks; Time series analysis; Benchmark testing; Forecasting; Decision making; Machine learning; Databases; MIMICs; Prediction; Classification; ICU mortality; MIMIC- III; Recurrent Neural Network; Health care; Machine-learning; Centralised; Long short-term memory; Benchmarking; Sensitive data; Training machines; Data silos; Classification (of information); Hospital data processing; Intensive care units; Work-flows; Clinical decision making; Privacy practices","","","","","","","","","","","","","","","","","","","","","","","","","","","","","","","","2022 IEEE 35th International Symposium on Computer-Based Medical Systems (CBMS)","","","","","","","","","","","","","","",""
"GGM2T32U","conferencePaper","2024","Y. Dai; R. Tan","FedCFC: On-Device Personalized Federated Learning with Closed-Form Continuous-Time Neural Networks","2024 23rd ACM/IEEE International Conference on Information Processing in Sensor Networks (IPSN)","","","10.1109/IPSN61024.2024.00006","https://www.scopus.com/inward/record.uri?eid=2-s2.0-85198523787&doi=10.1109%2FIPSN61024.2024.00006&partnerID=40&md5=ea428d26d5d3765006032ec2795787a9","Closed-form continuous-time (CFC) neural networks have superior expressivity in modeling time series data compared with recurrent neural networks. CFC’s lower training and inference overheads also make it appealing for microcontroller-based platforms. This paper proposes FedCFC, which advances CFC from the centralized learning setting to the federated learning paradigm. FedCFC features a novel and communication-efficient aggregation strategy to address the problem of class distribution skews across clients’ training data. The strategy is designed based on a new empirical property of CFC identified in this paper, i.e., involatility of a sub-network of CFC with respect to training data’s class distribution. Extensive evaluation based on multiple time series datasets shows that FedCFC achieves higher or similar accuracy with 7.6× to 11× reduction in communication overhead, compared with recent federated learning approaches designed to address the class distribution skew problem. Implementations of FedCFC on four microcontroller platforms show its portability to low-end computing devices with 256kB memory and even less.","2024-05-13","2026-03-10 15:12:36","2026-03-10 17:08:44","","14-26","","","","","","","","","","","","","","","","Scopus","","","","Journal Abbreviation: 2024 23rd ACM/IEEE International Conference on Information Processing in Sensor Networks (IPSN)","","","","federated learning; Federated learning; Training; Training data; Time series analysis; edge computing; Performance evaluation; Recurrent neural networks; Edge computing; Memory management; Learning systems; Time series; Continuous-time neural network; Microcontrollers; time series processing; Time-series data; Continuous time systems; Time series processing; Class distributions; Closed form; Continous time; Continuous-time neural networks; Modelling time","","","","","","","","","","","","","","","","","","","","","","","","","","","","","","","","2024 23rd ACM/IEEE International Conference on Information Processing in Sensor Networks (IPSN)","","","","","","","","","","","","","","",""
"LQK3IABD","journalArticle","2021","P. Chhikara; R. Tekchandani; N. Kumar; M. Guizani; M. M. Hassan","Federated Learning and Autonomous UAVs for Hazardous Zone Detection and AQI Prediction in IoT Environment","IEEE Internet of Things Journal","","2327-4662","10.1109/JIOT.2021.3074523","https://www.scopus.com/inward/record.uri?eid=2-s2.0-85104678882&doi=10.1109%2FJIOT.2021.3074523&partnerID=40&md5=cfe2ff5cdfa551eca9ce9c4128075ce8","Air pollution monitoring, finding the hazardous zone, and future air quality predictions have recently become a significant issue for many researchers. With the adverse effect of low air quality on human health, it has become necessary for predicting the air quality index (AQI) accurately and on time. The unmanned aerial vehicle (UAV) can collect air quality data with high spatial and temporal resolutions. Using a fleet of UAVs could be considered a good option. In the proposed work, we implement a distributed federated learning (FL) algorithm within a UAV swarm that collects air quality data using built-in sensors. A scheme for finding the area with the highest AQI value is proposed using swarm intelligence. The collected data are then fed to a CNN-LSTM model to predict the AQI. The trained local model is sent to the central server, and the server aggregates the received models from UAVs in the swarm. A global model is created and is transmitted to the UAV swarm again in the next iteration. The proposed architecture is compared with other time-series models. The results show that the proposed model predicts AQI daily with a minimal error rate on a real-time data set from Delhi.","2021-10-15","2026-03-10 15:12:36","2026-03-10 17:08:45","","15456-15467","","20","8","","IEEE Internet of Things Journal","","","","","","","","","","","Scopus","","","","","","","","Real-time systems; Monitoring; Sensors; Forecasting; federated learning (FL); Wireless sensor networks; Iterative methods; Internet of things; Air quality; time-series analysis; Hazards; Air pollution; Air quality index (AQI); Atmospheric measurements; particle swarm optimization (PSO); Pollution measurement; unmanned aerial vehicles (UAVs); Long short-term memory; Antennas; Unmanned aerial vehicles (UAV); Swarm intelligence; Aircraft detection; Air quality indices; Air quality data; Air quality prediction; Air pollution monitoring; Proposed architectures; Real-time dataset; Spatial and temporal resolutions; Time series models","","","","","","","","","","","","","","","","","","","","","","","","","","","","","","","","","","","","","","","","","","","","","","",""
"5ZDFIVR5","conferencePaper","2024","J. Deng; Y. Hao; J. Wang; Z. Jin","FediTT: A Federated Learning Approach for Privacy-Preserving Traffic Flow Prediction","2024 7th International Conference on Universal Village (UV)","","","10.1109/UV63228.2024.11189123","https://www.scopus.com/inward/record.uri?eid=2-s2.0-105021217876&doi=10.1109%2FUV63228.2024.11189123&partnerID=40&md5=a0fd24382d6fc2c12a514ca1e660d371","Traffic flow prediction (TFP) is critical to the development of intelligent transportation systems, yet current deep learning models often rely on centralized training with sensitive location and mobility data, leading to significant privacy concerns. To address this, we propose FediTT, a novel federated learning framework that integrates the iTransformer architecture to enable accurate and privacy-preserving traffic forecasting. By training models locally on distributed clients and aggregating updates without sharing raw data, FediTT ensures data privacy while maintaining strong modeling capacity. Unlike traditional federated baselines such as FedGRU, FediTT employs a Transformer-based backbone to better capture long-range dependencies and multivariate correlations in time series data. We conduct extensive experiments on real-world traffic datasets, evaluating performance across multiple prediction horizons (96, 192, and 336 time points). Results show that FediTT consistently achieves lower MSE and MAE than centralized deep learning models (Transformer, PatchTST, Crossformer) and federated baselines, demonstrating both superior accuracy and enhanced privacy protection. These findings validate the effectiveness of combining a high-capacity forecasting model with federated learning and position FediTT as a practical and scalable solution for privacy-sensitive applications in smart transportation systems.","2024-10-19","2026-03-10 15:12:36","2026-03-10 17:08:46","","1-8","","","","","","","","","","","","","","","","Scopus","","","","Journal Abbreviation: 2024 7th International Conference on Universal Village (UV)","","","","federated learning; Federated learning; Training; Data models; Data privacy; Accuracy; Predictive models; Privacy; Deep learning; Forecasting; Transformers; Protection; privacy protection; Intelligent systems; Learning systems; Intelligent transportation systems; iTransformer; traffic flow prediction; Centralised; Privacy preserving; Privacy protection; Privacy-preserving techniques; Learning approach; Privacy concerns; Sensitive data; 'current; Highway traffic control; Learning models; Traffic flow prediction; Intelligent vehicle highway systems; Itransformer","","","","","","","","","","","","","","","","","","","","","","","","","","","","","","","","2024 7th International Conference on Universal Village (UV)","","","","","","","","","","","","","","",""
"AF8FLLIZ","conferencePaper","2023","R. Bourgerie; T. Zanouda","Fault Detection in Telecom Networks Using Bi-Level Federated Graph Neural Networks","2023 IEEE International Conference on Data Mining Workshops (ICDMW)","2375-9259","","10.1109/ICDMW60847.2023.10449399","","5G and Beyond Networks become increasingly complex and heterogeneous, with diversified and high requirements from a wide variety of emerging applications. The complexity and diversity of Telecom networks place an increasing strain on maintenance and operation efforts. Moreover, the strict security and privacy requirements present a challenge for mobile operators to leverage network data. To detect network faults, and mitigate future failures, prior work focused on leveraging traditional ML/DL methods to locate anomalies in networks. The current approaches, although powerful, do not consider the intertwined nature of embedded and software-intensive Radio Access Network systems. In this paper, we propose a Bi-level Federated Graph Neural Network anomaly detection and diagnosis model that is able to detect anomalies in Telecom networks in a privacy-preserving manner, while minimizing communication costs. Our method revolves around conceptualizing Telecom data as a bi-level temporal Graph Neural Networks. The first graph captures the interactions between different RAN nodes that are exposed to different deployment scenarios in the network, while each individual Radio Access Network node is further elaborated into its software (SW) execution graph. Additionally, we use Federated Learning to address privacy and security limitations. Furthermore, we study the performance of anomaly detection model under three settings: (1) Centralized (2) Federated Learning and (3) Personalized Federated Learning using real-world data from an operational network. Our comprehensive experiments showed that Personalized Federated Temporal Graph Neural Networks method outperforms the most commonly used techniques for Anomaly Detection.","2023-12-01","2026-03-10 15:12:36","2026-03-10 15:12:36","","1608-1617","","","","","","","","","","","","","","","","","","","","Journal Abbreviation: 2023 IEEE International Conference on Data Mining Workshops (ICDMW)","","","","Federated learning; Training; Federated Learning; Thermal stability; Anomaly detection; Anomaly Detection; Graph neural networks; Telecommunications; Graph Neural Networks; Radio access networks; Graph-based Federated Learning; TelcoAI","","","","","","","","","","","","","","","","","","","","","","","","","","","","","","","","2023 IEEE International Conference on Data Mining Workshops (ICDMW)","","","","","","","","","","","","","","",""
"QDN9NF8H","journalArticle","2025","H. Haule; I. Piper; P. Jones; T. -Y. M. Lo; J. Escudero","CLaI: Collaborative Learning and Inference for Low-Resolution Physiological Signals: Validation in Clinical Event Detection and Prediction","IEEE Transactions on Biomedical Engineering","","1558-2531","10.1109/TBME.2025.3563732","https://www.scopus.com/inward/record.uri?eid=2-s2.0-105003441011&doi=10.1109%2FTBME.2025.3563732&partnerID=40&md5=e6ef06caedc78641b7da2a84aaac8056","While machine learning (ML) techniques have been applied to detection and prediction tasks in clinical data, most methods rely on high-resolution data, which is not routinely available in most Intensive Care Units (ICUs), and perform poorly when faced with class imbalance. Here, we introduce and validate Collaborative Learning and Inference (CLaI) for detection and prediction of events from learned latent representations of multivariate physiological time series, leveraging similarities across patients. Our method offers a new way to detect and predict events using low-resolution physiological time series. We evaluate its performance on predicting intracranial hypertension and sepsis using the KidsBrainIT (minute-by-minute resolution) and MIMIC-IV (hourly resolution) datasets, respectively, comparing our approach with classification-based and sequence-to-sequence benchmarks from existing studies. Additional experiments on sepsis detection, robustness to class imbalance, and generalizability—demonstrated via seizure detection using the CHB-MIT scalp electroencephalogram dataset—confirm that CLaI effectively handles class imbalance, consistently achieving competitive performance and the highest F1 score. Overall, our approach introduces a novel method for analyzing routinely collected ICU physiological time series by leveraging patient similarity thus enabling ML interpretability through case-based reasoning.","2025-11","2026-03-10 15:12:36","2026-03-10 17:08:46","","3186-3195","","11","72","","IEEE Transactions on Biomedical Engineering","","","","","","","","","","","Scopus","","","","","","","","Federated learning; Training; Predictive models; Machine Learning; Collaboration; Time series analysis; Long short term memory; machine learning; LSTM; time series; Physiology; Electroencephalography; Time series; time series analysis; seizure; signal processing; electroencephalogram; Collaborative learning; collaborative learning; Nickel; Latent representation; Phenotype; collaborative filtering; imbalanced data; patient similarity; phenotype; prediction; Recording; Sepsis; recurrent neural network; Times series; human; algorithm; Imbalanced data; Algorithms; Humans; procedures; diagnosis; Physiological models; Article; Signal Processing, Computer-Assisted; pathophysiology; benchmarking; long short term memory network; electroencephalography; Intensive care; Class imbalance; Databases, Factual; factual database; filtration; blood oxygen tension; case based reasoning; intensive care unit; Intensive Care Units; Lower resolution; mean arterial pressure; Patient similarity; Seizures; sepsis","","","","","","","","","","","","","","","","","","","","","","","","","","","","","","","","","","","","","","","","","","","","","","",""
"KEVXABQE","conferencePaper","2025","B. Sullivan; S. Svendsen; J. A. Khan","Flower: Federated Learning Based Zero-Trust Consensus Protocol for Real-Time Trajectory Endorsement in Cavs","2025 IEEE 101st Vehicular Technology Conference (VTC2025-Spring)","2577-2465","","10.1109/VTC2025-Spring65109.2025.11174467","https://www.scopus.com/inward/record.uri?eid=2-s2.0-105019053201&doi=10.1109%2FVTC2025-Spring65109.2025.11174467&partnerID=40&md5=b8fa60c39ba4296eada3286d7450c355","Connected and Autonomous Vehicles (CAVs) can share their future trajectories with nodes around them as the intended navigation path, for nearby nodes to avoid crashing into them. However, trust must be established on the shared trajectories where the nearby nodes can verify the truthfulness of the shared trajectories in an efficient and timely manner. This paper proposes FLOWER, a federated learning based approach as a distributed zero trust security protocol for nearby nodes to verify the trajectories shared among CAVs by employing a machine learning algorithm to predict the corresponding future trajectories and verify the truthfulness of the data shared by the CAV via a blockchain based consensus. We employ several machine learning algorithms including transformer models on realistic trajectories from New York City to achieve this and results have shown that simple time series algorithms (RNN, LSTM, GRUs) achieved similar performance without additional complexity for real-time verification of CAV trajectories.","2025-06-17","2026-03-10 15:12:36","2026-03-10 17:08:47","","1-7","","","","","","","","","","","","","","","","Scopus","","","","Journal Abbreviation: 2025 IEEE 101st Vehicular Technology Conference (VTC2025-Spring)","","","","Federated learning; Federated Learning; Real-time systems; Blockchain; Transformers; Machine learning; Autonomous vehicles; Flowering plants; Urban areas; Connected vehicles; Machine learning algorithms; Autonomous Vehicles; Zero Trust; Trajectory; Transformer; Learning systems; Connected and Autonomous Vehicles (CAVs); Zero-trust Security; Learning algorithms; Block-chain; Connected and autonomous vehicle; Learning-based approach; Trajectories; Intelligent vehicle highway systems; Consensus protocols; Navigation paths; Real-time trajectories; Zero-trust security","","","","","","","","","","","","","","","","","","","","","","","","","","","","","","","","2025 IEEE 101st Vehicular Technology Conference (VTC2025-Spring)","","","","","","","","","","","","","","",""
"EJFKJNJK","conferencePaper","2024","J. Li; J. Zhu; P. Xia; Z. Wang; Y. Qian","pFedMTD: A Personalized Federated Learning-based Multilayer Temporal Decomposition Model for Distributed Photovoltaic Power Prediction","2024 IEEE/CIC International Conference on Communications in China (ICCC)","2377-8644","","10.1109/ICCC62479.2024.10682024","","With the development of Industrial Internet of Things (IIoT), establishing a distributed network of photovoltaic (PV) stations is a trend, enabling information exchange between multiple PV stations. However, data privacy concerns prevent direct data sharing among PV stations. This issue makes it hard to train precise models for new stations with limited data. To tackle this issue, we propose a personalized federated learning-based multilayer temporal decomposition model (pFedMTD). The pFedMTD consists of two main components: a multilayer temporal decomposition module (MTD) and a personalized federation strategy. The MTD module is designed to reduce data fluctuations. The personalized federation strategy leverages data from multiple local PV stations to addresses interstation differences through personalized layers. To validate the effectiveness of our algorithm, experiments are conducted on 15 PV stations. In the case of only local training, our proposed model demonstrates significant improvements over the state-of-the-art model, with an average reduction of 5.0% in RMSE, an impressive 11.2% decrease in MAE, and a commendable 38.9% reduction in training time. For personalized federated training, the proposed model achieves a 2.1% decrease in RMSE and a 3.1% decrease in MAE compared to standardized federated training.","2024-08-07","2026-03-10 15:12:40","2026-03-10 15:12:40","","1739-1744","","","","","","","","","","","","","","","","","","","","Journal Abbreviation: 2024 IEEE/CIC International Conference on Communications in China (ICCC)","","","","Federated learning; Training; Accuracy; Predictive models; Time series analysis; privacy preservation; Photovoltaic systems; Fluctuations; personalized federated learning; multilayer temporal decomposition; PV power prediction","","","","","","","","","","","","","","","","","","","","","","","","","","","","","","","","2024 IEEE/CIC International Conference on Communications in China (ICCC)","","","","","","","","","","","","","","",""
"D67NXBYV","conferencePaper","2025","J. Wang; Y. Yang; F. Meng","A Lightweight Federated Learning Architecture Approach for Short-Term Load Prediction","2025 IEEE International Conference on Systems, Man, and Cybernetics (SMC)","","","10.1109/SMC58881.2025.11343718","","In order to address the challenges of distributed power load forecasting with limited resources and the need to protect user privacy, this paper proposes a lightweight federated learning architecture, Deep Separable Temporal Convolutional Network (DS-TCN). The model consists of three core modules: parallel multi-branch inflated causal convolution is used to capture short-term mutations and long-term trends simultaneously; adaptive scale fusion module is used to dynamically weight the features of each branch; and the dynamically aware prediction head automatically adjusts the response strength according to the signal fluctuations through a gating mechanism. In the experiments on the public HUE dataset, all clients of DS-TCN perform 5 rounds of local iterations and 50 rounds of federated training, which dramatically reduces the communication and computation overheads compared to the 500 rounds of federated training of the LSTM model. Moreover, the DS-TCN federated global model achieves RMSE=0.1382, MAE=0.1267, and MSE=0.0194, which is equal to or even exceeds LSTM; the average RMSE at the local end is reduced from 0.0796 in LSTM to 0.0699, with the highest single-household reduction of nearly 49%, which fully proves the superiority of the proposed method.","2025-10-05","2026-03-10 15:12:41","2026-03-10 15:12:41","","5066-5073","","","","","","","","","","","","","","","","","","","","Journal Abbreviation: 2025 IEEE International Conference on Systems, Man, and Cybernetics (SMC)","","","","federated learning; Federated learning; Training; Predictive models; Adaptation models; Load modeling; Privacy; Long short term memory; Market research; Load forecasting; Electricity; load forecasting; multi-scale feature fusion; time-series convolutional networks","","","","","","","","","","","","","","","","","","","","","","","","","","","","","","","","2025 IEEE International Conference on Systems, Man, and Cybernetics (SMC)","","","","","","","","","","","","","","",""
"H9DX2Y4Y","conferencePaper","2025","Q. Sun; C. Wu; T. Ren; Y. Liu; P. Zhao; Y. Guo","Research on the Design and Implementation of Intelligent Procurement System Based on Big Data Analysis","2025 International Conference on Electronics and Computing, Communication Networking Automation Technologies (ICEC2NT)","","","10.1109/ICEC2NT65402.2025.11380060","","This study focuses on the problem of data silos and decision-making lag in manufacturing procurement management, and designs and implements an intelligent procurement system based on big data analysis. By constructing a three-layer architecture of “data layer algorithm layer application layer”, integrating multi-source procurement data from both inside and outside the enterprise, and using intelligent algorithms such as K-means clustering, LSTM time series prediction, and XGBoost ensemble learning, the full process intelligent management of supplier dynamic grading, demand forecasting, and cost control is achieved. The system completes data cleaning and standardization through ETL processes, uses HBase and Redis to build distributed data storage, and implements containerized deployment based on Kubernetes. The experimental results showed that the accuracy of supplier classification reached 91.3 %, the average absolute percentage error (MAPE) of demand forecasting was 7.6 %, and the accuracy of procurement planning increased by 31.2 % and cost savings were 8.4 % after the enterprise's trial operation. The research has verified the effectiveness of the “data algorithm business” closed-loop design, providing technical support for the transformation of procurement management from experience driven to data-driven. In the future, natural language processing and federated learning technologies can be further introduced to optimize unstructured data processing and cross organizational data sharing capabilities.","2025-09-03","2026-03-10 15:12:41","2026-03-10 15:12:41","","1-6","","","","","","","","","","","","","","","","","","","","Journal Abbreviation: 2025 International Conference on Electronics and Computing, Communication Networking Automation Technologies (ICEC2NT)","","","","Costs; Accuracy; Big Data; Prediction algorithms; Time series analysis; Heuristic algorithms; Systems architecture; Clustering algorithms; Demand forecasting; Procurement; Architecture design; Big data analysis; cost control; Intelligent algorithm; Intelligent procurement system","","","","","","","","","","","","","","","","","","","","","","","","","","","","","","","","2025 International Conference on Electronics and Computing, Communication Networking Automation Technologies (ICEC2NT)","","","","","","","","","","","","","","",""
"G9WVUBMA","conferencePaper","2025","W. Zhang; G. Xia; P. Zhang; J. Sun; J. Dong; H. Wang","Federated Intrusion Detection for Industrial IoT: A TCN-BiGRU Framework with Kalman Filter Optimization","2025 3rd International Conference on Big Data and Privacy Computing (BDPC)","","","10.1109/BDPC63545.2025.11135696","https://www.scopus.com/inward/record.uri?eid=2-s2.0-105016369284&doi=10.1109%2FBDPC63545.2025.11135696&partnerID=40&md5=562150eb55eff9c29b4f294fcf86bca5","This paper focuses on the intrusion detection problem in Industrial Internet of Things (IIoT) and SCADA networks, and proposes a TCN - BiGRU framework based on federated learning. A Kalman filter is introduced to optimize the performance of the model. This framework captures the long - term dependencies of time series data through the Temporal Convolutional Network (TCN), and combines with the Bidirectional Gated Recurrent Unit (BiGRU) to achieve bidirectional extraction of context features, which solves the limitations of traditional methods when dealing with high - dimensional dynamic network data. In the federated learning framework, the Kalman filter is applied to the dynamic optimization of the global model weights, aiming to improve the convergence speed and training stability, while ensuring data privacy and adapting to model heterogeneity. The experimental results show that the framework proposed in this paper has good performance in terms of detection accuracy and stability. This research provides a new technical path for privacy - preserving collaborative security protection in industrial control systems, and in the future, the application potential of this framework in cross - industry multi - modal attack detection will be further explored.","2025-06-30","2026-03-10 15:12:41","2026-03-10 17:08:55","","41-45","","","","","","","","","","","","","","","","Scopus","","","","Journal Abbreviation: 2025 3rd International Conference on Big Data and Privacy Computing (BDPC)","","","","Artificial intelligence; Federated learning; Stability analysis; Data models; Data privacy; Federated Learning; Industrial Internet of Things; Feature extraction; Optimization; Intrusion detection; Protection; Intrusion Detection; Industrial control; SCADA; Internet of things; Network security; Performance; Kalman filters; Industrial research; Network intrusion; Time-series data; Distributed computer systems; Intrusion-Detection; High-dimensional; Convolutional networks; Modal analysis; Context features; Detection problems; Filter optimization; Long-term dependencies","","","","","","","","","","","","","","","","","","","","","","","","","","","","","","","","2025 3rd International Conference on Big Data and Privacy Computing (BDPC)","","","","","","","","","","","","","","",""
"RKIC54R9","conferencePaper","2022","V. D. Do; D. S. Mai; L. T. Ngo","Approaching semi-supervised collaborative learning model for remote sensing image analysis","2022 RIVF International Conference on Computing and Communication Technologies (RIVF)","2162-786X","","10.1109/RIVF55975.2022.10013798","https://www.scopus.com/inward/record.uri?eid=2-s2.0-85147330562&doi=10.1109%2FRIVF55975.2022.10013798&partnerID=40&md5=2945d0e8048e181212fde0fc5acaa2bb","Remote sensing image data often has many advantages in mapping, target recognition, object tracking, and so on. However, remote sensing image data often face problems such as big data, multiple dimensions, and time series. These things greatly affect the problem of remote sensing image analysis. In this paper, we extend the collaborative clustering algorithm for remote sensing image analysis by using a fuzzy semi-supervised technique. The proposed algorithm applies in the case of very few labeled data. In particular, the collaborative learning model can help reduce centralized computation at one site and instead process decentralized data at different sites. Thereby, it is possible to optimize the calculation ability with big data problems such as remote sensing image data. Moreover, by using a semi-supervised technique, it is possible to take advantage of a supervised clustering technique with a small amount of labeled data to improve the accuracy of clustering the results. Experiments on some actual remote sensing image data show that the proposed method gives significantly better results than the previously proposed methods. This result shows the potential of collaborative clustering in big data processing and improves the clustering quality by using semi-supervised fuzzy clustering with a small amount of labeled data.","2022-12-20","2026-03-10 15:12:41","2026-03-10 17:08:56","","548-553","","","","","","","","","","","","","","","","Scopus","","","","Journal Abbreviation: 2022 RIVF International Conference on Computing and Communication Technologies (RIVF)","","","","Federated learning; Collaboration; Computational modeling; Analytical models; Big data; Clustering algorithms; remote sensing; Remote sensing; Learning systems; Image analysis; collaborative fuzzy clustering; Computers; land-cover; semi-supervised; Labeled data; Remote-sensing; Semi-supervised; Image data; Image-analysis; Fuzzy clustering; Collaborative learning model; Collaborative clustering; Collaborative fuzzy clustering; Land cover; Remote sensing images","","","","","","","","","","","","","","","","","","","","","","","","","","","","","","","","2022 RIVF International Conference on Computing and Communication Technologies (RIVF)","","","","","","","","","","","","","","",""
"RYM8IUN2","journalArticle","2025","Y. He; S. Chen; L. Liu","Unlocking Mobile Phones by Rolling Wrists: A Novel Motion-Based Biometric Recognition Method","IEEE Transactions on Information Forensics and Security","","1556-6021","10.1109/TIFS.2025.3622964","https://www.scopus.com/inward/record.uri?eid=2-s2.0-105019703702&doi=10.1109%2FTIFS.2025.3622964&partnerID=40&md5=eed9bf61fab36fd6efe62064ae4dd953","With the rapid development of Internet of Things and the increasingly popularized smart devices, the biometric recognition becomes a crucial component of facilitating some basic activities of daily living, and the biometric recognition has the outstanding advantages in terms of reliability and convenience. Various biometric characteristics have been applied to realize the biometric recognition for basic human activities, and new biometric characteristics are worth exploring to further enhance the convenience of our daily lives. This paper explores a new biometric characteristic (the wrist-rolling motion). By taking the mobile phone unlocking as the typical application of the biometric recognition, we verify that the wrist-rolling motion can become an available biometric characteristic with the aid of our designed deep learning model termed RTimesNet. Specifically, RTimesNet is composed of TimesBlocks, decomposition modules, and a multi-head ProbSparse self-attention module, and it exploits the periodicity of wrist-rolling motion to extract the time series features. TimesBlocks extract the features hidden in the wrist-rolling motion, and the decomposition modules decompose the output data of TimesBlocks into the trend-cyclical data and seasonal data, which are then evenly divided and inputted into the multi-head ProbSparse self-attention module for concatenation. In addition, a federated learning manner is adopted for the motion-based biometric recognition, thus avoiding the exchange of local data and protecting the privacy of users. Extensive experiments have been conducted, and the results demonstrate that the wrist-rolling motion can become an available biometric characteristic. Compared with other biometric recognition methods, our proposed method shows a faster unlocking speed and requires less data storage with a satisfactory biometric recognition accuracy.","2025","2026-03-10 15:12:41","2026-03-10 17:08:56","","11035-11047","","","20","","IEEE Transactions on Information Forensics and Security","","","","","","","","","","","Scopus","","","","","","","","federated learning; Federated learning; Data models; Data privacy; Accuracy; Feature extraction; Time series analysis; Deep learning; Biological system modeling; deep learning; Hands; Data mining; Fingerprint recognition; Learning systems; Biometrics; Mobile handsets; Smart devices; Biometric recognition; mobile phone unlocking; wrist-rolling motion; Digital storage; Motion estimation; Human activities; Daily lives; Recognition methods; Activities of Daily Living; Mobile phone unlocking; Rolling motion; Wrist-rolling motion","","","","","","","","","","","","","","","","","","","","","","","","","","","","","","","","","","","","","","","","","","","","","","",""
"TMBYG5V4","conferencePaper","2024","H. Yoon; K. -W. Chon; M. -S. Kim","FedSTGNN: A Federated Spatio-Temporal Graph Neural Network","2024 15th International Conference on Information and Communication Technology Convergence (ICTC)","2162-1241","","10.1109/ICTC62082.2024.10826762","https://www.scopus.com/inward/record.uri?eid=2-s2.0-85217710214&doi=10.1109%2FICTC62082.2024.10826762&partnerID=40&md5=2c7f0fea9eb3523519cb1a6f4d9c181f","Owing to the explosive growth of the Internet of Things (IoT), there have been vast volumes of sensor-generated time series data in various locations. A lot of network usage occurs through these locations to process the sensor-generated data. To reduce network usage, the point of data processing gradually shifts from the central cloud to servers at the edge of the Internet, called edge servers. To cover the paradigm shift, there has been a challenging issue in training a neural network model, which aggregates the data generated by different locations and causes a massive amount of transmitted data across the network. Federated learning successfully resolves this issue by exchanging model parameters in the edge server through the central cloud. Meanwhile, Spatio-Temporal Graph Neural Networks (STGNNs) have gained much attention for analyzing time series data transmitted from several locations in IoT environments. Despite the increasing number of STGNN models that have been examined, the integration of STGNNs and federated learning remains underexplored. This paper presents FedSTGNN, a framework that seamlessly adapts arbitrary STGNN models to edge computing environments. The proposed method partitions the spatio-temporal graph with a mathematical definition and then trains each partitioned data with an arbitrary STGNN model on edge servers separately. Then, it aggregates all the model parameters in the central cloud with dramatically reduced network usage. Through experiments, we demonstrate that the FedSTGNN framework could train the model with a reduced amount of network communication by utilizing the advantages of edge computing and a slight loss in accuracy.","2024-10-16","2026-03-10 15:12:41","2026-03-10 17:08:57","","1863-1868","","","","","","","","","","","","","","","","Scopus","","","","Journal Abbreviation: 2024 15th International Conference on Information and Communication Technology Convergence (ICTC)","","","","federated learning; Federated learning; Internet of Things; IoT; Adaptation models; Servers; Time series analysis; Computational modeling; Graph neural networks; Edge computing; Mathematical models; Cloud computing; Spatio-temporal data; machine learning framework. traffic data; spatio-temporal graph neural network; Machine-learning; Edge server; Learning frameworks; Spatio-temporal graphs; Neural network model; Machine learning framework.; Network usage; Spatio-temporal graph neural network; Traffic data","","","","","","","","","","","","","","","","","","","","","","","","","","","","","","","","2024 15th International Conference on Information and Communication Technology Convergence (ICTC)","","","","","","","","","","","","","","",""
"GD4IYATT","conferencePaper","2025","X. Shangguan; X. Zeng; L. Dong; X. Fu; J. Xie","Research on Power Grid Data Governance Technology Based on Artificial Intelligence Algorithms","2025 International Conference on Electronics and Computing, Communication Networking Automation Technologies (ICEC2NT)","","","10.1109/ICEC2NT65402.2025.11380022","","The massive amount of multi-source heterogeneous data generated during the operation of the smart grid poses a dual challenge to data governance technology in terms of real-time and domain adaptability. This study proposes a hybrid governance framework based on artificial intelligence algorithms to address the shortcomings of traditional governance methods in dealing with the dynamic characteristics and topological constraints of power grid data. By constructing a three-layer architecture of “ARIMA+CNN+knowledge graph”, the collaboration of time series prediction, anomaly detection, and topology inference is achieved: using ARIMA to capture data stationary features, CNN to extract nonlinear patterns, and knowledge graph embedded in power grid topology rules and business logic, forming an intelligent closed loop of “prediction detection cleaning traceability”. Experiments show that the accuracy rate of the framework in current data anomaly identification reaches 96.3%, the processing delay is stable at 280 ms under $5000 / \mathrm{s}$ traffic, and the CPU utilization is reduced by more than 30% compared with the single model, effectively solving the problem of multi-source data collaborative governance and real-time response. The research results provide a technical path with both algorithm efficiency and business interpretability for power grid data governance, and will explore the application of federated learning and edge computing in cross domain governance in the future.","2025-09-03","2026-03-10 15:12:41","2026-03-10 15:28:33","","1-6","","","","","","","","","","","","","","","","","","","","Journal Abbreviation: 2025 International Conference on Electronics and Computing, Communication Networking Automation Technologies (ICEC2NT)","","","","Artificial intelligence; Real-time systems; Collaboration; Feature extraction; Heuristic algorithms; Topology; Data governance; Cleaning; Knowledge graphs; Hybrid power systems; Artificial intelligence algorithms; Data cleaning; Hybrid framework; Knowledge graph; Power grid data governance; Real time processing","","","","","","","","","","","","","","","","","","","","","","","","","","","","","","","","2025 International Conference on Electronics and Computing, Communication Networking Automation Technologies (ICEC2NT)","","","","","","","","","","","","","","",""
"YDWTGFVH","conferencePaper","2024","S. Lei; X. Xia; J. Sha","Day-ahead Demand Response Potential Forecasting Method for Data Centers Based on Federated Learning","2024 IEEE/IAS Industrial and Commercial Power System Asia (I&CPS Asia)","","","10.1109/ICPSAsia61913.2024.10761280","","The unique nature of data center workloads determines a considerable adjustable potential in their power demand at different times and locations. Fully exploring and utilizing this potential is crucial for devising strategies for power load shifting, participating in demand response (DR) or electricity markets, and effectively reducing the operational costs of data centers. However, current research in demand response forecasting often inadequately considers the spatiotemporal correlation of data centers and potential privacy issues during the sample training process, limiting the accuracy and reliability of forecasting models. To address the challenges posed by this phenomenon, this paper first estimates the demand response potential of ten data centers under central server using the load elasticity coefficient method with a sliding window. Subsequently, parameter weights are assigned based on actual geographical conditions, and a federated learning algorithm based on Long Short-Term Memory (LSTM) is employed to forecast the demand response potential. Finally, the effectiveness of this method is validated using load data provided by the National Renewable Energy Laboratory (NREL).","2024-07-09","2026-03-10 15:12:41","2026-03-10 15:12:41","","490-495","","","","","","","","","","","","","","","","","","","","Journal Abbreviation: 2024 IEEE/IAS Industrial and Commercial Power System Asia (I&CPS Asia)","","","","federated learning; Federated learning; Data models; Data privacy; Load modeling; Long short term memory; Forecasting; Electric potential; Data centers; Elasticity; data center; Demand response; demand response potential; load elasticity coefficient method; spatiotemporal correlation","","","","","","","","","","","","","","","","","","","","","","","","","","","","","","","","2024 IEEE/IAS Industrial and Commercial Power System Asia (I&CPS Asia)","","","","","","","","","","","","","","",""
"IVNNXQRM","conferencePaper","2024","R. Chen; J. Zhao","Fed-IoVIDS: Intrusion Detection based on Attack Behavior Analysis with Temporal Model on IoV Considering Privacy Protection","2024 International Joint Conference on Neural Networks (IJCNN)","2161-4407","","10.1109/IJCNN60899.2024.10650781","https://www.scopus.com/inward/record.uri?eid=2-s2.0-85204966644&doi=10.1109%2FIJCNN60899.2024.10650781&partnerID=40&md5=4ac547b459862771fe84086e65c0d168","With advancements in distributed communications for the IoV, security threats expose significant challenges. While current IoV intrusion detection systems demonstrate high accuracy, they rely heavily on private or easily forged data. Moreover, the training process incurs increased network communication costs, fails to protect user privacy, and distorted data degrades detection performance. To address these limitations, we proposes a distributed federated learning-based intrusion detection model for IoV using non-private behavior features. Firstly, we design a data processing algorithm that groups and slices IoV communication messages into time series. Then, behavior vectors are extracted using an attention-based time series model designed in this work. Attacks are detected by spatially transforming the residuals with a neural network. Finally, we use a federated learning algorithm for data processing and training of the model, effectively reduce communication burden and protect privacy training data on the vehicle-side. Extensive experiments on two datasets validate the proposed model, achieving F1 scores of 91.66% and 90.25% respectively, outperforming state-of-theart methods. We publicly release the model and algorithms to improve reproducibility and accessibility of effective IoV intrusion detection solutions.","2024-07-30","2026-03-10 15:12:41","2026-03-10 17:08:57","","1-8","","","","","","","","","","","","","","","","Scopus","","","","Journal Abbreviation: 2024 International Joint Conference on Neural Networks (IJCNN)","","","","federated learning; Federated learning; Training; Data privacy; Feature extraction; Neural networks; Time series analysis; Differential privacy; Analytical models; Data processing; Intrusion Detection; Spatio-temporal data; Privacy Protection; Attack Behavior analysis; Distributed Communication; Network intrusion; Privacy protection; 'current; Intrusion-Detection; Behavior analysis; Intrusion Detection Systems; Temporal models; Security threats; Attack behavior; Attack behavior analyze; Distributed communications","","","","","","","","","","","","","","","","","","","","","","","","","","","","","","","","2024 International Joint Conference on Neural Networks (IJCNN)","","","","","","","","","","","","","","",""
"U2QVHMNE","journalArticle","2024","O. Lytvyn; G. Nguyen","Secure Federated Learning for Multi-Party Network Monitoring","IEEE Access","","2169-3536","10.1109/ACCESS.2024.3486810","https://www.scopus.com/inward/record.uri?eid=2-s2.0-85208408455&doi=10.1109%2FACCESS.2024.3486810&partnerID=40&md5=bfd7415c6fdbf13765cfc901b9616265","Network monitoring is essential for IT infrastructure health, enabling proactive threat detection, bandwidth optimization, and data analysis. Federated Learning facilitates collaboration and expands threat detection capabilities by allowing multiple clients to train models while preserving privacy and security without compromising sensitive information. This work explores the application of Federated Learning for secure network monitoring by investigating its use in various data partitioning settings to train Deep Learning models across multiple data partitions, incorporating secure aggregation to enhance data privacy. We propose an approach for multiparty training of deep neural networks for time series-based network load forecasting with secure aggregation. Our approach shows that a collaboratively trained model, on horizontal partitions, performs 11%-14% better than model training only on a single partition of that type. The model trained on vertical partitions achieved performance comparable to that of the models trained on a complete data set. Finally, examining the proposed approach on horizontal and vertical partitions proved its viability in both aggregation settings, regular and secure. These contributions demonstrate the feasibility of Federated Learning to improve interoperability between multiple organizations while addressing privacy and security concerns.","2024","2026-03-10 15:12:41","2026-03-10 17:08:58","","163262-163284","","","12","","IEEE Access","","","","","","","","","","","Scopus","","","","","","","","federated learning; Federated learning; Training; Data models; Predictive models; Monitoring; Distributed databases; Load modeling; Computational modeling; Security; Differential privacy; Context modeling; Network monitoring; secret sharing; secure aggregation; time-series modeling; Times series models; Privacy and security; Threat detection; Network Monitoring; Multiple clients; Bandwidth optimization; Detection capability; IT infrastructures; Secret-sharing; Secure aggregations","","","","","","","","","","","","","","","","","","","","","","","","","","","","","","","","","","","","","","","","","","","","","","",""
"7UIQVEY4","conferencePaper","2025","R. Hao; W. -C. Chang; J. Hu; M. Gao","Federated Learning-Driven Health Risk Prediction on Electronic Health Records under Privacy Constraints","2025 6th International Conference on Information Science, Parallel and Distributed Systems (ISPDS)","","","10.1109/ISPDS67367.2025.11391104","","This study addresses the challenges of privacy protection and data silos in the intelligent analysis and health risk prediction of electronic health records by proposing a federated learning-based framework. In this framework, data from different medical institutions do not require centralized storage but instead achieve cross-institutional collaborative optimization through local model training and secure parameter aggregation, thereby improving model performance under conditions of compliance and privacy protection. A multimodal feature fusion mechanism is introduced to jointly model structured diagnostic information, clinical text, and time-series data, enabling the capture of complex semantic associations and temporal relationships across modalities. At the output stage, the model adopts a probabilistic prediction strategy optimized with cross-entropy loss, which effectively enhances the accuracy and stability of risk identification. Experiments conducted on a public electronic health record dataset show that the proposed method outperforms several baseline models in accuracy, precision, recall, and F1-Score, achieving a good balance between privacy protection and predictive robustness. Overall, this study establishes an integrated framework that combines federated learning with multimodal modeling, providing a feasible path for the efficient use of electronic health records and health risk prediction, while demonstrating significant advantages in improving the value of medical data and supporting better health management decisions.","2025-11-31","2026-03-10 15:12:42","2026-03-10 15:12:42","","225-229","","","","","","","","","","","","","","","","","","","","Journal Abbreviation: 2025 6th International Conference on Information Science, Parallel and Distributed Systems (ISPDS)","","","","Federated learning; Data models; Data privacy; Accuracy; Predictive models; Collaboration; Robustness; Protection; Medical diagnostic imaging; multimodal fusion; Electronic medical records; electronic health records; risk prediction","","","","","","","","","","","","","","","","","","","","","","","","","","","","","","","","2025 6th International Conference on Information Science, Parallel and Distributed Systems (ISPDS)","","","","","","","","","","","","","","",""
"47RHMS5I","conferencePaper","2025","K. Lingda; Z. Bo; Z. Yuhao; F. Min; H. Lianjie; Y. Honglei","Research on Electric Vehicle Charging Simultaneity Factor Prediction Algorithm Integrating Multi-Source Features and Federated Learning","2025 7th International Conference on Electrical Engineering and Control Technologies (CEECT)","","","10.1109/CEECT67814.2025.11393109","","Growing proliferation of electric vehicles poses significant challenges to the stability of distribution networks, the charging simultaneity factor, as a critical metric reflecting the concurrent operation of charging stations,plays a pivotal role in enabling accurate grid load forecasting and optimal scheduling. Existing research primarily focuses on charging load prediction but encounters limitations, including inadequate representation of multi-source data and potential privacy risks associated with multi-site data collaboration. To address these challenges, this study proposes a novel prediction model for the electric vehicle charging simultaneity factor that integrates multi-source features within a federated learning framework. This proposed approach leverages federated learning to safeguard data privacy and enable collaborative model training across distributed sites. It employs the sparrow search algorithm to optimize the parameters of variational mode decomposition , which effectively decomposes complex simultaneity factor time series and mitigates nonlinear interferences. Furthermore, the model integrates multi-source features including temporal, meteorological, and historical simultaneity factors data, into a Transformer-based architecture to capture long-term temporal dependencies and cross-modal correlations.Experimental results demonstrate the effectiveness and superiority of the proposed model.","2025-12-18","2026-03-10 15:12:42","2026-03-10 15:12:42","","579-585","","","","","","","","","","","","","","","","","","","","Journal Abbreviation: 2025 7th International Conference on Electrical Engineering and Control Technologies (CEECT)","","","","Federated learning; Power system stability; Stability analysis; Data models; Predictive models; Collaboration; Adaptation models; Load modeling; Transformers; electric vehicles; Electric vehicle charging; federated learning,transformer; simultaneity factor","","","","","","","","","","","","","","","","","","","","","","","","","","","","","","","","2025 7th International Conference on Electrical Engineering and Control Technologies (CEECT)","","","","","","","","","","","","","","",""
"CSCPBRFT","conferencePaper","2023","H. Zhang; K. Yan","Solar Irradiance Forecasting Utilizing Distributed and Federated Learning","2023 IEEE International Conference on High Performance Computing & Communications, Data Science & Systems, Smart City & Dependability in Sensor, Cloud & Big Data Systems & Application (HPCC/DSS/SmartCity/DependSys)","","","10.1109/HPCC-DSS-SmartCity-DependSys60770.2023.00147","https://www.scopus.com/inward/record.uri?eid=2-s2.0-85189855296&doi=10.1109%2FHPCC-DSS-SmartCity-DependSys60770.2023.00147&partnerID=40&md5=a2fb7a20fdc41fd5c51e733a3e88332b","Photovoltaic energy generation and prediction are crucial for the integration between solar plants and smart grid. Accurate solar radiation prediction is one of the most important research topics for solar energy generation. Existing deep learning methods require sufficient data for training for achieving the desired results. In traditional deep learning modeling, the data sets required for model training usually come from various data in different regions and organizations, and it is difficult to ensure data security and privacy protection. Federated learning can effectively utilize the data optimization model while ensuring data security and privacy, but there is still the risk of privacy leakage by analyzing the parameters uploaded by the client. To effectively utilize data optimization models while ensuring data security and privacy, we propose a method based on a federated learning framework and N-BEATS to achieve interpretable time series prediction of solar irradiance. The model builds the N-BEATS model on the solar irradiance datasets of multiple institutions in a distributed method, does not share local data to protect institutional data privacy, the concept of differential privacy (DP) is introduced, Gaussian noise is added to the parameters of the client before the server-side aggregation processing, the model parameters of each distributed node are collected through TCP communication for federated average, and the parameters are returned to each distributed node. The experimental results show that compared with other deep learning models, the model has better prediction accuracy under the premise of ensuring data security and privacy.","2023-12-17","2026-03-10 15:12:42","2026-03-10 17:08:59","","1020-1027","","","","","","","","","","","","","","","","Scopus","","","","Journal Abbreviation: 2023 IEEE International Conference on High Performance Computing & Communications, Data Science & Systems, Smart City & Dependability in Sensor, Cloud & Big Data Systems & Application (HPCC/DSS/SmartCity/DependSys)","","","","Federated learning; Training; Data privacy; Time series analysis; Computational modeling; Deep learning; Optimization; Forecasting; Differential Privacy; Solar energy; Optimization models; Data security; Learning systems; Solar irradiance; Solar power generation; N-BEATS; Solar radiation; Differential privacies; Smart power grids; Gaussian noise (electronic); Learning models; Data security and privacy; Solar irradiances; Data optimization; Distributed nodes; Energy generations","","","","","","","","","","","","","","","","","","","","","","","","","","","","","","","","2023 IEEE International Conference on High Performance Computing & Communications, Data Science & Systems, Smart City & Dependability in Sensor, Cloud & Big Data Systems & Application (HPCC/DSS/SmartCity/DependSys)","","","","","","","","","","","","","","",""
"6AMVUXCD","conferencePaper","2024","L. Yuan; D. Chen","Wind Turbine Fault Diagnosis Based on Gramian Angle and Federated Learning","2024 4th International Conference on Energy Engineering and Power Systems (EEPS)","","","10.1109/EEPS63402.2024.10804336","https://www.scopus.com/inward/record.uri?eid=2-s2.0-85216579174&doi=10.1109%2FEEPS63402.2024.10804336&partnerID=40&md5=0a852436c10bac041790d61300b555cb","To improve the efficiency and accuracy of wind turbine fault detection while maintaining data confidentiality, we propose a convolutional neural network model that integrates Gram's Angle Summation Field (GAF) with a federated learning algorithm. Initially, the one-dimensional time series signal is converted into a two-dimensional image using GAF technology, and a Convolutional Neural Networks model is developed for feature extraction. To address the issue of uneven client data distribution and the tendency to get stuck in local optima, local drift variables are introduced to monitor the disparity between the learned local model and the global model, thereby enhancing fault identification accuracy in diverse data sets. Experimental findings demonstrate that the proposed model algorithm outperforms other algorithms significantly, showcasing its superiority and effectiveness. This study serves as a valuable addition to contemporary wind turbine fault diagnosis technology.","2024-08-09","2026-03-10 15:12:42","2026-03-10 17:08:59","","434-439","","","","","","","","","","","","","","","","Scopus","","","","Journal Abbreviation: 2024 4th International Conference on Energy Engineering and Power Systems (EEPS)","","","","Federated learning; Data models; Accuracy; Convolutional neural networks; Fault diagnosis; Wind turbines; Fault detection; Feature extraction; Robustness; Time series analysis; fault diagnosis; federal learning; Adversarial machine learning; gramian angle; Federal learning; Convolutional neural network; Faults detection; Faults diagnosis; Neural network model; Neural network models; Data confidentiality; Gramian angle; Gramians; One-dimensional time series; Wind turbine faults","","","","","","","","","","","","","","","","","","","","","","","","","","","","","","","","2024 4th International Conference on Energy Engineering and Power Systems (EEPS)","","","","","","","","","","","","","","",""
"MUST8A8Z","conferencePaper","2022","W. Zhu; D. Song; Y. Chen; W. Cheng; B. Zong; T. Mizoguchi; C. Lumezanu; H. Chen; J. Luo","Deep Federated Anomaly Detection for Multivariate Time Series Data","2022 IEEE International Conference on Big Data (Big Data)","","","10.1109/BigData55660.2022.10064694","https://www.scopus.com/inward/record.uri?eid=2-s2.0-85150424008&doi=10.1109%2FBigData55660.2022.10064694&partnerID=40&md5=523fe96bdff53cdf86057a54644b591c","Although many anomaly detection approaches have been developed for multivariate time series data, limited effort has been made in federated settings in which multivariate time series data are heterogeneously distributed among different edge devices while data sharing is prohibited. In this paper, we investigate the problem of federated unsupervised anomaly detection and present a Federated Exemplar-based Deep Neural Network (Fed-ExDNN) to conduct anomaly detection for multivariate time series data on different edge devices. Specifically, we first design an Exemplar-based Deep Neural network (ExDNN) for learning local time series representations based on their compatibility with an exemplar module which consists of hidden parameters learned to capture varieties of normal patterns on each edge device. Next, a constrained clustering mechanism (FedCC) is employed on the centralized server to align and aggregate the parameters of different local exemplar modules to obtain a unified global exemplar module. Finally, the global exemplar module is deployed together with a shared feature encoder to each edge device, and anomaly detection is conducted by examining the compatibility of testing data to the exemplar module. Fed-ExDNN captures local normal time series patterns with ExDNN and aggregates these patterns by FedCC, and thus can handle the heterogeneous data distributed over different edge devices simultaneously. Thoroughly empirical studies on six public datasets show that ExDNN and Fed-ExDNN can outperform state-of-the-art anomaly detection algorithms and federated learning techniques, respectively.","2022-12-17","2026-03-10 15:12:42","2026-03-10 17:09:00","","1-10","","","2022-January","","","","","","","","","","","","","Scopus","","","","Journal Abbreviation: 2022 IEEE International Conference on Big Data (Big Data)","","","","Federated learning; Federated Learning; Big Data; Distributed databases; Anomaly detection; Neural networks; Time series analysis; Image edge detection; Deep learning; Representation learning; Learning systems; Multivariate time series; Time series; Representation Learning; Aggregates; Unsupervised Anomaly Detection; Data Sharing; Time-series data; Deep neural networks; Unsupervised anomaly detection; Detection approach; Exemplar-based; First designs","","","","","","","","","","","","","","","","","","","","","","","","","","","","","","","","2022 IEEE International Conference on Big Data (Big Data)","","","","","","","","","","","","","","",""
"HUZT4LDH","conferencePaper","2025","S. B. Soumma; S. M. Raihanul Alam; R. Rahman; U. N. Mahi; A. Mamun; S. M. Mostafavi; H. Ghasemzadeh","Freezing of Gait Detection Using Gramian Angular Fields and Federated Learning from Wearable Sensors","2025 47th Annual International Conference of the IEEE Engineering in Medicine and Biology Society (EMBC)","2694-0604","","10.1109/EMBC58623.2025.11254302","","Freezing of gait (FOG) is a debilitating symptom of Parkinson’s disease that impairs mobility and safety by increasing the risk of falls. An effective FOG detection system must be accurate, real-time, and deployable in free-living environments to enable timely interventions. However, existing detection methods face challenges due to (1) intra-and inter-patient variability, (2) subject-specific training, (3) using multiple sensors in FOG dominant locations (e.g., ankles) leading to high failure points, (4) centralized, non-adaptive learning frameworks that sacrifice patient privacy and prevent collaborative model refinement across populations and disease progression, and (5) most systems are tested in controlled settings, limiting their real-world applicability for continuous in-home monitoring. Addressing these gaps, we present FOGSense, a real-world deployable FOG detection system designed for uncontrolled, free-living conditions using only a single sensor. FOGSense uses Gramian Angular Field (GAF) transformations and privacy-preserving federated deep learning to capture temporal and spatial gait patterns missed by traditional methods with a low false positive rate. We evaluated our system using a public Parkinson’s dataset collected in a free-living environment. FOGSense improves accuracy by 10.4% over a single-axis accelerometer, reduces failure points compared to multi-sensor systems, and demonstrates robustness to missing values. The federated architecture allows personalized model adaptation and efficient smartphone synchronization during off-peak hours, making it effective for long-term monitoring as symptoms evolve. Overall, FOGSense achieved a 22.2% improvement in F1-score and a 74.53% reduction in false positive rate compared to state-of-the-art methods, along with enhanced sensitivity for FOG episode detection, empowering preventive care and long-term symptom management as Parkinson’s progresses. Code is available: https://github.com/shovito66/FOGSense.","2025-07-14","2026-03-10 15:12:42","2026-03-10 15:12:42","","1-7","","","","","","","","","","","","","","","","","","","","Journal Abbreviation: 2025 47th Annual International Conference of the IEEE Engineering in Medicine and Biology Society (EMBC)","","","","Federated learning; Training; Federated Learning; Real-time systems; Accuracy; Monitoring; Synchronization; Sensitivity; Diseases; Sensor systems; Wearable sensors; Class Imbalance; Data Scarcity; Freezing of Gait; IMU; Movement Disorder; Parkinson’s Disease; Wearable Sensors","","","","","","","","","","","","","","","","","","","","","","","","","","","","","","","","2025 47th Annual International Conference of the IEEE Engineering in Medicine and Biology Society (EMBC)","","","","","","","","","","","","","","",""
"WVQHP52E","journalArticle","2025","S. Jin; Q. Li; S. Liu; O. K. Joel; X. Ge","Hybrid Transformer-KAN Within Federated Learning Framework: A Novel Machine Learning Approach for Improved Short-Term Weather Forecasting","IEEE Access","","2169-3536","10.1109/ACCESS.2025.3591119","https://www.scopus.com/inward/record.uri?eid=2-s2.0-105011619865&doi=10.1109%2FACCESS.2025.3591119&partnerID=40&md5=836834b7bd4e303046db461173e63107","Among the various methods used for time series prediction tasks in weather forecasting, Transformer can effectively extract global information and has achieved tremendous success. However, Transformer is challenged in forecasting series with large lookback windows due to performance degradation and computation explosion. At the same time, a new architecture of Kolmogorov–Arnold Network (KAN) has been proposed, which dramatically improves the fitting ability in constructing neural networks widely used in machine learning techniques. In order to take both advantages of Transformer and KAN, in this paper a novel method of Transformer-KAN is proposed. To be specific, the Transformer is used to extract global features and pass them to KAN, and the latter is responsible for learning global features and optimizing them with high precision. With a deep integration of Transformer and KAN, the proposed Transformer-KAN exhibits powerful feature extraction capability and fitting ability. Furthermore, federated learning is applied to the proposed method to exploit the spatio-temporal dependencies while protecting data privacy. As a result, a novel framework of Federated-Transformer-KAN is proposed to collaboratively forecast weather variables in a distributed manner, without sharing data that is collected by the intelligent sensors equipped at each weather station locally. Compared with the benchmark methods, extensive experimental results shown that better prediction accuracy and generalization are achieved by the proposed Federated-Transformer-KAN. For instance, in the task of predicting the next 1 ambient temperature at station 68328, the mean squared error of Transformer and KAN individually is reduced by 33.9% and 40.9%, respectively.","2025","2026-03-10 15:12:42","2026-03-10 17:09:00","","129920-129932","","","13","","IEEE Access","","","","","","","","","","","Scopus","","","","","","","","federated learning; Federated learning; Data privacy; Accuracy; Predictive models; Feature extraction; Computational modeling; machine learning; Forecasting; Transformers; Machine learning; transformer; Transformer; Time series prediction; Weather forecasting; Learning systems; Overfitting; Network architecture; Fitting; Kolmogorov–Arnold network (KAN); Machine-learning; Mean square error; Learning algorithms; Kolmogorov; Learning frameworks; Machine learning approaches; Global informations; Global feature; Kolmogorov–arnold network; Prediction tasks; Weather information services","","","","","","","","","","","","","","","","","","","","","","","","","","","","","","","","","","","","","","","","","","","","","","",""
"YJW9PI3H","journalArticle","2023","Z. Liu; C. Guo; D. Liu; X. Yin","An Asynchronous Federated Learning Arbitration Model for Low-Rate DDoS Attack Detection","IEEE Access","","2169-3536","10.1109/ACCESS.2023.3247512","https://www.scopus.com/inward/record.uri?eid=2-s2.0-85149421747&doi=10.1109%2FACCESS.2023.3247512&partnerID=40&md5=ef27501a62d32cd6cda3ab0e7becbe08","Low-rate Distributed Denial of Service (LDDoS) attacks have been one of the most notorious network security threats, which use periodic slight multi-variate time series pulse flows to degrade network quality. Limited by the poor data in a single client, a powerful and satisfactory LDDoS attack detection model is hard to be trained. Federated Learning (FL) is a promising paradigm offering joint learning through multiple clients. We propose an asynchronous federated learning arbitration framework based on bidirectional LSTM (bi-LSTM) and attention mechanism (AsyncFL-bLAM). In the AsyncFL-bLAM, the leader node election algorithm is proposed for constructing the framework of asynchronous federated learning. The proposed bLAM model composed of feature extracter and arbitrator takes on the responsibility of LDDoS detection locally. Furthermore, the novel AsyncFL framework helps to upload and aggregate the bLAM models’ parameters asynchronously between leader node and client nodes. Experimental results show that the AsyncFL-bLAM outperforms the state-of-the-art models in accuracy, and reduces the overall communication rounds.","2023","2026-03-10 15:12:42","2026-03-10 17:09:02","","18448-18460","","","11","","IEEE Access","","","","","","","","","","","Scopus","","","","","","","","Federated learning; Training; Data models; Internet of Things; Feature extraction; Deep learning; deep learning; Internet of things; Network security; IP networks; Electronic mail; Arbitration mechanism; asynchronous federated learning; low-rate distributed denial-of-service; Denial-of-service attack; Long short-term memory; Features extraction; E-learning; Attack detection; Distributed denial of service; IP-network; Asynchronoi federated learning; Arbitration mechanisms; Low rates; Low-rate distributed denial-of-service","","","","","","","","","","","","","","","","","","","","","","","","","","","","","","","","","","","","","","","","","","","","","","",""
"K5BBSDNM","journalArticle","2024","L. Qin; L. Zhang; C. Li; C. Song; D. Cheng; S. Wang; H. Wu; A. Song","Towards Better Accuracy-Efficiency Trade-Offs: Dynamic Activity Inference via Collaborative Learning From Various Width-Resolution Configurations","IEEE Transactions on Artificial Intelligence","","2691-4581","10.1109/TAI.2024.3489532","https://www.scopus.com/inward/record.uri?eid=2-s2.0-85208664683&doi=10.1109%2FTAI.2024.3489532&partnerID=40&md5=83225ea4317a717248f5ebe4e9046340","Recently, deep neural networks have triumphed over a large variety of human activity recognition (HAR) applications on resource-constrained mobile devices. However, most existing works are static and ignore the fact that the computational budget usually changes drastically across various devices, which prevent real-world HAR deployment. It still remains a major challenge: how to adaptively and instantly tradeoff accuracy and latency at runtime for on-device activity inference using time series sensor data? To address this issue, this article introduces a new collaborative learning scheme by training a set of subnetworks executed at varying network widths when fueled with different sensor input resolutions as data augmentation, which can instantly switch on-the-fly at different width-resolution configurations for flexible and dynamic activity inference under varying resource budgets. Particularly, it offers a promising performance-boosting solution by utilizing self-distillation to transfer the unique knowledge among multiple width-resolution configuration, which can capture stronger feature representations for activity recognition. Extensive experiments and ablation studies on three public HAR benchmark datasets validate the effectiveness and efficiency of our approach. A real implementation is evaluated on a mobile device. This discovery opens up the possibility to directly access accuracy-latency spectrum of deep learning models in versatile real-world HAR deployments. Code is available at https://github.com/Lutong-Qin/Collaborative_HAR.","2024-12","2026-03-10 15:12:42","2026-03-10 17:09:02","","6723-6738","","12","5","","IEEE Transactions on Artificial Intelligence","","","","","","","","","","","Scopus","","","","","","","","Federated learning; Accuracy; Convolutional neural networks; Sensors; Redundancy; Computational efficiency; Human activity recognition; Wearable devices; Runtime; Activity recognition; Wearable sensors; convolutional neural networks; Collaborative learning; collaborative learning; dynamic budgets; sensor; wearables; Convolutional neural network; Neural-networks; Deep neural networks; Real-world; Budget control; Wearable; Trade off; Activity inference; Dynamic budget","","","","","","","","","","","","","","","","","","","","","","","","","","","","","","","","","","","","","","","","","","","","","","",""
"2VN92L74","conferencePaper","2024","R. Chen; P. Fan; J. Zhao","A Privacy-Preservation-Based Secured Model for Detection Network Crawlers","2024 7th World Conference on Computing and Communication Technologies (WCCCT)","","","10.1109/WCCCT60665.2024.10541517","https://www.scopus.com/inward/record.uri?eid=2-s2.0-85195781682&doi=10.1109%2FWCCCT60665.2024.10541517&partnerID=40&md5=1c7828e40691c60b520a217a5076d92d","Crawler detection is crucial for Network Service Provider (NSP), and the federated learning-based approach to crawler detection has been under vigorous investigation. Nevertheless, training crawler detection models locally with NSP training server-side data is ineffective and expose privacy risks. To address this problem, we propose a privacy-preserving and communication-efficient model for decentralized federated learning by combining NSP training server-side and central server-side aggregation. Specifically, we developed an enhanced federated learning algorithms to train the model, avoiding data transfer burdens. We design perturbed local model parameters and corresponding method to mitigate privacy risks during upload. We developed an innovative data processing algorithm that effectively enables the server to obtain structured data with spatiotemporal information by analyzing user access time and resources. Finally, we improved the time series detection model by fusing the output of each time step with the hidden layer, effectively improve the robustness of the detection model. Evaluation on two datasets under two network crawler scenarios shows substantial improvement of accuracy while ensuring privacy protection.","2024-04-12","2026-03-10 15:12:42","2026-03-10 17:09:02","","6-11","","","","","","","","","","","","","","","","Scopus","","","","Journal Abbreviation: 2024 7th World Conference on Computing and Communication Technologies (WCCCT)","","","","Federated learning; Training; Data models; Feature extraction; Privacy; Time series analysis; Deep learning; Privacy Preservation; Data transfer; Learning systems; Access Time and Resources; Crawlers; Federated Deep Learning; Network Crawler Detection; Network Service Provider; Privacy preservation; Learning algorithms; Privacy-preserving techniques; Detection models; Privacy risks; Access time; Access time and resource; Federated deep learning; Internet service providers; Network crawler detection; Network crawlers; Network service providers; Server sides","","","","","","","","","","","","","","","","","","","","","","","","","","","","","","","","2024 7th World Conference on Computing and Communication Technologies (WCCCT)","","","","","","","","","","","","","","",""
"7KUZ9XDF","conferencePaper","2025","M. Meenakshi; L. Vijayakumar; M. Baliyan; V. V. Ramana; B. A. Reddy; M. Srivastava","Federated Learning and Blockchain-Based Hybrid Model for Stock Price Prediction and Financial Market Forecasting","2025 10th International Conference on Communication and Electronics Systems (ICCES)","","","10.1109/ICCES67310.2025.11336984","","Despite the stock market's central role in the nation's economy and society, predicting its prices and other financial market trends is extremely difficult since stock price time series are complicated, noisy, nonparametric, chaotic, and volatile. Investments in the market are fraught with uncertainty, making reliable forecasting an important area of study in the financial sector. In order to overcome these obstacles, they used the soft/hard threshold method to reduce noise and proposed a new MOCWT to process data more efficiently. The MPCA method substantially enhanced feature extraction. To further facilitate collaborative model development while protecting sensitive market information, a FL paradigm was also implemented. Also investigated were new techniques to federated neural architecture search, which may be either online or offline, and can use either a single or multiple objectives. Experimental findings showed that the suggested vertical FL model was successful in financial forecasting, with a high prediction accuracy of 98.41 %. In conclusion, this study highlights the possibility of enhancing stock price prediction and financial market forecasting through the integration of computational intelligence, wavelet-based processing, feature extraction, and federated learning. This could lead to more trustworthy decisionmaking while ensuring the security of data.","2025-10-28","2026-03-10 15:12:42","2026-03-10 15:12:42","","1606-1611","","","","","","","","","","","","","","","","","","","","Journal Abbreviation: 2025 10th International Conference on Communication and Electronics Systems (ICCES)","","","","Federated learning; Predictive models; Feature extraction; Forecasting; Market research; Noise; Transforms; Stock markets; Federated Learning (FL); Discrete Wavelet Transform (DWT); Discrete wavelet transforms; Multioptimal Combination Wavelet Transform (MOCWT); Multivariate Principal Component Analysis (MPCA); Wavelet analysis","","","","","","","","","","","","","","","","","","","","","","","","","","","","","","","","2025 10th International Conference on Communication and Electronics Systems (ICCES)","","","","","","","","","","","","","","",""
"IZ4GQJN5","journalArticle","2025","Y. Chai; M. Liu; M. Li","Navigation Spoofing and Jamming Signals Identification of UAV Based on Federated Learning","IEEE Internet of Things Journal","","2327-4662","10.1109/JIOT.2025.3588162","","Precise navigation signals are essential for unmanned aerial vehicles (UAVs) to achieve accurate positioning and task execution. However, global positioning system (GPS) signals are highly vulnerable to spoofing and jamming attacks, posing serious threats to flight safety. Therefore, this article proposes an intelligent detection algorithm based on federated learning (FL) for identifying spoofing and jamming signals in UAV navigation. First, the algorithm innovatively integrates the local feature extraction ability of the temporal convolutional network (TCN) and the global dependency modeling advantage of the Transformer network, constructing a TCN-Transformer model to capture the features of navigation data efficiently. Second, a distributed construction network is adopted, where weight aggregation and updates are performed via FL, enabling global optimization without data sharing. Furthermore, an accuracy-weighted aggregation strategy is introduced, dynamically assigning weights based on the detection performance of each client mode. This encourages contributions of high-quality data and computational resources, thereby enhancing the overall model performance. Simulation results demonstrate that the proposed method outperforms traditional algorithms in detecting navigation spoofing and jamming, offering superior detection accuracy and robustness.","2025-11-01","2026-03-10 15:12:42","2026-03-10 15:12:42","","44177-44188","","21","12","","IEEE Internet of Things Journal","","","","","","","","","","","","","","","","","","","Federated learning; Training; Data models; Accuracy; Internet of Things; Feature extraction; Autonomous aerial vehicles; Federated learning (FL); unmanned aerial vehicle (UAV); Global Positioning System; Navigation; global positioning system (GPS); Jamming; jamming attack; spoofing attack","","","","","","","","","","","","","","","","","","","","","","","","","","","","","","","","","","","","","","","","","","","","","","",""
"IA9UL4HS","conferencePaper","2021","P. Akubathini; S. Chouksey; H. S. Satheesh","Evaluation of Machine Learning approaches for resource constrained IIoT devices","2021 13th International Conference on Information Technology and Electrical Engineering (ICITEE)","","","10.1109/ICITEE53064.2021.9611880","https://www.scopus.com/inward/record.uri?eid=2-s2.0-85123367369&doi=10.1109%2FICITEE53064.2021.9611880&partnerID=40&md5=3fca13043f6b1bf026f3db8dd782be29","Resource-constrained devices such as sensors, industrial controllers, analyzers etc., mostly contain limited computational capacity and memory. They are largely deployed in all industries and have been generating a huge amount of data. This data is sent to the cloud servers where various Machine Learning (ML) algorithms are applied to perform the analysis or prediction as per the application. In this process, communication requires bandwidth and time. Since the data is sent into the network, the privacy of the data is not guaranteed. Cloud servers consume a huge amount of power. To reduce these cost factors, the machine learning models are compressed and optimized such that they can fit and run in small footprint devices. The Federated Learning (FL) approach at the edge device level promises to address the data privacy and bandwidth related issues. Since it is a decentralized learning method across a set of devices, the performance of the model also improves. This paper describes and evaluates the machine learning algorithms with various compression methods suitable for resource-constrained IIoT devices and federated learning approach, particularly for time series data applications. Simulation results show that FastGRNN algorithm gives the least model size compared to the traditional RNN algorithms for time series.","2021-10-14","2026-03-10 15:12:45","2026-03-10 17:09:04","","74-79","","","","","","","","","","","","","","","","Scopus","","","","Journal Abbreviation: 2021 13th International Conference on Information Technology and Electrical Engineering (ICITEE)","","","","Federated learning; Data privacy; Federated Learning; Industrial Automation; Time series analysis; Optimization; Machine learning; Performance evaluation; Collaborative work; Industrial automation; Bandwidth; Cloud computing; Machine learning algorithms; Time series; Resource-constrained environment; Learning algorithms; Optimisations; Learning approach; Machine learning approaches; Constrained optimization; Resourceconstrained devices; Cloud servers; Industrial controllers","","","","","","","","","","","","","","","","","","","","","","","","","","","","","","","","2021 13th International Conference on Information Technology and Electrical Engineering (ICITEE)","","","","","","","","","","","","","","",""
"KN8CFKNR","journalArticle","2025","K. Wu; F. Hao; R. Yao; J. Li; G. Min; S. O. Kuznetsov","Traffic Prediction Based on Formal Concept-Enhanced Federated Graph Learning","IEEE Transactions on Intelligent Transportation Systems","","1558-0016","10.1109/TITS.2025.3531108","https://www.scopus.com/inward/record.uri?eid=2-s2.0-85216873272&doi=10.1109%2FTITS.2025.3531108&partnerID=40&md5=b14084ec23cbd95cbb04b224248bd86c","Aiming to improve the efficiency of urban traffic management, previous studies have achieved considerable traffic prediction accuracy. For example, methods based on time series analysis perform well in short-term traffic prediction, and neural networks show strong capabilities in processing complex nonlinear relationships within traffic data. However, previous studies also have the following two limitations: 1) a large amount of complex traffic data will increase the complexity of the model during training and further reduce the accuracy of the training results; 2) the large-scale distribution of traffic data leads to incomplete model training and data security issues. To address these issues, we propose a Formal Concept-enhanced Federated Graph Convolutional Network (FC-FedGCN), which adopts formal concept analysis to fully mine graph data and improve the training accuracy of the GCNs model. Under federated learning, the GCNs model can be trained independently on different clients, and the local model is optimized by sharing model parameters. Coupled with the premise of protecting data privacy, the integrity of the data is guaranteed and the training accuracy of the GCNs model is improved. We compare our model with various baseline models based on the PEMS datasets, and the results demonstrate that FC-FedGCN has significant advantages in traffic prediction, outperforming the comparison methods in multiple indicators.","2025-05","2026-03-10 15:12:45","2026-03-10 17:09:04","","6936-6948","","5","26","","IEEE Transactions on Intelligent Transportation Systems","","","","","","","","","","","Scopus","","","","","","","","Federated learning; Training; Data models; Data privacy; Accuracy; Predictive models; Prediction algorithms; Time series analysis; Roads; traffic prediction; federated graph learning; Formal concept analysis; Graph convolutional networks; Prediction accuracy; Data accuracy; Convolutional networks; Prediction-based; Traffic data; Traffic prediction; Federated graph learning; Formal concepts; Formal concepts analysis; Training accuracy; Urban traffic management","","","","","","","","","","","","","","","","","","","","","","","","","","","","","","","","","","","","","","","","","","","","","","",""
"97SX7HLV","journalArticle","2023","Z. Xie; Y. Huang; D. Yu; R. M. Parizi; Y. Zheng; J. Pang","FedEE: A Federated Graph Learning Solution for Extended Enterprise Collaboration","IEEE Transactions on Industrial Informatics","","1941-0050","10.1109/TII.2022.3216238","https://www.scopus.com/inward/record.uri?eid=2-s2.0-85140744716&doi=10.1109%2FTII.2022.3216238&partnerID=40&md5=a297018adcf23a35e4cbd9f04236642d","Today's business environment is characterized by uncertainty and competition, so the capability to adapt to the evolving era and unforeseen challenges is essential in business strategies. Recent studies on extended enterprise indicate that collaboration among different stakeholders is beneficial for surviving these unexpected changes. However, the barriers such as market uncertainty, privacy and trust concerns, and individual contribution evaluation limit the implementation and application of the extended enterprise concept. Federated learning (FL), in which multiple enterprise entities can use a shared model while retaining all training data locally, has emerged as a promising artificial intelligence (AI) solution for accumulating insights from multiple stakeholders and providing collaborative decision-making. Furthermore, the enhanced privacy-protection benefits of FL remove the barriers to implementing extended enterprise collaboration. In particular, an FL central server manages the local updates of multiple enterprise entities (FL clients) and aggregates their contributions to improve the global model training. Meanwhile, to address the time-series graph learning problem in most business environments, we incorporate temporal convolutional network, graph convolutional neural network, and gated recurrent unit architecture into FL to capture the temporal-spatial dependencies in individual data sources. Furthermore, we use traffic flow forecasting as the use case of our proposed framework to verify its effectiveness. Finally, the experimental results on a real traffic flow dataset and the comparison results with the state-of-the-art baseline methods show that our proposed solution achieves superior performance.","2023-07","2026-03-10 15:12:45","2026-03-10 17:09:05","","8061-8071","","7","19","","IEEE Transactions on Industrial Informatics","","","","","","","","","","","Scopus","","","","","","","","Federated learning; Training; Data models; Data privacy; Collaboration; Privacy; Decision making; privacy; Uncertainty; Recurrent neural networks; Shapley value; federated learning (FL); Soft sensors; Business; Convolution; Learning systems; Extended enterprise (EE); graph convolutional network (GCN); graph learning; Shapley value (SV); Competition; Convolutional neural network; Graph theory; Graph learning; Data structures; Extended enterprise; Graph convolutional neural network","","","","","","","","","","","","","","","","","","","","","","","","","","","","","","","","","","","","","","","","","","","","","","",""
"VH3M4K9T","conferencePaper","2014","Y. -x. Zheng; L. -z. He","Effects of Personal Learning Space on Learners' Online Self-Regulated Learning Capability and Collaborative Learning Level","2014 International Conference of Educational Innovation through Technology","","","10.1109/EITT.2014.18","","The purpose of this study was to examine the effects of Personal Learning Space (PLS) on learners' online self-regulated learning capability and online collaborative learning level in a face-to-face undergraduate course. 20 sophomores were randomly chosen to use PLS during their course learning. One-group pretest-posttest quasi-experimental research with time series was adopted in the study. Students were assigned to finish two learning projects. Results indicated that learners' online self-regulated learning capability and online collaborative learning level based on PLS were enhanced than before. Results also indicated that students performed better at online self-regulated learning than online collaborative learning. These findings indicated that PLS might be an effective means for improving both online self-regulated learning capability and online collaborative learning level, however, its effects on online collaborative learning level might not be as great as on online self-regulated learning capability.","2014-10-27","2026-03-10 15:12:45","2026-03-10 15:12:45","","62-67","","","","","","","","","","","","","","","","","","","","Journal Abbreviation: 2014 International Conference of Educational Innovation through Technology","","","","Collaboration; Collaborative work; Educational institutions; Blogs; Mathematics; Online Collaborative Learning Level; Online Self-regulated Learning Capability; Personal Learning Space; Social network services","","","","","","","","","","","","","","","","","","","","","","","","","","","","","","","","2014 International Conference of Educational Innovation through Technology","","","","","","","","","","","","","","",""
"7AYGIM53","conferencePaper","2024","W. Wang; H. Han; F. Li","DRE-xLSTM: Distributed Reversible Embedding Extended Long Short-Term Memory (xLSTM) for Complex Industrial Data Imputation","2024 China Automation Congress (CAC)","2688-0938","","10.1109/CAC63892.2024.10865501","https://www.scopus.com/inward/record.uri?eid=2-s2.0-86000745291&doi=10.1109%2FCAC63892.2024.10865501&partnerID=40&md5=227290c450f9bbecbf23e543f12742e6","The large amount of sensor data poses a challenge for imputation in complex industrial processes. The prominent method of xLSTM can achieve highly accurate data imputation in time series, however, xLSTM is incapable of distributed imputation. To solve the problem in a distributed environment, a distributed reversible embedding xLSTM imputation method (DRE-xLSTM) is proposed. First, a reversible embedded xLSTM method is designed to scale the data and fuse complex features using reversible normalization and multilayer linear modules. Second, a searchable prototype federated learning method is developed to accomplish the distributed learning using searchable cell states in a reversibly embedded xLSTM for delivery. The proposed DRE-xLSTM produces more accurate imputation results than comparative methods on the QINGHE dataset.","2024-11-01","2026-03-10 15:12:45","2026-03-10 17:09:05","","2902-2907","","","","","","","","","","","","","","","","Scopus","","","","Journal Abbreviation: 2024 China Automation Congress (CAC)","","","","Federated learning; Training; Accuracy; Distributed databases; Prototypes; Computer aided instruction; Distance learning; Imputation; Time Series; Vectors; Distributed; Wastewater treatment; xLSTM; Times series; Short term memory; Sensors data; Embeddings; Data imputation; Large amounts; Imputation methods; XLSTM","","","","","","","","","","","","","","","","","","","","","","","","","","","","","","","","2024 China Automation Congress (CAC)","","","","","","","","","","","","","","",""
"65NX56MT","conferencePaper","2025","S. Alosaime; A. Jhumka","RIFLES: Resource-effIcient Federated LEarning via Scheduling","2025 IEEE 22nd International Conference on Mobile Ad-Hoc and Smart Systems (MASS)","2155-6814","","10.1109/MASS66014.2025.00034","https://www.scopus.com/inward/record.uri?eid=2-s2.0-105026343021&doi=10.1109%2FMASS66014.2025.00034&partnerID=40&md5=56444d3b94b5ebabc1fc6134343a8522","Federated Learning (FL) is a privacy-preserving machine learning technique that allows decentralized collaborative model training across a set of distributed clients, by avoiding raw data exchange. A fundamental component of FL is the selection of a subset of clients in each round for model training by a central server. Current selection strategies are myopic in nature in that they are based on past or current interactions, often leading to inefficiency issues such as straggling clients. In this paper, we address this serious shortcoming by proposing the RIFLES approach that builds a novel availability forecasting layer to support the client selection process. We make the following contributions: (i) we formalise the sequential selection problem and reduce it to a scheduling problem and show that the problem is NP-complete, (ii) leveraging heartbeat messages from clients, RIFLES build an availability prediction layer to support (long term) selection decisions, (iii) we propose a novel adaptive selection strategy to support efficient learning and resource usage. To circumvent the inherent exponential complexity of the client selection problem, RIFLES leverages clients’ historical availability data to predict future availability by using a CNN-LSTM time series forecasting model, allowing the server to predict the optimal participation times of clients, thereby enabling informed selection decisions. By comparing against other FL techniques, we show that RIFLES provide significant improvement by between 10%-50% on a variety of metrics such as accuracy and test loss. To the best of our knowledge, it is the first work to investigate FL as a scheduling problem.","2025-10-06","2026-03-10 15:12:45","2026-03-10 17:09:05","","160-166","","","","","","","","","","","","","","","","Scopus","","","","Journal Abbreviation: 2025 IEEE 22nd International Conference on Mobile Ad-Hoc and Smart Systems (MASS)","","","","Federated learning; Training; Data models; Predictive models; Servers; Time series analysis; Smart systems; Measurement; Forecasting; Machine learning; Client selection; Learning systems; Collaborative learning; Scheduling; Client Selection; Availability; Heart beat; Learning algorithms; Privacy preserving; Collaborative modeling; Machine learning techniques; Decentralised; Distributed computer systems; Privacy-preserving techniques; Model training; Electronic data interchange; Resource-efficient; Scheduling problem; Selection decisions; Selection problems","","","","","","","","","","","","","","","","","","","","","","","","","","","","","","","","2025 IEEE 22nd International Conference on Mobile Ad-Hoc and Smart Systems (MASS)","","","","","","","","","","","","","","",""
"YWT23ZG8","journalArticle","2025","S. Ickin; X. Lan; M. Angelova; S. Abghari; V. Boeva","Sample Selection Methods for Federated Continual Learning in a Time Series Context","IEEE Access","","2169-3536","10.1109/ACCESS.2025.3628353","https://www.scopus.com/inward/record.uri?eid=2-s2.0-105020987474&doi=10.1109%2FACCESS.2025.3628353&partnerID=40&md5=8136d15c5e0e59de8464eb105e04e832","The complex dynamics in telecommunication networks that vary over time is due to network reconfiguration, hardware reinstallation, and other factors related to user behavior. This requires machine learning (ML) models that are robust to dynamic and time-varying data distributions in order to assist reliable network operations. This motivates us to focus on building a generalized ML model that is robust to temporal changes in data distributions by continuously training on various data distributions, that is, concepts, at different times. In a federated learning (FL) setting, when there is a concept drift at one client, iterative aggregation of client model weights causes model entanglement. This may slow down both the forgetting of the data concept learned at previous rounds and also the learning the new data concept in the current round. Traditionally, models are trained using both old and new datasets to prevent performance degradation due to catastrophic forgetting and to simultaneously adapt to new data. This requires the storage of old and new datasets. Continuous increase in the training set size with changing concepts leads to increased arithmetic operations on the data, which subsequently causes an increase in computation requirements. In this article, we propose and evaluate various sample selection methods to sustain the overall performance of ML models while reducing the number of training samples. The proposed methods reduced the training set size, addressed high computation requirement, reduced the impact of catastrophic forgetting, and helped to adapt to new data concepts better.","2025","2026-03-10 15:12:45","2026-03-10 17:09:07","","189057-189073","","","13","","IEEE Access","","","","","","","","","","","Scopus","","","","","","","","Federated learning; Stability analysis; Training; Data models; Adaptation models; Servers; Time series analysis; Computational modeling; time series data; Continuing education; Data centers; Concept drift; AI-native networks; Learning systems; Spatio-temporal data; Time series; catastrophic forgetting; Continual learning; AI/ML model lifecycle management; concept drift; Federated continual learning; future mobile networks; sample selection; Data aggregation; Complex networks; Information management; Machine learning models; Time-series data; Digital storage; Life cycle; Lifecycle management; Data reduction; Concept drifts; Catastrophic forgetting; Mobile telecommunication systems; Behavioral research; Sampling; Samples selection; AI-native network; AI/machine learning model lifecycle management; Future mobile network; Reconfigurable hardware; Time varying networks","","","","","","","","","","","","","","","","","","","","","","","","","","","","","","","","","","","","","","","","","","","","","","",""
"EFT94HIN","journalArticle","2021","P. Zhang; C. Wang; C. Jiang; Z. Han","Deep Reinforcement Learning Assisted Federated Learning Algorithm for Data Management of IIoT","IEEE Transactions on Industrial Informatics","","1941-0050","10.1109/TII.2021.3064351","https://www.scopus.com/inward/record.uri?eid=2-s2.0-85102653562&doi=10.1109%2FTII.2021.3064351&partnerID=40&md5=68a7e02d54f611168829e0e3e4292352","The continuous expanded scale of the industrial Internet of Things (IIoT) leads to IIoT equipments generating massive amounts of user data every moment. According to the different requirement of end users, these data usually have high heterogeneity and privacy, while most of users are reluctant to expose them to the public view. How to manage these time series data in an efficient and safe way in the field of IIoT is still an open issue, such that it has attracted extensive attention from academia and industry. As a new machine learning paradigm, federated learning (FL) has great advantages in training heterogeneous and private data. This article studies the FL technology applications to manage IIoT equipment data in wireless network environments. In order to increase the model aggregation rate and reduce communication costs, we apply deep reinforcement learning (DRL) to IIoT equipment selection process, specifically to select those IIoT equipment nodes with accurate models. Therefore, we propose a FL algorithm assisted by DRL, which can take into account the privacy and efficiency of data training of IIoT equipment. By analyzing the data characteristics of IIoT equipments, we use MNIST, fashion MNIST, and CIFAR-10 datasets to represent the data generated by IIoT. During the experiment, we employ the deep neural network model to train the data, and experimental results show that the accuracy can reach more than 97%, which corroborates the effectiveness of the proposed algorithm.","2021-12","2026-03-10 15:12:46","2026-03-10 17:09:08","","8475-8484","","12","17","","IEEE Transactions on Industrial Informatics","","","","","","","","","","","Scopus","","","","","","","","Data privacy; Reinforcement learning; Informatics; federated learning (FL); industrial Internet of Things (IIoT); Data training; deep reinforcement learning (DRL); IIoT equipment; Information management; Machine-learning; Learning algorithms; Reinforcement learnings; Time-series data; Deep neural networks; Learning technology; Learning paradigms; User data; End-users; Technology application; High heterogeneity","","","","","","","","","","","","","","","","","","","","","","","","","","","","","","","","","","","","","","","","","","","","","","",""
"V7BPRT34","journalArticle","2024","Y. Shan; Y. Yao; X. Zhou; T. Zhao; B. Hu; L. Wang","CFL-IDS: An Effective Clustered Federated Learning Framework for Industrial Internet of Things Intrusion Detection","IEEE Internet of Things Journal","","2327-4662","10.1109/JIOT.2023.3324302","https://www.scopus.com/inward/record.uri?eid=2-s2.0-85174818568&doi=10.1109%2FJIOT.2023.3324302&partnerID=40&md5=9425946b3b096a9a76d58a99085356ce","The Industrial Internet of Things (IIoT) offers the manufacturing sector opportunities for transformation and upgrade but also carries significant security risks. Traditional federated learning (FL) as a potential security solution is challenging in complicated application environments with heterogeneous data, imbalanced data, and poisoning attacks. To address these challenges, we construct a clustered FL Framework for IIoT intrusion detection (CFL-IDS) based on local models’ evaluation metrics (EMs). First, we designed an intrusion detection model with a dynamic focal loss (DFL) for all edge nodes (ENs). This model’s performance is enhanced under various imbalanced data partitions by dynamically altering the focus on samples during the loss minimization training process. Second, the time series of EMs of local models to reflect the data distribution of ENs implicitly, and use clustering algorithms to facilitate knowledge sharing among those ENs with similar data distribution to co-optimize a common model for them. Finally, an intelligent cooperative model aggregation mechanism (ICMAM) adaptively adjusts each local model’s weight distribution, which substantially improves the benefits of FL and alleviates subpar models’ alleviates interference from subpar models to FL. Experiments demonstrate that CFL-IDS has stronger robustness and displays superior performance under data imbalance and non-independent and identically distributed (non-IID) situations while being effective against poisoning attacks.","2024-03-15","2026-03-10 15:12:46","2026-03-10 17:09:08","","10007-10019","","6","11","","IEEE Internet of Things Journal","","","","","","","","","","","Scopus","","","","","","","","Training; Data models; Industrial Internet of Things; Adaptation models; Robustness; Computational modeling; Intrusion detection; Clustering algorithms; Internet of things; Network security; Learning systems; poisoning attack; Clustered federated learning (FL); data imbalanced; evaluation metrics (EMs); Industrial Internet of Things (IIoT) Intrusion detection; non-independent and identically distributed (non-IID); Industrial internet of thing; Computational modelling; Intrusion-Detection; Clustered federated learning; Non-independent and identically distributed; Poisoning attacks; Data imbalanced; Evaluation metrics; Industrial internet of thing intrusion detection","","","","","","","","","","","","","","","","","","","","","","","","","","","","","","","","","","","","","","","","","","","","","","",""
"5ZC8669C","journalArticle","2026","S. Li; M. Liu; X. Cheng; J. Xiao; S. Chen","Time-Frequency Collaborative Learning for Imbalanced Ship Motion Data With Missing Labels in Sea State Estimation","IEEE Transactions on Cybernetics","","2168-2275","10.1109/TCYB.2025.3610416","","Semi-supervised learning (SSL) has gained significant attention in the domain of sea state estimation (SSE) due to its capacity to alleviate the reliance of deep learning models on extensive labeled datasets. While existing semi-supervised SSE methodologies leveraging pseudo-labeling have achieved promising results, they often overlook the challenges posed by high class imbalance and the prevalence of missing data in ship motion datasets, which restricts their broader applicability. In this article, we propose a novel SSL approach BalanceSSE based on the class-imbalanced ship motion data for SSE. This approach consists of three main modules: 1) the dynamic imputation (DIT); 2) the imbalance temporal-frequency learning (ITFL); and 3) the ClusterProx classifier (CL). The DIT module dynamically imputes incomplete ship motion data by assigning different weights to various dimensions data. The ITFL module employs time-frequency collaborative learning to generate pseudo-labels and integrate an adaptive confidence strategy to select high confidence pseudo-labels. This process is further enhanced by the CL module to produce better estimates. Experimental tests on UCR datasets and ship motion datasets demonstrate that BalanceSSE outperforms state-of-the-art methods. Ablation studies highlight the critical role of each module in BalanceSSE.","2026-02","2026-03-10 15:12:46","2026-03-10 15:12:46","","685-698","","2","56","","IEEE Transactions on Cybernetics","","","","","","","","","","","","","","","","","","","Federated learning; Training; Data models; Accuracy; Predictive models; Time series analysis; Marine vehicles; Imputation; Time-frequency analysis; missing data; class imbalance; semi-supervised learning (SSL); Autonomous marine vessel; Sea state; sea state estimation (SSE)","","","","","","","","","","","","","","","","","","","","","","","","","","","","","","","","","","","","","","","","","","","","","","",""
"RETKFMUE","conferencePaper","2022","Y. Xing; H. An; Y. Zhang","Federated Learning-Based Space-Time Data Prediction on Edge Devices","2022 7th International Conference on Intelligent Computing and Signal Processing (ICSP)","","","10.1109/ICSP54964.2022.9778747","https://www.scopus.com/inward/record.uri?eid=2-s2.0-85131820292&doi=10.1109%2FICSP54964.2022.9778747&partnerID=40&md5=cfa3bb39ddac5ed5844b9b51a40f37b2","With the wide application of edge devices in Internet of Things (IoT), the current space-time data prediction algorithms are unable to accurately predict the frequently updated time series data due to the inability to automatically update the prediction models according to the different scenarios. In addition, degrading the prediction performance due to the collected data cannot be shared among edge devices with privacy protection. In order to solve above problem and achieve accurate prediction under privacy-preserving, the space-time convolution networks based on federated learning (FedSTCN) algorithm is proposed. Specifically, the space-time convolution networks (STCN) is adopted to extract temporal and spatial features for achieving high-precision multi-sensor monitoring data prediction. Moreover, the FedSTCN shares model training weights between edge devices under privacy-preserving to guarantee the distributed prediction performance. Numerical simulations show that the proposed FedSTCN algorithm achieves superior prediction performance than existing the-state-of-art space-time data prediction algorithms with fewer datasets and privacy protection.","2022-04-15","2026-03-10 15:12:46","2026-03-10 17:09:09","","737-741","","","","","","","","","","","","","","","","Scopus","","","","Journal Abbreviation: 2022 7th International Conference on Intelligent Computing and Signal Processing (ICSP)","","","","federated learning; Federated learning; Data privacy; Costs; Predictive models; IoT; Prediction algorithms; Feature extraction; edge computing; Forecasting; Performance evaluation; Edge computing; Convolution; Internet of things; Signal processing algorithms; space-time data prediction; Privacy preserving; Privacy protection; Privacy-preserving techniques; Prediction performance; Spacetime; Data prediction; Data prediction algorithms; Space-time data prediction; Time convolution","","","","","","","","","","","","","","","","","","","","","","","","","","","","","","","","2022 7th International Conference on Intelligent Computing and Signal Processing (ICSP)","","","","","","","","","","","","","","",""
"3D3LFGNZ","conferencePaper","2024","S. Sheikhi; P. Kostakos","Advancing Security in 5G Core Networks Through Unsupervised Federated Time Series Modeling","2024 IEEE International Conference on Cyber Security and Resilience (CSR)","","","10.1109/CSR61664.2024.10679491","https://www.scopus.com/inward/record.uri?eid=2-s2.0-85206176397&doi=10.1109%2FCSR61664.2024.10679491&partnerID=40&md5=d51fce87ec9180a8c184a8bd97aedbbd","The rapid development of fifth-generation (5G) mobile communication technology poses fresh challenges for cybersecurity defense systems. Current intrusion detection mechanisms in 5G networks have shortcomings, particularly in identifying sophisticated cyber attacks. Our study presents a novel approach combining Federated Learning with Long Short-Term Memory (LSTM) networks to enhance cyber threat detection on the GTP protocol within 5G infrastructures. Our approach leverages the collective analytical power of multiple devices to identify cyber threats more effectively. The model validated against two major cyber threats, Distributed Packet Forwarding Control Protocol (PFCP) and IP address spoofing emulated within a specially constructed 5G test environment that mirrors a complex public network infrastructure. The findings demonstrate that our unsupervised FL-LSTM model effectively identifies 5G cyber threats while preserving individual network traffic privacy, highlighting Federated Learning's potential to strengthen 5G and beyond network security.","2024-09-02","2026-03-10 15:12:46","2026-03-10 17:09:10","","353-356","","","","","","","","","","","","","","","","Scopus","","","","Journal Abbreviation: 2024 IEEE International Conference on Cyber Security and Resilience (CSR)","","","","Federated learning; Privacy; Time series analysis; Intrusion detection; Protocols; LSTM; 5G mobile communication; Threat assessment; Telecommunication traffic; Cyber security; 5G security; cyber-security; intrusion detection systems; Times series models; Short term memory; 5G mobile communication systems; Network intrusion; 'current; Cyber threats; Cyber attacks; Intrusion Detection Systems; Core networks; Computer viruses; 5g security; Defence systems; Mobile communication technology","","","","","","","","","","","","","","","","","","","","","","","","","","","","","","","","2024 IEEE International Conference on Cyber Security and Resilience (CSR)","","","","","","","","","","","","","","",""
"NBI3XPG3","journalArticle","2026","T. Nie; W. Ma; J. Sun; Y. Yang; J. Cao","Collaborative Imputation of Urban Time Series Through Cross-City Meta-Learning","IEEE Transactions on Knowledge and Data Engineering","","1558-2191","10.1109/TKDE.2025.3633492","https://www.scopus.com/inward/record.uri?eid=2-s2.0-105022447521&doi=10.1109%2FTKDE.2025.3633492&partnerID=40&md5=ec3b2e04ed6aab246bb538b5f1a0d3bc","Urban time series, such as mobility flows, energy consumption, and pollution records, encapsulate complex urban dynamics and structures. However, data collection in each city is impeded by technical challenges such as budget limitations and sensor failures, necessitating effective data imputation techniques that can enhance data quality and reliability. Existing imputation models, categorized into learning-based and analytics-based paradigms, grapple with the trade-off between capacity and generalizability. Collaborative learning to reconstruct data across multiple cities holds the promise of breaking this trade-off. Nevertheless, urban data's inherent irregularity and heterogeneity issues exacerbate challenges of knowledge sharing and collaboration across cities. To address these limitations, we propose a novel collaborative imputation paradigm leveraging meta-learned implicit neural representations (INRs). INRs offer a continuous mapping from domain coordinates to target values, integrating the strengths of both paradigms. By imposing embedding theory, we first employ continuous parameterization to handle irregularity and reconstruct the dynamical system. We then introduce a cross-city collaborative learning scheme through model-agnostic meta learning, incorporating hierarchical modulation and normalization techniques to accommodate multiscale representations and reduce variance in response to heterogeneity. Extensive experiments on a diverse urban dataset from 20 global cities demonstrate our model's superior imputation performance and generalizability, underscoring the effectiveness of collaborative imputation in resource-constrained settings.","2026-02","2026-03-10 15:12:46","2026-03-10 17:09:10","","940-955","","2","38","","IEEE Transactions on Knowledge and Data Engineering","","","","","","","","","","","Scopus","","","","","","","","Federated learning; Data models; Collaboration; Adaptation models; Neural networks; Time series analysis; Analytical models; Knowledge transfer; Urban areas; Imputation; Spatiotemporal phenomena; Learning systems; Time series; Metalearning; Collaborative learning; meta learning; cross-city generalization; implicit neural representations; Time series imputation; Knowledge management; Times series; Economic and social effects; Energy utilization; Data Sharing; Generalisation; Budget control; Data reliability; Cross-city generalization; Flow energy; Implicit neural representation; Neural representations; Trade off","","","","","","","","","","","","","","","","","","","","","","","","","","","","","","","","","","","","","","","","","","","","","","",""
"7L3T2FLA","conferencePaper","2024","R. Du; S. Li; P. Zhao","A Behavioral Recognition-Based Federated Learning Framework for IoT Environments","2024 International Joint Conference on Neural Networks (IJCNN)","2161-4407","","10.1109/IJCNN60899.2024.10651433","","Identifying the behavior and intent of various Internet of Things (IoT) devices distributed across different environments is a challenge. The previous centralized modeling approach ran the risk of invading privacy. This study develops a federated learning approach enhanced by Long short-term memory (LSTM) networks to improve the accuracy of modeling the behavior of iot devices in decentralized networks. We extract periodic communication features locally at each node, focusing on relevant behavior sequences while protecting privacy. Applying LSTM to these periodic sequences captures the temporal dynamics necessary for behavioral modeling. The federated LSTM model then aggregates the locally learned behavior patterns to classify device sequences and interactions without sharing the raw data. Experiments show that this method can accurately identify the key behaviors of iot devices. By focusing on periodic communication, our technology enables collaborative device behavior identification across distributed nodes without compromising user privacy. This provides a pathway for privacy-protecting behavioral intelligent federated learning in iot environments.","2024-07-30","2026-03-10 15:12:46","2026-03-10 15:12:46","","1-9","","","","","","","","","","","","","","","","","","","","Journal Abbreviation: 2024 International Joint Conference on Neural Networks (IJCNN)","","","","Federated learning; Internet of Things; Collaboration; Feature extraction; Privacy; Long short term memory; Security; Streams; LSTM; Focusing; Object recognition; Iot device behavior recognition; Privacy security","","","","","","","","","","","","","","","","","","","","","","","","","","","","","","","","2024 International Joint Conference on Neural Networks (IJCNN)","","","","","","","","","","","","","","",""
"C5KIWVWY","conferencePaper","2025","K. Praveen; V. K. D. M","AI-Powered Crop Disease Detection Using Drone-Based Multispectral Imaging and Federated Learning","2025 IEEE 6th Global Conference for Advancement in Technology (GCAT)","","","10.1109/GCAT66372.2025.11368475","","Plant diseases are sources of serious concern to world food security particularly in those areas where there is the absence of proper diagnostic facilities on time. Conventional disease detection methods using AI use centralized data and RGB images restricts accuracy and flexibility of various agro-climatics zones. We come up with the AI-powered solution to this problem, combining drone-based multispectral imaging with an edge-efficient federated learning (FL) to recognize crop diseases in a decentralized way. In contrast to the current ones, our solution incorporates the element of a tailor-made, resource-efficient hybrid spectral-temporal model trained on a local level within several farm clusters, so there is no need to transfer raw data. A new Spectral Anomaly Differential Index (SADI) was developed and it was found to accurately increase disease-specific characteristics in time-series multispectral frames. Tests in 5 geographically distributed farms (including 3 types of crops) showed a 93.2% disease detection accuracy, an average 41.6% reduction in communication overhead over the baseline FL models. In addition, the suggested strategy was 27.8% faster than convergence and needed only 32% of the total data amount required by the conventional centralized training methods. These performance results verify the extent to which our system is practical to scale, and privacy-preserving crop health monitoring in practical, agricultural use-cases.","2025-10-24","2026-03-10 15:12:46","2026-03-10 15:12:46","","1-7","","","","","","","","","","","","","","","","","","","","Journal Abbreviation: 2025 IEEE 6th Global Conference for Advancement in Technology (GCAT)","","","","Federated learning; Training; Federated Learning; Accuracy; Monitoring; Sensors; Diseases; Crops; Precision agriculture; Crop Disease Detection; Drone Sensing; Multispectral imaging; Multispectral Imaging; Plant diseases; Precision Agriculture","","","","","","","","","","","","","","","","","","","","","","","","","","","","","","","","2025 IEEE 6th Global Conference for Advancement in Technology (GCAT)","","","","","","","","","","","","","","",""
"XQJMN7VM","conferencePaper","2023","P. Gautam; M. Vakilifard; C. Bockelmann; A. Dekorsy","Cooperative Interference Estimation Using LSTM-Based Federated Learning for In-X Subnetworks","GLOBECOM 2023 - 2023 IEEE Global Communications Conference","2576-6813","","10.1109/GLOBECOM54140.2023.10437515","https://www.scopus.com/inward/record.uri?eid=2-s2.0-85187390313&doi=10.1109%2FGLOBECOM54140.2023.10437515&partnerID=40&md5=2b53143cc312b39edeeda121c08b4f8e","“Network of subnetworks” is envisioned to be a key enabler in a 6G network with extremely low (100 μs) latency and high-reliability (99.9999%-99.99999%) in demanding applications. However, to achieve this level of performance, it is necessary to introduce a proactive and robust interference estimation considering the random mobility of subnetworks in an ultra-dense environment. We propose long-short term memory (LSTM) to learn the non-linear behavior of interference power time series for robust estimation and prediction in in-X subnetworks. This proposed method empowers to prediction/estimation of interference on the subnetwork itself. The achieved estimation result is compared with the moving average-based and expectation based estimators. Furthermore, we introduce federated learning (FL) in-X subnetworks' interference estimation, which learns cooperatively from the interference power vector of subnetworks participating in training. The results indicate that the proposed FL-based estimator achieves a higher convergence speed and lower estimation error.","2023-12-04","2026-03-10 15:12:46","2026-03-10 17:09:12","","1338-1344","","","","","","","","","","","","","","","","Scopus","","","","Journal Abbreviation: GLOBECOM 2023 - 2023 IEEE Global Communications Conference","","","","Federated learning; Training; Estimation; Time series analysis; Convergence; Forecasting; 6G; LSTM; Interference; Smart Industry; Vectors; FL; In-X; Interference Estimation; Interference Prediction; Subnetworks; Long short-term memory; Learn+; 6g; High reliability; Interference estimation; Interference power; Interference prediction; Smart industry","","","","","","","","","","","","","","","","","","","","","","","","","","","","","","","","GLOBECOM 2023 - 2023 IEEE Global Communications Conference","","","","","","","","","","","","","","",""
"UXXMI742","journalArticle","2024","Y. Zhang; X. Wang; P. Wang; B. Wang; Z. Zhou; Y. Wang","Modeling Spatio-Temporal Mobility Across Data Silos via Personalized Federated Learning","IEEE Transactions on Mobile Computing","","1558-0660","10.1109/TMC.2024.3453657","https://www.scopus.com/inward/record.uri?eid=2-s2.0-85203540829&doi=10.1109%2FTMC.2024.3453657&partnerID=40&md5=523f507292cbcdabca8feefec7d9ea47","Spatio-temporal mobility modeling plays a pivotal role in the advancement of mobile computing. Nowadays, data is frequently held by various distributed silos, which are isolated from each other and confront limitations on data sharing. Given this, there have been some attempts to introduce federated learning into spatio-temporal mobility modeling. Meanwhile, the distributional heterogeneity inherent in the spatio-temporal data also puts forward requirements for model personalization. However, the existing methods tackle personalization in a model-centric manner and fail to explore the data characteristics in various data silos, thus ignoring the fact that the fundamental cause of insufficient personalization in the model is the heterogeneous distribution of data. In this paper, we propose a novel distribution-oriented personalized Federated learning framework for Cross-silo Spatio-Temporal mobility modeling (named FedCroST), that leverages learnable spatio-temporal prompts to implicitly represent the local data distribution patterns of data silos and guide the local models to learn the personalized information. Specifically, we focus on the potential characteristics within temporal distribution and devise a conditional diffusion module to generate temporal prompts that serve as guidance for the evolution of the time series. Simultaneously, we emphasize the structure distribution inherent in node neighborhoods and propose adaptive spatial structure partition to construct the spatial prompts, augmenting the spatial information representation. Furthermore, we introduce a denoising autoencoder to effectively harness the learned multi-view spatio-temporal features and obtain personalized representations adapted to local tasks. Our proposal highlights the significance of latent spatio-temporal data distributions in enabling personalized federated spatio-temporal learning, providing new insights into modeling spatio-temporal mobility in data silo scenarios. Extensive experiments conducted on real-world datasets demonstrate that FedCroST outperforms the advanced baselines by a large margin in diverse cross-silo spatio-temporal mobility modeling tasks.","2024-12","2026-03-10 15:12:46","2026-03-10 17:09:12","","15289-15306","","12","23","","IEEE Transactions on Mobile Computing","","","","","","","","","","","Scopus","","","","","","","","Federated learning; Data models; Personalized federated learning; Computational modeling; Task analysis; data silos; Correlation; Mobile computing; Spatio-temporal data; personalized federated learning; Adversarial machine learning; distribution heterogeneity; Mobility models; Spatio-temporal mobility modeling; Data distribution; Data silos; Spatio-temporal; Personalizations; Distribution heterogeneity; Mobile-computing; Mobility modeling","","","","","","","","","","","","","","","","","","","","","","","","","","","","","","","","","","","","","","","","","","","","","","",""
"P78S6HMG","journalArticle","2025","J. Lv; B. -G. Kim; K. Li","Fed-HealthGen: A Generative Federated Framework for Privacy-Preserving Personalized Healthcare Using Wearable Consumer Electronics","IEEE Transactions on Consumer Electronics","","1558-4127","10.1109/TCE.2025.3624693","https://www.scopus.com/inward/record.uri?eid=2-s2.0-105020093792&doi=10.1109%2FTCE.2025.3624693&partnerID=40&md5=12d7ba5de93867191be41c19db2aecec","Wearable healthcare consumer electronics generate substantial medical time-series data with significant potential for personalized healthcare applications. However, effectively modeling such data in federated settings presents unique challenges due to pronounced Non-Independent and Identically Distributed (Non-IID) characteristics, privacy concerns, and personalization requirements. This paper proposes Med-FedLSG, a novel federated learning framework that addresses these challenges through three key innovations: a variational temporal representation learning mechanism with explicit disentanglement of shared and personalized features, a conditional temporal generator with physiological constraints, and a two-level federated optimization framework based on knowledge distillation. Extensive experiments on the MIMIC-III clinical database and UCI-HAR dataset demonstrate that Med-FedLSG consistently outperforms existing federated learning methods, achieving 85.47% accuracy on MIMIC-III and 92.28% on UCI-HAR. Furthermore, our framework achieves superior intra-user consistency scores of 0.89 on MIMIC-III and 0.93 on UCI-HAR, demonstrating enhanced stability for long-term medical monitoring. Ablation studies validate the effectiveness of our personalized representation separation mechanism and conditional temporal generator. The proposed approach successfully balances generalization and personalization while maintaining privacy, offering promising solutions for smart wearable health applications.","2025-11","2026-03-10 15:12:47","2026-03-10 17:09:13","","11440-11452","","4","71","","IEEE Transactions on Consumer Electronics","","","","","","","","","","","Scopus","","","","","","","","Artificial intelligence; Federated learning; Data models; Data privacy; Monitoring; Servers; Medical services; Consumer electronics; Biomedical monitoring; generative AI; Generative AI; Learning systems; Biomedical imaging; Generators; consumer electronics; personalized medicine; wearable healthcare; Health care; Privacy preserving; Time-series data; Privacy-preserving techniques; Medical computing; Health care application; Wearable technology; Medical time series; Personalizations; Distributed characteristics; Personalized healthcare; Personalized medicine; Personalized medicines; Wearable healthcare","","","","","","","","","","","","","","","","","","","","","","","","","","","","","","","","","","","","","","","","","","","","","","",""
"TXCCIS68","journalArticle","2023","Y. -W. Chang; H. -Y. Chen; C. Han; T. Morikawa; T. Takahashi; T. -N. Lin","FINISH: Efficient and Scalable NMF-Based Federated Learning for Detecting Malware Activities","IEEE Transactions on Emerging Topics in Computing","","2168-6750","10.1109/TETC.2023.3292924","https://www.scopus.com/inward/record.uri?eid=2-s2.0-85164705206&doi=10.1109%2FTETC.2023.3292924&partnerID=40&md5=75e20f751965b0bdd9d7063116e184e2","5G networks with the vast number of devices pose security threats. Manual analysis of such extensive security data is complex. Dark-NMF can detect malware activities by monitoring unused IP address space, i.e., the darknet. However, the challenges of cooperative training for Dark-NMF are immense computational complexity with Big Data, communication overhead, and privacy concern with darknet sensor IP addresses. Darknet sensors can observe multivariate time series of packets from the same hosts, represented as intersecting columns in different data matrices. Previous works do not consider intersecting columns, losing a host's semantics because they do not aggregate the host's time series. To solve these problems, we proposed a federated IoT malware detection NMF for intersecting source hosts (FINISH) algorithm for offloading computing tasks to 5G multiaccess edge computing (MEC). The experiments show that FINISH is scalable to a data size with a shorter computational time and has a lower false positive detection performance than Dark-NMF. The comparison results demonstrate that FINISH has better computation and communication efficiency than related works and a short communication time, taking only 1/10 the execution time in a simulated 5G MEC. The experimental results can provide substantial insights into developing federated cybersecurity in the future.","2023-12","2026-03-10 15:12:47","2026-03-10 17:09:14","","934-949","","4","11","","IEEE Transactions on Emerging Topics in Computing","","","","","","","","","","","Scopus","","","","","","","","federated learning; Federated learning; Training; Costs; Time series analysis; Fuzzy logic; Big data; Edge computing; Semantics; 5G mobile communication; Time-series analysis; IP networks; 5G MEC; Darknet; Malware; malware activity; nonnegative matrix factorization; Complex networks; 5G mobile communication systems; Matrix algebra; Internet protocols; Mobile communications; Factorization; 5 G multiaccess edge computing; 5g mobile communication; Darknets; Fuzzy-Logic; IP-network; Malware activity; Malwares; Multiaccess; Nonnegative matrix factorization","","","","","","","","","","","","","","","","","","","","","","","","","","","","","","","","","","","","","","","","","","","","","","",""
"IIZPVIPL","conferencePaper","2024","P. Aupke; A. Nakao; A. Kassler","Uncertainty-Aware Forecasting of Computational Load in MECs Using Distributed Machine Learning: A Tokyo Case Study","2024 33rd International Conference on Computer Communications and Networks (ICCCN)","2637-9430","","10.1109/ICCCN61486.2024.10637613","","Mobile Edge Clouds (MECs) address the critical needs of bandwidth-intensive, latency-sensitive mobile applications by positioning computing and storage resources at the network's edge in Edge Data Centers (EDCs). However, the diverse, dynamic nature of EDCs' resource capacities and user mobility poses significant challenges for resource allocation and management. Efficient EDC operation requires accurate forecasting of computational load to ensure optimal scaling, service placement, and migration within the MEC infrastructure. This task is complicated by the temporal and spatial fluctuations of computational load.We develop a novel MEC computational demand forecasting method using Federated Learning (FL). Our approach leverages FL's distributed processing to enhance data security and prediction accuracy within MEC infrastructure. By incorporating uncertainty bounds, we improve load scheduling robustness. Evaluations on a Tokyo dataset show significant improvements in forecast accuracy compared to traditional methods, with a 42.04% reduction in Mean Absolute Error (MAE) using LightGBM and a 34.93% improvement with CatBoost, while maintaining minimal networking overhead for model transmission.","2024-07-29","2026-03-10 15:12:47","2026-03-10 15:12:47","","1-6","","","","","","","","","","","","","","","","","","","","Journal Abbreviation: 2024 33rd International Conference on Computer Communications and Networks (ICCCN)","","","","Federated Learning; Accuracy; Predictive models; Machine Learning; Robustness; Uncertainty; Processor scheduling; Resource Management; Fluctuations; CPU-Load Prediction; Edge Data Center; Mobile applications; Mobile Edge Cloud","","","","","","","","","","","","","","","","","","","","","","","","","","","","","","","","2024 33rd International Conference on Computer Communications and Networks (ICCCN)","","","","","","","","","","","","","","",""
"9HHLIZAP","journalArticle","2026","B. Yang; L. Yan; Z. Li; M. Kao; H. Gao; X. Sun; C. Shen","Joint Privacy-Preserving Cloud Workload Prediction Based on Federated Learning","IEEE Transactions on Networking","","2998-4157","10.1109/TON.2025.3643456","","Organizations around the world are increasingly using multiple clouds for critical workloads, which makes the accurate prediction of cloud workload a collaborative task across multiple cloud providers. Our experimental studies on four large-scale cloud workload datasets demonstrate that the workloads are highly heterogeneous, and different cloud providers have highly heterogeneous model pReferences, which makes the above task challenging. Accordingly, we propose a joint privacy-preserving cloud workload prediction framework based on Federated Learning (FL), which enables the collaborative training of a workload prediction model across cloud providers with heterogeneous workloads and model preferences without exposing private workload data. To handle workload heterogeneity without privacy leakage, we first design a Generative Adversarial Network (GAN) based virtual workload dataset generation method that incorporates workloads’ temporal and resource-usage-plan-related features via temporal-aware feature calibration. Then, to handle model heterogeneity, we design a FL approach based on a hybrid local model composed of a homogeneous public model and a heterogeneous personal model. Finally, we design a Knowledge Distillation (KD) based approach to post-train the personal model with both private workload knowledge and shared workload knowledge learned from the trained global public model. Extensive experiments on various real-world workloads and actual implementations demonstrate that compared with the state-of-the-art, our framework improves workload prediction accuracy by 57.7% in average over all cloud providers.","2026","2026-03-10 15:12:47","2026-03-10 15:12:47","","2256-2270","","","34","","IEEE Transactions on Networking","","","","","","","","","","","","","","","","","","","federated learning; Training; Data models; Accuracy; Predictive models; Collaboration; Adaptation models; Load modeling; Computational modeling; Generative adversarial networks; knowledge distillation; Cloud computing; Cloud workload prediction","","","","","","","","","","","","","","","","","","","","","","","","","","","","","","","","","","","","","","","","","","","","","","",""
"BAQLCLWQ","conferencePaper","2025","Y. Kuang; L. Yan; Z. Li","P3 Forecast: Personalized Privacy-Preserving Cloud Workload Prediction Based on Federated Generative Adversarial Networks","2025 IEEE International Parallel and Distributed Processing Symposium (IPDPS)","1530-2075","","10.1109/IPDPS64566.2025.00038","https://www.scopus.com/inward/record.uri?eid=2-s2.0-105013078612&doi=10.1109%2FIPDPS64566.2025.00038&partnerID=40&md5=ea5f37f8d85490059e6789e8dbba27cf","To comply with privacy regulations and selfprotection from cloud outages, increasingly more users are leveraging multiple cloud providers for service deployment. However, due to the isolation of highly Non-Identically and Independently Distributed (Non-IID) workload datasets and deficiencies of existing methods as reflected in our experimental studies, no cloud providers can single-handedly capture the workload patterns of such users for accurate workload prediction. Accordingly, we propose $\boldsymbol{P}^{3}$ Forecast, a Personalized Privacy-Preserving Cloud workload prediction framework based on Federated Generative Adversarial Networks (GANs), which allows cloud providers with Non-IID workload data to collaboratively train workload prediction models as preferred while protecting privacy. We first design a data synthesis quality assessment method based on Dynamic Time Warping (called pattern-aware DTW), which is insusceptible to time series length and reliable for the comparison of temporal patterns. By using pattern-aware DTW as the model aggregation weights, we adopt the Federated Learning (FL) of a GAN model for the augmentation of IID workload training datasets per cloud provider. Then, we further design a post-training method of local workload prediction models, which consists of a query mechanism for extracting the most informative synthesized data for training dataset augmentation and a learning rate adjustment strategy for stable convergence. Extensive experiments driven by real-world workloads demonstrate that compared with the state-of-the-art, $P^{3}$ Forecast improves workload prediction accuracy by $19.5 \%-46.7 \%$ in average over all cloud providers, while ensuring the fastest convergence in Federated GAN training. The codes can be found at https://github.com/liyan2015/P3Forecast.","2025-06-03","2026-03-10 15:12:47","2026-03-10 17:09:14","","1-11","","2025","","","","","","","","","","","","","","Scopus","","","","Journal Abbreviation: 2025 IEEE International Parallel and Distributed Processing Symposium (IPDPS)","","","","Federated learning; Training; Data models; Federated Learning; Accuracy; Predictive models; Training data; Time series analysis; Generative adversarial networks; Convergence; Forecasting; Data mining; Learning systems; Generative Adversarial Networks; Quality assessment; Cloud workload prediction; Cloud Workload Prediction; Privacy preserving; Prediction models; Privacy-preserving techniques; Prediction modelling; Prediction-based; Adversarial networks; Training dataset; Privacy regulation; Cloud providers; Distributed workloads; Workload predictions","","","","","","","","","","","","","","","","","","","","","","","","","","","","","","","","2025 IEEE International Parallel and Distributed Processing Symposium (IPDPS)","","","","","","","","","","","","","","",""
"VZ4WTRE8","journalArticle","2025","W. Huang; F. Wang; J. Chen; J. Liu; Z. Liu; T. Li","A Federated Framework for Air Quality Prediction With Predefined Graph and Adaptive Graph","IEEE Internet of Things Journal","","2327-4662","10.1109/JIOT.2025.3563956","https://www.scopus.com/inward/record.uri?eid=2-s2.0-105003680877&doi=10.1109%2FJIOT.2025.3563956&partnerID=40&md5=d8b1b335cc9d27d628372bd51ad70b22","Air quality prediction utilizes IoT technologies to collect data centrally for model training, which may cause regulatory risks, privacy concerns, and high costs of integrating data. Meanwhile, distributed training through federated learning relies on the predefined graph structure generated by the geographic locations of air monitoring stations, which fails to capture the potential spatial relationships between air monitoring stations. In addition, the inherent multiperiod attribute of air quality data makes time series changes extremely complex. To this end, this article proposes a federated framework for air quality prediction with predefined graph and adaptive graph (FedPAG). Specifically, the client encodes the air quality data and meteorological data provided by the Internet of Things (IoT) system using the multiperiod interaction and encoder modules to capture the proximity and periodicity features of the time series data. Next, the server combines the hidden states uploaded by the clients with predefined graph and adaptive graph, respectively and forms node embeddings to capture the spatial features among the clients. Then, the client concatenates the hidden states with node embeddings to fuse the spatial information and feeds them into the decoder to obtain the final predicted values. Finally, we conduct experiments on the Beijing and Shijiazhuang datasets to demonstrate the effectiveness of the proposed method.","2025-07-15","2026-03-10 15:12:50","2026-03-10 17:09:14","","27606-27617","","14","12","","IEEE Internet of Things Journal","","","","","","","","","","","Scopus","","","","","","","","federated learning; Training; Data models; Predictive models; Internet of Things; Monitoring; Atmospheric modeling; Servers; Sensors; Time series analysis; Air quality; air quality prediction; Adaptive graph; multiperiod interaction; Model training; Internet of things technologies; Embeddings; Air monitoring stations; Air quality data; Air quality prediction; Hidden state; Multi-period; Multi-period interaction","","","","","","","","","","","","","","","","","","","","","","","","","","","","","","","","","","","","","","","","","","","","","","",""
"J5N42A3T","journalArticle","2025","H. Kabbaj; R. El-Azouzi; A. Kobbane","ClusFed: A Clustering-Based Defense for Secure Federated Learning","IEEE Access","","2169-3536","10.1109/ACCESS.2025.3605870","https://www.scopus.com/inward/record.uri?eid=2-s2.0-105015052742&doi=10.1109%2FACCESS.2025.3605870&partnerID=40&md5=a92f9e761630e1e15c77fc799431f4f7","As IoT devices continue to proliferate, the demand for secure and efficient machine learning solutions becomes increasingly critical. Federated Learning (FL) offers a promising approach by enabling decentralized model training across distributed clients while preserving data privacy. However, FL systems are susceptible to adversarial threats, such as data and model poisoning attacks, where compromised clients send corrupted updates to undermine the global model’s performance. In this paper, we develop an innovative, lightweight Byzantine resistance strategy, called ClusFed, which uses adaptive client selection mechanisms. By leveraging clustering techniques to dynamically differentiate between honest and malicious clients, based on their local model updates. ClusFed effectively mitigates the impact of malicious nodes while sometimes exploiting their data, depending on the type of attack. This approach ensures robust performance even with up to 40% of clients being malicious. Extensive experiments on non independent, identically distributed (non-IID) partitions of MNIST, CIFAR-10, Shakespeare and a time series Water Leak datasets demonstrate that ClusFed consistently outperforms state-of-the-art Byzantine-resilient methods like FedMedian, Multi-Krum, and TrimmedMean. The results highlight ClusFed’s ability to maintain high accuracy, achieving up to 93% for MNIST and 76% for CIFAR-10, 86% for Water Leak and 40% for Shakespeare dataset, as well as stability in various attack scenarios while guaranteeing efficient learning times.","2025","2026-03-10 15:12:50","2026-03-10 17:09:15","","156949-156966","","","13","","IEEE Access","","","","","","","","","","","Scopus","","","","","","","","Federated learning; Training; Data models; Data privacy; Accuracy; Internet of Things; Adaptation models; Servers; Anomaly detection; Robustness; edge computing; Security; Reviews; Cybersecurity; Edge computing; Clustering algorithms; Internet of things; Network security; Learning systems; Cyber security; Distributed AI; Adversarial machine learning; adversarial attacks; cyber defense; cybersecurity in IoT; decentralized machine learning; distributed AI; Machine-learning; Decentralised; Cluster analysis; Decentralized machine learning; Cyber-defense; Cybersecurity in IoT; Shakespeare; Water leaks","","","","","","","","","","","","","","","","","","","","","","","","","","","","","","","","","","","","","","","","","","","","","","",""
"YVPD7RC2","conferencePaper","2025","A. M. Ida; N. Gomathi; P. M. Jesi; A. Joel; A. R. Deepa; M. Suji","Tier Wear Estimation with Federated CNN-LSTM Learning Method with Privacy Enhancement","2025 IEEE International Conference on Advances in Computing Research On Science Engineering and Technology (ACROSET)","","","10.1109/ACROSET66531.2025.11281292","","In order to guarantee vehicle safety and operational effectiveness, tire wear estimate is essential. A privacy-preserving method for real-time tire wear monitoring is proposed in this research by combining three-axis accelerometers and Hall effect sensors with a federated deep learning framework. Through the detection of both temporal and spatial patterns in sensor data, a hybrid CNN-LSTM model is employed to accurately classify tire conditions as ""good"" or ""bad"". To ensure data confidentiality, the approach combines federated learning, which enables local model training on edge devices, with safe aggregation and encryption techniques. Unlike conventional centralized systems, raw sensor data remains on the device and only encrypted model changes are transmitted. The experimental results highlight the system's viability for deployment in intelligent and connected transportation networks by demonstrating high classification accuracy and effective privacy preservation.","2025-09-27","2026-03-10 15:12:50","2026-03-10 15:12:50","","1-6","","","","","","","","","","","","","","","","","","","","Journal Abbreviation: 2025 IEEE International Conference on Advances in Computing Research On Science Engineering and Technology (ACROSET)","","","","Federated learning; Data models; Data privacy; Estimation; Federated Learning; Real-time systems; Sensors; Deep learning; Context modeling; Tires; Privacy Preservation; Sensor systems; CNN-LSTM; Tire Wear Estimation","","","","","","","","","","","","","","","","","","","","","","","","","","","","","","","","2025 IEEE International Conference on Advances in Computing Research On Science Engineering and Technology (ACROSET)","","","","","","","","","","","","","","",""
"KM45TLI2","conferencePaper","2025","K. M. Monica; D. P. U. Rani; S. K. S; M. K; R. Ramya","Rényi Differential Privacy with a Temporal Convolutional Network for Privacy Preserving Data in Healthcare IoT","2025 3rd International Conference on Data Science and Network Security (ICDSNS)","","","10.1109/ICDSNS65743.2025.11168651","","In modern era, the significant growth in the deployment of Internet of Healthcare Things (IoHT) devices has led to rise in concern about data privacy and security, particularly in Intrusion Detection System (IDS). However, existing Federated Learning (FL) based approach integrated, E-Differential Privacy (DP) with Convolutional Neural Network (CNN) and Deep Neural Network (DNN) but struggled with tradeoff between accuracy and privacy, lack of ability for temporal pattern recognition and limited adaptability to sequential healthcare data. Therefore, a novel privacy preserving FL framework that integrates Rényi Differential Privacy with a Temporal Convolutional Network (RDP-TCN) is proposed. Initially, the input data is collected from Washington University in St. Louis - Enhanced Healthcare Monitoring System (WUSTL-EHMS-2020) and East Carolina University - Internet of Healthcare Things (ECU-loHT) dataset. Next, the collected data is preprocessed by performing min max normalization and Synthetic Minority Oversampling Technique (SMOTE). After preprocessing, the input data is passed to the edge devices in FL architecture, where a TCN is trained by each client to capture long term dependencies. Further, RDP is used to process the trained local model gradients to ensure privacy preservation. Then, Federated Averaging is used by central server to aggregate the differentially private updates, thereby to obtain the global TCN model. Finally, the global TCN model performs intrusion detection across healthcare IoT environments. Therefore, the proposed RDP-TCN obtained 97.21% accuracy and 0.29 of privacy budget when compared to existing models.","2025-07-25","2026-03-10 15:12:50","2026-03-10 15:12:50","","1-5","","","","","","","","","","","","","","","","","","","","Journal Abbreviation: 2025 3rd International Conference on Data Science and Network Security (ICDSNS)","","","","federated learning; Federated learning; Data models; Accuracy; Convolutional neural networks; data privacy; Internet; Privacy; Medical services; Differential privacy; Performance evaluation; Intrusion detection; intrusion detection systems; internet of healthcare things; rényi differential privacy","","","","","","","","","","","","","","","","","","","","","","","","","","","","","","","","2025 3rd International Conference on Data Science and Network Security (ICDSNS)","","","","","","","","","","","","","","",""
"6LTKWRDV","journalArticle","2026","W. Wang; H. Liu; W. Ma","Robust and Secure Multiparty Collaborative QoS Prediction Scheme for IIoT Services","IEEE Transactions on Industrial Informatics","","1941-0050","10.1109/TII.2026.3656244","https://www.scopus.com/inward/record.uri?eid=2-s2.0-105030114915&doi=10.1109%2FTII.2026.3656244&partnerID=40&md5=fc11eafb51bc11059569f9b232644189","The rapid growth of intelligent manufacturing within the Industrial Internet of Things (IIoT) has highlighted the importance of quality of service (QoS) as a key metric for system performance and reliability. Due to its dynamic and heterogeneous nature, accurate QoS prediction is essential but remains difficult under data silos, privacy constraints, and limited trust among industrial entities. To overcome these limitations, this article proposes a robust and secure multiparty collaborative (RSMC) QoS prediction scheme for IIoT service recommendation. RSMC leverages a federated learning architecture with a secure aggregation strategy, facilitating joint model training across factories without exposing raw data. Specifically, a hybrid local time-aware prediction model integrating a temporal convolutional network with a bidirectional simple recurrent unit is employed to capture long-term dependencies and nonlinear dynamics in QoS time series. To ensure the security of collaborative training, a robust functional encryption mechanism is introduced to achieve secure parameter aggregation and effectively resist inference and collusion attacks. Experiments on real QoS datasets show that the proposed scheme achieves superior prediction accuracy compared with mainstream approaches, while preserving privacy and enabling large-scale collaboration.","2026","2026-03-10 15:12:50","2026-03-10 17:09:15","","1-12","","","","","IEEE Transactions on Industrial Informatics","","","","","","","","","","","Scopus","","","","","","","","Federated learning; Training; Data models; Data privacy; Accuracy; Predictive models; Industrial Internet of Things; Collaboration; Long short term memory; Forecasting; Federated learning (FL); Encryption; Quality of service; Internet of things; Network security; Industrial Internet of Things (IIoT) services; quality of service (QoS) prediction; simple recurrent unit (SRU); temporal convolutional network (TCN); Dynamics; Prediction models; Distributed computer systems; Privacy-preserving techniques; Simple++; Quality-of-service; Convolutional networks; Temporal convolutional network; Rapid growth; Industrial internet of thing  service; Prediction schemes; Quality of service  prediction; Simple recurrent unit","","","","","","","","","","","","","","","","","","","","","","","","","","","","","","","","","","","","","","","","","","","","","","",""
"2R7J3S93","journalArticle","2023","C. Zhang; M. Dong; K. Ota","Effective 3C Resource Utilization and Fair Allocation Strategy for Multi-Task Federated Learning","IEEE Transactions on Machine Learning in Communications and Networking","","2831-316X","10.1109/TMLCN.2023.3285171","https://www.scopus.com/inward/record.uri?eid=2-s2.0-105027896417&doi=10.1109%2FTMLCN.2023.3285171&partnerID=40&md5=d7a3dbd753f464abb095f13ec94c9165","Nowadays, one of the main challenges in expanding AI applications is the effective use of Computation, Communication, and Caching (3C) resources. The complexity of the cloud environment and the diversity of resource usage make it challenging to complete federated learning tasks in a cost-effective, timely, and seamless manner. To address these issues, this paper proposes a comprehensive approach to optimize the overall service efficiency of federated learning in time-varying and 3C-constrained environments. Firstly, a utility function based on convergence efficiency is proposed to reflect the physical benefits of processing AI tasks. Then, a fair allocation strategy consistent with the optimization goal is designed by modeling the task allocation process through virtual queue Lyapunov drift. Next, a Federated Learning Long Short-Term Memory (LSTM) based Queuing Optimization and Allocation Policy Calculation Algorithm (FL-QAPC) is proposed for resource allocation policy calculation using multi-dimensional network state inputs with time series. This algorithm implements predictive control based on historical records. Finally, a feasible experimental test platform is conducted, which is extended to an actual wireless mobile scenario based on 5G. The superiority of the proposed solution is verified through comparison with other benchmarks.","2023","2026-03-10 15:12:50","2026-03-10 17:09:16","","153-167","","","1","","IEEE Transactions on Machine Learning in Communications and Networking","","","","","","","","","","","Scopus","","","","","","","","Federated learning; Training; Resource management; Task analysis; Convergence; Optimization; Cloud computing; Resource allocation; Learning systems; AI applications; learning systems; mobile communication; multitasking; user centered design; Efficiency; 5G mobile communication systems; Cost effectiveness; Mobile communications; Multi tasks; Cloud environments; Constrained optimization; Learning tasks; Allocation strategy; Resources utilizations; Resource usage; Fair allocation","","","","","","","","","","","","","","","","","","","","","","","","","","","","","","","","","","","","","","","","","","","","","","",""
"257THCY8","journalArticle","2025","Z. Ni; M. Karlsson; S. Gong","A Study of Federated Deep Learning for Building Indoor Climate Forecasting","IEEE Access","","2169-3536","10.1109/ACCESS.2025.3601973","https://www.scopus.com/inward/record.uri?eid=2-s2.0-105013980567&doi=10.1109%2FACCESS.2025.3601973&partnerID=40&md5=97ac8f4006c9eded80b7dcbbec50bc7a","This study investigates federated deep learning for multi-horizon indoor climate forecasting in historic buildings. Unlike traditional centralized or isolated local learning approaches, this work explores federated learning (FL) as a solution that balances prediction accuracy with data privacy. By combining FL with deep learning, the study addresses challenges in distributed environments, including data heterogeneity and communication efficiency. Eight deep learning architectures and six FL algorithms have been evaluated across three learning cases: local learning, centralized learning, and FL. The case study has used several years of hourly data on indoor temperature, relative humidity, and CO2 concentration from three public historic buildings, along with outdoor weather conditions. It has been shown that time-series dense encoder (TiDE) and gated recurrent units (GRU) consistently outperformed other architectures, capturing temporal dependencies effectively across all cases. Among FL algorithms, federated averaging (FedAvg) and federated median (FedMedian) demonstrated the best overall performance, with fast convergence and low validation loss. A comparison of the three learning cases revealed distinct trade-offs. Centralized learning typically achieved the highest predictive accuracy but required full data aggregation, raising privacy concerns. Local learning ensured data privacy but performed worse than centralized learning and FL due to limited amount of data. FL offered a balance, enabling collaborative model training without sharing raw data. TiDE combined with FedAvg or FedMedian achieved accuracy within 5–10% of the centralized models, measured by the coefficient of variation of the root mean squared error (CV-RMSE), making it a promising approach for privacy-sensitive scenarios. These results highlight the potential of FL for accurate and privacy-preserving indoor climate forecasting. The proposed approach supports scalable, institution-level collaboration without compromising data confidentiality. It is especially relevant for facility managers and heritage conservationists who are seeking data-driven indoor climate control in sensitive heritage buildings.","2025","2026-03-10 15:12:50","2026-03-10 17:09:16","","148838-148858","","","13","","IEEE Access","","","","","","","","","","","Scopus","","","","","","","","federated learning; Federated learning; Data models; Data privacy; Accuracy; Servers; Time series analysis; Computational modeling; Deep learning; Differential privacy; Forecasting; Weather forecasting; Buildings; Learning systems; Multivariate time series; Meteorology; Time series; multivariate time series; Collaborative learning; indoor climate forecasting; public historic buildings; Tides; Centralised; Learning algorithms; Times series; Economic and social effects; Distributed computer systems; Data accuracy; Office buildings; Climate forecasting; Historic buildings; Historic preservation; Indoor climate; Indoor climate forecasting; Local learning; Public historic building","","","","","","","","","","","","","","","","","","","","","","","","","","","","","","","","","","","","","","","","","","","","","","",""
"75UBN2CJ","conferencePaper","2023","A. K. Bapatla; S. P. Mohanty; E. Kougianos","FortiRx 2.0: Smart Privacy-Preserved Demand Forecasting of Prescription Drugs in Healthcare-CPS","2023 OITS International Conference on Information Technology (OCIT)","","","10.1109/OCIT59427.2023.10430944","https://www.scopus.com/inward/record.uri?eid=2-s2.0-85186738185&doi=10.1109%2FOCIT59427.2023.10430944&partnerID=40&md5=70e5099343ab22b32115aba35ac66ebf","Pharmaceutical Supply Chains (PSCs) are a combination of processes and networks involved in the production, distribution, and delivery of pharmaceutical products from the stage of raw materials till they reach the end-user which is typically patients. PSC is a complex and critical part of the Healthcare Cyber-Physical System (H-CPS) that ensures the availability, quality, and timely delivery of pharmaceutical products to meet the needs of the patients. One of the main characteristics of efficient PSC is accurate production planning and resource allocation which not only reduces the costs but also significantly enhances customer satisfaction. Accurate production planning for manufacturers needs accurate demand prediction models in place, otherwise can lead to overstocking or under-stocking, wastage, and other costs. Demand prediction of pharmaceutical products is very complicated due to unexpected fluctuations due to seasonality, pandemics, and several other reasons. This causes supply chain disruptions which may in turn cause both life and financial losses. Many statistical methods and machine learning models including time series analysis for forecasting the demand based on historical, but the significant setback is the availability of real-time data and privacy concerns on prescription data being shared. The current proposed FortiRx 2.0 architecture leverages a blockchain-based prescription system and federated learning approach to solve these issues and provide accurate demand forecasting. Federated XGBoost is used for demand prediction and different evaluation metrics are computed for performance evaluation of implemented model. These metrics are compared with baseline models Naive and Seasonal Naive as a reference and the results from the comparison are discussed.","2023-12-13","2026-03-10 15:12:50","2026-03-10 17:09:17","","438-443","","","","","","","","","","","","","","","","Scopus","","","","Journal Abbreviation: 2023 OITS International Conference on Information Technology (OCIT)","","","","Federated learning; Federated Learning; Costs; Predictive models; Time series analysis; Deep learning; Blockchain; Medical services; Forecasting; Cyber-physical systems; Supply chains; Demand forecasting; Time-series analysis; Embedded systems; Time-Series Analysis; Learning systems; XGBoost; Demand Forecasting; Healthcare Cyber-Physical System (H-CPS); Distributed Ledger Technology; Pharmaceutical Supply Chain; Prescription System; Production planning; Block-chain; Cybe-physical systems; Losses; Xgboost; Production control; Controlled drug delivery; Customer satisfaction; Distributed ledg technology; Harmonic analysis; Healthcare cybe-physical system; Pharmaceutical supply chains; Prescription system; Targeted drug delivery","","","","","","","","","","","","","","","","","","","","","","","","","","","","","","","","2023 OITS International Conference on Information Technology (OCIT)","","","","","","","","","","","","","","",""
"2HITD58B","conferencePaper","2025","K. Padmavathi; Y. Pal; M. Mounika; G. P. Rokade; H. Anandaram; S. Kumar","A Federated Deep Learning Approach for Privacy-Preserving Cardiovascular Risk Prediction","2025 3rd International Conference on IoT, Communication and Automation Technology (ICICAT)","","","10.1109/ICICAT68430.2025.11414716","","Cardiovascular disease remain one of the leading causes of mortality in the world, which highlights the need to predict the risk accurately and just in time. The study proposes a federated deep learning model of estimating cardiovascular risks via privacy-preservation, based on distributed patient data of online repositories and offline healthcare centers, using 1,000 patient records of electronic health records, ECG time-series signals, and spectrogram images, which are normalised, imputed, and reduced noise, segmented, and augmented, to reflect data quality and integrity to deep learning models. It compared 3 architectures, including ResNet-50 (CNN), used to extract imaging and spectrogram features, BiLSTM, used to therapeutically sequence ECG and clinical time-series, and a 3-layer MLP, used to extract structured tabular EHR features. In a federated learning configuration, local models were trained without sacrificing the privacy of patients, but allowed joint model improvement. It was measured in terms of performance versus precision, recall, F1-score, accuracy, AUC-ROC, and confusion matrices. Findings demonstrated that, ResNet-50 was more accurate in predicting cardiovascular risk and was the most discriminative among BiLSTM and MLP in all aspects. BiLSTM was effective in the field of temporal patterns detection whereas the MLP served as a useful benchmark. The federated structure promoted secured real-time model deployment without the leakage of sensitive patient information. These findings indicate that deep convolutional networks with federated learning can provide cardiovascular risk prediction with scalability and privacy-immering solution. The suggested solution has enormous capacity to support clinical decisions to eliminate high-risk patients at an early stage and facilitate intervention in order to improve cardiovascular outcomes.","2025-12-05","2026-03-10 15:12:50","2026-03-10 15:12:50","","1-6","","","","","","","","","","","","","","","","","","","","Journal Abbreviation: 2025 3rd International Conference on IoT, Communication and Automation Technology (ICICAT)","","","","Federated learning; Data models; Accuracy; Convolutional neural networks; Predictive models; Feature extraction; Deep learning; Electrocardiography; Privacy-preserving; Bidirectional long short term memory; Cardiovascular risk prediction; ResNet-50; Spectrogram","","","","","","","","","","","","","","","","","","","","","","","","","","","","","","","","2025 3rd International Conference on IoT, Communication and Automation Technology (ICICAT)","","","","","","","","","","","","","","",""
"Y4L8YEDU","conferencePaper","2026","R. Suleiman; A. M. Vera Venkata Sai","Privacy-Preserving Digital Twin Framework for Autonomous and Connected Vehicles","2026 IEEE 23rd Consumer Communications & Networking Conference (CCNC)","2331-9860","","10.1109/CCNC65079.2026.11366505","","Vehicular Digital Twins (VDTs) are emerging as key components in Autonomous and Connected Vehicles (ACVs), enabling real-time monitoring and threat detection. However, in decentralized environments, collaborative learning among VDTs raises significant privacy concerns such as data leakage, re-identification risks and compromised VDTs. This paper presents a decentralized Federated Learning (FL) framework with Differential Privacy (DP) to enable secure and privacy-preserving threat detection across VDTs using a Bi-directional Long Short-Term Memory Autoencoder (Bi-LSTM AE) within an FL setting. The model is designed to capture temporal dependencies in a time series vehicular dataset without compromising data privacy. The model’s performance was evaluated on two attack scenarios, Denial of Service (DoS) and data replay, and compared against existing LSTM-based models in both federated and non-federated contexts. Without DP, the model achieved an F1-score of about 90% and AUC of 95%, performing better than similar methods. We incorporate DP into the FL process to further enhance privacy and assess its impact across different clients. Although, recall remains high, there is a trade-off in precision and accuracy resulting in a global F1-score of 77%. These results highlight the effectiveness of Bi-LSTM AE for decentralized anomaly detection as well as the critical need to balance privacy with utility in real-world deployments.","2026-01-09","2026-03-10 15:12:50","2026-03-10 15:12:50","","1-6","","","","","","","","","","","","","","","","","","","","Journal Abbreviation: 2026 IEEE 23rd Consumer Communications & Networking Conference (CCNC)","","","","Federated learning; Data models; Federated Learning; Adaptation models; Digital twins; Digital Twins; Privacy; Anomaly detection; Anomaly Detection; Differential privacy; Context modeling; Differential Privacy; Connected vehicles; Threat assessment; V2V","","","","","","","","","","","","","","","","","","","","","","","","","","","","","","","","2026 IEEE 23rd Consumer Communications & Networking Conference (CCNC)","","","","","","","","","","","","","","",""
"6SABLAIF","journalArticle","2023","Y. Hu; X. Sun; Y. Tian; L. Song; K. C. Tan","Communication Efficient Federated Learning With Heterogeneous Structured Client Models","IEEE Transactions on Emerging Topics in Computational Intelligence","","2471-285X","10.1109/TETCI.2022.3209345","https://www.scopus.com/inward/record.uri?eid=2-s2.0-85160829564&doi=10.1109%2FTETCI.2022.3209345&partnerID=40&md5=5765509b0aba9a3034e9b04f8eb1efff","Federated learning (FL) has recently attracted much attention due to its superior performance in privacy protection when processing data from different terminals. However, homogeneous deep learning models are pervasively adopted without considering the difference between distinct data in various clients, resulting in low learning performance and high communication costs. This paper thus proposes a novel FL framework with heterogeneous structured client models for handling different data scales and investigates its superiority over canonical FL with homogeneous models. Additionally, singular value decomposition is adopted on the client models to reduce the amount of transmitted data, i.e., the communication costs. The aggregation mechanism with multiple models on the central server is then presented based on the heterogeneous characteristics of the uploaded parameters and models. The proposed framework is applied to four benchmark classification datasets and a trend following task on electromagnetic radiation intensity time series data. Experimental results demonstrate that the proposed method can effectively improve the accuracy of local learning models and significantly reduce communication costs.","2023-06","2026-03-10 15:12:50","2026-03-10 17:09:18","","753-767","","3","7","","IEEE Transactions on Emerging Topics in Computational Intelligence","","","","","","","","","","","Scopus","","","","","","","","Federated learning; Training; Data models; Data privacy; Costs; Servers; Deep learning; Optimization; Performance; Matrix decomposition; neural network; heterogeneous structured model; singular value decomposition; Cost reduction; Neural-networks; Optimisations; Client models; Learning models; Classification (of information); Communication cost; Singular value decomposition; Heterogeneous structured model; Structured modeling","","","","","","","","","","","","","","","","","","","","","","","","","","","","","","","","","","","","","","","","","","","","","","",""
"9EV49PCI","journalArticle","2026","J. Shi; Z. Guo; Y. Huang","User Comment Brushing Behavior Identification Algorithm for Malicious Network Behavior Detection","IEEE Transactions on Computational Social Systems","","2329-924X","10.1109/TCSS.2025.3614707","https://www.scopus.com/inward/record.uri?eid=2-s2.0-105020432317&doi=10.1109%2FTCSS.2025.3614707&partnerID=40&md5=6f06bd8ad21eadb6802e5bc502f29adc","As the behavior of user comment brushing on e-commerce and social platforms becomes increasingly hidden, this article constructs a detection algorithm that integrates dynamic graph neural network (dynamic GNN) and federated learning to detect the blind spots caused by deep learning-generated text and cross-platform collaborative brushing. Dynamic GNN is used to model user-device temporal associations to identify group topological features, and federated learning is used to aggregate multiplatform features to improve cross-platform detection performance while protecting privacy. Based on user comment behavior sequences, such as device ID (identifier), IP (Internet protocol), and timestamp, a dynamic heterogeneous graph (nodes: users/devices; edges: interaction frequency and time series) is constructed, and the topological structure is updated through a sliding window to capture short-term collaborative brushing patterns. A time-aware graph attention mechanism is adopted to aggregate the historical states of neighbor nodes and the current interaction features and output the temporal embedding vector of the user node to characterize its membership in the brushing group. Each platform trains the dynamic GNN model locally, and the central server aggregates cross-platform features such as device fingerprints and IP geographic distribution through federated averaging (FedAvg) to avoid the sharing of raw data. The user temporal embedding is concatenated with the federated features and input into the multilayer perceptron (MLP). The probability of user brushing is output, and the suspicious groups are marked after the threshold is determined. Experimental results show that the dynamic GNN integrated with federated learning has a false alarm rate of 12.1% and an F1-score of 83.1% under an attack density of 50%, demonstrating high cross-platform detection performance. When the time window changes from 30 to 600 s, the mean feature update delay decreases linearly with the increase of the window (38.2→15.9 ms), maintaining a millisecond-level response. The changing trend of the mean training throughput (12 450→29 450 edges/s) directly reflects the elastic expansion capability of the model architecture and has a high dynamic topology capture timeliness. The experimental data verify the effectiveness of this article’s research on the algorithm for identifying user comment brushing behavior.","2026-02","2026-03-10 15:12:50","2026-03-10 17:09:19","","1180-1193","","1","13","","IEEE Transactions on Computational Social Systems","","","","","","","","","","","Scopus","","","","","","","","federated learning; Federated learning; Training; Data models; Real-time systems; Collaboration; Feature extraction; Computational modeling; Deep learning; Graph neural networks; IP networks; Windows; Network architecture; Network topology; Aggregates; Dynamic graph neural network (dynamic GNN); federated averaging (FedAvg); malicious network behavior detection; user comment brushing; Behavioral research; Embeddings; Internet protocols; Multilayer neural networks; User devices; Graph algorithms; Behavior detection; Cross-platform; Dynamic graph; Dynamic graph neural network; Error detection; Federated averaging; Malicious network behavior detection; Multilayers; Network behaviors; User comment brushing","","","","","","","","","","","","","","","","","","","","","","","","","","","","","","","","","","","","","","","","","","","","","","",""
"HPVT5RSJ","journalArticle","2025","C. -J. Chuang; K. -H. Liu","Federated Learning-Aided Beam Prediction for Multi-User Millimeter Wave Communications","IEEE Transactions on Cognitive Communications and Networking","","2332-7731","10.1109/TCCN.2024.3494741","https://www.scopus.com/inward/record.uri?eid=2-s2.0-85209673102&doi=10.1109%2FTCCN.2024.3494741&partnerID=40&md5=1521073a8a317af248e02220c446f24a","Seamless and high-rate millimeter wave (mmWave) communications hinge on precise alignment between transmit and receive beams. While traditional methods like beam sweeping incur high pilot overhead, beam tracking is sensitive to movement patterns. In this study, we leverage received pilot signals collected over a time window and treat them as a time series to predict optimal beams of mmWave users. Inspired by the feature extraction capabilities of machine learning (ML) models, we propose a deep neural network (DNN) trained on a sequence of received pilot signals. Since each user’s dataset reflects only their movement pattern, we adopt federated learning (FL). Here, users train local models and transmit trained parameters to the base station (BS) for aggregation, ensuring model versatility. We assess the performance of our FL-aided beam prediction model using a popular mmWave channel dataset and study the impact of numerous key parameters. We also compare our method against state-of-the-art beam alignment approaches.","2025-06","2026-03-10 15:12:50","2026-03-10 17:09:19","","1818-1829","","3","11","","IEEE Transactions on Cognitive Communications and Networking","","","","","","","","","","","Scopus","","","","","","","","federated learning; Training; Accuracy; Predictive models; Long short term memory; Wireless communication; Millimeter wave communication; Vectors; Image segmentation; Tracking; Indexes; Image analysis; Array signal processing; Beam prediction; mmWave; multi-user; ODE-LSTM; residual network; Prediction models; Deep neural networks; Multiusers; Communication channels (information theory); Clutter (information theory); Beam sweeping; Cooperative communication; High rate; Image thinning; Millimeterwave communications; Movement pattern; Particle beam tracking; Pilot signals; Precise alignments; Residual network","","","","","","","","","","","","","","","","","","","","","","","","","","","","","","","","","","","","","","","","","","","","","","",""
"8CRLKNTL","conferencePaper","2021","A. Mitra; Y. Ngoko; D. Trystram","Impact of Federated Learning On Smart Buildings","2021 International Conference on Artificial Intelligence and Smart Systems (ICAIS)","","","10.1109/ICAIS50930.2021.9395938","https://www.scopus.com/inward/record.uri?eid=2-s2.0-85104963416&doi=10.1109%2FICAIS50930.2021.9395938&partnerID=40&md5=375fda802308d770996c9a8060c21070","Advances in Internet of Things open up many new possibilities in the design of smart-buildings. Thanks to the wide deployment and the growing computing power of connected devices, the researchers can now consider in-situ with distributed learning processes where on connected devices, local learners collect data to improve the building management system knowledge. In-situ and distributed learning is a convincing direction for smart-buildings since they can better take into account users contexts, privacy concerns or the minimization of energy consumption. However, this direction introduces new challenges such as that of formulating distributed learning processes in which data are collected locally, aggregated to generate models which themselves serve to define a global intelligence. This paper considers the formulation of such a distributed learning process, Federated personalization: a distributed learning strategy where individual learners collaborate in a knowledge sharing round to benefit from shared generalization, yet retain local specificity. This research work proposes a federation framework to orchestrate a group of autonomous learners naturally distributed across smart buildings. The results show that leveraging inter learner knowledge transfer makes it possible to achieve personalized lower generalization loss for regression problems like forecasting time series data and image classification. The prototype is currently deployed at Qarnot, a French computing heater company to provide secure and sustainable autonomic ambient intelligence via edge devices.","2021-03-25","2026-03-10 15:12:50","2026-03-10 17:09:20","","93-99","","","","","","","","","","","","","","","","Scopus","","","","Journal Abbreviation: 2021 International Conference on Artificial Intelligence and Smart Systems (ICAIS)","","","","Artificial intelligence; Federated Learning; Real-time systems; Edge Computing; Distributed databases; Time series analysis; Smart cities; Knowledge transfer; Collaborative work; Smart buildings; Learning systems; Smart Buildings; Ambient Intelligence; Internet Of Things; Multi sensor Networks; Space heating; Knowledge management; Privacy by design; Energy utilization; Building management system; Intelligent buildings; Distributed learning; Ambient intelligence; Regression problem; Autonomous learners; Forecasting time series; Global intelligence; Knowledge-sharing","","","","","","","","","","","","","","","","","","","","","","","","","","","","","","","","2021 International Conference on Artificial Intelligence and Smart Systems (ICAIS)","","","","","","","","","","","","","","",""
"AKWTS9GP","conferencePaper","2025","A. Tiwari; Himanshu","A Hybrid Machine Learning and Deep Learning Model for Time-Series Groundwater Level Prediction","2025 Fourth International Conference on Smart Technologies, Communication and Robotics (STCR)","","","10.1109/STCR62650.2025.11019322","https://www.scopus.com/inward/record.uri?eid=2-s2.0-105008423637&doi=10.1109%2FSTCR62650.2025.11019322&partnerID=40&md5=39cf41354397049a34e5f55ad9a3cf8b","Groundwater level forecasting is important for sustainable water resource management, especially in areas experiencing variable water availability. This research investigates the use of machine learning and deep learning methods to predict groundwater levels from historical data obtained from monitoring stations.The input data include groundwater measurements, temporal characteristics, and station information, which were preprocessed with interpolation and normalization techniques to ensure data quality.Different predictive models were deployed, such as Random Forest, Support Vector Machines (SVM), Long Short-Term Memory (LSTM) networks, and Bidirectional LSTM. In addition, a hybrid model involving Random Forest with LSTM was built for leveraging both structured and sequential learning features. Model accuracy was approximated through Mean Squared Error (MSE) and R2 Score, with Random Forest being the most accurate in machine learning models (MSE: 0.0276, R2: 0.9946). Bidirectional LSTM was outperforming the simple LSTM with an MSE of 0.0848 and an R2 Score of 0.9835. The hybrid model had better predictive ability with an MSE of 0.0410 and an R2 Score of 0.9920.The findings indicate the efficiency of hybrid methods in improving prediction accuracy, with the implication that integrating machine learning and deep learning methods can enhance groundwater forecasting. Future research will aim to incorporate remote sensing data, utilize federated learning for decentralized processing, and investigate transformer-based architectures for additional accuracy enhancements.","2025-05-09","2026-03-10 15:12:50","2026-03-10 17:09:20","","1-6","","","","","","","","","","","","","","","","Scopus","","","","Journal Abbreviation: 2025 Fourth International Conference on Smart Technologies, Communication and Robotics (STCR)","","","","Federated learning; Accuracy; Predictive models; Machine Learning; Random forests; Deep learning; Forecasting; Machine learning; Deep Learning; LSTM; Random Forest; Resource allocation; Support vector machines; Learning systems; Time series; Time series forecasting; Time-Series Forecasting; Bidirectional LSTM; Bidirectional long short-term memory; Bidirectional long short term memory; Groundwater; Groundwater Prediction; Hybrid Models; SVM; Water conservation; Water Resource Management; Water resources; Machine-learning; Mean square error; Learning algorithms; Support vectors machine; Short term memory; Hybrid model; Natural resources management; Groundwater prediction; Groundwater resources; Water resources management","","","","","","","","","","","","","","","","","","","","","","","","","","","","","","","","2025 Fourth International Conference on Smart Technologies, Communication and Robotics (STCR)","","","","","","","","","","","","","","",""
"NIKFJRZI","conferencePaper","2026","R. Kumar; J. Soni; H. Upadhyay","Federated Transformer Model for Water Contamination Detection in Distributed Monitoring Systems","2026 IEEE 5th International Conference on AI in Cybersecurity (ICAIC)","","","10.1109/ICAIC67076.2026.11395770","","Safety of water distribution systems is a serious societal health concern. The emergence of IoT sensors has facilitated real time monitoring, yet this creates huge time-series data that is high-dimensional and generates massive amounts of data that are often isolated across various utilities for privacy and security reasons. Such fragmentation of data prevents the creation of effective anomaly detection models. We introduce a privacy-sensitive federated learning (FL) system to water contamination detection based on Transformer-based architecture. Our solution is based on the FedAvg algorithm that allows several, distributed water utilities to jointly learn a strong global model, without ever exchanging their raw, sensitive sensor data. The self-attention module of the Transformer is particularly useful when attempting to detect intricate spatio-temporal relationships and long-range connections among various water quality metrics (e.g., pH, turbidity, chlorine), which tend to be antecedents of contamination occurrences. We show that the federated Transformer method shows high levels of detection performance, validating its potential to develop a generalized and resilient system of anomaly detection and strictly adhering to the data privacy requirements necessary to critical infrastructure.","2026-02-18","2026-03-10 15:12:50","2026-03-10 15:12:50","","1-6","","","","","","","","","","","","","","","","","","","","Journal Abbreviation: 2026 IEEE 5th International Conference on AI in Cybersecurity (ICAIC)","","","","Federated learning; Data models; Data privacy; Federated Learning; Monitoring; Sensors; Privacy; Anomaly detection; Anomaly Detection; Transformers; Critical infrastructure; Transformer; Time-Series; Contamination; Self-Attention; Water Contamination; Water pollution","","","","","","","","","","","","","","","","","","","","","","","","","","","","","","","","2026 IEEE 5th International Conference on AI in Cybersecurity (ICAIC)","","","","","","","","","","","","","","",""
"BBGQ96DB","journalArticle","2022","Y. Li; J. Li; Y. Wang","Privacy-Preserving Spatiotemporal Scenario Generation of Renewable Energies: A Federated Deep Generative Learning Approach","IEEE Transactions on Industrial Informatics","","1941-0050","10.1109/TII.2021.3098259","","Scenario generation is a fundamental and crucial tool for decision-making in power systems with high-penetration renewables. Based on big historical data, in this article, a novel federated deep generative learning framework, called Fed-LSGAN, is proposed by integrating federated learning and least square generative adversarial networks (LSGANs) for renewable scenario generation. Specifically, federated learning learns a shared global model in a central server from renewable sites at network edges, which enables the Fed-LSGAN to generate scenarios in a privacy-preserving manner without sacrificing the generation quality by transferring model parameters, rather than all data. Meanwhile, the LSGANs-based deep generative model generates scenarios that conform to the distribution of historical data through fully capturing the spatial-temporal characteristics of renewable powers, which leverages the least squares loss function to improve the training stability and generation quality. The simulation results demonstrate that the proposal manages to generate high-quality renewable scenarios and outperforms the state-of-the-art centralized methods. Besides, an experiment with different federated learning settings is designed and conducted to verify the robustness of our method.","2022-04","2026-03-10 15:12:50","2026-03-10 15:12:50","","2310-2320","","4","18","","IEEE Transactions on Industrial Informatics","","","","","","","","","","","","","","","","","","","federated learning; renewable energy; Training; Data models; Servers; Collaborative work; Renewable energy sources; scenario generation; Wind power generation; Generators; Deep generative models (DGMs); least square generative adversarial networks (GANs); uncertainty modeling","","","","","","","","","","","","","","","","","","","","","","","","","","","","","","","","","","","","","","","","","","","","","","",""
"CAHH2RE8","conferencePaper","2024","P. S. M. Traoré; W. Jaafar; F. Baldé","A Novel Dual FedAux-based Harvested Energy Prediction for Road Safety Systems","2024 IEEE World Forum on Public Safety Technology (WFPST)","","","10.1109/WFPST58552.2024.00006","https://www.scopus.com/inward/record.uri?eid=2-s2.0-85201179056&doi=10.1109%2FWFPST58552.2024.00006&partnerID=40&md5=ca0f929e9a7fec8da00c3820fb448d50","In the evolving landscape of road safety, the role of solar-powered Internet-of-Things (IoT) devices, crucial for supporting connected and autonomous vehicles (CAVs) with enhanced computing and storage capabilities, is increasingly significant These devices, often deployed in remote areas such as transcontinental highways, rely heavily on their energy harvesting capabilities for optimal operation. Given their expected widespread deployment, this paper explores the challenge of accurately predicting harvested energy in such IoT devices. To do so, we introduce ""Dual FedAux"", a novel approach that blends Federated Learning with a dual-model architecture, integrating long short-term memory (LSTM) and Transformer models. This combination, which is enhanced with meta-learning, i.e., stacking ensemble learning, is particularly adapted for time series analysis, such as for energy prediction. Through experiments, we demonstrate that the proposed Dual FedAux significantly outperforms benchmark models in terms of root-mean-square error (RMSE) and convergence, thus underscoring its potential to enhance the efficiency and reliability of large-scale road safety IoT-based systems.","2024-05-14","2026-03-10 15:12:50","2026-03-10 17:09:20","","68-73","","","","","","","","","","","","","","","","Scopus","","","","Journal Abbreviation: 2024 IEEE World Forum on Public Safety Technology (WFPST)","","","","Federated learning; Federated Learning; Predictive models; Computer architecture; IoT; Time series analysis; Computational modeling; Forecasting; Transformers; Autonomous Vehicles; Solar energy; Internet of things; Learning systems; Energy prediction; energy prediction; Energy harvesting; FedAux; Road safety; Long short-term memory; Mean square error; Computing capability; Accident prevention; Motor transportation; Roads and streets; Fedaux; Optimal operation; Remote areas; Solar-powered; Storage capability","","","","","","","","","","","","","","","","","","","","","","","","","","","","","","","","2024 IEEE World Forum on Public Safety Technology (WFPST)","","","","","","","","","","","","","","",""
"2863ULBW","conferencePaper","2022","Q. Chen; S. Liu; H. Qu; R. Zhu; L. You","TWAFR-GRU: An Integrated Model for Real-time Charging Station Occupancy Prediction","2022 IEEE Smartworld, Ubiquitous Intelligence & Computing, Scalable Computing & Communications, Digital Twin, Privacy Computing, Metaverse, Autonomous & Trusted Vehicles (SmartWorld/UIC/ScalCom/DigitalTwin/PriComp/Meta)","","","10.1109/SmartWorld-UIC-ATC-ScalCom-DigitalTwin-PriComp-Metaverse56740.2022.00233","","The fast-growing number of electric vehicles has resulted in a variety of charging-related issues, such as the shortage of public charging piles, the inconvenience of finding available charging piles, the additional traffic congestion caused by unnecessary cruising to search for available charging piles, etc. Since only constructing new charging piles may not significantly improve the charging efficiency, methods of predicting charging station occupancy are widely discussed as an effective means to address these issues. However, several challenges are encountered in training an efficient and effective model by utilizing distributed data, improving convergence speed, and enhancing model generalization ability. To address these issues, this paper proposes a novel mechanism, named TWAFR-GRU, which integrates Temporally Weighted Asynchronous Federated Learning (TWAFL) with Reptile and Gated Recurrent Unit (GRU). As shown by the holistic evaluation based on the charging station occupancy dataset, compared with other state-of-the-art baselines, TWAFR-GRU can 1) decrease MAE, RMSE and RAE by 19%, 15% and 17% separately and improve R2, by 67%; 2) cut rounds for the model to converge by 75%; 3) save training time by 44%; and 4) reduce 17% in forecasting error after the personalization of the initial model to serve a specific charging station.","2022-12-15","2026-03-10 15:12:50","2026-03-10 15:12:50","","1611-1618","","","","","","","","","","","","","","","","","","","","Journal Abbreviation: 2022 IEEE Smartworld, Ubiquitous Intelligence & Computing, Scalable Computing & Communications, Digital Twin, Privacy Computing, Metaverse, Autonomous & Trusted Vehicles (SmartWorld/UIC/ScalCom/DigitalTwin/PriComp/Meta)","","","","Federated learning; Training; Data models; Real-time systems; Predictive models; Distributed databases; Meta-learning; Charging stations; Asynchronous Federated Learning; Charging Station Occupancy Prediction; Gated Recurrent Unit","","","","","","","","","","","","","","","","","","","","","","","","","","","","","","","","2022 IEEE Smartworld, Ubiquitous Intelligence & Computing, Scalable Computing & Communications, Digital Twin, Privacy Computing, Metaverse, Autonomous & Trusted Vehicles (SmartWorld/UIC/ScalCom/DigitalTwin/PriComp/Meta)","","","","","","","","","","","","","","",""
"3E3WV75N","journalArticle","2025","K. Qi; J. Yang; M. Y. H. Al-Shamri; S. Ayouni; G. Kumar; P. L. Yee","Federated IoT-Driven Multisensor Fusion With Adaptive Graph and Multiscale Transformer Modules for Secure Coastal Vulnerability Assessment","IEEE Journal of Selected Topics in Applied Earth Observations and Remote Sensing","","2151-1535","10.1109/JSTARS.2025.3601541","","Coastal areas are increasingly vulnerable to rising sea levels, shoreline erosion, and more frequent extreme weather events. These evolving threats demand precise and timely vulnerability assessments to support effective planning and mitigation strategies. Yet, many existing prediction frameworks fall short—they often lack scalability, perform inconsistently across different coastal zones, and rely heavily on centralized data processing, which introduces delays and hinders real-time responsiveness. To overcome these limitations, this study proposes a novel federated graph-masked transformer network (FGMT-Net) designed specifically for dynamic, zone-sensitive coastal vulnerability prediction. Rather than focusing solely on data privacy, FGMT-Net uses federated learning to enable low-latency, decentralized training across regional data sources—such as Aberdeen Bay, Stonehaven, and St. Andrews—without requiring data centralization. The model architecture blends three core innovations: first, graph-based spatial learning to capture cross-zone dependencies, second, temporal transformers to model evolving environmental patterns, and third, an attention-guided feature masking mechanism that enhances both interpretability and noise reduction. Our primary objective is to build a scalable, interpretable, and communication-efficient framework for multitarget coastal risk forecasting. Experimental results show that FGMT-Net delivers strong performance, achieving a 97.6% classification rate, converging within 18 communication rounds, and maintaining high consistency across regions, reflected in federated agreement quotient and prediction agreement consistency scores of 0.931 and 0.974, respectively. In addition, statistical evaluations [ANOVA (F) = 8.90, Pearson (r) = 0.95, and Spearman ($\rho$) = 0.93] confirm its robustness. The novelty of this work lies in fusing federated deployment with graph-masked transformer reasoning, paving the way for fast, transparent, and zone-aware coastal vulnerability monitoring.","2025","2026-03-10 15:12:51","2026-03-10 15:12:51","","22996-23011","","","18","","IEEE Journal of Selected Topics in Applied Earth Observations and Remote Sensing","","","","","","","","","","","","","","","","","","","federated learning; Federated learning; Training; Data models; Real-time systems; Monitoring; Adaptation models; Privacy; Scalability; Transformers; graph neural networks; Sea measurements; explainable AI; Coastal flood risk; coastal vulnerability; risk forecasting","","","","","","","","","","","","","","","","","","","","","","","","","","","","","","","","","","","","","","","","","","","","","","",""
"5H4D89B2","conferencePaper","2025","R. Nage; S. Dorle","Design of an Iterative Method with Unified Privacy-Preserving Authentication and Intelligent Forensic Framework for Cloud and IoT Security Analysis","2025 IEEE 2nd International Conference for Women in Computing (InCoWoCo)","","","10.1109/InCoWoCo68239.2025.11407252","","Secure authentication along with malware detection are very important steps in modern cloud or IoT environment, with, privacy, accountability, and resilience against advanced threats. The present day anonymous authentication protocols reportedly have a high cryptographic overhead, low traceability, or static privacy mechanisms, while the current IoT malware forensic approaches happen to suffer from gradient leakage, low adaptability to zero day attacks, and slow resilience. This paper presents a comprehensive multi model framework combining five novel methods. The Dual Ledger Accountability Embedded Authentication (DLAA) model combines a primary blockchain with a secondary lightweight audit ledger and zero knowledge proofs, enabling revocable accountability without identity disclosure. The Layered Privacy Gradient Synthesis (LPGS) network applies adaptive differential privacy through learned gradient perturbations, balancing anonymity with service utility. The Quantum Inspired Entropy Guided Authentication Matrix (QEAM) replaces the key exchange with entropy driven, quantum inspired encoding, enabling faster keyless authentication. For IoT forensics, the Federated Swarm Vector Autoencoder Forensics (FSVAF) framework uses swarm optimized federated learning to detect anomalies in compressed latent space, reducing gradient leakage and improving zero day detection possibilities. The Temporal Hybrid Graph Reasoning Engine (THGRE) fuses symbolic rules with neural inference over evolving knowledge graphs for quick malware traceback. The experimental output reveals that the authentication time is reduced by 38%, with 94% malware detection accuracy in adaptive attack conditions, and is able to resolve forensics up to 67% more rapidly than previous static approaches with significantly reduced overhead. This framework collectively enhance privacy, accountability, scalability, and forensic dependability, making it efficient solution for next generation cloud and IoT ecosystems.","2025-11-14","2026-03-10 15:12:51","2026-03-10 15:42:39","","1-8","","","","","","","","","","","","","","","","","","","","Journal Abbreviation: 2025 IEEE 2nd International Conference for Women in Computing (InCoWoCo)","","","","Federated learning; Federated Learning; Adaptation models; Privacy; Resilience; Authentication; Vectors; Forensics; Malware; Anonymous Authentication; Entropy; IoT Malware Forensics; Quantum Inspired Security; Zero knowledge proof","","","","","","","","","","","","","","","","","","","","","","","","","","","","","","","","2025 IEEE 2nd International Conference for Women in Computing (InCoWoCo)","","","","","","","","","","","","","","",""
"ERJ97BFE","conferencePaper","2025","B. Li; D. Wang; F. Yang","Research on Machine Learning-Based Business Anomaly Detection in Power Dispatch Automation Systems","2025 IEEE 7th International Conference on Communications, Information System and Computer Engineering (CISCE)","2833-2423","","10.1109/CISCE65916.2025.11065709","https://www.scopus.com/inward/record.uri?eid=2-s2.0-105011949620&doi=10.1109%2FCISCE65916.2025.11065709&partnerID=40&md5=e5c705a63d9bb7c51abf19c665f2f3cc","This article proposes a hybrid machine learning model for detecting abnormal events in the power dispatch automation system. The model extracts features from both temporal and spatial dimensions to enhance algorithm performance and accurately locate anomalies. An unsupervised anomaly scoring mechanism is introduced to improve the detection of hidden anomalies. The study is divided into four parts: first, a time-space feature fusion model is developed for more accurate abnormal point localization; second, the model’s real-world effectiveness is validated through deployment in grid fault detection; third, dynamic fusion of time-series and high-dimensional spatial features demonstrates strong adaptability, with potential for applications in federated learning and data privacy protection; finally, it discusses the need for improvement in the model’s generalization ability when handling extreme cases.","2025-05-09","2026-03-10 15:12:51","2026-03-10 17:09:21","","1159-1165","","","","","","","","","","","","","","","","Scopus","","","","Journal Abbreviation: 2025 IEEE 7th International Conference on Communications, Information System and Computer Engineering (CISCE)","","","","Data models; Data privacy; Adaptation models; Automation; Feature extraction; Anomaly detection; Deep learning; Machine learning; Protection; Machine learning algorithms; Location awareness; Hybrid power systems; Learning systems; Grid anomaly detection; Information systems; Temporal-spatial feature fusion; Machine-learning; Learning algorithms; Automation systems; Features fusions; On-machines; Power dispatch; Spatial features","","","","","","","","","","","","","","","","","","","","","","","","","","","","","","","","2025 IEEE 7th International Conference on Communications, Information System and Computer Engineering (CISCE)","","","","","","","","","","","","","","",""
"YEYZ75EA","conferencePaper","2022","Z. Batool; K. Zhang; Z. Zhu; S. Aravamuthan; U. Aivodji","Block-FeST: A Blockchain-Based Federated Anomaly Detection framework with computation offloading using Transformers","2022 IEEE 1st Global Emerging Technology Blockchain Forum: Blockchain & Beyond (iGETblockchain)","","","10.1109/iGETblockchain56591.2022.10087158","","Internet of Things (IoT) devices generate a massive amount of data on a regular basis. This data has the potential to revolutionize every sector by developing intelligent systems. Unfortunately, the data is inaccessible due to privacy concerns. A decentralized machine learning approach, i.e., Federated Learning (FL), enables clients to train models locally in an iterative and collaborative manner. However, some clients may not be able to fully participate in training due to limited computational resources. To address the aforementioned issues, we propose Block-FeST, a blockchain-based Federated-Split Learning framework for anomaly detection using Transformers, that incorporates the strength of Federated and Split Learning (FSL). FL is employed to mitigate data privacy issues, while Split Learning (SL) is used to offload some computational overhead from constrained clients to a central server. Block-FeST is also capable of training a transformer model, which we demonstrate in the context of a temporal anomaly detection (AD) problem. Moreover, the use of a blockchain will generate an audit trail that can be used to address any challenges from the customers to take corrective actions. We have implemented our proposed solution and compared it against known centralized and decentralized baselines. Block-FeST achieves an accuracy of 86%, which is competitive with the other solutions, while providing additional benefits in terms of decentralization and client-side offloading.","2022-11-07","2026-03-10 15:12:51","2026-03-10 15:12:51","","1-6","","","","","","","","","","","","","","","","","","","","Journal Abbreviation: 2022 IEEE 1st Global Emerging Technology Blockchain Forum: Blockchain & Beyond (iGETblockchain)","","","","Training; Data privacy; Federated Learning; Blockchains; Collaboration; Anomaly Detection; Computational modeling; Blockchain; Transformers; Throughput; Transformer; Communication Service Providers (CSPs); Computation Offloading; Split Learning","","","","","","","","","","","","","","","","","","","","","","","","","","","","","","","","2022 IEEE 1st Global Emerging Technology Blockchain Forum: Blockchain & Beyond (iGETblockchain)","","","","","","","","","","","","","","",""
"HR9I83I2","journalArticle","2022","X. Xu; H. Peng; M. Z. A. Bhuiyan; Z. Hao; L. Liu; L. Sun; L. He","Privacy-Preserving Federated Depression Detection From Multisource Mobile Health Data","IEEE Transactions on Industrial Informatics","","1941-0050","10.1109/TII.2021.3113708","https://www.scopus.com/inward/record.uri?eid=2-s2.0-85115727091&doi=10.1109%2FTII.2021.3113708&partnerID=40&md5=2442491fca3e706c1d7766c24120fdf8","Depression is one of the most common mental illnesses, and the symptoms shown by patients are different, making it difficult to diagnose in the process of clinical practice and pathological research. Although researchers hope that artificial intelligence can contribute to the diagnosis and treatment of depression, the traditional centralized machine learning methods need to aggregate patient data, and the data privacy of patients with mental illness needs to be strictly confidential, which hinders machine learning algorithms’ clinical application. To solve the problem of medical data privacy with depression, in this article, we implement a study of federated learning to analyze and diagnose depression. First, we propose a general multiview federated learning framework using multisource data, which can extend any traditional machine learning model to support federated learning across different institutions or parties. Second, we employ later fusion methods to solve the problem of inconsistent time series of multiview data. Finally, we compare the federated framework with other cooperative learning frameworks in performance and discuss the related results. The experimental results show that in the case of participating in federated learning with enough participants, the prediction accuracy of depression score can reach 85.13%, which is about 15% higher than local training. When the number of participants is small and the amount of data is sufficient, the prediction accuracy of depression score can also reach 84.32%, and the improvement rate is about 9%.","2022-07","2026-03-10 15:12:51","2026-03-10 17:09:22","","4788-4797","","7","18","","IEEE Transactions on Industrial Informatics","","","","","","","","","","","Scopus","","","","","","","","federated learning; Federated learning; Training; Data models; Data privacy; Privacy; Collaborative work; Diseases; Learning systems; Medical diagnostic imaging; Hospitals; depression; Depression; Medical imaging; mobile device; Learning algorithms; Privacy preserving; Prediction accuracy; Learning frameworks; Problem solving; Diagnosis; Hospital data processing; mHealth; Clinical research; Patient treatment; Collaborative Work; Medical problems; Mental illness","","","","","","","","","","","","","","","","","","","","","","","","","","","","","","","","","","","","","","","","","","","","","","",""
"WYESA6CF","conferencePaper","2025","A. A. Hadi; A. Dheyaa Radhi; Y. I. Hamodi Aljanabi; I. Issa Alwan; M. A. Almaiah; H. Alzamily; R. W. Khalid; W. Adnan Hashim","Federated LSTM-Based Chronic Disease Risk Prediction Using Wearable Time-Series Data and Differential Privacy Optimization","2025 3rd International Conference on Cyber Resilience (ICCR)","","","10.1109/ICCR67387.2025.11292344","https://www.scopus.com/inward/record.uri?eid=2-s2.0-105031562176&doi=10.1109%2FICCR67387.2025.11292344&partnerID=40&md5=b00911371b1e4232f84122c437aeac29","This study presents a privacy-preserving federated learning framework for chronic disease risk prediction, leveraging long short-term memory (LSTM) networks trained on wearable time-series health data. The architecture integrates sequence-aware modeling, decentralized federated optimization, and differential privacy (DP) mechanisms to ensure compliance with modern data protection standards. Benchmarking was performed across four disease domains—cardiovascular risk, Type 2 diabetes, sleep apnea, and hypertension—using real-world and synthetic datasets derived from wearable sensors. The proposed system achieved a peak classification accuracy of 91.5%, with F1-scores up to 0.90 and AUC values consistently exceeding 0.89 across test clients. Compared to centralized and non-private baselines, the model maintained stability and predictive performance under heterogeneous, non-IID data distributions and strong privacy budgets (ε = 1.0–5.0). By incorporating temporal health dynamics and adaptive gradient clipping with DP-SGD, the framework preserved diagnostic utility while ensuring user confidentiality. Training was completed in under 4.1 seconds per round across 20 federated clients, supporting real-time deployment in decentralized healthcare systems. The architecture is compatible with mobile edge hardware, enabling scalable implementation in wearable-driven mHealth infrastructures without structural retraining.","2025-07-03","2026-03-10 15:12:55","2026-03-10 17:09:22","","1-8","","","","","","","","","","","","","","","","Scopus","","","","Journal Abbreviation: 2025 3rd International Conference on Cyber Resilience (ICCR)","","","","Federated learning; Data models; Accuracy; Adaptation models; Long short term memory; Edge AI; Differential privacy; Optimization; Explainable AI; LSTM; Diseases; Diabetes; Network security; Wearable sensors; Time series; Sleep apnea; Wearable computers; Graph Attention Networks; Industrial IoT Security; Multi-Stage Cyber Attack Detection; Threat Intelligence; Long short-term memory; Real time systems; Short term memory; Privacy-preserving techniques; Budget control; Cyber-attacks; Attack detection; Diagnosis; mHealth; Health risks; Graph attention network; Industrial IoT security; Multi-stage cybe attack detection; Multi-stages; Threat intelligence","","","","","","","","","","","","","","","","","","","","","","","","","","","","","","","","2025 3rd International Conference on Cyber Resilience (ICCR)","","","","","","","","","","","","","","",""
"4TD7PZAY","journalArticle","2025","A. Murmu; P. Kumar; S. Namasudra; M. R. Reddy","GAN-Based Federated Adversarial Learning for Enhancing Security Towards Consumer Digital Ecosystems","IEEE Transactions on Consumer Electronics","","1558-4127","10.1109/TCE.2024.3522018","https://www.scopus.com/inward/record.uri?eid=2-s2.0-85215544767&doi=10.1109%2FTCE.2024.3522018&partnerID=40&md5=9e5f366dd0e3a83c886dea336d12c95b","Federated Adversarial Learning (FAL) maintains the decentralization of adversarial training for data-driven innovations while allowing the collaborative training of a common model to protect privacy facilities. Before sharing with bigger global aggregation, it allows users to change settings locally over many iterations. However, a strong network against attackers in Industry 5.0 towards consumer digital ecosystems is a challenge for adversarial training methodologies. To solve this issue, a novel FAL-based Customized Inequality-Aware Federated Learning (CusIAFL) technique is proposed in this paper for classifying and securing color images. The proposed method reduces the instability brought on by the heterogeneity of the data and optimizes each data sample by understanding the client-label distribution. A unique Pix2Pix Generative Adversarial Network (GAN) algorithm is employed to generate realistic images in the presented research work, while a hybrid approach is used to guarantee consistency in the time series data. This innovative research work is evaluated on various non-medical, consumer electronic, and medical imagery. The experimental results have been evaluated using performance metrics, namely accuracy, entropy, Peak Signal-to-Noise Ratio (PSNR), Hausdorff Distance (HD95), Structural Similarity Index (SSIM), and Mean Square Error (MSE). The results show that the proposed technique outperforms the existing models in terms of security.","2025-02","2026-03-10 15:12:56","2026-03-10 17:09:23","","1102-1114","","1","71","","IEEE Transactions on Consumer Electronics","","","","","","","","","","","Scopus","","","","","","","","Federated learning; Data models; Data privacy; Privacy; Generative adversarial networks; Security; Medical services; Consumer electronics; cyber-physical systems; Cyber-physical systems; Brain modeling; Translation; Biomedical imaging; Adversarial machine learning; flower framework; medical images; Pix2Pix; Mean square error; Network-based; Cybe-physical systems; Decentralisation; Adversarial networks; Adversarial learning; Medical image; Flower framework; Digital ecosystem; Pix2pix","","","","","","","","","","","","","","","","","","","","","","","","","","","","","","","","","","","","","","","","","","","","","","",""
"JZTCVB8V","conferencePaper","2023","H. Wang; W. Yan; J. Zhao; B. Du; C. He; Y. Ma; R. Huang","Decentralized Subgraph Learning for Spatial-Temporal Data Modeling","2023 IEEE 29th International Conference on Parallel and Distributed Systems (ICPADS)","2690-5965","","10.1109/ICPADS60453.2023.00219","","Spatial-temporal data modeling has attracted attention due to the massive spatial-temporal data acquired by sensors, as well as its importance in the real world. Most existing methods require transferring a huge volume of data from different parties to a central server, which is impractical due to conflicts of benefit and privacy concerns. A party only possesses a part of the entire spatial-temporal data (i.e., a subgraph), and subgraphs are isolated among parties. Federated Learning (FL) is an emerging framework for training models without sharing data, but it still has a high vulnerability when the central server fails. Besides, naively fusing models in most FL may have a negative impact on performance because of insufficient spatial relations among subgraphs and discrepant spatial-temporal patterns among subgraphs. To this end, we propose a Decentralized Subgraph Learning framework for Spatial-Temporal data modeling, namely DeSL-ST, which can efficiently handle the distributed subgraphs without the need of the central server. Specifically, DeSL-ST uses a cross-subgraph spatial relation learning module to tackle the issue of missing spatial relations between subgraphs. Then, a sparse transfer structure learning module is proposed to produce better-personalized models that are beneficial for each subgraph. Experiments on two traffic forecasting tasks demonstrate that DeSL-ST achieves state-of-the-art performance with lower peer-to-peer communication cost.","2023-12-17","2026-03-10 15:12:56","2026-03-10 15:12:56","","1554-1561","","","","","","","","","","","","","","","","","","","","Journal Abbreviation: 2023 IEEE 29th International Conference on Parallel and Distributed Systems (ICPADS)","","","","Training; Data models; Costs; Predictive models; Distributed databases; Time series analysis; Peer-to-peer computing; Decentralized Learning; Spatial-Temporal Data Modeling","","","","","","","","","","","","","","","","","","","","","","","","","","","","","","","","2023 IEEE 29th International Conference on Parallel and Distributed Systems (ICPADS)","","","","","","","","","","","","","","",""
"RMWC9WHI","conferencePaper","2024","F. Giannini; E. D. Valle","MAcPNN: Mutual Assisted Learning on Data Streams with Temporal Dependence","2024 IEEE International Conference on Big Data (BigData)","2573-2978","","10.1109/BigData62323.2024.10825150","","Internet of Things (IoT) Analytics often involves applying machine learning (ML) models on data streams. In such scenarios, traditional ML paradigms face obstacles related to continuous learning while dealing with concept drifts, temporal dependence, and avoiding forgetting. Moreover, in IoT, different edge devices build up a network. When learning models on those devices, connecting them could be useful in improving performance and reusing others’ knowledge. This work proposes Mutual Assisted Learning, a learning paradigm grounded on Vygotsky’s popular Sociocultural Theory of Cognitive Development. Each device is autonomous and does not need a central orchestrator. Whenever it degrades its performance due to a concept drift, it asks for assistance from others and decides whether their knowledge is useful for solving the new problem. This way, the number of connections is drastically reduced compared to the classical Federated Learning approaches, where the devices communicate at each training round. Every device is equipped with a Continuous Progressive Neural Network (cPNN) to handle the dynamic nature of data streams. We call this implementation Mutual Assisted cPNN (MAcPNN). To implement it, we allow cPNNs for single data point predictions and apply quantization to reduce the memory footprint. Experimental results prove the effectiveness of MAcPNN in boosting performance on synthetic and real data streams.","2024-12-15","2026-03-10 15:12:56","2026-03-10 15:12:56","","890-899","","","","","","","","","","","","","","","","","","","","Journal Abbreviation: 2024 IEEE International Conference on Big Data (BigData)","","","","Federated learning; Training; Data models; Internet of Things; Neural networks; Performance evaluation; Streams; Detectors; Quantization (signal); Concept drift; internet of things; assisted learning; concept drifts; data streams; temporal dependence","","","","","","","","","","","","","","","","","","","","","","","","","","","","","","","","2024 IEEE International Conference on Big Data (BigData)","","","","","","","","","","","","","","",""
"36L59UI4","journalArticle","2024","S. Ullah; D. -H. Kim","Multiaccent EMG-to-Speech Optimized Transduction With PerFL and MAML Adaptations","IEEE Transactions on Instrumentation and Measurement","","1557-9662","10.1109/TIM.2024.3449948","https://www.scopus.com/inward/record.uri?eid=2-s2.0-85202755823&doi=10.1109%2FTIM.2024.3449948&partnerID=40&md5=7936d76de55a5207631b990e304e07d3","Silent speech voicing enables individuals with speech impairments to communicate solely through facial muscle movements, bypassing the need for vocalization. Typically, electromyography (EMG) is utilized in conjunction with voice signals from individuals with normal speech for training purposes. Existing studies are targeting single accent using a single acquisition device, ignoring multiple accents from diverse ethnic backgrounds which can pose challenges in developing generalized and adaptive solutions. To address this, we propose a comprehensive approach consisting of the following: 1) a multiaccent EMG-to-speech silent voicing dataset; 2) an optimized transduction model (EMG-to-speech features); 3) a model-agnostic meta-learning (MAML) approach to adapt across cross-accented data; and 4) a personalized federated learning (PerFL) solution that utilizes MAML initialization to enhance global model convergence. Our novel transduction model incorporates three key elements: 1) convolution layers with a Squeeze-and-Excitation network to enhance channel-wise interdependencies (feature recalibration); 2) a gating multilayer perceptron to enhance global context awareness by linear projections along channel dimensions; and 3) transformers that learn temporal features across time series (EMG). We validated our novel algorithm using publicly available and proprietary (from our research laboratory) datasets. To simulate real-world conditions, a proprietary dataset was generated using three different biosignal devices, yielding heterogeneous data with 1370 utterances involving eight subjects with three distinct accents. Our proposed transduction model outperformed traditional methods, with 1.3%–3.5% improvements in the word error rate (WER) on the public dataset. Moreover, we studied the impact of two different MAML variants and their impact on PerFL initialization. Detailed results, encompassing various performance metrics such as confusability, accuracy, character-error-rate (CER), and WER, are presented for both public and proprietary datasets.","2024","2026-03-10 15:12:56","2026-03-10 17:09:24","","1-17","","","73","","IEEE Transactions on Instrumentation and Measurement","","","","","","","","","","","Scopus","","","","","","","","Data models; Personalized federated learning; Adaptation models; Feature extraction; Convergence; Transformer; transformers; Image segmentation; Metalearning; meta-learning; Electromyography; Electromyography (EMG); EMG-to-speech; personalized federated learning (PerFL); silent speech interface; Speech enhancement; voice synthesis; Features extraction; Error statistics; Speech communication; Electromyography-to-speech; Silent speech interfaces; Speech synthesis; Word error rate","","","","","","","","","","","","","","","","","","","","","","","","","","","","","","","","","","","","","","","","","","","","","","",""
"CMI4I2VX","conferencePaper","2025","H. Bouzabia; S. Ali; A. Mittal; H. Dalal; M. Wyville","Federated Variational Autoencoder and Transformers for Temporal Data Augmentation and Interference Detection in Heterogeneous 5G Networks","ICC 2025 - IEEE International Conference on Communications","1938-1883","","10.1109/ICC52391.2025.11161411","","In this paper, we address passive intermodulation (PIM) interference in heterogeneous fifth-generation ($\mathbf{5 G}$) networks, compounded by limited datasets and non-independent, non-identically distributed (non-IID) data across cells. Though uncommon, PIM events can significantly degrade the signal-to-interference-plus-noise ratio (SINR), making their timely detection essential. Newly deployed cells often lack sufficient PIM samples to train a PIM detector, while existing cells face imbalances between PIM and no PIM data, complicating deep learning (DL) model training. The varying data distribution across cells adds further complexity. We propose a Federated Variational Autoencoder with Averaging Filter (FVAE-AvF) framework to address data heterogeneity, scarcity, and imbalanced data across cells in 5G networks. The Temporal Augmentation Variational Long Short-Term Memory (TAVLNet) serves as the local model, generating temporally coherent synthetic PIM data, while an Averaging Filter (AvF) ensures smoother data generation. For PIM detection, Vision Transformers (ViTs) are employed. Training them on the synthetic data generated from the FVAEAvF significantly improves detection accuracy and robustness. Leveraging federated learning (FL), the framework enables training without transferring data to a central location reducing data transfer costs and enhancing performance, particularly in managing non-IID data across distributed networks. It also allows cells with limited PIM data to benefit from the training on data from other cells, ensuring more effective model development. Numerical results show that the FVAE-AvF framework handles heterogeneous non-IID data better, improves detector performance with generated data, and enhances network robustness compared to existing FL and data augmentation methods.","2025-06-08","2026-03-10 15:12:56","2026-03-10 15:12:56","","1-6","","","","","","","","","","","","","","","","","","","","Journal Abbreviation: ICC 2025 - IEEE International Conference on Communications","","","","Training; Data models; Distributed databases; Robustness; Long short term memory; Data augmentation; Transformers; LSTM; 5G; 5G mobile communication; Interference; VAE; Signal to noise ratio; Data Augmentation; FL; PIM; Scarcity; Temporal Augmentation","","","","","","","","","","","","","","","","","","","","","","","","","","","","","","","","ICC 2025 - IEEE International Conference on Communications","","","","","","","","","","","","","","",""
"T4JDIPHR","conferencePaper","2025","F. Chun","Real-time Data Processing and Intelligent Monitoring System of Ferrite Magnetic Sensors under Edge Computing Architecture","2025 International Conference on Intelligent Computing and Knowledge Extraction (ICICKE)","","","10.1109/ICICKE65317.2025.11136390","https://www.scopus.com/inward/record.uri?eid=2-s2.0-105022284311&doi=10.1109%2FICICKE65317.2025.11136390&partnerID=40&md5=fbdd0d006854fd36c35c81a1f8cb2049","In the field of modern industrial monitoring, the traditional centralized computing architecture is difficult to meet the real-time and reliability requirements of ferrite magnetic sensors in complex industrial environments. This study proposes a real-time data processing and intelligent monitoring system for ferrite magnetic sensors based on edge computing architecture. The system adopts a four-level modular design. The edge perception layer deploys lightweight embedded nodes (ARM Cortex-M7 + ferrite sensor), the edge computing layer builds a distributed processing unit based on the KubeEdge edge containerization framework, the cloud collaboration layer dynamically updates the edge model parameters through federated learning, and the visualization platform integrates the time series database (TDengine) and the low-code dashboard (Node-RED). The maximum delay of the edge computing architecture is 395 milliseconds, the minimum delay is 217 milliseconds, and the average data processing throughput is about 10549 items/second. The system improves the monitoring performance of ferrite magnetic sensors.","2025-06-06","2026-03-10 15:12:57","2026-03-10 17:09:25","","1-6","","","","","","","","","","","","","","","","Scopus","","","","Journal Abbreviation: 2025 International Conference on Intelligent Computing and Knowledge Extraction (ICICKE)","","","","Real-time systems; Computer architecture; Monitoring; Time series analysis; edge computing; Edge computing; Throughput; Data processing; Delays; Architecture; data processing throughput; f1 value; Ferrites; intelligent monitoring; Magnetic sensors; Centralised; Data handling; Distributed database systems; Industrial monitoring; Computing architecture; Data processing throughput; F1 values; Ferrite; Intelligent monitoring; Intelligent monitoring systems; Real time requirement; Real-time data processing","","","","","","","","","","","","","","","","","","","","","","","","","","","","","","","","2025 International Conference on Intelligent Computing and Knowledge Extraction (ICICKE)","","","","","","","","","","","","","","",""
"DRCWYLFH","conferencePaper","2025","L. Chen","Data Correlation Analysis of Research Route Planning Based on Data Mining","2025 International Conference on Smart & Sustainable Technology (INCSST)","","","10.1109/INCSST64791.2025.11210348","https://www.scopus.com/inward/record.uri?eid=2-s2.0-105024939224&doi=10.1109%2FINCSST64791.2025.11210348&partnerID=40&md5=b3a5b8fe7c3530f70737eb1f69ca649b","In the context of explosive growth of scientific research data and complex research systems, traditional experience driven research route planning methods are limited by static assumptions and single data type dependencies, making it difficult to capture the dynamic correlations between scientific research elements. This study constructs a data-driven research route planning framework, which integrates multi-source heterogeneous data through a Time Series Graph Neural Network (TGNN) to achieve deep correlation modeling of topic evolution, resource allocation, and achievement output. The framework design includes a four layer architecture consisting of data layer, feature engineering layer, association modeling layer, and visualization application layer. BERT semantic encoding is used to extract deep features of scientific research texts, and GraphSAGE graph convolution and temporal gating mechanism (GRU) are combined to capture spatiotemporal dynamic relationships. SHAP value analysis and critical path tracing are used to achieve transparency in the decision-making process. The experiment was based on five years of scientific research data in a certain field (12863 structured records, 5217 literature texts, and a collaborative network with 1543 nodes), and the results showed that the proposed framework was significantly better than traditional methods (SWOT analysis, ARIMA) and baseline models (GCN) in terms of trend prediction accuracy (81.3%) and link prediction accuracy (86.4%). The resource allocation error rate (MAE) was reduced by 4.7 percentage points compared to the comparative model. The analysis of feature importance reveals that the similarity of policy themes (0.32) and the strength of cross institutional cooperation (0.28) are the core influencing factors, confirming the crucial role of policy orientation and research network structure in planning decisions. Research breaks through the static modeling bottleneck of traditional methods, constructs a planning system that combines prediction accuracy and interpretability, and provides a new path for data intensive scientific research paradigms. In the future, we can further explore cross institutional data collaboration and real-time dynamic response technologies driven by federated learning to enhance the framework’s generalization ability and decisionmaking timeliness.","2025-07-04","2026-03-10 15:12:57","2026-03-10 17:09:25","","1-7","","","","","","","","","","","","","","","","Scopus","","","","Journal Abbreviation: 2025 International Conference on Smart & Sustainable Technology (INCSST)","","","","Federated learning; Data models; Accuracy; Predictive models; Resource management; Feature extraction; Decision making; Data visualization; Graph neural networks; Correlation; Planning; Resource allocation; Intelligent systems; Data mining; Encoding; interpretability; Interpretability; Multimodal fusion; Research route planning; Temporal graph neural network; Dynamics; Distributed computer systems; Prediction accuracy; Multi-modal fusion; Temporal graphs; Research data; Route planning; Scientific researches","","","","","","","","","","","","","","","","","","","","","","","","","","","","","","","","2025 International Conference on Smart & Sustainable Technology (INCSST)","","","","","","","","","","","","","","",""
"5XWPQK3Y","conferencePaper","2025","N. Mthethwa; J. Mwangama; M. Masonta","Review of Machine Learning Techniques that Enable Network Slicing in Open RAN","2025 IEEE 3rd Wireless Africa Conference (WAC)","","","10.1109/WAC63911.2025.10992597","https://www.scopus.com/inward/record.uri?eid=2-s2.0-105007295657&doi=10.1109%2FWAC63911.2025.10992597&partnerID=40&md5=a0ea61f1e38124ac60e9050e220d21e1","The evolution of 5G networks and the anticipated capabilities of 6G have placed significant emphasis on intelligent Radio Access Network (RAN) slicing to meet the diverse and stringent requirements of services such as enhanced mobile broadband (eMBB), ultra-reliable low-latency communications (URLLC), and massive machine-type communications (mMTC). This paper reviews state-of-the-art techniques, with a particular focus on the application of machine learning (ML) approaches in RAN slicing. The study categorises ML algorithms based on their primary functions: time series networks for traffic prediction, federated learning for security and privacy, supervised learning for slice admission control, and reinforcement learning for resource allocation and management. It also highlights the complementary nature of these techniques, as demonstrated by hybrid models such as federated deep RL and LSTM-integrated distributed deep RL.","2025-02-24","2026-03-10 15:12:57","2026-03-10 17:09:25","","1-6","","","","","","","","","","","","","","","","Scopus","","","","Journal Abbreviation: 2025 IEEE 3rd Wireless Africa Conference (WAC)","","","","Federated learning; Reinforcement learning; Resource management; Privacy; Deep learning; machine learning; Supervised learning; Security; Reviews; Self-supervised learning; 6G mobile communication; Network slicing; Machine learning algorithms; 5G; network slicing; Resource allocation; Support vector machines; Open RAN; Ultra reliable low latency communication; Deep reinforcement learning; Radio access networks; Semi-supervised learning; fifth-generation networks; open RAN; Machine-learning; Machine learning techniques; E-learning; 5g; Open radio access network; Fifth-generation network; Low-latency communication; Mobile broadband; Stringent requirement","","","","","","","","","","","","","","","","","","","","","","","","","","","","","","","","2025 IEEE 3rd Wireless Africa Conference (WAC)","","","","","","","","","","","","","","",""
"KEGVRUBY","conferencePaper","2025","R. V. S. Sihman Bharattej. R; M. Aich; A. Alzaidi; R. G; K. Patel","Edge-Optimized LSTM Framework for Blockchain-Enabled Supply Chain Monitoring","2025 International Conference on Intelligent Communication Networks and Computational Techniques (ICICNCT)","","","10.1109/ICICNCT66124.2025.11232996","https://www.scopus.com/inward/record.uri?eid=2-s2.0-105030447233&doi=10.1109%2FICICNCT66124.2025.11232996&partnerID=40&md5=59ef90327f8945eb0e92d1ba86090663","In recent years, the integration of blockchain and Internet of Things (IoT) technology has led to supply chains incorporating transparency to gain a competitive advantage. However, most systems explore blockchain-enabled architectures in a cloud atmosphere, which leads to latency and scalability problems. To address this, the proposed BlockchainEnabled Supply Chain Monitoring Framework using Edge Computing and Long Short-Term Memory (LSTM) model optimized with TinyML Initially for collected IoT data, including radio frequency ID (RFID), Global Positioning System (GPS), and environmental sensors utilized to monitor the environment. First, preprocessed the edge nodes through normalization to ensure a clean and reliable input. Further, the LSTM model is instituted to capture the dependencies related to the time series data for accurate delay determination and anomaly detection, while the model is trained in a federated learning method, which separates the LSTM model from local people to enhance authentication. Optimization was achieved through structured weight pruning to remove unnecessary neurons and through post-training 8-bit quantization. The prediction and notifications were then recorded using the blockchain via a smart contract. Experimental results on the demonstrate that EC-LSTM-TinyML achieving higher accuracy (98.87%), precision (98.67%), recall (97.87%), and F1score (97.89%) when compared with existing model Gated Recurrent Unit- Multi-Head Attention (GRU-MHA).","2025-09-05","2026-03-10 15:13:00","2026-03-10 17:09:25","","1-6","","","","","","","","","","","","","","","","Scopus","","","","Journal Abbreviation: 2025 International Conference on Intelligent Communication Networks and Computational Techniques (ICICNCT)","","","","Data models; Blockchains; Accuracy; Internet of Things; Monitoring; Anomaly detection; edge computing; Image edge detection; Computational modeling; Long short term memory; Blockchain; Edge computing; Global Positioning System; Supply chains; Internet of things; Learning systems; internet of things; normalization; supply chain monitoring; Long short-term memory; Competition; Block-chain; Short term memory; Personnel training; Internet of things technologies; Memory modeling; Normalisation; Global positioning system; Competitive advantage; Latency problem; Scalability problems; Supply chain monitoring","","","","","","","","","","","","","","","","","","","","","","","","","","","","","","","","2025 International Conference on Intelligent Communication Networks and Computational Techniques (ICICNCT)","","","","","","","","","","","","","","",""
"QBZG7M9B","journalArticle","2023","X. Han; Y. Zhou; K. Chen; H. Qiu; M. Qiu; Y. Liu; T. Zhang","ADS-Lead: Lifelong Anomaly Detection in Autonomous Driving Systems","IEEE Transactions on Intelligent Transportation Systems","","1558-0016","10.1109/TITS.2021.3122906","https://www.scopus.com/inward/record.uri?eid=2-s2.0-85123793938&doi=10.1109%2FTITS.2021.3122906&partnerID=40&md5=cdf5c7e54b53c5569547e5382216dad4","Autonomous Vehicles (AVs) are closely connected in the Cooperative Intelligent Transportation System (C-ITS). They are equipped with various sensors and controlled by Autonomous Driving Systems (ADSs) to provide high-level autonomy. The vehicles exchange different types of real-time data with each other, which can help reduce traffic accidents and congestion, and improve the efficiency of transportation systems. However, when interacting with the environment, AVs suffer from a broad attack surface, and the sensory data are susceptible to anomalies caused by faults, sensor malfunctions, or attacks, which may jeopardize traffic safety and result in serious accidents. In this paper, we propose ADS-Lead, an efficient collaborative anomaly detection methodology to protect the lane-following mechanism of ADSs. ADS-Lead is equipped with a novel transformer-based one-class classification model to identify time series anomalies (GPS spoofing threat) and adversarial image examples (traffic sign and lane recognition attacks). Besides, AVs inside the C-ITS form a cognitive network, enabling us to apply the federated learning technology to our anomaly detection method, where the vehicles in the C-ITS jointly update the detection model with higher model generalization and data privacy. Experiments on Baidu Apollo and two public data sets (GTSRB and Tumsimple) indicate that our method can not only detect sensor anomalies effectively and efficiently but also outperform state-of-the-art anomaly detection methods.","2023-01","2026-03-10 15:13:00","2026-03-10 17:09:26","","1039-1051","","1","24","","IEEE Transactions on Intelligent Transportation Systems","","","","","","","","","","","Scopus","","","","","","","","Federated learning; Data models; Data privacy; Collaboration; Anomaly detection; Transformers; Machine learning; Autonomous vehicles; Global Positioning System; Autonomous Vehicles; Intelligent systems; Location awareness; Transformer; Learning systems; Autonomous driving; Intelligent transportation systems; Cognitive systems; Traffic congestion; autonomous driving systems; cognitive networking; intelligent transportation system (ITS); Accidents; Real time systems; Driving systems; Intelligent vehicle highway systems; Global positioning system; Chemical detection; Autonomous driving system; Cognitive networking.; Cognitive networkings; Intelligent transportation system","","","","","","","","","","","","","","","","","","","","","","","","","","","","","","","","","","","","","","","","","","","","","","",""
"4QJLRA9T","journalArticle","2022","T. Yao; J. Wang; H. Wu; P. Zhang; S. Li; K. Xu; X. Liu; X. Chi","Intra-Hour Photovoltaic Generation Forecasting Based on Multi-Source Data and Deep Learning Methods","IEEE Transactions on Sustainable Energy","","1949-3037","10.1109/TSTE.2021.3123337","https://www.scopus.com/inward/record.uri?eid=2-s2.0-85118528924&doi=10.1109%2FTSTE.2021.3123337&partnerID=40&md5=7b92d3a7a32f11dd638fa9e8f7b9765b","Global issues pertaining to climate change have necessitated the rapid deployment of new energy sources, such as photovoltaic (PV) generation. In smart grids, accurate forecasting is essential to ensure the reliability and economy of the power system. However, PV generation is severely affected by meteorological factors, which hinders accurate forecasting. Various types of data, such as local measurement data, numerical weather prediction, and satellite images, can reflect meteorological dynamics over different time scales. This paper proposes a novel data-driven forecasting framework based on deep learning, which integrates an advanced U-net and an encoder-decoder architecture to cooperatively process multi-source (time series recording and satellite image) data. The adaption of the neural networks to the data sources and the collaborative learning of both spatial and temporal features boost the model accuracy. The experimental results for 50 real-world PV power stations indicate that the proposed framework features a higher accuracy than that of other baseline models.","2022-01","2026-03-10 15:13:00","2026-03-10 17:09:26","","607-618","","1","13","","IEEE Transactions on Sustainable Energy","","","","","","","","","","","Scopus","","","","","","","","Data models; Predictive models; Feature extraction; Satellites; Deep learning; Forecasting; Data processing; deep learning; Weather forecasting; Satellite images; Climate change; Data-driven forecasting; photovoltaic generation forecasting; satellite image; Photovoltaic cells; Data driven; Data handling; Smart power grids; Features extraction; Electric power transmission networks; Climate models; Multisource data; Photovoltaic generation forecasting; Photovoltaics generations","","","","","","","","","","","","","","","","","","","","","","","","","","","","","","","","","","","","","","","","","","","","","","",""
"TH7ESPRG","journalArticle","2022","X. Meng; Q. Liu; F. Shao; S. Li","Spatio–Temporal–Spectral Collaborative Learning for Spatio–Temporal Fusion with Land Cover Changes","IEEE Transactions on Geoscience and Remote Sensing","","1558-0644","10.1109/TGRS.2022.3185459","https://www.scopus.com/inward/record.uri?eid=2-s2.0-85134077572&doi=10.1109%2FTGRS.2022.3185459&partnerID=40&md5=165e05cf8e69dec10f66785069698de9","Spatio-temporal fusion by combining the complementary spatial and temporal advantages of multisource remote-sensing images to obtain time-series high spatial resolution images is highly desirable in monitoring surface dynamics. Currently, deep learning (DL)-based fusion methods have received extensive attention. However, existing DL-based spatio-temporal fusion methods are generally limited in fusing the images with land cover changes. In this article, we propose a spatio-temporal–spectral collaborative learning framework for spatio-temporal fusion to alleviate this problem. Specifically, the proposed method integrates the convolutional neural network and recurrent neural network into a unified framework, consisting of three subnetworks: the multiscale Siamese convolutional neural network (MSCNN), the multilayer convolutional recurrent neural network, and the adaptive weighting fusion network (AWFNet). The MSCNN has a flexible weight-sharing network to extract multiscale spatial–spectral features from multisource remote-sensing images. The multilayer convolutional recurrent neural network is constructed on the convolutional long short-term memory units to comprehensively learn the land cover changes by spatial, spectral, and temporal joint features. The AWFNet with a spatio-temporal–spectral change (STSC) loss is proposed to further improve the interpretability and robustness. The experiments were performed on the publicly available benchmark datasets featured phenology and land cover type changes, respectively. The experimental results demonstrated the competitive performance of the proposed method than other state-of-the-art fusion methods.","2022","2026-03-10 15:13:00","2026-03-10 17:09:26","","1-16","","","60","","IEEE Transactions on Geoscience and Remote Sensing","","","","","","","","","","","Scopus","","","","","","","","Sensors; Feature extraction; Recurrent neural networks; Adaptive systems; convolutional neural network (CNN); Convolution; Spatial resolution; Earth; remote sensing; Remote sensing; MODIS; recurrent neural network (RNN); Adaptive weighting fusion; land cover changes; spatio-temporal fusion; spatiotemporal analysis; Convolutional neural network; Features extraction; learning; Remote-sensing; spatial resolution; land cover; Spatio-temporal; Multilayer neural networks; Network layers; Image resolution; Adaptive weighting; Image fusion; Land-cover change; Spatio-temporal fusions","","","","","","","","","","","","","","","","","","","","","","","","","","","","","","","","","","","","","","","","","","","","","","",""
"9QHE9PEV","conferencePaper","2025","Y. Dong","Correlation-Driven Multi-Level Multimodal Learning for Anomaly Detection on Smart Electric Grid","2025 2nd International Conference on Smart Grid and Artificial Intelligence (SGAI)","","","10.1109/SGAI64825.2025.11009488","","In multi-energy systems, the continuous expansion of sensor networks and the rapid growth of data dimensions make the traditional single-modality-based anomaly detection strategy difficult to adapt to the challenges of multi-source heterogeneity and potential correlation brought by complex energy consumption scenarios. According to the theory of multimodal fusion algorithms, the Correlation-Driven Multi-Level Multimodal model in this work deeply executes cross-modal collaborative learning and multi-level semantics representation for the data feature of multiple energy sources: Firstly, utilize the multi-channel attention mechanism to mine the correlation between energy consumption data in different modals to realize the implementation of the weight attention of key features. Then, the hierarchical embedding network was used to map the multi-modal features to the high-dimensional unified semantic space, the temporal information and spatial relations were captured through different levels. Moreover, we construct a composite graph relationship which covers multi-source data and the potential interaction in between by combining graph structure learning and adversarial training, to enhance the accuracy and robustness of abnormal features capturing, to realize accurate detection of complex anomalous patterns in multi-energy systems. The experiment results demonstrate that, compared to the previous mainstream methods, the proposed model has a higher detection accuracy and a stronger generalization ability on the multi-source energy datasets.","2025-03-21","2026-03-10 15:13:00","2026-03-10 15:13:00","","254-257","","","","","","","","","","","","","","","","","","","","Journal Abbreviation: 2025 2nd International Conference on Smart Grid and Artificial Intelligence (SGAI)","","","","Data models; Accuracy; Adaptation models; Feature extraction; Anomaly detection; Smart grids; Attention mechanisms; Energy consumption; Correlation; Semantics; Correlation mining; Energy consumption anomaly detection; Multi-layer feature representation; Multimodal learning","","","","","","","","","","","","","","","","","","","","","","","","","","","","","","","","2025 2nd International Conference on Smart Grid and Artificial Intelligence (SGAI)","","","","","","","","","","","","","","",""
"V5UC8896","conferencePaper","2025","Z. Fan","Construction of Food Quality Prediction and Traceability Platform Based on Machine Learning","2025 3rd World Conference on Communication & Computing (WCONF)","","","10.1109/WCONF64849.2025.11233265","","In response to the challenges faced by global food supply chain quality supervision, such as data silos, lagging predictions, and low traceability efficiency, this study constructs a food quality prediction and traceability platform based on machine learning and blockchain technology to achieve intelligent control throughout the entire chain. Platform design with four layers of technical architecture: The data layer collects multi-dimensional real-time data through IoT sensors, and completes preprocessing through principal component analysis and anomaly detection; The intelligent prediction layer integrates the structured feature processing capability of XGBoost and the advantages of LSTM temporal modeling to construct a hybrid model for high-precision prediction of shelf life and quality risk level; The traceability layer adopts an improved PBFT consensus mechanism to hash key data onto the chain, ensuring that the entire chain information is tamper proof and has a second level traceability response. The experiment is based on real datasets of dairy products and fruit and vegetable products. The results show that the accuracy of platform quality risk classification reaches 89.2%, the root mean square error of shelf life prediction is 2.14 days, and the blockchain traceability delay is stable at 2.3 seconds, which is more than 40% more efficient than traditional systems. The research innovation lies in the fusion of heterogeneous models and the collaboration of blockchain technology, breaking through the limitations of single algorithm modeling and building a trusted data base, providing enterprises with an integrated solution of ""prediction monitoring traceability"", effectively reducing quality recall costs, and providing precise regulatory technical support for regulatory authorities. In the future, we will focus on lightweight edge models, cross enterprise federated learning data sharing, and deep integration of multimodal data to promote the platform's expansion into complex scenarios, and assist in the intelligent transformation of the global food supply chain and the construction of safety assurance systems.","2025-07-25","2026-03-10 15:13:01","2026-03-10 15:13:01","","1-7","","","","","","","","","","","","","","","","","","","","Journal Abbreviation: 2025 3rd World Conference on Communication & Computing (WCONF)","","","","Data models; Real-time systems; Predictive models; Internet of Things; Principal component analysis; Prediction algorithms; Technological innovation; Analytical models; Machine learning; Safety; Root mean square; Supply chains; Blockchain traceability; Food quality prediction; Intelligent supply chain","","","","","","","","","","","","","","","","","","","","","","","","","","","","","","","","2025 3rd World Conference on Communication & Computing (WCONF)","","","","","","","","","","","","","","",""
"UJKCVKD5","journalArticle","2025","Kunal, K.; Madeshwaren, V.; Leena Nesamani, S.; Banushri, A.; Ganesan, V.; Gupta, S.","Federated Learning for Secure AI-Driven Predictive Maintenance in Smart Manufacturing","International Journal of Basic and Applied Sciences","","","10.14419/snsw1b47","https://www.scopus.com/inward/record.uri?eid=2-s2.0-105009963257&doi=10.14419%2Fsnsw1b47&partnerID=40&md5=8b29066896ac10dbc6b8b52c01eee4c0","Background: In the Industry 4.0 landscape, integrating artificial intelligence (AI) with smart manufacturing is essential for enhancing automated monitoring, predictive maintenance, and system optimization. However, traditional centralized AI model training poses critical risks to data privacy, security, and scalability, especially when sensitive operational data from factory machines is shared across platforms. Methods: This study proposes a decentralized, intelligent framework designed for real-time machine monitoring that enhances fault detection accuracy while safeguarding data privacy. The approach begins with real-time sensor data acquisition—capturing vibration, tem-perature, and acoustic signals from distributed factory units via edge devices. These signals undergo preprocessing and advanced feature extraction using Wavelet Transform and Empirical Mode Decomposition (EMD) to reveal critical fault characteristics. Results: A hybrid deep learning model that combines Convolutional Neural Networks (CNNs) with Long Short-Term Memory (LSTM) networks is used for classification. CNNs are responsible for extracting spatial features, whereas LSTMs identify temporal dependencies in time-series. With the federated learning (FL) framework, model training can be done collaboratively across edge devices without the need to transfer sensitive raw data. Conclusion: This ensures security and enhances model generalization. Results from experiments indicate that the suggested FL-based hybrid model exceeds centralized architectures regarding detection accuracy, computational efficiency, and adaptability. This research provides a scalable and secure solution that enhances intelligent monitoring for Industry 4.0 systems. © Authors.","2025","2026-03-10 16:54:10","2026-03-10 17:10:07","","361-370","","2","14","","","","","","","","","","","","","Scopus","","","","","","","","Federated Learning; Edge Computing; Fault Detection; Deep Learning; Smart Manufacturing; Signal Processing","","","","","","","","","","","","","","","","","","","","","","","","","","","","","","","","","","","","","","","","","","","","","","",""
"ZAFQB443","journalArticle","2024","Yao, J.; Liang, W.; Zheng, Z.; Ouyang, Y.; Liao, C.","Research on maintenance cycle prediction for energy equipment with limited and sensitive data","Engineering Failure Analysis","","","10.1016/j.engfailanal.2024.108696","https://www.scopus.com/inward/record.uri?eid=2-s2.0-85199525481&doi=10.1016%2Fj.engfailanal.2024.108696&partnerID=40&md5=1607849cd9205d5e53499ce0ba5ea60e","Failures in natural gas compressor units can lead to significant production incidents that impact energy security, making intelligent preventative maintenance of this equipment critically important. Given the limited and sensitive data from critical energy equipment like natural gas compressor units, this paper conducts preventative maintenance research based on domain adaptation and federated learning (DFPM), and proposes a novel maintenance cycle prediction framework. The feasibility of the proposed method was validated through historical operational data from field natural gas compressor units, providing a data-oriented reference for maintenance decision-making. Verification results demonstrate that the proposed multi-level adversarial domain adaptation method possesses superior feature representation capability, enhancing the preservation of the original degradation trend for time series data compared to traditional DA models. The novel federated adversarial strategy presented in this paper can effectively transfer source domain knowledge to the target domain, further enhancing the cross-unit predictive performance of the target domain model with limited samples. Additionally, this strategy with the chaotic multi-mode predictive model further improves the limitations of low parallelism and efficiency in traditional RNN-based prediction models while ensuring data security. This research provides a new perspective for the intelligent operation and maintenance of large energy equipment, which is of significance in practical engineering. © 2024 Elsevier Ltd","2024","2026-03-10 16:54:11","2026-03-10 17:10:07","","","","","164","","","","","","","","","","","","","Scopus","","","","","","","","Federated learning; Predictive maintenance; Maintenance; Deep learning; Forecasting; Decision making; Domain adaptation; Compressibility of gases; Cycle prediction; Domain Knowledge; Energy equipment; Energy equipments; Energy security; Gas compressor units; Gas compressors; Limited data; Maintenance cycles; Natural gas; Natural gas compressors","","","","","","","","","","","","","","","","","","","","","","","","","","","","","","","","","","","","","","","","","","","","","","",""
"X2QGR47K","journalArticle","2026","Li, J.; Yang, B.; Yao, Y.; Meng, Z.; Zhang, J.","Remaining useful life prediction of rolling bearings using federated learning with personalized dynamic aggregation and local-adversarial","Engineering Applications of Artificial Intelligence","","","10.1016/j.engappai.2026.113853","https://www.scopus.com/inward/record.uri?eid=2-s2.0-105027626604&doi=10.1016%2Fj.engappai.2026.113853&partnerID=40&md5=00d46e6c23c96b10fe0b0cf4e8a6d3e5","Remaining useful life (RUL) prediction is assuming an increasingly critical role in health monitoring and maintenance of mechanical systems. Considering the data privacy constraints and data distribution discrepancy in multi-client distributed collaborative training, how to boost the RUL prediction accuracy under cross-domain conditions is still a critical issue worth studying. Hence, this paper proposes a federated learning method with personalized dynamic aggregation and local-adversarial for RUL prediction of rolling bearings. Firstly, a parallel feature cross-attention fusion network incorporating multi-scale convolution and gated recurrent units is constructed to effectively extract spatio-temporal features from time-series data, and then to accomplish the RUL prediction. Secondly, considering the difference of performance and data of different clients, a dynamic model aggregation strategy guided by client validation loss is proposed to generate a global model on the server, so as to improve its perception of multi-condition data. Concurrently, a personalized local-adversarial weighted fusion strategy is designed on the client to integrate the global model with the client model effectively, thereby improving the personalization and generalization of the client model. Two sets of experimental data are utilized to analyze and validate the proposed methodology. The findings demonstrate that the proposed approach is capable of enhancing the RUL prediction accuracy of rolling bearings across operating conditions, and offers an effective technical support for the predictive maintenance of industrial equipment. © 2026 Elsevier Ltd.","2026","2026-03-10 16:54:11","2026-03-10 17:10:11","","","","","167","","","","","","","","","","","","","Scopus","","","","","","","","Artificial intelligence; Federated learning; Predictive maintenance; Data privacy; Forecasting; Mechanical systems; Data mining; Learning systems; Data aggregation; Remaining useful life prediction; Rolling bearings; Dynamics; Remaining useful life predictions; Global models; Condition; Distributed computer systems; Client models; Dynamic aggregation; Health monitoring and maintenance; Local-adversarial; Prediction accuracy","","","","","","","","","","","","","","","","","","","","","","","","","","","","","","","","","","","","","","","","","","","","","","",""
"XQ8GTLKL","journalArticle","2022","","Proceedings - 2022 International Conference on Advanced Computing and Analytics, ACOMPA 2022","Proceedings - 2022 International Conference on Advanced Computing and Analytics, ACOMPA 2022","","","","https://www.scopus.com/inward/record.uri?eid=2-s2.0-85147144387&partnerID=40&md5=39dd16b714dd6034bc2f6028551e7fc1","The proceedings contain 13 papers. The topics discussed include: secure recommender system based on neural collaborative filtering and federated learning; identifying temporary water bodies from drone images at real-time using deep-learning techniques; toward code generation for process-oriented, role-based dashboards : an example of digital advertising in Vietnam; a semi-supervised method for smart irrigation using real data in the Mekong Delta; large margin cotangent loss for deep similarity learning; a full framework of disease treatment assistant system for precision agriculture; multi-step-ahead time series forecasting based on CEEMDAN decomposition and temporal convolutional networks; smart desk in hybrid classroom: research and implement a system to detect inattentive students; implementation of complete glaucoma diagnostic system using machine learning and retinal fundus image processing; design of robotic arm control model for rescue applications; and predictive maintenance IoT system for industrial machines using random forest regressor.","2022","2026-03-10 16:54:12","2026-03-10 17:10:13","","","","","","","","","","","","","","","","","","Scopus","","","","","","","","","","","","","","","","","","","","","","","","","","","","","","","","","","","","","","","","","","","","","","","","","","","","","","",""
"T3W5UXAR","conferencePaper","2023","Hiessl, T.; Lakani, S.R.; Ungersboeck, M.; Kemnitz, J.; Schall, D.; Schulte, S.","Lifecycle Management of Federated Learning Artifacts in Industrial Applications","2023 IEEE 7th International Conference on Fog and Edge Computing (ICFEC)","","","10.1109/ICFEC57925.2023.00010","https://www.scopus.com/inward/record.uri?eid=2-s2.0-85184995756&doi=10.1109%2FICFEC57925.2023.00010&partnerID=40&md5=e85270866977b72dcf98dd7e735ac110","In industrial settings, traditional centralized ap-proaches for training AI models can be insufficient due to limited training data. Industrial Federated Learning (IFL) offers a promising solution by enabling collaborative training across multiple industrial devices, while keeping data on-premises. In this paper, we propose a novel approach for supporting the development, deployment, integration and execution of IFL solutions. The proposed method provides a lifecycle management of FL artifacts and supports FL as a Service (FlaaS). This enables the extensibility and customizability of FL-based edge applications in industrial settings. Additionally, we introduce a federated clustering algorithm that we have integrated into a condition monitoring app running on client locations to evaluate the proposed lifecycle management. We run two scenarios with four and 33 clients using real-world time series data from industrial pumps. Our results show the applicability of the implemented lifecycle management and demonstrates that privacy-preserving approaches compete well with privacy-disclosing ones.  © 2023 IEEE.","2023","2026-03-10 15:04:17","2026-03-10 17:10:13","","7-15","","","","","","","","","","","","","","","","Scopus","","","","Journal Abbreviation: 2023 IEEE 7th International Conference on Fog and Edge Computing (ICFEC)","","","","Federated learning; Training; Federated Learning; Condition monitoring; Servers; Training data; Time series analysis; Performance evaluation; Clustering algorithms; Lifecycle Management; Centralised; Privacy-preserving techniques; Collaborative training; Customizability; Industrial devices; Industrial settings; Learning artifacts; Life cycle; Lifecycle management; Limited training data; Real-world time series","","","","","","","","","","","","","","","","","","","","","","","","","","","","","","","","Proceedings - 7th IEEE International Conference on Fog and Edge Computing, ICFEC 2023","","","","","","","","","","","","","","",""
"PALRAVZG","conferencePaper","2024","Praveena, K.; Misba, M.; Kaur, C.; Al Ansari, M.S.; Vuyyuru, V.A.; Muthuperumal, S.","Hybrid MLP-GRU Federated Learning Framework for Industrial Predictive Maintenance","2024 Third International Conference on Electrical, Electronics, Information and Communication Technologies (ICEEICT)","","","10.1109/ICEEICT61591.2024.10718600","https://www.scopus.com/inward/record.uri?eid=2-s2.0-85208738178&doi=10.1109%2FICEEICT61591.2024.10718600&partnerID=40&md5=2bf11376f87d1d8c351009d91d453dac","Assuring the dependability and effectiveness of industrial gear, cutting downtime, and lowering maintenance costs all depend on predictive maintenance. We provide a hybrid MLP-GRU model-based Federated Learning-Enabled Advanced Predictive Maintenance Framework in this work for defect prediction and detection in industrial machinery. By using federated learning approaches, the framework is made to effectively utilize the combined intelligence of dispersed datasets while maintaining data security and privacy. Three distinct datasets, representing various types of equipment and failure scenarios, are integrated into the framework: the IMS Bearing Dataset, C-MAPSS Dataset, and Pump Sensor Dataset. The records are carefully combined into a training dataset by means of integration and preprocessing, which makes it easier to create a hybrid MLP-GRU model that can recognize intricate temporal correlations and fault patterns. The model may learn from a variety of sources without centralizing sensitive data thanks to the Federated Learning architecture, which facilitates collaborative model training across dispersed data subsets. Across dispersed datasets, the optimization layer effectively updates model parameters while decreasing loss functions by utilizing sophisticated optimization methods. The adapted framework's efficacy in defect detection and prognosis tasks across a range of industrial machinery types and fault circumstances has been demonstrated through training and assessment. All things considered, the suggested framework is a major step forward in industrial machinery predictive maintenance, providing a scalable, accurate, and privacy-preserving approach for proactive failure identification and prediction. Its use of hybrid MLP-GRU model architecture and federated learning approaches shows promising outcomes of 0.94% accuracy in practical industrial applications.  © 2024 IEEE.","2024","2026-03-10 15:03:44","2026-03-10 17:04:19","","1-8","","","","","","","","","","","","","","","","Scopus","","","","Journal Abbreviation: 2024 Third International Conference on Electrical, Electronics, Information and Communication Technologies (ICEEICT)","","","","Federated learning; Predictive maintenance; Training; Data models; Data privacy; Federated Learning; Predictive Maintenance; Maintenance; Accuracy; Predictive models; Adaptation models; Fault Detection; Hybrid MLP-GRU Model; Industrial Machinery; Prognostics and health management; Pumps; Defect detection; Network security; Maintenance cost; Faults detection; Learning approach; Learning frameworks; Model-based OPC; Bearings (machine parts); Critical path analysis; Gear cutting; Gear cutting machines; Hybrid MLP-GRU model; Industrial gears; Industrial machinery; Speed regulators","","","","","","","","","","","","","","","","","","","","","","","","","","","","","","","","2024 3rd International Conference on Electrical, Electronics, Information and Communication Technologies, ICEEICT 2024","","","","","","","","","","","","","","",""
"4CHV7YW8","journalArticle","2023","Du, N.H.; Long, N.H.; Ha, K.N.; Hoang, N.V.; Huong, T.T.; Tran, K.P.","Trans-Lighter: A light-weight federated learning-based architecture for Remaining Useful Lifetime prediction","Computers in Industry","","","10.1016/j.compind.2023.103888","https://www.scopus.com/inward/record.uri?eid=2-s2.0-85150052299&doi=10.1016%2Fj.compind.2023.103888&partnerID=40&md5=1714fbcf9c0b1d5a4824220cac42ed1e","Predictive maintenance (PdM) plays an important role in industrial manufacturing. One of the most fundamental ideas underlying many PdM solutions is to estimate Remaining Useful Life (RUL) of machines. Recently, advanced deep learning models like convolutional neural network (CNN) and long short-term memory (LSTM) have been widely used for RUL prediction. However, these models also have certain limitations because of the difficulty in dealing with long-term dependencies in time series data. In this study, we propose a novel model based on transformer networks to overcome this difficulty. Rather than using the full structure of a transformer model, we exploit only the encoder combined with a linear layer. The Bayesian Optimization algorithm is applied to find optimal hyperparameters for the encoder. Experiments on widely used turbofan engine datasets show that our proposed method significantly outperforms the state-of-the-art RUL prediction methods by up to 25% in terms of predicting remaining usable life. We also provide a solution for the problem of preserving the privacy and security of data in smart manufacturing by designing a Federated Learning-based architecture for RUL using the proposed transformer-based model. © 2023 Elsevier B.V.","2023","2026-03-10 16:54:12","2026-03-10 17:10:17","","","","","148","","","","","","","","","","","","","Scopus","","","","","","","","Federated learning; Predictive maintenance; Convolutional neural networks; Forecasting; Transformer; Learning systems; Network architecture; Long short-term memory; Remaining useful life predictions; Remaining useful lives; Bayesian optimization; Lifetime prediction; Light weight; Remaining useful lifetime; Remaining Useful Lifetime; Security of data; Signal encoding; Turbofan engines; Useful lifetime","","","","","","","","","","","","","","","","","","","","","","","","","","","","","","","","","","","","","","","","","","","","","","",""
"T2WQT8MT","journalArticle","2023","Ahn, J.; Lee, Y.; Kim, N.; Park, C.; Jeong, J.","Federated Learning for Predictive Maintenance and Anomaly Detection Using Time Series Data Distribution Shifts in Manufacturing Processes","Sensors","","","10.3390/s23177331","https://www.scopus.com/inward/record.uri?eid=2-s2.0-85170339183&doi=10.3390%2Fs23177331&partnerID=40&md5=7a353da4d78127806ab4c4588dd398c5","In the manufacturing process, equipment failure is directly related to productivity, so predictive maintenance plays a very important role. Industrial parks are distributed, and data heterogeneity exists among heterogeneous equipment, which makes predictive maintenance of equipment challenging. In this paper, we propose two main techniques to enable effective predictive maintenance in this environment. We propose a 1DCNN-Bilstm model for time series anomaly detection and predictive maintenance of manufacturing processes. The model combines a 1D convolutional neural network (1DCNN) and a bidirectional LSTM (Bilstm), which is effective in extracting features from time series data and detecting anomalies. In this paper, we combine a federated learning framework with these models to consider the distributional shifts of time series data and perform anomaly detection and predictive maintenance based on them. In this paper, we utilize the pump dataset to evaluate the performance of the combination of several federated learning frameworks and time series anomaly detection models. Experimental results show that the proposed framework achieves a test accuracy of 97.2%, which shows its potential to be utilized for real-world predictive maintenance in the future. © 2023 by the authors.","2023","2026-03-10 16:54:12","2026-03-10 17:10:18","","","","17","23","","","","","","","","","","","","","Scopus","","","","","","","","federated learning; Federated learning; Predictive maintenance; Maintenance; Convolutional neural networks; Anomaly detection; anomaly detection; LSTM; manufacturing; time series; Learning systems; Time series; time series analysis; outlier detection; data distribution; Long short-term memory; Times series; Convolutional neural network; Time-series data; learning; Data distribution; Learning frameworks; article; convolutional neural network; Manufacturing process","","","","","","","","","","","","","","","","","","","","","","","","","","","","","","","","","","","","","","","","","","","","","","",""
"ICNW9YFV","journalArticle","2024","Shah, M.J.; Saleem, M.; Akhter, M.; Wajid, M.; Malik, J.A.","Deep Learning and Time Series Analysis for Internet of Things Device Predictive Maintenance","Journal of Computing and Biomedical Informatics","","","","https://www.scopus.com/inward/record.uri?eid=2-s2.0-105026773612&partnerID=40&md5=ec3856818307b0a21122f74568abbfde","The expansion of the Internet of Things (IoT) devices in many industries has ushered the era of using data to optimize the organization. Nonetheless, the innovation of maintenance methods for the networked devices that are reliable and operate continuously is a necessity. This study focuses on building and using a predictive maintenance framework for IoT devices integrating the benefits of the TSA and the DL methods. The general aim of this project is to enhance the accuracy and quality of predictive maintenance operations, which will reduce the downtime of the equipment and increase the efficiency of resources use. The investigation methodology includes collecting a variety of data types from the Internet of Things devices such as sensor readings, error logs, and maintenance records. The next step is a comprehensive data pre-processing that entails cleaning, normalization, and feature extraction of the dataset before analysis. The fundamental analytical components of the proposed framework comprise of the Time Series Analysis that is used to detect the time series patterns in the IoT data. Through the use of statistical methods and the process of splitting up the time series data, we can better understand the device's performance as well as recurring patterns, which provide valuable information to us. Simultaneously, Deep Learning models, especially RNNs and LSTMs, employing previous patterns is used for forecasting maintenance requirements. The findings from applying the preventive maintenance model to real IoT data proved to be highly accurate and efficient in predicting maintenance requirements. The article highlights the current challenges of IoT devices maintenance prediction and suggests directions for further studies. It involves studying edge computing, federated learning, and incorporating XAI in models to boost their interpretability. In the last, the research represents the importance of preventive maintenance for the reliability of IoT devices. It offers a roadmap for businesses that wish to benefit from the full potential of data analytics and artificial intelligence for operational optimization. © 2024, Research Center of Computing and Biomedical Informatics. All rights reserved.","2024","2026-03-10 16:54:13","2026-03-10 17:10:20","","","","","2024","","","","","","","","","","","","","Scopus","","","","","","","","Predictive Maintenance; Internet of Things; Reliability; Deep Learning; Time Series Analysis; Downtime Reduction; IoT Devices","","","","","","","","","","","","","","","","","","","","","","","","","","","","","","","","","","","","","","","","","","","","","","",""
"E48WT88T","conferencePaper","2025","Heinrich, F.; Egger, T.; Ghaeni, H.; Kormann, B.; Wenninger, F.","Enabling Federated Learning: Generating Synthetic Clients through Time Series Data Augmentation","2025 Smart Systems Integration Conference and Exhibition (SSI)","","","10.1109/SSI65953.2025.11107210","https://www.scopus.com/inward/record.uri?eid=2-s2.0-105015589374&doi=10.1109%2FSSI65953.2025.11107210&partnerID=40&md5=4b3b5b741a17059aa361a6206a2d80cb","When developing a federated machine learning concept, there is often insufficient data available to test its feasibility and scalability. This work focuses particularly on time series data, which often occurs in distributed predictive maintenance scenarios. Data engineers are often provided with limited self-recorded datasets from laboratory test rigs or a small number of test systems. However, during inference, the installed sensors of each distributed client may differ from those of other clients and may not follow the same distribution as laboratory data. This non-IID property is inherent in many federated learning problems. The provided data augmentation software addresses the research question of how to test whether a federated learning concept still converges when only limited datasets are available. We have therefore developed open-source software that can perform data augmentation to generate synthetic time series datasets to simulate federated learning with many clients. The software emulates typical sensor data challenges, such as offset, noise, drift, time shifts, and missing data, in order to augment the given data. This gives researchers a tool with which they can quickly test the limits of their federated learning approach, helping them improve the robustness and scalability of their training. The source code is publicly available at: https://gitlab. cc-asp.fraunhofer.de/MLS-public/federated-data-augmentation. ©2025 IEEE.","2025","2026-03-10 15:03:45","2026-03-10 17:10:22","","1-4","","","","","","","","","","","","","","","","Scopus","","","","Journal Abbreviation: 2025 Smart Systems Integration Conference and Exhibition (SSI)","","","","federated learning; Federated learning; Predictive maintenance; Training; Distributed databases; Sensors; Robustness; Time series analysis; machine learning; artificial intelligence; data augmentation; Data augmentation; Scalability; Smart systems; Source coding; time series data; Machine learning; Learning systems; Time series; Open source software; Engineering education; Software testing; Machine-learning; Property; Time-series data; Laboratory test; Learning problem; Maintenance scenario; Open systems; Statistical tests; Test rigs; Test systems","","","","","","","","","","","","","","","","","","","","","","","","","","","","","","","","2025 Smart Systems Integration Conference and Exhibition, SSI 2025","","","","","","","","","","","","","","",""
"PNHVJBUV","conferencePaper","2024","Milasheuski, U.; Baraldi, P.; Zio, E.; Savazzi, S.","Federated Generative Models for Predictive Maintenance in Industrial Environments","2024 8th International Conference on System Reliability and Safety (ICSRS)","","","10.1109/ICSRS63046.2024.10927496","https://www.scopus.com/inward/record.uri?eid=2-s2.0-105003252457&doi=10.1109%2FICSRS63046.2024.10927496&partnerID=40&md5=d38b3a88b751854800f2cfc91deaa99a","Predictive Maintenance (PdM) is a proactive approach to maintenance based on predicting the future evolution of the health state of industrial components and their failure time. It allows for minimizing downtime by planning maintenance interventions in advance and reducing the costs associated with unexpected breakdowns. PdM strongly relies on Machine Learning (ML) and Data Analytics (DA). However, implementing predictive maintenance across multiple, geographically dispersed industrial plants presents challenges, particularly in terms of data privacy, ownership, intellectual property, and regulatory compliance. A possible solution to ensure that data remains on the original source is Federated Learning (FL). In this work, a generative model based on a Variational Autoencoder (VAE) is employed for anomaly detection in time series data. The model is trained via FL is shown to improve the VAE generalization capabilities in an industrial setting. Moreover, we highlight that the partial federation of the model, which involves the transmission of a subset of the model parameters, allows for increasing the overall performance while reducing the total parameter communication overhead. This result is particularly important for applications aiming to maximize communication efficiency by reducing the total transmission latency between the end nodes. © 2024 IEEE.","2024","2026-03-10 15:03:45","2026-03-10 17:10:23","","156-161","","","","","","","","","","","","","","","","Scopus","","","","Journal Abbreviation: 2024 8th International Conference on System Reliability and Safety (ICSRS)","","","","Federated learning; Predictive maintenance; Data models; Federated Learning; Predictive Maintenance; Maintenance; Anomaly detection; Time series analysis; Anomaly Detection; Autoencoders; Decoding; Generative adversarial networks; Time measurement; Variational Autoencoder; Predictive analytics; Health state; Auto encoders; Variational autoencoder; Industrial environments; Failure time; Generative model; Industrial components; Pro-active approach","","","","","","","","","","","","","","","","","","","","","","","","","","","","","","","","2024 8th International Conference on System Reliability and Safety, ICSRS 2024","","","","","","","","","","","","","","",""
"8I8C5IKC","journalArticle","2024","Giannopoulos, A.; Gkonis, P.; Bithas, P.; Nomikos, N.; Kalafatelis, A.; Trakadas, P.","Federated Learning for Maritime Environments: Use Cases, Experimental Results, and Open Issues","Journal of Marine Science and Engineering","","","10.3390/jmse12061034","https://www.scopus.com/inward/record.uri?eid=2-s2.0-85197231857&doi=10.3390%2Fjmse12061034&partnerID=40&md5=01b6fbf945af71324f9265d83743eb7c","Maritime transportation is crucial for global trade and responsible for the majority of goods movement worldwide. The optimization of maritime operations is challenged by the complexity and heterogeneity of maritime nodes. This paper presents the emerging deployment of federated learning (FL) in maritime environments to address these challenges. FL enables decentralized machine learning model training, ensuring data privacy and security while overcoming issues associated with non-i.i.d. data. This paper explores various maritime use cases, including fuel consumption reduction, predictive maintenance, and just-in-time arrival. Experimental results using real datasets demonstrate the superiority of FL in predicting the fuel consumption of large cargo ships in terms of accuracy and spatiotemporal complexity over traditional collaborative machine learning approaches. The findings indicate that FL can significantly improve the performance of fuel consumption models in a collaborative way, while ensuring data privacy preservation and no data transmission during the learning process. Finally, this paper discusses open issues and future research directions necessary for the widespread adoption of FL in maritime transportation and settings. © 2024 by the authors.","2024","2026-03-10 16:54:13","2026-03-10 16:54:13","","","","6","12","","","","","","","","","","","","","Scopus","","","","","","","","federated learning; machine learning; maritime communication networks; maritime industry; maritime transportation; security and privacy","","","","","","","","","","","","","","","","","","","","","","","","","","","","","","","","","","","","","","","","","","","","","","",""
"NIH5T73H","conferencePaper","2024","Guduri, N.V.R.; Charaan, R.M.D.; Kalaiyarasi, R.; Samuthira Pandi, V.; Reddy, D.L.; Selvaprabhu, T.","Predictive Maintenance in IoT Networks Using a Temporal Attention Mechanism Based Federated Convolutional Neural Network","2024 4th Asian Conference on Innovation in Technology (ASIANCON)","","","10.1109/ASIANCON62057.2024.10838193","https://www.scopus.com/inward/record.uri?eid=2-s2.0-85218124015&doi=10.1109%2FASIANCON62057.2024.10838193&partnerID=40&md5=0cfe05d50a21237b904d241da8051dab","In the era of Industry 4.0, edge devices in industrial settings generate vast amounts of data crucial for process optimization and Predictive Maintenance (PM). Traditional cloud-based approaches for handling this data are becoming untenable due to cost, latency, and privacy issues. Federated learning emerges as a viable solution, offering localized and efficient data processing while mitigating these challenges. This paper presents a Federated Convolutional Neural Network with Temporal Attention Mechanism (FedCNN-TAM) for PM tasks in Internet of Things (IoT) networks. This model leverages temporal features in sensor data to enhance predictive accuracy. Evaluated on the CMAPSS dataset, FedCNN-TAM outperforms representative models with a significant performance gain. This model exhibits the potential for broader applications in industrial IoT, setting the stage for future research on its scalability and adaptability to multi-modal data types.  © 2024 IEEE.","2024","2026-03-10 15:03:45","2026-03-10 17:05:15","","1-7","","","","","","","","","","","","","","","","Scopus","","","","Journal Abbreviation: 2024 4th Asian Conference on Innovation in Technology (ASIANCON)","","","","Predictive maintenance; Data models; Federated Learning; Real-time systems; Accuracy; Convolutional neural networks; Predictive models; Adaptation models; predictive maintenance; Technological innovation; Attention mechanisms; aggregation; IoT networks; Temperature distribution; Temporal attention; Spatio-temporal data; Convolutional neural network; Process optimisation; Industrial settings; Cloud-based; Internet of thing network; Mechanism-based; Privacy issue","","","","","","","","","","","","","","","","","","","","","","","","","","","","","","","","2024 4th Asian Conference on Innovation in Technology, ASIANCON 2024","","","","","","","","","","","","","","",""
"AWXUJQEI","journalArticle","2025","Llasag Rosero, R.; Silva, C.; Ribeiro, B.; Albisser, M.; Brutsche, M.; Arias Chao, M.","Label synchronization strategies for hybrid federated learning","Reliability Engineering and System Safety","","","10.1016/j.ress.2024.110751","https://www.scopus.com/inward/record.uri?eid=2-s2.0-85212414455&doi=10.1016%2Fj.ress.2024.110751&partnerID=40&md5=c892dbc88e1198d5e9bb739bb5756ccd","Advances in artificial intelligence and sensing technologies are becoming instrumental in the adoption of condition-based and predictive maintenance strategies across various industrial sectors. Data-driven models enable the estimation of the current health state of systems and forecast their temporal evolution, promoting proactive maintenance approaches. Despite the evident benefits of collaborative data sharing for developing these models, challenges persist, including data scarcity in each stakeholder, the diversified nature of information held by various parties, and privacy concerns that hinder the willingness to disclose sensitive data. Consequently, parties monitoring similar systems have potential interest in collaborative solutions that respect data privacy policies. Federated Learning, a privacy-preserving and decentralized machine learning approach can address these challenges. By introducing various data partitioning settings – horizontal, vertical, and hybrid – it allows for different modes of data contribution from involved parties, thereby determining how data synchronization occurs. In this work, we introduce FedMulLabSync, a novel algorithm that extends the label synchronization to multidimensional spaces to address use cases where sharing unidimensional labels is insufficient. FedMulLabSync incorporates two synchronization strategies: time-sharing and similarity-based. Time-sharing augments the label space with time, while similarity-based computes the similarity between two multidimensional target labels of different parties. Both strategies are inspired by solutions designed to overcome non-independent and identically distributed (non-IID) data. The effectiveness of the proposed algorithm is demonstrated in forecasting and classifying the health condition of two systems using labels in multidimensional space: turbofan and maritime engines. In forecasting the remaining useful lifetime of turbofan engines, the MAE of the most precise non-federated model was reduced from ≈12.58 to ≈9.97. In classifying the health condition of maritime engines, the F-score of the worst non-federated model was increased from 0.22 to 0.45. © 2024","2025","2026-03-10 16:54:14","2026-03-10 16:54:14","","","","","256","","","","","","","","","","","","","Scopus","","","","","","","","Artificial intelligence; Federated learning; Predictive maintenance; Synchronization; Differential privacy; Contrastive Learning; Adversarial machine learning; Condition based maintenance; Condition-based maintenance; Health condition; Artificial intelligence technologies; Industrial sector; Turbofan engines; Sensing technology; Maintenance strategies; Multidimensional spaces; Synchronization strategies; Time-sharing","","","","","","","","","","","","","","","","","","","","","","","","","","","","","","","","","","","","","","","","","","","","","","",""
"CZNQCSKX","conferencePaper","2024","von Wahl, L.; Heidenreich, N.; Mitra, P.; Nolting, M.; Tempelmeier, N.","Data Disparity and Temporal Unavailability Aware Asynchronous Federated Learning for Predictive Maintenance on Transportation Fleets","","","","10.1609/aaai.v38i14.29467","https://www.scopus.com/inward/record.uri?eid=2-s2.0-85189616727&doi=10.1609%2Faaai.v38i14.29467&partnerID=40&md5=83d0761ec31b889e86b90480851773ae","Predictive maintenance has emerged as a critical application in modern transportation, leveraging sensor data to forecast potential damages proactively using machine learning. However, privacy concerns limit data sharing, making Federated learning an appealing approach to preserve data privacy. Nevertheless, challenges arise due to disparities in data distribution and temporal unavailability caused by individual usage patterns in transportation. In this paper, we present a novel asynchronous federated learning approach to address system heterogeneity and facilitate machine learning for predictive maintenance on transportation fleets. The approach introduces a novel data disparity aware aggregation scheme and a federated early stopping method for training. To validate the effectiveness of our approach, we evaluate it on two independent real-world datasets from the transportation domain: 1) oil dilution prediction of car combustion engines and 2) remaining lifetime prediction of plane turbofan engines. Our experiments show that we reliably outperform five state-of-the-art baselines, including federated and classical machine learning models. Moreover, we show that our approach generalises to various prediction model architectures. Copyright © 2024, Association for the Advancement of Artificial Intelligence (www.aaai.org). All rights reserved.","2024","2026-03-10 16:54:14","2026-03-10 16:54:14","","15420-15428","","14","38","","","","","","","","","","","","","Scopus","","","","","","","","Predictive maintenance; Data privacy; Maintenance; Forecasting; Machine learning; Machine-learning; Data Sharing; Learning approach; Privacy concerns; Data distribution; Sensors data; Turbofan engines; Critical applications; Petroleum transportation; Transportation fleet; Usage patterns","","","","","","","","","","","","","","","","","","","","","","","","","","","","","","","","Proceedings of the AAAI Conference on Artificial Intelligence","","","","","","","","","","","","","","",""
"KY422FF7","conferencePaper","2024","Selvaganesh, M.; Sakthi Kumar, S.; Sabarisan, K.M.","5G RAN Failure Prediction System","","","","10.1109/ICCCSMD63546.2024.11015160","https://www.scopus.com/inward/record.uri?eid=2-s2.0-105016463619&doi=10.1109%2FICCCSMD63546.2024.11015160&partnerID=40&md5=45e8c6fedea5bc40c5bd5cf1fbf67c91","The 5G Radio Access Network (RAN) Failure Prediction System leverages advanced Artificial Intelligence (AI) and Machine Learning (ML) algorithms to forecast network failures up to two hours in advance, ensuring uninterrupted service and high Quality of Service (QoS). By utilizing Fault Management (FM) and Performance Management (PM) data sourced from Third Generation Partnership Project (3GPP) Service Level Agreements (SLAs), the system predicts potential RAN issues before they impact network performance. The process begins with the collection and preprocessing of FM and PM data from diverse 5G RAN components. This data is cleansed, normalized, and integrated, addressing any missing values or outliers to ensure accuracy. Feature engineering is employed to extract and refine features, highlighting complex relationships within the data. The model development phase combines interpretable models such as Decision Trees, Rule Fit, and Local Interpretable Model-agnostic Explanations (LIME) with anomaly detection algorithms like Isolation Forest. Additionally, dynamic thresholding and temporal analysis using Long Short-Term Memory (LSTM) networks capture time-dependent patterns. Automated feature engineering tools, including the Tree-based Pipeline Optimization Tool (TPOT), enhance the feature extraction process, while AI methods like SHapley Additive exPlanations (SHAP) and Layer-wise Relevance Propagation (LRP) ensure model transparency. Continuous evaluation mechanisms, such as A/B testing, drift detection, and Federated Learning (FL) techniques, are employed to refine the model continually. Once developed, the predictive system is seamlessly integrated into the 5G RAN infrastructure, with regular updates and maintenance to uphold its reliability. This system significantly advances 5G network management by minimizing downtime, optimizing maintenance efforts, and enhancing QoS. Despite challenges like data dependence and complex initial setup, the benefits of proactive maintenance, cost savings, scalability, and transparent insights make this solution a vital tool for the future of 5G networks. © 2024 IEEE.","2024","2026-03-10 16:54:15","2026-03-10 16:54:15","","","","","","","","","","","","","","","","","","Scopus","","","","","","","","Artificial intelligence; Predictive maintenance; Machine learning; Artificial Intelligence (AI); Machine Learning (ML); Quality of service; Radio access networks; Decision trees; Complex networks; Fault management; Machine-learning; Long short-term memory; Learning algorithms; Failure (mechanical); 3GPP service level agreement; 3GPP Service Level Agreements (SLAs); Fault Management (FM); Layer-wise; Layer-wise relevance propagation; Layer-wise Relevance Propagation (LRP); Lime; Network management; Network performance; Performance management; Performance Management (PM); Project management; Quality of Service (QoS); Quality-of-service; Radio access network; Radio Access Network (RAN); Servicelevel agreement (SLA)","","","","","","","","","","","","","","","","","","","","","","","","","","","","","","","","1st International Conference on Communication, Computing, Smart Materials and Devices, ICCCSMD 2024","","","","","","","","","","","","","","",""
"9RVXI9WG","conferencePaper","2023","Chen, S.; Long, G.; Shen, T.; Jiang, J.","Prompt Federated Learning for Weather Forecasting: Toward Foundation Models on Meteorological Data","","","","10.24963/ijcai.2023/393","https://www.scopus.com/inward/record.uri?eid=2-s2.0-85170404443&doi=10.24963%2Fijcai.2023%2F393&partnerID=40&md5=ded6860531eda091ad69bb3f7a189f25","To tackle the global climate challenge, it urgently needs to develop a collaborative platform for comprehensive weather forecasting on large-scale meteorological data. Despite urgency, heterogeneous meteorological sensors across countries and regions, inevitably causing multivariate heterogeneity and data exposure, become the main barrier. This paper develops a foundation model across regions capable of understanding complex meteorological data and providing weather forecasting. To relieve the data exposure concern across regions, a novel federated learning approach has been proposed to collaboratively learn a brand-new spatio-temporal Transformer-based foundation model across participants with heterogeneous meteorological data. Moreover, a novel prompt learning mechanism has been adopted to satisfy low-resourced sensors' communication and computational constraints. The effectiveness of the proposed method has been demonstrated on classical weather forecasting tasks using three meteorological datasets with multivariate time series. © 2023 International Joint Conferences on Artificial Intelligence. All rights reserved.","2023","2026-03-10 16:56:13","2026-03-10 17:10:31","","3532-3540","","","2023-August","","","","","","","","","","","","","Scopus","","","","","","","","Artificial intelligence; Foundation models; Weather forecasting; Learning systems; Meteorology; Learning approach; Large-scales; Learn+; Climate challenges; Collaborative platform; Data exposure; Foundations; Global climates; Meteorological data; Meteorological sensors","","","","","","","","","","","","","","","","","","","","","","","","","","","","","","","","IJCAI International Joint Conference on Artificial Intelligence","","","","","","","","","","","","","","",""
"T5I6I4BD","conferencePaper","2025","Chen, S.; Long, G.; Jiang, J.; Zhang, C.","Federated Foundation Models on Heterogeneous Time Series","","","","10.1609/aaai.v39i15.33739","https://www.scopus.com/inward/record.uri?eid=2-s2.0-105004003106&doi=10.1609%2Faaai.v39i15.33739&partnerID=40&md5=f6401be2e9f399f3082bfe4a5fe6fa9d","Training a general-purpose time series foundation models with robust generalization capabilities across diverse applications from scratch is still an open challenge. Efforts are primarily focused on fusing cross-domain time series datasets to extract shared subsequences as tokens for training models on Transformer architecture. However, due to significant statistical heterogeneity across domains, this cross-domain fusing approach doesn’t work effectively as the same as fusing texts and images. To tackle this challenge, this paper proposes a novel federated learning approach to address the heterogeneity in time series foundation models training, namely FFTS. Specifically, each data-holding organization is treated as an independent client in a collaborative learning framework with federated settings, and then many client-specific local models will be trained to preserve the unique characteristics per dataset. Moreover, a new regularization mechanism will be applied to both client-side and server-side, thus to align the shared knowledge across heterogeneous datasets from different domains. Extensive experiments on benchmark datasets demonstrate the effectiveness of the proposed federated learning approach. The newly learned time series foundation models achieve superior generalization capabilities on cross-domain time series analysis tasks. Copyright © 2025, Association for the Advancement of Artificial Intelligence (www.aaai.org). All rights reserved.","2025","2026-03-10 16:56:16","2026-03-10 17:10:32","","15839-15847","","15","39","","","","","","","","","","","","","Scopus","","","","","","","","Federated learning; Foundation models; Collaborative learning; Times series; Training model; Learning approach; Diverse applications; Model training; Cross-domain; Generalization capability; Statistical heterogeneities","","","","","","","","","","","","","","","","","","","","","","","","","","","","","","","","Proceedings of the AAAI Conference on Artificial Intelligence","","","","","","","","","","","","","","",""
"6SHZNMFK","conferencePaper","2025","Zhang, Z.; Han, X.; Zhao, X.; Guo, C.; Yang, B.","Learning from Spatio-Temporal Data in the LLM Era: Foundations, Models, and Emerging Trends","","","","10.1145/3748777.3748812","https://www.scopus.com/inward/record.uri?eid=2-s2.0-105022015446&doi=10.1145%2F3748777.3748812&partnerID=40&md5=ccbb7337c05a5e4e5d80142ef31252b1","Spatio-temporal data are foundational to understanding and modeling dynamic real-world phenomena such as human mobility, traffic flow, epidemic spread, and urban dynamics. With the growing availability of location-aware web data and the rise of intelligent urban infrastructures, analyzing spatio-temporal patterns has become both highly valuable and technically challenging. This tutorial provides a comprehensive overview of spatio-temporal data analytics, unifying perspectives from data management, research methodology, and emerging foundation models. We begin with a review of spatio-temporal data management systems, introducing the core data models, spatial-temporal indexing techniques, and scalable architectures for storing and querying large-scale mobility data. We then delve into trajectory learning, covering methods for prediction, generation, and reconstruction of movement sequences at the individual level. Next, we explore spatio-temporal graph learning, which focuses on forecasting region-level dynamics using dynamic graph neural networks. Multi-region, multi-task, and multi-domain spatio-temporal learning will be identified and introduced in detail. Finally, we present advanced learning frameworks that integrate federated learning, continual learning, and LLM-based approaches to build privacy-preserving, scalable, and adaptive spatio-temporal models. Through the lens of recent methodological and system-level advances, this tutorial bridges algorithmic design and practical deployment of spatio-temporal learning systems. It is suitable for researchers and practitioners working in machine learning, data mining, geospatial analysis, and intelligent systems. © 2025 Copyright held by the owner/author(s)","2025","2026-03-10 16:57:40","2026-03-10 17:10:34","","107-110","","","","","","","","","","","","","","","","Scopus","","","","","","","","Data privacy; Machine learning; Foundation models; Intelligent systems; Data mining; Learning systems; Spatio-temporal data; Traffic flow; Information management; Data management; Real-world; Spatio-temporal graphs; Emerging trends; Human mobility; Model dynamics; Spatio-temporal graph; Spatio-temporal learning; Trajectory learning","","","","","","","","","","","","","","","","","","","","","","","","","","","","","","","","SSTD 2025 - Proceedings of the 19th International Symposium on Spatial and Temporal Data","","","","","","","","","","","","","","",""
"ZWMQD6Q7","journalArticle","2024","","EuroMLSys 2024 - Proceedings of the 2024 4th Workshop on Machine Learning and Systems","EuroMLSys 2024 - Proceedings of the 2024 4th Workshop on Machine Learning and Systems","","","","https://www.scopus.com/inward/record.uri?eid=2-s2.0-85192235814&partnerID=40&md5=dca9a5c860b8ec958eec95b83ae89643","The proceedings contain 26 papers. The topics discussed include: GuaranTEE: towards attestable and private ML with CCA; IA2: leveraging instance-aware index advisor with reinforcement learning for diverse workloads; temporal graph generative models: an empirical study; deploying stateful network functions efficiently using large language models; the importance of workload choice in evaluating LLM inference systems; characterizing training performance and energy for foundation models and image classifiers on multi-instance GPUs; ALS algorithm for robust and communication-efficient federated learning; SpeedyLoader: efficient pipelining of data preprocessing and machine learning training; towards low-energy adaptive personalization for resource-constrained devices; deferred continuous batching in resource-efficient large language model serving; and ML training with cloud GPU shortages: is cross-region the answer?.","2024","2026-03-10 16:57:41","2026-03-10 16:57:41","","","","","","","","","","","","","","","","","","Scopus","","","","","","","","","","","","","","","","","","","","","","","","","","","","","","","","","","","","","","","","","","","","","","","","","","","","","","",""
"ZW9Q8CD5","journalArticle","2026","Li, H.; Hou, L.; Cui, J.; Wang, Y.; Tao, Y.; Wang, H.; Savic, D.; Wang, A.; Ren, N.","Spatiotemporal Graph Learning on Urban Environments","Environmental Science and Technology","","","10.1021/acs.est.5c12640","https://www.scopus.com/inward/record.uri?eid=2-s2.0-105030931516&doi=10.1021%2Facs.est.5c12640&partnerID=40&md5=27d2ca0504914286a43d39574363bbec","Urban environments are shaped by intricate interactions among water, soil, air, and infrastructure, where traditional models often fail to capture nonlinear, non-Euclidean dynamics. Spatiotemporal graph learning (STGL) has emerged as a powerful framework to represent such complexity, enabling accurate forecasting and real-time decision support from urban districts to national and even global scales. This review provides the first comprehensive synthesis of STGL tailored to urban environments. We summarize advances in graph construction, spatial and temporal modeling, and fusion strategies, and examine applications across urban water systems, soil and agriculture, air quality, and urban risk. Landmark case studies, including Microsoft’s Aurora, NVIDIA’s Earth-2, and Google’s GraphCast/GenCast, demonstrate STGL’s potential as a foundation model for environmental intelligence. We conclude by identifying key limitations and outlining future directions, emphasizing federated learning, machine unlearning, and meta-learning to enhance next-generation STGL frameworks that ultimately support resilient and adaptive urban environments. © 2026 American Chemical Society","2026","2026-03-10 16:57:41","2026-03-10 16:57:41","","5191-5207","","7","60","","","","","","","","","","","","","Scopus","","","","","","","","machine learning; Decision making; Agriculture; decision making; Air quality; Urban planning; intelligent decision-making; spatiotemporal analysis; Decision support systems; Real time decisions; Traditional models; Spatio-temporal graphs; Decision supports; agriculture; Cities; city; decision support system; Global scale; Graph construction; Intelligent decision-making; Non-Euclidean; spatiotemporal graph learning; Spatiotemporal graph learning; urban area; urban environments; Urban environments","","","","","","","","","","","","","","","","","","","","","","","","","","","","","","","","","","","","","","","","","","","","","","",""
"JEZ8EQ2R","conferencePaper","2025","Noor, N.; Mashhadi, A.","Quantifying Individual Fairness in Continual Federated Learning","","","","10.1145/3701716.3717646","https://www.scopus.com/inward/record.uri?eid=2-s2.0-105009218601&doi=10.1145%2F3701716.3717646&partnerID=40&md5=aec4f8d899e762219c8f8a15d38954e3","Continual Federated Learning (CFL) is a distributed machine learning technique that enables multiple clients to collaboratively train a shared model without sharing their data, while also adapting to new classes without forgetting previously learned ones. This dynamic, adaptive learning process parallels the concept of foundation models in FL, where large, pre-trained models are fine-tuned in a decentralized, federated setting. While foundation models in FL leverage pre-trained knowledge as a starting point, CFL continuously updates the shared model as new tasks and data distributions emerge, requiring ongoing adaptation. Currently, there are limited evaluation models and metrics in measuring fairness in CFL, and ensuring fairness over time can be challenging as the system evolves. To address this challenge, this article explores temporal fairness in CFL, examining how the fairness of the model can be influenced by the selection and participation of clients over time. Based on individual fairness, we introduce a novel fairness metric that captures temporal aspects of client behavior and evaluates different client selection strategies for their impact on promoting fairness. © 2025 Copyright held by the owner/author(s). Publication rights licensed to ACM.","2025","2026-03-10 16:57:41","2026-03-10 16:57:41","","1735-1743","","","","","","","","","","","","","","","","Scopus","","","","","","","","Federated learning; Federated Learning; Machine learning; Foundation models; Continual Learning; Learning systems; Collaborative learning; Continual learning; Contrastive Learning; Knowledge management; Learning algorithms; Machine learning techniques; Human engineering; Distributed machine learning; Shared model; Continual federated learning; Continual Federated Learning; Dynamic-adaptive; Individual fairness; Individual Fairness; Multiple clients; Temporal fairness; Temporal Fairness","","","","","","","","","","","","","","","","","","","","","","","","","","","","","","","","WWW Companion 2025 - Companion Proceedings of the ACM Web Conference 2025","","","","","","","","","","","","","","",""
"6836GQPP","journalArticle","2026","","Proceedings of 2025 International Conference on Artificial Intelligence and Foundation Model, AIFM 2025","Proceedings of 2025 International Conference on Artificial Intelligence and Foundation Model, AIFM 2025","","","","https://www.scopus.com/inward/record.uri?eid=2-s2.0-105030587388&partnerID=40&md5=671c2d3244ea737f001430ee0410ee6d","The proceedings contain 28 papers. The topics discussed include: a privacy-preserving framework for advertising personalization incorporating federated learning and differential privacy; a physically-grounded framework with hierarchical temporal pattern analysis; an adaptive cloud-edge collaborative framework based on multi-source heterogeneous information fusion; an adaptive framework for violation detection using multimodal large models; the fault detection method of transmission line insulators based on the improved YOLOv11; hierarchical cross-modal attention network for multimodal sentiment analysis; optimization of remote sensing image detection algorithm based on YOLOv11 improvements; and research on frequency recognition algorithm based on convolution-long short-term memory network.","2026","2026-03-10 16:57:41","2026-03-10 16:57:41","","","","","","","","","","","","","","","","","","Scopus","","","","","","","","","","","","","","","","","","","","","","","","","","","","","","","","","","","","","","","","","","","","","","","","","","","","","","",""
"X4UUDWVB","journalArticle","2026","Chu, F.; Li, H.; Xie, L.; Zhao, J.","A survey of transformer architectures for autonomous driving","Expert Systems with Applications","","","10.1016/j.eswa.2025.130338","https://www.scopus.com/inward/record.uri?eid=2-s2.0-105023828709&doi=10.1016%2Fj.eswa.2025.130338&partnerID=40&md5=4dd3411e3d7b7762547b2f073fe85268","Transformers have emerged as a foundational paradigm in autonomous driving, enabling high-capacity modeling of complex, multimodal, and dynamic environments. Their self-attention mechanisms, scalability, and sequence modeling capabilities support spatial–temporal reasoning and long-range dependency capture. Although increasingly adopted in core modules—such as perception, trajectory prediction, decision-making, and anomaly detection—a system-level survey of their architectural evolution and deployment challenges remains lacking. This paper presents a structured survey of Transformer models in autonomous driving, introducing a task-oriented taxonomy that spans object detection, sensor fusion, trajectory forecasting, motion planning, and intent prediction. We compare Transformer architectures with traditional deep learning models (e.g., CNNs, RNNs), highlighting advantages in global context modeling, multimodal alignment, and unified representations across heterogeneous inputs (camera, LiDAR, radar, HD maps). Beyond current applications, this work examines large-scale, end-to-end Transformer systems and their potential as foundation models for autonomous driving. We analyze design patterns involving chain-of-thought reasoning, neuro-symbolic integration, federated learning, and privacy-preserving edge deployment. Case studies from industry leaders (e.g., Tesla, Baidu, NVIDIA, Aurora) illustrate practical trade-offs and architectural adaptations. Despite progress, challenges remain in achieving real-time efficiency, robustness in open-world scenarios, interpretability in sequential decision-making, and integration with cost-sensitive sensors. We identify research gaps and propose directions in scalable Transformer design, explainable AI, and policy-aware planning. This survey aims to guide researchers and practitioners at the intersection of AI and intelligent transportation, supporting the development of interpretable, efficient, and generalizable Transformer-based autonomous driving systems. © 2025 The Author(s). Published by Elsevier Ltd. This is an open access article under the CC BY license. http://creativecommons.org/licenses/by/4.0/","2026","2026-03-10 16:57:42","2026-03-10 16:57:42","","","","","299","","","","","","","","","","","","","Scopus","","","","","","","","Data privacy; Computer architecture; Anomaly detection; Deep learning; Attention mechanisms; Decision making; Autonomous vehicles; Traffic control; Architecture; Transformer; Multimodal; Autonomous driving; Multi-modal; Economic and social effects; Decisions makings; Behavioral research; Dynamic environments; Capacity modeling; Complex environments; Decision-making; High capacity; High-capacity; Motion planning; Perception","","","","","","","","","","","","","","","","","","","","","","","","","","","","","","","","","","","","","","","","","","","","","","",""
"R7S4WRLU","journalArticle","2026","Wang, Z.; Wu, S.; Huang, Y.; Liu, R.; Liu, X.","A comprehensive review of deep learning for solar nowcasting: Enhancing accuracy, reliability, and interpretability","Applied Energy","","","10.1016/j.apenergy.2026.127378","https://www.scopus.com/inward/record.uri?eid=2-s2.0-105027192403&doi=10.1016%2Fj.apenergy.2026.127378&partnerID=40&md5=58f73b290259f3eb2101b6c73280a8e1","Solar nowcasting (0–6 hour horizons) is critical for grid stability, ramp-rate control, and energy storage optimization as renewable penetration accelerates. This systematic review analyzes 120 peer-reviewed studies (2015–2024) selected via PRISMA protocol from 8245 initial records, evaluating CNN-based spatial feature extraction, RNN-based temporal modeling, and hybrid multi-modal fusion architectures alongside emerging paradigms including federated learning, diffusion models, physics-informed neural networks, and foundation models. Modern deep learning achieves 20–40% improvement over persistence baselines (skill scores 0.25–0.45), with physics-aware designs substantially reducing violations of radiative constraints. However, critical gaps persist: only 18% of studies release code publicly, preprocessing pipelines remain undocumented, probabilistic evaluation using proper scoring rules (CRPS, Brier score) with calibration diagnostics is inconsistently applied, and benchmark datasets concentrate in North America and Europe, limiting generalizability. We establish explicit connections between forecast skill and operational value (reserve costs, curtailment reduction, ramp compliance, battery cycling) and quantify deployment constraints (inference latency <60s, energy consumption 5–300W, edge versus cloud architectures). Key recommendations include mandatory release of preprocessing pipelines with datasets, standardized probabilistic evaluation protocols with condition-specific analyses, physics-informed architectures with radiative constraints, multi-objective optimization balancing accuracy against computational cost and carbon footprint, and federated learning for privacy-preserving collaboration. This review provides an evidence-based roadmap toward reproducible, physically consistent, and operationally valuable solar nowcasting essential for reliable renewable energy integration. © 2026 The Author(s)","2026","2026-03-10 16:57:42","2026-03-10 16:57:42","","","","","407","","","","","","","","","","","","","Scopus","","","","","","","","Data privacy; Neural networks; Deep learning; Explainable AI; Europe; optimization; Architecture; Probabilistic forecasting; Network architecture; Distributed computer systems; Uncertainty quantification; Uncertainty quantifications; energy storage; Hybrid model; Learning architectures; Cost benefit analysis; calibration; alternative energy; battery; Deep learning architecture; Grid stability; Hybrid models; integrated approach; North America; nowcasting; Nowcasting; persistence; Probabilistic evaluation; Solar nowcasting","","","","","","","","","","","","","","","","","","","","","","","","","","","","","","","","","","","","","","","","","","","","","","",""
"B2NMS5UF","journalArticle","2025","Qin, C.; Zhao, P.; Qian, Y.; Yang, G.; Hao, X.; Mei, X.; Yang, X.; He, J.","A Comprehensive Review of Big Data Intelligent Decision-Making Models for Smart Farms","Agronomy","","","10.3390/agronomy15122898","https://www.scopus.com/inward/record.uri?eid=2-s2.0-105025960793&doi=10.3390%2Fagronomy15122898&partnerID=40&md5=be797b5b1aecd169264ecf21576b1f85","Big data and artificial intelligence technologies are driving a paradigm shift in smart farming, yet intelligent decision-making faces critical bottlenecks. At the data level, challenges include fragmentation, high acquisition costs, and inadequate secure sharing; at the model level, issues involve regional heterogeneity, weak adaptability, and insufficient explainability. To address these, this paper systematically reviews global research to establish a theoretical framework spanning the entire production cycle. Regarding data governance, trends favor federated systems with unified metadata and layered storage, utilizing technologies like federated learning for secure lifecycle management. For decision-making, approaches are evolving from experience-based to data-driven intelligence. Pre-harvest planning now integrates mechanistic models and transfer learning for suitability and variety optimization. In-season management leverages deep reinforcement learning (DRL) and model predictive control (MPC) for precise regulation of seedlings, water, fertilizer, and pests. Post-harvest evaluation strategies utilize spatio-temporal deep learning architectures (e.g., Transformers or LSTMs) and intelligent optimization algorithms for yield prediction and machinery scheduling. Finally, a staged development pathway is proposed: prioritizing standardized data governance and foundation models in the short term; advancing federated learning and human–machine collaboration in the mid-term; and achieving real-time, ethical edge AI in the long term. This framework supports the transition toward precise, transparent, and sustainable smart agriculture. © 2025 by the authors.","2025","2026-03-10 16:57:44","2026-03-10 17:10:45","","","","12","15","","","","","","","","","","","","","Scopus","","","","","","","","artificial intelligence; smart agriculture; decision making; intelligent decision-making; precision agriculture; agricultural big data; alternative agriculture; data governance; fragmentation; paradigm shift; smart farms; theoretical study","","","","","","","","","","","","","","","","","","","","","","","","","","","","","","","","","","","","","","","","","","","","","","",""
"YIPK92Q4","journalArticle","2026","Zhou, W.; Zeng, F.; Fan, T.","SSMGNN: Spectral temporal graph neural network with state space models for multivariate time-series forecasting","Neurocomputing","","","10.1016/j.neucom.2025.132295","https://www.scopus.com/inward/record.uri?eid=2-s2.0-105024328794&doi=10.1016%2Fj.neucom.2025.132295&partnerID=40&md5=91c56cfca0c3fa3fa7535fe0f3c253d6","Multivariate time series (MTS) forecasting is critical in many scientific and industrial applications. Prevailing GNN-based methods often rely on decoupled spatial and temporal modules, which fail to capture the intrinsic unity of spatiotemporal dependencies. While FourierGNN introduces a hypervariable graph for unified modeling, its reliance on a single, static filter makes it vulnerable to local noise and perturbations, limiting its prediction performance. To tackle these limitations, this paper proposes SSMGNN. Through a derivation of the spectral transfer function in the State Space Models (SSMs), we first develop a dynamic spectral filtering module to mitigate noise and improve local contextual adaptation. Then we construct a Hybrid Fourier Graph Operator (HFGO) by integrating the dynamic filtering module with a static FGO, thereby enabling collaborative learning of both local and global spatiotemporal dependencies. Finally, a multi-scale fusion mechanism is incorporated to enhance parameter efficiency and reduce computational overhead without compromising accuracy. Extensive experimental results on nine real-world MTS datasets demonstrate the effectiveness of SSMGNN in comparison to state-of-the-art methods. Code is available at this repository: https://github.com/GuiHaiCF/SSMGNN.git. © 2025 Elsevier B.V.","2026","2026-03-10 17:00:02","2026-03-10 17:00:02","","","","","666","","","","","","","","","","","","","Scopus","","","","","","","","machine learning; Forecasting; Computational efficiency; Graph neural networks; deep learning; accuracy; simulation; Multivariate time series forecasting; Multivariate time series; Time series; Time series forecasting; forecasting; time series analysis; graph neural network; prediction; feature extraction; support vector machine; random forest; Graph theory; human; artificial neural network; algorithm; process optimization; Article; mathematical model; learning algorithm; State space methods; State-space models; information processing; receiver operating characteristic; theoretical model; Unified Modeling; multivariate analysis; filtration; Hypervariables; mathematical analysis; Prediction performance; Signal filtering and prediction; Spatio-temporal dependencies; spectral temporal graph neural network; State space models; Temporal graphs","","","","","","","","","","","","","","","","","","","","","","","","","","","","","","","","","","","","","","","","","","","","","","",""
"RPPFUKB4","conferencePaper","2024","Wu, C.; Wang, H.; Zhang, X.; Fang, Z.; Bu, J.","Spatio-temporal Heterogeneous Federated Learning for Time Series Classification with Multi-view Orthogonal Training","","","","10.1145/3664647.3680733","https://www.scopus.com/inward/record.uri?eid=2-s2.0-85209778479&doi=10.1145%2F3664647.3680733&partnerID=40&md5=07d4bcba97f3ec9ddf3c5c6450d4e4e4","Federated learning (FL) is undergoing significant traction due to its ability to perform privacy-preserving training on decentralized data. In this work, we focus on sensitive time series data collected by distributed sensors in real-world applications. However, time series data introduce the challenge of dual spatial-temporal feature skew due to their dynamic changes across domains and time, differing from computer vision. This key challenge includes inter-client spatial feature skew caused by heterogeneous sensor collection and intra-client temporal feature skew caused by dynamics in time series distribution. We follow the framework of Personalized Federated Learning (pFL) to handle dual feature drifts to enhance the capabilities of customized local models. Therefore, in this paper, we propose a method FedST to solve key challenges through orthogonal feature decoupling and regularization in both training and testing stages. During training, we collaborate time view and frequency view of time series data to enrich the mutual information and adopt orthogonal projection to disentangle and align the shared and personalized features between views, and between clients. During testing, we apply prototype-based predictions and model-based predictions to achieve model consistency based on shared features. Extensive experiments on multiple real-world classification datasets and multimodal time series datasets show our method consistently outperforms state-of-the-art baselines with clear advantages. © 2024 ACM.","2024","2026-03-10 17:00:02","2026-03-10 17:00:02","","2613-2622","","","","","","","","","","","","","","","","Scopus","","","","","","","","federated learning; Federated learning; time series; Time series; Contrastive Learning; Adversarial machine learning; Times series; Privacy preserving; Decentralised; Time-series data; Real-world; Time series classifications; Spatio-temporal; Feature distribution; Multi-views; feature distribution shift; Feature distribution shift","","","","","","","","","","","","","","","","","","","","","","","","","","","","","","","","MM 2024 - Proceedings of the 32nd ACM International Conference on Multimedia","","","","","","","","","","","","","","",""
"SEWAH936","journalArticle","2025","Song, M.; Zhao, X.; Pedrycz, W.","A robust federated biased learning algorithm for time series forecasting","Cluster Computing","","","10.1007/s10586-024-05061-7","https://www.scopus.com/inward/record.uri?eid=2-s2.0-85219184967&doi=10.1007%2Fs10586-024-05061-7&partnerID=40&md5=17f67a6684d1e4d9575b8373a0f4842c","Federated learning techniques have been successfully applied to solve multi-sensor data modeling problems. However, existing federated learning methods ignore the impact of local model’s performance on the global model. In this paper, we try to figure out the impact and propose a new federated learning algorithm to solve time series prediction problems. Firstly, we designed a new aggregation formula comprising importance levels of all local models. The importance level is used to represent individual information from the perspective of model performances. Secondly, we used this new aggregation formula to realize the update of local models and we named this method FedBiased. Thirdly, we designed a comprehensive framework comprising three scenarios of disturbances to verify and compared the strong robustness of FedBiased and other federated learning methods. Finally, a real case, air quality index prediction problem was adopted for experimental study. The experiment results show our algorithm’s effectiveness on both clean time series and noisy time series. © The Author(s), under exclusive licence to Springer Science+Business Media, LLC, part of Springer Nature 2025.","2025","2026-03-10 17:00:02","2026-03-10 17:00:02","","","","4","28","","","","","","","","","","","","","Scopus","","","","","","","","Federated learning; Neural networks; Time series; Time series forecasting; Contrastive Learning; Adversarial machine learning; Times series; Prediction models; Neural-networks; Learning methods; Local model; Learning techniques; Multi-sensor data; Prediction problem; Air quality index; Air quality indices; Federated averaging algorithm","","","","","","","","","","","","","","","","","","","","","","","","","","","","","","","","","","","","","","","","","","","","","","",""
"8CRXHSCS","journalArticle","2024","Borah, S.S.; Khanal, A.; Sundaravadivel, P.","Emerging Technologies for Automation in Environmental Sensing: Review","Applied Sciences (Switzerland)","","","10.3390/app14083531","https://www.scopus.com/inward/record.uri?eid=2-s2.0-85192466421&doi=10.3390%2Fapp14083531&partnerID=40&md5=7f0fdbd91f10794f6a4954f311ec126f","This article explores the impact of automation on environmental sensing, focusing on advanced technologies that revolutionize data collection analysis and monitoring. The International Union of Pure and Applied Chemistry (IUPAC) defines automation as integrating hardware and software components into modern analytical systems. Advancements in electronics, computer science, and robotics drive the evolution of automated sensing systems, overcoming traditional limitations in manual data collection. Environmental sensor networks (ESNs) address challenges in weather constraints and cost considerations, providing high-quality time-series data, although issues in interoperability, calibration, communication, and longevity persist. Unmanned Aerial Systems (UASs), particularly unmanned aerial vehicles (UAVs), play an important role in environmental monitoring due to their versatility and cost-effectiveness. Despite challenges in regulatory compliance and technical limitations, UAVs offer detailed spatial and temporal information. Pollution monitoring faces challenges related to high costs and maintenance requirements, prompting the exploration of cost-efficient alternatives. Smart agriculture encounters hurdle in data integration, interoperability, device durability in adverse weather conditions, and cybersecurity threats, necessitating privacy-preserving techniques and federated learning approaches. Financial barriers, including hardware costs and ongoing maintenance, impede the widespread adoption of smart technology in agriculture. Integrating robotics, notably underwater vehicles, proves indispensable in various environmental monitoring applications, providing accurate data in challenging conditions. This review details the significant role of transfer learning and edge computing, which are integral components of robotics and wireless monitoring frameworks. These advancements aid in overcoming challenges in environmental sensing, underscoring the ongoing necessity for research and innovation to enhance monitoring solutions. Some state-of-the-art frameworks and datasets are analyzed to provide a comprehensive review on the basic steps involved in the automation of environmental sensing applications. © 2024 by the authors.","2024","2026-03-10 17:00:02","2026-03-10 17:10:46","","","","8","14","","","","","","","","","","","","","Scopus","","","","","","","","edge computing; deep learning; transfer learning; environment sensing","","","","","","","","","","","","","","","","","","","","","","","","","","","","","","","","","","","","","","","","","","","","","","",""
"NQCWNQF4","journalArticle","2026","Li, Y.; Zhang, C.; Zhang, Y.; Hu, J.","PFL-TEnet: Personalized federated learning for wind power forecasting via time-series embedding and hypernetwork modeling","Expert Systems with Applications","","","10.1016/j.eswa.2025.129881","https://www.scopus.com/inward/record.uri?eid=2-s2.0-105021088736&doi=10.1016%2Fj.eswa.2025.129881&partnerID=40&md5=693e0e23a4ea6ccf909d674b2eb8112a","As wind power occupies an increasingly important position in the global energy structure, improving its power prediction accuracy has become the key to guarantee the stable operation of the power system and the efficient consumption of new energy. However, wind energy is driven by complex nonlinear meteorological factors, exhibiting significant time series dependency and heterogeneity among wind farms, while also facing practical requirements for data privacy protection. These factors present numerous challenges for personalized modeling across multiple wind farms. To address these challenges, this paper proposes a personalized federated learning model, PFL-TEnet, which utilizes time-series embedding network to extract critical temporal features and dynamically generates personalized model parameters through hypernetwork. Under the premise of protecting data privacy, this model balances personalized adaptability and generalization capability. Experimental results demonstrate that the proposed method significantly outperforms existing mainstream methods on multiple real wind farm datasets and demonstrates notable advantages in prediction accuracy and personalized performance. © 2025 Elsevier Ltd. All rights are reserved, including those for text and data mining, AI training, and similar technologies.","2026","2026-03-10 17:00:02","2026-03-10 17:00:02","","","","","298","","","","","","","","","","","","","Scopus","","","","","","","","Data privacy; Personalized federated learning; Data mining; Weather forecasting; Learning systems; Time series; Hypernetwork; Wind forecasting; Power; Times series; Wind power; Prediction accuracy; Electric utilities; Wind farm; Personalized model; Embedding network; Time-series embedding network; Wind power prediction; Wind power predictions","","","","","","","","","","","","","","","","","","","","","","","","","","","","","","","","","","","","","","","","","","","","","","",""
"98MCBNT5","conferencePaper","2025","Lv, D.; Li, X.; Wang, Y.; Li, Y.","Clustered Federated Learning Based on Fuzzy Time Series Morphology","","","","10.1117/12.3073278","https://www.scopus.com/inward/record.uri?eid=2-s2.0-105014241658&doi=10.1117%2F12.3073278&partnerID=40&md5=3476e57b218dff71a1186d2675ba1e2f","As federated learning (FL) becomes increasingly prevalent across various fields, its advantages in addressing clustering problems with time series data are becoming more apparent. Especially in finance, meteorology, and healthcare, clustering analysis of time series data is crucial for constructing accurate global models. This paper proposes a novel FL framework, Clustered Federated Learning Based on Fuzzy Time Series Morphology (FTS-CFL), aimed at achieving more precise clustering by capturing the similar morphological characteristics of time series within clusters. In the FTS-CFL framework, we first conduct morphological analysis on the time series data from each client to extract key time series features. Subsequently, we utilize a fuzzy clustering algorithm to cluster these features, which can handle the uncertainty and complexity of time series data, thereby aggregating clients with similar time series morphology. In this way, our method can effectively reduce the negative impact of non-independent and identically distributed (non-IID) data on model performance without compromising data privacy. To validate the effectiveness of the FTS-CFL algorithm, we conducted extensive experiments on multiple real-world time series datasets. The experimental results show that compared to existing FL methods, FTS-CFL achieves significant improvements in model accuracy and convergence speed. Additionally, we explored the performance of FTS-CFL under different parameter settings and its robustness against varying degrees of non-IID data. © 2025 SPIE.","2025","2026-03-10 17:00:02","2026-03-10 17:00:02","","","","","13681","","","","","","","","","","","","","Scopus","","","","","","","","Data privacy; Federated Learning; Time series analysis; Non-IID Data; Clustering algorithms; Time series; Morphology; Image processing; Clustering; Privacy Protection; Learning algorithms; Times series; Distributed data; Time-series data; Privacy protection; IID data; Clusterings; Non-IID data; Cluster analysis; Clustering analysis; Clustering problems; Fuzzy clustering; Fuzzy time series morphology; Fuzzy Time Series Morphology","","","","","","","","","","","","","","","","","","","","","","","","","","","","","","","","Proceedings of SPIE - The International Society for Optical Engineering","","","","","","","","","","","","","","",""
"LG9BCG4D","journalArticle","2025","Chifu, V.R.; Cioara, T.; Anitei, C.D.; Pop, C.B.; Anghel, I.; Toderean, L.","A federated learning model with the whale optimization algorithm for renewable energy prediction","Computers and Electrical Engineering","","","10.1016/j.compeleceng.2025.110259","https://www.scopus.com/inward/record.uri?eid=2-s2.0-105000076779&doi=10.1016%2Fj.compeleceng.2025.110259&partnerID=40&md5=e58dfcdab33145b9c851144571fd59df","Federated prediction models for energy prosumers create a global model by combining insights from local machine learning models trained on-site without centralizing the data. For time series energy data, this collaborative approach faces challenges due to the non-IID nature of the data, variations in generation patterns, the high number of model parameters, and convergence issues, leading to poor prediction accuracy. This paper introduces a novel federated learning model, FedWOA, which uses the whale optimization algorithm to determine optimal aggregation coefficients based on the local model weight vectors by pondering the updates considering the model performance and data dimensionality construct the global shared model. To handle the non-IID data the prosumers were clustered based on the similarity of their energy profiles using K-Means. FedWOA improves the prediction quality at the prosumer site, with a 16 % average reduction of the mean absolute error compared to FedAVG while demonstrating good convergence and reduced loss. © 2025","2025","2026-03-10 17:00:02","2026-03-10 17:00:02","","","","","123","","","","","","","","","","","","","Scopus","","","","","","","","Federated learning; Smart grid; Energy prediction; Prediction models; Neural-networks; Prosumer; Renewable energies; Optimization algorithms; K-Means clustering; K-means++ clustering; LSTM neural network; Renewable energy prediction; Whale optimization algorithm","","","","","","","","","","","","","","","","","","","","","","","","","","","","","","","","","","","","","","","","","","","","","","",""
"9JGDJ4WM","journalArticle","2025","Mamat, R.; Ghazali, M.F.; Basrawi, F.; Rosdi, S.M.","Emerging role of generative AI in renewable energy forecasting and system optimization","Sustainable Chemistry for Climate Action","","","10.1016/j.scca.2025.100099","https://www.scopus.com/inward/record.uri?eid=2-s2.0-105010932535&doi=10.1016%2Fj.scca.2025.100099&partnerID=40&md5=9f47bd7c6d1a8b03c70825098a61c822","The rapid integration of renewable energy sources (RES) into modern power systems introduces significant challenges in forecasting accuracy, grid stability, and energy optimization. Generative Artificial Intelligence (Gen-AI), including architectures such as Generative Adversarial Networks (GANs), Variational Autoencoders (VAEs), and transformers, offers new capabilities to overcome data sparsity, nonlinearity, and uncertainty in renewable-dominant systems. This study aims to comprehensively review the emerging role of Gen-AI in improving solar and wind forecasting, load prediction, energy storage management, and smart grid optimization. Using a comparative and synthesis-based methodology, this review analyses findings from high-impact publications between 2023 and 2025. Results indicate that GAN-based models reduce root mean square error (RMSE) by 15–20 % in solar irradiance forecasting and significantly enhance spatial-temporal wind simulations. Time-series GAN-LSTM hybrids enhance demand forecasting accuracy under nonlinear conditions, while VAE-driven dispatch models achieve gains of 9–12 % in energy efficiency and curtailment reduction. The novelty of this review lies in mapping Gen-AI's integration with digital twins, federated learning, and AI–IoT frameworks, which enables the real-time, privacy-preserving optimisation of complex energy systems. The principal conclusion is that Gen-AI serves as a transformative tool to enhance system resilience, forecasting precision, and operational flexibility in renewable energy networks. For sustainable implementation, future developments must address challenges in model explainability, data privacy, and scalability. These findings support the journal's scope by highlighting AI-driven advancements for the reliable, efficient, and sustainable transformation of energy systems. © 2025","2025","2026-03-10 17:00:02","2026-03-10 17:00:02","","","","","7","","","","","","","","","","","","","Scopus","","","","","","","","Generative artificial intelligence; Energy system optimization; Federated learning in energy; Renewable energy forecasting; Smart grid management","","","","","","","","","","","","","","","","","","","","","","","","","","","","","","","","","","","","","","","","","","","","","","",""
"3HPRY86P","journalArticle","2026","Farooq, E.; Milano, M.; Borghesi, A.","Federated LSTM autoencoders for time series anomaly detection in production-scale HPC systems","Knowledge-Based Systems","","","10.1016/j.knosys.2025.115043","https://www.scopus.com/inward/record.uri?eid=2-s2.0-105024455778&doi=10.1016%2Fj.knosys.2025.115043&partnerID=40&md5=dc22b58c266707ffb1f62734d4f10bf1","High-Performance Computing (HPC) systems are becoming increasingly vulnerable to anomalies as their scale and complexity grow. In this work, we propose a federated learning (FL) framework that integrates Long Short-Term Memory (LSTM) autoencoders for time series anomaly detection, allowing decentralized model training without sharing raw data. Using real telemetry from the Marconi100 Tier-0 supercomputer, our approach improves the average F1-score from 0.388 to 0.867 (+123 %) and the AUC from 0.334 to 0.808 (+142 %). It also cuts the training data requirement by a factor of 15, reducing the collection period from 4.5 months to just 1.25 weeks. These improvements are consistent across unsupervised, semi-supervised, and supervised settings, and significance testing with the Wilcoxon signed-rank test confirms they are statistically robust (p < 0.01). To our knowledge, this is the first comprehensive evaluation of FL-based LSTM autoencoders for anomaly detection in real HPC environments. © 2025 The Authors","2026","2026-03-10 17:00:02","2026-03-10 17:00:02","","","","","334","","","","","","","","","","","","","Scopus","","","","","","","","Federated learning; Anomaly detection; Time series analysis; Machine learning; Federated learning (FL); Data mining; Time-series analysis; Learning systems; Supercomputers; Machine-learning; Long short-term memory; Times series; Short term memory; Auto encoders; High-performance computing; High-performance computing (HPC); Long short-term memory autoencoder; LSTM autoencoders; Performance computing","","","","","","","","","","","","","","","","","","","","","","","","","","","","","","","","","","","","","","","","","","","","","","",""
"JR3N9P82","journalArticle","2024","Song, M.; Zhao, X.","Granular neural networks learning for time series prediction under a federated scenario","Granular Computing","","","10.1007/s41066-024-00490-6","https://www.scopus.com/inward/record.uri?eid=2-s2.0-85197854688&doi=10.1007%2Fs41066-024-00490-6&partnerID=40&md5=a2f34bdb77a7aa3dba78a95a709b7c87","Granular neural networks (GNNs) are a type of advanced prediction models that produce information granules, offer more abstract and adaptable results. In this study, we address three significant issues in time series prediction within a federated learning (FL) scenario: the management of distributed data, the aggregation of GNNs, and the optimization of granularity levels. Traditional centralized models are insufficient for managing distributed data while ensuring privacy and reducing communication costs, and existing studies on GNNs have not explored their aggregation under a federated framework, which is essential for enhancing model robustness and stability. Additionally, determining the optimal level of granularity for GNNs remains a challenge, impacting the model's predictive accuracy and computational efficiency. To address these issues, we propose a novel federated learning framework that enhances the performance of GNNs for time series prediction. Our approach involves a comprehensive FL framework that enables the collaborative training of local GNNs, refining their granular weights through global aggregation, ensuring better privacy management, and reducing communication overhead. By focusing on the aggregation of parameters within the federated scenario, we enhance the robustness and stability of GNNs which are crucial for effective time series prediction. Furthermore, we determine the optimal levels of information granularity by employing multi-objective optimization techniques, specifically using Pareto fronts to balance the trade-offs between different objectives. Experiments on predicting air quality index for 35 stations in Beijing (China) show the effectiveness of our method. © The Author(s), under exclusive licence to Springer Nature Switzerland AG 2024.","2024","2026-03-10 17:00:02","2026-03-10 17:00:02","","","","3","9","","","","","","","","","","","","","Scopus","","","","","","","","Federated learning; Forecasting; Computational efficiency; Federated learning (FL); Time series prediction; Learning systems; Time series; Distributed data; Economic and social effects; Cost reduction; Neural-networks; Learning frameworks; Multiobjective optimization; Advanced prediction modeling; Granular neural network; Granular neural networks (GNN); Neural network learning; Optimal level; Particle swarm optimization (PSO); PSO","","","","","","","","","","","","","","","","","","","","","","","","","","","","","","","","","","","","","","","","","","","","","","",""
"2K6HFL9C","journalArticle","2025","Huang, T.; Chau, K.Y.; Zhan, S.; Pan, S.-H.","Hybrid deep learning and machine learning framework for high-precision water quality prediction in urban systems","Environment, Development and Sustainability","","","10.1007/s10668-025-06447-2","https://www.scopus.com/inward/record.uri?eid=2-s2.0-105008341104&doi=10.1007%2Fs10668-025-06447-2&partnerID=40&md5=bf6c90e95b3e563e9948e42ee1d1a3a7","Urbanization and industrial growth have severely impacted water quality, creating urgent demand for intelligent prediction frameworks to support sustainable urban water management. Traditional monitoring methods are often limited by their inability to capture real-time or high-resolution data, necessitating data-driven alternatives. This study proposes a hybrid deep learning and machine learning framework that classifies Water Quality Index (WQI) categories using Convolutional Neural Networks (CNN), K-Nearest Neighbors (KNN), Naive Bayes (NB), and Multi-Layer Perceptron (MLP). CNN processes time-series groundwater data as 2D matrices, leveraging dilated convolutions and regularization techniques to extract multiscale temporal patterns. The model was trained and validated on post-monsoon groundwater datasets from Telangana, India, employing fourfold cross-validation. Among the algorithms tested, CNN achieved the best performance with RMSE: 0.0654 and R2: 0.9981, reducing prediction error by 18–48% over KNN, NB, and MLP. These results highlight CNN’s superior ability to learn from spatial–temporal dynamics while maintaining computational efficiency. Unlike previous studies focused solely on regression models or singular algorithms, this study combines multiple classifiers into a unified prediction pipeline, enhancing adaptability across heterogeneous datasets. Furthermore, the model’s strong performance relative to state-of-the-art hybrid architectures such as LSTM-GRU and attention-based networks demonstrates its suitability for deployment in regions lacking dense sensor infrastructure. The findings support real-time pollution classification, guiding policy decisions for targeted remediation. Future implementations could integrate real-time sensor data and employ federated learning for broader applicability. This framework offers a robust, scalable, and interpretable solution for sustainable water quality management amid rapid urban expansion and climate variability. © The Author(s), under exclusive licence to Springer Nature B.V. 2025.","2025","2026-03-10 17:00:02","2026-03-10 17:00:02","","","","","","","","","","","","","","","","","","Scopus","","","","","","","","Deep learning; Convolutional Neural Networks (CNN); Sustainable water prediction; Urban water management; Water Quality Index (WQI)","","","","","","","","","","","","","","","","","","","","","","","","","","","","","","","","","","","","","","","","","","","","","","",""
"WUMV3N6M","journalArticle","2025","Alwakeel, M.M.","AI-Assisted Real-Time Monitoring of Infectious Diseases in Urban Areas","Mathematics","","","10.3390/math13121911","https://www.scopus.com/inward/record.uri?eid=2-s2.0-105009095659&doi=10.3390%2Fmath13121911&partnerID=40&md5=23d2f4b0038d7e26838af77b12313abe","The rapid expansion of infectious diseases in urban environments presents a significant public health challenge, as traditional surveillance methods rely on delayed case reporting, limiting proactive response capabilities. With the increasing availability of real-time health data, artificial intelligence (AI) has emerged as a powerful tool for disease monitoring, anomaly detection, and outbreak prediction. This study proposes SmartHealth-Track, an AI-powered real-time infectious disease monitoring framework that integrates machine learning models with IoT-enabled surveillance, smart pharmacy analytics, wearable health tracking, and wastewater surveillance to enhance early outbreak detection and predictive forecasting. The system leverages time series forecasting with long short-term memory (LSTM) networks, logistic regression for outbreak probability estimation, anomaly detection with isolation forests, and natural language processing (NLP) for extracting epidemiological insights from public health reports and social media trends. Experimental validation using real-world datasets demonstrated that SmartHealth-Track achieves high accuracy, with an outbreak detection accuracy of 92.4%, wearable-based fever detection accuracy of 93.5%, AI-driven contact tracing precision of 91.2%, and AI-enhanced wastewater pathogen classification accuracy of 94.1%. The findings confirm that AI-driven real-time surveillance significantly improves outbreak detection and forecasting, enabling timely public health interventions. Future research should focus on federated learning for secure data collaboration and reinforcement learning for adaptive decision making. © 2025 by the author.","2025","2026-03-10 17:00:03","2026-03-10 17:00:03","","","","12","13","","","","","","","","","","","","","Scopus","","","","","","","","anomaly detection; predictive analytics; AI-driven surveillance; infectious disease monitoring; IoT-enabled healthcare; smart pharmacy tracking","","","","","","","","","","","","","","","","","","","","","","","","","","","","","","","","","","","","","","","","","","","","","","",""
"AWFU5F7Z","journalArticle","2025","Ding, H.; Hou, H.; Wang, L.; Cui, X.; Yu, W.; Wilson, D.I.","Application of Convolutional Neural Networks and Recurrent Neural Networks in Food Safety","Foods","","","10.3390/foods14020247","https://www.scopus.com/inward/record.uri?eid=2-s2.0-85215978404&doi=10.3390%2Ffoods14020247&partnerID=40&md5=45f97fd9dee7240f7aeca942c1255917","This review explores the application of convolutional neural networks (CNNs) and recurrent neural networks (RNNs) in food safety detection and risk prediction. This paper highlights the advantages of CNNs in image processing and feature recognition, as well as the powerful capabilities of RNNs (especially their variant LSTM) in time series data modeling. This paper also makes a comparative analysis in many aspects: Firstly, the advantages and disadvantages of traditional food safety detection and risk prediction methods are compared with deep learning technologies such as CNNs and RNNs. Secondly, the similarities and differences between CNNs and fully connected neural networks in processing image data are analyzed. Furthermore, the advantages and disadvantages of RNNs and traditional statistical modeling methods in processing time series data are discussed. Finally, the application directions of CNNs in food safety detection and RNNs in food safety risk prediction are compared. This paper also discusses combining these deep learning models with technologies such as the Internet of Things (IoT), blockchain, and federated learning to improve the accuracy and efficiency of food safety detection and risk warning. Finally, this paper mentions the limitations of RNNs and CNNs in the field of food safety, as well as the challenges in the interpretability of the model, and suggests the use of interpretable artificial intelligence (XAI) technology to improve the transparency of the model. © 2025 by the authors.","2025","2026-03-10 17:00:03","2026-03-10 17:00:03","","","","2","14","","","","","","","","","","","","","Scopus","","","","","","","","deep learning; convolutional neural networks; long short-term memory; food safety; recurrent neural networks","","","","","","","","","","","","","","","","","","","","","","","","","","","","","","","","","","","","","","","","","","","","","","",""
"NW8K58H5","journalArticle","2025","Kutuzo1, A.I.; Bogdanova1, A.V.","Collaboration Analytics in Higher Education and Professional Contexts: A Systematic Review of Approaches and Theoretical Foundations","Vysshee Obrazovanie v Rossii","","","10.31992/0869-3617-2025-34-11-81-107","https://www.scopus.com/inward/record.uri?eid=2-s2.0-105023391348&doi=10.31992%2F0869-3617-2025-34-11-81-107&partnerID=40&md5=6349a7c15a9ba4c095c1233e274432b8","The article presents a review of studies in the field of Collaboration Analytics and their application to the analysis of collaborative activities in higher education. Based on a system-atic search and comparison of works, key constructs of collaboration we identified – participation, coordination, and cognitive regulation – as well as approaches to their theoretical interpretation. The findings show that, in university practice, the most in-demand data include records of student activity on digital platforms (message logs, timestamps, relational links), results of content analysis of communication (discourse coding, semantic mapping), and multimodal indicators of interaction (e.g., time series of actions and distribution of roles within groups). To process these data, methods of network analysis, epistemic network analysis (ENA), machine learning, and digital trace visu-alization are actively employed. These approaches enable instructors to diagnose team dynamics, provide more accurate feedback, and support the development of students’ metacompetencies. As a comparative context, studies of corporate analytics were examined, which made it possible to identify models of monitoring and visualization of participants’ contributions that can potentially be transferred to the university setting. The practical significance of the results lies in providing educa-tors and educational researchers with tools for the informed selection of analytical methods and in-dicators, as well as in outlining the possibilities of adapting corporate practices to university models of collaborative learning. For readers, the value of the article consists in systematizing fragmented research and identifying promising approaches that may enhance the quality of student group work and its assessment. © Кутузов А.И., Богаданова А.В., 2025. This work is licensed under a Creative Commons Attribution 4.0 License.","2025","2026-03-10 17:00:03","2026-03-10 17:00:03","","81-107","","11","34","","","Аналитика сотрудничества в высшем образовании и профессиональной среде: систематический обзор подходов и теоретических оснований","","","","","","","","","","Scopus","","","","","","","","collaboration analytics; computer-supported collaborative learning; computer-supported cooperative work; cooperative analytics; CSCL; CSCW; feedback","","","","","","","","","","","","","","","","","","","","","","","","","","","","","","","","","","","","","","","","","","","","","","",""
"FBQEU24E","journalArticle","2024","Kumar, M.; Kim, S.","Securing the Internet of Health Things: Embedded Federated Learning-Driven Long Short-Term Memory for Cyberattack Detection","Electronics (Switzerland)","","","10.3390/electronics13173461","https://www.scopus.com/inward/record.uri?eid=2-s2.0-85203637449&doi=10.3390%2Felectronics13173461&partnerID=40&md5=bf2ba421f35d9dc294422cc3f2e539e1","The proliferation of the Internet of Health Things (IoHT) introduces significant benefits for healthcare through enhanced connectivity and data-driven insights, but it also presents substantial cybersecurity challenges. Protecting sensitive health data from cyberattacks is critical. This paper proposes a novel approach for detecting cyberattacks in IoHT environments using a Federated Learning (FL) framework integrated with Long Short-Term Memory (LSTM) networks. The FL paradigm ensures data privacy by allowing individual IoHT devices to collaboratively train a global model without sharing local data, thereby maintaining patient confidentiality. LSTM networks, known for their effectiveness in handling time-series data, are employed to capture and analyze temporal patterns indicative of cyberthreats. Our proposed system uses an embedded feature selection technique that minimizes the computational complexity of the cyberattack detection model and leverages the decentralized nature of FL to create a robust and scalable cyberattack detection mechanism. We refer to the proposed approach as Embedded Federated Learning-Driven Long Short-Term Memory (EFL-LSTM). Extensive experiments using real-world ECU-IoHT data demonstrate that our proposed model outperforms traditional models regarding accuracy (97.16%) and data privacy. The outcomes highlight the feasibility and advantages of integrating Federated Learning with LSTM networks to enhance the cybersecurity posture of IoHT infrastructures. This research paves the way for future developments in secure and privacy-preserving IoHT systems, ensuring reliable protection against evolving cyberthreats. © 2024 by the authors.","2024","2026-03-10 17:00:03","2026-03-10 17:00:03","","","","17","13","","","","","","","","","","","","","Scopus","","","","","","","","federated learning; cybersecurity; long short-term memory; internet of things","","","","","","","","","","","","","","","","","","","","","","","","","","","","","","","","","","","","","","","","","","","","","","",""
"J7NJVBCX","journalArticle","2026","Deng, F.; Wang, Z.; Shen, Y.; Wang, J.; Luo, W.; Wei, B.; Li, Z.; Zhang, P.","Interval prediction of distributed photovoltaic power integrating spatial collaborative training and data fluctuation trend perception","Sustainable Energy, Grids and Networks","","","10.1016/j.segan.2026.102163","https://www.scopus.com/inward/record.uri?eid=2-s2.0-105030614557&doi=10.1016%2Fj.segan.2026.102163&partnerID=40&md5=a48931c6f58aa5ef1a88b4c5dc6e7bd8","The current distributed photovoltaic (DPV) systems are geographically dispersed and exhibit significant data volatility, posing challenges for wide-area PV power forecasting. This paper introduces a distributed PV power interval prediction method that combines spatial collaborative training with data volatility trend sensing.First, to address the volatility of PV time series data, we designed a feature construction method based on data decomposition, reconstruction, and importance analysis. We employ Variational Modal Decomposition and Sample Entropy Reconstruction (VMD-SE) for data decomposition and reconstruction. For feature importance ranking, SHapley Additive Explanations (SHAP) are utilized to detect data fluctuation trends and construct relevant features.Subsequently, to address spatial correlation in DPV systems, we propose a Spatial Collaborative Component Hybrid Forecasting method within a federated learning framework, incorporating personalized strategies. This approach leverages multiple model training strategies tailored for different components, preserving model individuality while yielding globally useful insights.Finally, addressing the insufficient estimation accuracy of existing uncertainty quantification techniques when handling complex, non-uniformly distributed data, we propose an improved Adaptive Bandwidth Kernel Density Estimation (ABKDE) method. It dynamically selects bandwidth sizes through adaptive adjustment to generate PV power output curves at different confidence levels.Experimental results demonstrate that under sunny, cloudy, and rainy conditions, the RMSE of the proposed distributed PV power forecasting method is reduced by at least 36.8 %, 23.1 %, and 60.9 %, respectively, while the MAPE is reduced by at least 36.9 %, 23.3 %, and 63.3 %, respectively. © 2026 Elsevier Ltd.","2026","2026-03-10 17:00:03","2026-03-10 17:00:03","","","","","46","","","","","","","","","","","","","Scopus","","","","","","","","Personalized federated learning; Forecasting; Bandwidth; Learning systems; Photovoltaic systems; Personalized Federated Learning; Data handling; Distributed computer systems; Collaborative training; Modal analysis; Forecasting methods; Statistics; Photovoltaics; Power forecasting; Photovoltaic power; Data decomposition; Distributed photovoltaic; Distributed Photovoltaics; Interval prediction; Interval Prediction; Variational mode decomposition","","","","","","","","","","","","","","","","","","","","","","","","","","","","","","","","","","","","","","","","","","","","","","",""
"EWRE34M6","journalArticle","2025","Wang, B.; Li, Y.; Guo, C.; Fan, Y.; Liu, Z.; He, R.; Dong, B.","Federated transformer-based ROP prediction under geological heterogeneity and privacy constraints","Results in Engineering","","","10.1016/j.rineng.2025.107924","https://www.scopus.com/inward/record.uri?eid=2-s2.0-105022148318&doi=10.1016%2Fj.rineng.2025.107924&partnerID=40&md5=3a68b12c5b217e8a2657e12a5984dd1c","This study presents a Transformer-based framework for intelligent rate of penetration (ROP) forecasting in oil and gas drilling, with a focus on addressing the challenges of cross-regional generalization and data privacy constraints. The proposed approach integrates a multi-head self-attention mechanism within a transformer architecture to effectively capture long-range dependencies and complex temporal patterns in heterogeneous drilling time-series data. Built upon a horizontal federated learning paradigm, the framework enables collaborative model training across multiple oilfields while ensuring that raw data remains locally protected. Experiments were conducted using real-world datasets from the Volve field, XJ oilfield, and BH oilfield, which represent diverse geological and operational conditions. A sample-weighted federated aggregation algorithm was employed to mitigate performance degradation caused by non-independent and identically distributed data. Results show that the proposed model significantly outperforms traditional local and centralized baselines, reducing mean squared error by up to 72 % in long-sequence forecasting tasks. The improvements are particularly evident in data-scarce single-well scenarios, where the model demonstrates enhanced stability and generalization. By leveraging the representational power of Transformer architectures and the secure collaboration enabled by federated learning, this framework offers a scalable, privacy-preserving, and generalizable solution for drilling performance prediction across geologically heterogeneous environments. Copyright © 2025. Published by Elsevier B.V.","2025","2026-03-10 17:00:03","2026-03-10 17:00:03","","","","","28","","","","","","","","","","","","","Scopus","","","","","","","","Federated learning; Data privacy; Forecasting; Power transformers; Mean square error; Generalisation; Privacy constraints; Geological heterogeneities; Data confidentiality; Cross-regional drilling collaboration; Cross-Regional drilling collaboration; Gas drillings; Infill drilling; Oil and gas; Oil drilling; Oil fields; Oil filled transformers; Oil well drilling; Rate of penetration; Rate of penetration prediction; ROP prediction","","","","","","","","","","","","","","","","","","","","","","","","","","","","","","","","","","","","","","","","","","","","","","",""
"FVMX38JZ","conferencePaper","2025","Le, L.T.; Nguyen, T.-A.; Shu, H.; Seneviratne, S.; Hong, C.S.; Tran, N.H.","Federated Koopman-Reservoir Learning for Large-Scale Multivariate Time-Series Anomaly Detection","","","","","https://www.scopus.com/inward/record.uri?eid=2-s2.0-105008424819&partnerID=40&md5=cdeb7b6383b676f8801b06aceb97f251","The proliferation of edge devices has dramatically increased the generation of multivariate time-series (MVTS) data, essential for applications from healthcare to smart cities. Such data streams, however, are vulnerable to anomalies that signal crucial problems like system failures or security incidents. Traditional MVTS anomaly detection methods, encompassing statistical and centralized machine learning approaches, struggle with the heterogeneity, variability, and privacy concerns of large-scale, distributed environments. In response, we introduce FedKO, a novel unsupervised Federated Learning framework that leverages the linear predictive capabilities of Koopman operator theory along with the dynamic adaptability of Reservoir Computing. This enables effective spatiotemporal processing and privacy-preserving for MVTS data. FedKO is formulated as a bi-level optimization problem, utilizing a specific federated algorithm to explore a shared Reservoir-Koopman model across diverse datasets. Such a model is then deployable on edge devices for efficient detection of anomalies in local MVTS streams. Experimental results across various datasets showcase FedKO’s superior performance against state-of-the-art methods in MVTS anomaly detection. Moreover, FedKO reduces up to 8× communication size and 2× memory usage, making it highly suitable for large-scale systems. Copyright © 2025 by SIAM.","2025","2026-03-10 17:00:03","2026-03-10 17:00:03","","61-70","","","","","","","","","","","","","","","","Scopus","","","","","","","","Artificial intelligence; Data privacy; Anomaly detection; Optimization; Learning systems; Multivariate time series; Time series; Centralised; Data stream; Time-series data; Large-scales; Large scale systems; Petroleum reservoir evaluation; Anomaly detection methods; Security incident; System failures; System security","","","","","","","","","","","","","","","","","","","","","","","","","","","","","","","","2025 SIAM International Conference on Data Mining, SDM 2025","","","","","","","","","","","","","","",""
"L7ZWQW8G","journalArticle","2025","Hu, B.; Zhong, R.; Feng, Y.; Yang, J.; Li, P.; Chen, M.; Tan, J.","Toward secure industrial internet of behaviours: a federated learning-based lightweight human behaviour recognition method with selective state space models","International Journal of Production Research","","","10.1080/00207543.2024.2448604","https://www.scopus.com/inward/record.uri?eid=2-s2.0-85214651830&doi=10.1080%2F00207543.2024.2448604&partnerID=40&md5=d0b8564e709a074db259ef4420f7ded5","Human behaviour recognition is one of the most fundamental tasks in Industrial Internet of Behaviour (IIoB) and is crucial for the safe and reliable IIoB. Existing methods lacks adaptability and transferability. In addition, there is a data isolation problem among different users. Therefore, there is an urgent requirement to construct a secure and adaptive human behaviour recognition model in IIoB without violating the privacy of users. Mamba, a structured state space model that integrates a selection mechanism and a scan module, is used for time series modelling tasks. To tackle the aforementioned problems, an Federated Learning-based lightweight human behaviour recognition model with selective state space models is proposed. First, we design a human behaviour recognition model integrating Mamba and residual structure to achieve lightweight and secure human behaviour modelling. In addition, considering data privacy and training efficiency, a decentralised dynamic FL framework is designed to achieve lightweight and secure model collaborative training, including: initial selection of source users, model aggregation strategy based on dynamic weighting, and fine-tuning module based on small-sample data, to improve the training efficiency of the model and the accuracy of human behaviour recognition. Extensive experiments are conducted to prove the superior performance of the proposed method. © 2025 Informa UK Limited, trading as Taylor & Francis Group.","2025","2026-03-10 17:00:03","2026-03-10 17:00:03","","","","","","","","","","","","","","","","","","Scopus","","","","","","","","federated learning; Federated learning; Industry 5.0; Differential privacy; Contrastive Learning; Adversarial machine learning; Economic and social effects; Industrial internet of things (IIoT); State-space models; Human form models; Recognition models; Training efficiency; Human behavior recognition; human behaviour recognition; Internet of behavior; Internet of Behaviours (IoB); Recognition methods; Selection mechanism; Selective state space model; selective state space models; Structured state-space models","","","","","","","","","","","","","","","","","","","","","","","","","","","","","","","","","","","","","","","","","","","","","","",""
"DII9EED2","journalArticle","2025","Zhou, X.; Liao, Z.; Zhao, Y.; Liu, Y.; Yi, A.","Ride-hailing pick-up area recommendation in a vehicle-cloud collaborative environment: a feature-aware personalized clustering federated learning approach","Cluster Computing","","","10.1007/s10586-024-04714-x","https://www.scopus.com/inward/record.uri?eid=2-s2.0-85207480281&doi=10.1007%2Fs10586-024-04714-x&partnerID=40&md5=2bf15711da9d183be08cd71e1f2feabd","The recommendation of passenger pickup zones can enhance driver efficiency, improve passenger experience, and optimize urban traffic management. However, current issues such as direct access to sensitive data and lack of data sharing between platforms diminish model reliability and lead to uneven distribution of orders, and a lack of personalized recommendations may suggest the same areas to drivers, exacerbating competition and impacting overall service efficiency. Therefore, this paper proposes a personalized clustering federated learning model based on vehicle-cloud collaboration. Firstly, we introduce a clustering analysis algorithm using dynamic time warping to precisely align and measure similarity in driver acceptance time series, thereby accurately classifying driver acceptance behavior patterns. Furthermore, we design an attention-based factorization machine algorithm that integrates driver features and geographical information, learning the interaction between drivers and geographic features, modulating attention weights on driver features, and constructing personalized models tailored to different driver passenger-carrying characteristics. Additionally, we propose a cloud federated learning (CFL_AFFM) algorithm that leverages cloud computing resources to compensate for vehicle computing limitations, enabling effective utilization of DTW clustering results. By sharing global models and clustering parameters via cloud platforms, broader collaborative effects are achieved while enhancing model generalization and stability, safeguarding driver and passenger privacy. Finally, we devise an online recommendation algorithm based on the current driver location and integrated driver features. It has been proven through experiments that this algorithm utilizes predictions from CFL_AFFM to recommend reliable passenger pickup areas, ensuring data sharing under privacy protection and offering personalized pickup zone recommendations. © The Author(s), under exclusive licence to Springer Science+Business Media, LLC, part of Springer Nature 2024.","2025","2026-03-10 17:00:03","2026-03-10 17:00:03","","","","1","28","","","","","","","","","","","","","Scopus","","","","","","","","Attention mechanisms; Attention mechanism; Clusterings; Street traffic control; Federated learning with clustering; Geographic information; Geographic information integration; Information integration; Learning with clustering; Ride-hailing pick-up area recommendation; Vehicle clouds; Vehicle-cloud collaboration","","","","","","","","","","","","","","","","","","","","","","","","","","","","","","","","","","","","","","","","","","","","","","",""
"KQ3Q5YZ5","journalArticle","2025","Xu, D.; Xia, T.; Hou, J.; Xiang, Y.; Xuan, Q.","MSR-GAN: multi-scales decomposition representations for unsupervised anomaly detection","Applied Intelligence","","","10.1007/s10489-025-06606-y","https://www.scopus.com/inward/record.uri?eid=2-s2.0-105004425591&doi=10.1007%2Fs10489-025-06606-y&partnerID=40&md5=354b2160fe58b8cc7f761016084b8f7a","Time series anomaly detection is crucial in many fields due to the unique combinations and complex multi-scale time-varying features of time series data, which require accurate analysis. However, previous research has failed to adequately address these complexities, lacking effective decomposition and multi-scale modeling to comprehensively capture differences between normal and abnormal time points at various scales. To address this, our study aims to propose an innovative approach, the Multi-Scale Reconstruction Network (MSR-GAN). It features a Multi-Scale Decoupling Module (MTD) to separate input time series into different-scale components and models the reconstruction as parallel full-scale time series recovery. Furthermore, a Reconstructed Residual Collaborative Learning Module (RRCL) is constructed to perform inter-scale interactions by adaptively calculating importance scores for generator weight control. Extensive experiments demonstrate MSR-GAN’s state-of-the-art performance on multiple benchmark datasets for time series anomaly detection, thus providing a more effective solution, enhancing monitoring and handling of abnormal situations in related fields, and promoting the further development of time series analysis techniques. © The Author(s), under exclusive licence to Springer Science+Business Media, LLC, part of Springer Nature 2025.","2025","2026-03-10 17:00:03","2026-03-10 17:00:03","","","","8","55","","","","","","","","","","","","","Scopus","","","","","","","","Anomaly detection; Time series analysis; Unsupervised learning; Weight control; Times series; Time-series data; Unsupervised anomaly detection; Multi-scales; Decouplings; Multi-scale Decomposition; Multi-scale decoupling; Reconstruction-based network; Time varying","","","","","","","","","","","","","","","","","","","","","","","","","","","","","","","","","","","","","","","","","","","","","","",""
"SP6CIXM6","journalArticle","2024","Sharma, M.; Kaur, P.","Fog-based Federated Time Series Forecasting for IoT Data","Journal of Network and Systems Management","","","10.1007/s10922-024-09802-2","https://www.scopus.com/inward/record.uri?eid=2-s2.0-85185482439&doi=10.1007%2Fs10922-024-09802-2&partnerID=40&md5=3bb6c96ee7faa3e0950fdd5c18f6ac0c","Federated learning (FL) allows multiple nodes or clients to train a model collaboratively without actual sharing of data. Thus, FL avoids data privacy leakage by keeping the data locally at the clients. Fog computing is a natural fit for decentralized FL where local training can take place at fog nodes using the data of connected Internet of Things (IoT) or edge devices. A cloud-based node can act as the server for global model updates. Although FL has been utilized in fog and edge computing for a few applications, its efficacy has been demonstrated majorly for independent and identically distributed (IID) data. However, real-world IoT applications are generally time-series (TS) data and non-IID. Since there has not been any significant effort towards using FL for non-IID time-series data, this paper presents a fog-based decentralized methodology for time series forecasting utilizing Federated Learning. The efficacy of the proposed methodology for the non-IID data is evaluated using a FL framework Flower. It is observed that the FL based TS forecasting performs at par with a centralized method for the same and yields promising results even when the data exhibits quantity skew. Additionally, the FL based method does not require sharing of data and hence, decreases the network load and preserves client privacy. © The Author(s), under exclusive licence to Springer Science+Business Media, LLC, part of Springer Nature 2024.","2024","2026-03-10 17:00:03","2026-03-10 17:00:03","","","","2","32","","","","","","","","","","","","","Scopus","","","","","","","","Federated learning; Data privacy; Forecasting; Internet of things; Time-series forecasting; Learning systems; Time series; Time series forecasting; Long short-term memory; Distributed data; Decentralised; Fog computing; Time-series data; Local training; Fog; Multiple clients; Privacy leakages; Flower framework; Multiple nodes","","","","","","","","","","","","","","","","","","","","","","","","","","","","","","","","","","","","","","","","","","","","","","",""
"745ZNKC8","journalArticle","2026","Fang, L.","A Novel Network Intrusion Detection Based On Variational Long Short-Term Memory And Federated Learning Under Cloud Computing Environment","Journal of Applied Science and Engineering","","","10.6180/jase.202605_29(5).0022","https://www.scopus.com/inward/record.uri?eid=2-s2.0-105022467362&doi=10.6180%2Fjase.202605_29%285%29.0022&partnerID=40&md5=bf93147214d5f948684e07a309203f49","This paper proposes a novel network intrusion detection method based on Variational Long Short-Term Memory (VLSTM) and Federated Learning (FL), aiming to effectively enhance the performance of network intrusion detection in cloud computing environments. In the cloud computing environment, network traffic data has the characteristics of being massive, complex and distributedly stored. Traditional intrusion detection methods are challenged by the issues of insufficient data privacy protection and model generalization ability. To address these problems, we first utilized the VLSTM network to extract features and model the network traffic data. VLSTM, by introducing a variational mechanism, can better capture the time series features and potential uncertainty information in the network traffic data, thereby improving the ability to identify intrusion behaviors. Then, combined with the federated learning framework, we conducted collaborative training on the data distributed across different cloud nodes, without requiring the data to be centralized in a single central node. This effectively solved the problem of data privacy protection and fully utilized the advantages of distributed data, enhancing the model’s generalization ability and detection accuracy. Experimental results show that this method outperforms the existing mainstream intrusion detection methods in key indicators such as detection rate and false alarm rate, providing a new and effective solution for network intrusion detection in the cloud computing environment, and has significant theoretical and practical value. © The Author(’s).","2026","2026-03-10 17:00:03","2026-03-10 17:00:03","","1271-1277","","5","29","","","","","","","","","","","","","Scopus","","","","","","","","Data privacy; Federated Learning; Attention mechanisms; Intrusion detection; Network security; Attention mechanism; Network intrusion detection; Short term memory; Network intrusion; Distributed cloud; Data privacy protections; Variational techniques; Generalization ability; Image resolution; Traffic data; Cloud computing environment; Cloud computing environments; Intrusion detection method; Network traffic; Variational long short-term memory; VLSTM","","","","","","","","","","","","","","","","","","","","","","","","","","","","","","","","","","","","","","","","","","","","","","",""
"QNVPS8WS","journalArticle","2024","Yang, B.; Long, W.; Zhang, Y.; Xi, Z.; Jiao, J.; Li, Y.","Multivariate time series anomaly detection: Missing data handling and feature collaborative analysis in robot joint data","Journal of Manufacturing Systems","","","10.1016/j.jmsy.2024.06.006","https://www.scopus.com/inward/record.uri?eid=2-s2.0-85196668766&doi=10.1016%2Fj.jmsy.2024.06.006&partnerID=40&md5=9b6e28e47439ba2776a624fdf20be549","The efficient operation of industrial robots relies on reliable anomaly detection systems, but the problem of missing data caused by sensor failures, data transmission errors, and system maintenance or updates in the industrial field poses a serious challenge to their accuracy and may lead to delays in recognizing critical faults, which in turn threatens production safety and causes economic losses. To address this problem, this paper constructs an Anomaly Detection Method with Combined Data Imputation and Feature Collaboration (AD-CIFC), which firstly employs a comprehensive imputation strategy to impute the missing data in order to better adapt to the natural flow of time series and complex patterns; then two graph attention mechanisms are proposed to be used in parallel to capture the relationship between nodes more comprehensively by introducing synergies, thus effectively utilizing the correlation between features to make the model more sensitive; finally, two collaborative learning models are proposed to be used in parallel to more comprehensively take into account the strong correlation between features in the data, and a collaborative loss function computation method is proposed, thus improving the overall detection accuracy and discrimination ability. Through anomaly detection experiments on industrial robots with different levels of missing joint data, it is demonstrated that the AD-CIFC model demonstrates a performance that matches or even outperforms other mainstream anomaly detection models in complete fault data tests, while the model performance using the comprehensive imputation strategy to impute in the joints is about 25 % higher on average compared to the model performance of traditional linear interpolation methods, and meanwhile, in the case of missing data at the minor to severe levels, the model still demonstrates robustness beyond traditional methods, which is very suitable for industrial robot production lines. © 2024 The Society of Manufacturing Engineers","2024","2026-03-10 17:00:04","2026-03-10 17:00:04","","132-149","","","75","","","","","","","","","","","","","Scopus","","","","","","","","Fault detection; Feature extraction; Anomaly detection; Time series analysis; Attention mechanisms; Learning systems; Time series; Missing data; Industrial robots; Accident prevention; Losses; Imputation strategy; Chemical detection; Collaborative graph attention mechanism; Collaborative learning model; Collaborative learning models; Comprehensive imputation strategy; Correlation between features; Feature correlation; Flow graphs; Strong feature correlation","","","","","","","","","","","","","","","","","","","","","","","","","","","","","","","","","","","","","","","","","","","","","","",""
"YSCAFAXQ","journalArticle","2025","Yamak, P.T.; Li, Y.; Zhang, T.; Pathan, M.S.","Kolmogorov-Arnold networks for time series forecasting: a comprehensive review","Cluster Computing","","","10.1007/s10586-025-05574-9","https://www.scopus.com/inward/record.uri?eid=2-s2.0-105018185398&doi=10.1007%2Fs10586-025-05574-9&partnerID=40&md5=c31c4ae8d7d871998d8b48f9815af0b3","This study presents Kolmogorov-Arnold Networks (KANs) for time series forecasting (TSF) as a transformative paradigm, leveraging the Kolmogorov-Arnold theorem to decompose multivariate temporal dependencies into interpretable, spline-parameterized univariate functions. Through architectural innovations like adaptive grid refinement, gated residual mechanisms, and hybrid attention integration, KAN-based models achieve state-of-the-art performance, outperforming transformers with up to 98% lower MSE on benchmarks while offering unparalleled transparency in feature attribution. Our systematic evaluation reveals that KANs excel in modeling nonlinear dynamics across univariate, multivariate, and high-frequency regimes, with applications spanning cryptocurrency volatility prediction, hydrological forecasting, and IoT-enabled anomaly detection. However, challenges persist, including computational overhead in spline optimization and scalability in high-dimensional settings. We propose actionable solutions to enhance robustness and energy efficiency, such as meta-learned spline initialization, federated learning frameworks, and integration with graph neural networks. Beyond technical advancements, KANs bridge the gap between domain expertise and AI, enabling actionable insights in precision medicine, climate resilience, and sustainable energy systems. By aligning with ethical AI principles and global sustainability goals, this work positions KANs as a cornerstone for next-generation TSF, urging interdisciplinary collaboration to unlock their full potential in real-world decision-making. © The Author(s), under exclusive licence to Springer Science+Business Media, LLC, part of Springer Nature 2025.","2025","2026-03-10 17:00:04","2026-03-10 17:00:04","","","","14","28","","","","","","","","","","","","","Scopus","","","","","","","","Anomaly detection; Neural networks; Forecasting; Decision making; Interpolation; Time-series forecasting; Time series; Time series forecasting; Interpretability; Benchmarking; Kolmogorov; Kolmogorov-arnold network; Adaptive architecture; Adaptive architectures; Adaptive grid refinement; Architectural innovation; Arnold's theorem; Kolmogorov-Arnold networks; Medicine; Parameterized; Splines; Univariate functions","","","","","","","","","","","","","","","","","","","","","","","","","","","","","","","","","","","","","","","","","","","","","","",""
"4VDRSMNH","conferencePaper","2025","Mo, F.; Malekzadeh, M.; Chatterjee, S.; Kawsar, F.; Mathur, A.","Enhancing E!iciency in Multidevice Federated Learning through Data Selection","","","","10.1145/3769102.3770628","https://www.scopus.com/inward/record.uri?eid=2-s2.0-105024934220&doi=10.1145%2F3769102.3770628&partnerID=40&md5=a94a09456f943713abe9789060d64be4","Ubiquitous wearable and mobile devices provide access to a diverse set of data. However, the mobility demand for our devices naturally imposes constraints on their computational and communication capabilities. A solution is to locally learn knowledge from data captured by ubiquitous devices, rather than to store and transmit the data in its original form. In this paper, we develop a federated learning framework, called Centaur, to incorporate on-device data selection at the edge, which allows partition-based training of a deep neural nets through collaboration between constrained and resourceful devices within the multidevice ecosystem of the same user. We benchmark on five neural net architecture and six datasets that include image data and wearable sensor time series. On average, Centaur achieves →19% higher classi!cation accuracy and →58% lower federated training latency, compared to the baseline. We also evaluate Centaur when dealing with imbalanced non-iid data, client participation heterogeneity, and different mobility patterns. To encourage further research in this area, we release our code at github.com/nokia-belllabs/data-centric-federated-learning. © 2025 Copyright held by the owner/author(s).","2025","2026-03-10 17:00:04","2026-03-10 17:00:04","","","","","","","","","","","","","","","","","","Scopus","","","","","","","","Federated Learning; Edge Intelligence; Edge intelligence; Wearable sensors; Ubiquitous computing; Wearable computers; Computational capability; Deep neural networks; Data reduction; Learn+; Communication capabilities; Constrained devices; Constrained Devices; Data Selection; Multi-devices; On-device AI; Partition-based training; Partition-Based Training; Ubiquitous devices","","","","","","","","","","","","","","","","","","","","","","","","","","","","","","","","SEC 2025 - Proceedings of the 2025 10th ACM/IEEE Symposium on Edge Computing","","","","","","","","","","","","","","",""
"SA2VWKI8","journalArticle","2025","Li, X.; Wang, H.","Federated Learning-Based Distributed Autoencoder for Industrial Big Data Anomaly Detection: Integrating LSTM, GRU, and CNN Models","Informatica (Slovenia)","","","10.31449/inf.v49i29.8511","https://www.scopus.com/inward/record.uri?eid=2-s2.0-105017968089&doi=10.31449%2Finf.v49i29.8511&partnerID=40&md5=2561e39148fb382be144b02743a620e8","This paper proposes an innovative solution based on deep learning for the anomaly detection challenge of big data in the industrial Internet of Things environment. Through in-depth analysis of time series and image data characteristics, LSTM and GRU networks are introduced to process time series data, and CNN models (such as ResNet and InceptionNet) are introduced to deal with image analysis and effectively capture complex patterns in data. Model-building involves not only architectural design, but also optimization strategies such as Adam Optimizer and loss function selection. In the preprocessing stage, the data are cleaned carefully through standardization, normalization, de-trending and de-noising to improve the learning efficiency of the model. The dataset used in the study is from a real - world intelligent manufacturing plant, with 1,000,000 records over three years. It contains 12 - dimensional sensor data (such as temperature, vibration frequency, current intensity), and outliers account for approximately 5% of the total data. Experimental results demonstrate that the distributed autoencoder under the federated learning framework outperforms traditional methods. It achieves an accuracy of 0.97, a recall of 0.94, an F1 - score of 0.95, and an AUC value of 0.96.However, it has a higher training time of 45 minutes and high communication costs during the training process due to the exchange of more data. In the federated learning process, each participating node independently trains the model based on local data, and uses the FedAvg strategy to aggregate parameters on the central server. Homomorphic encryption technology is used to ensure data privacy and prevent the leakage of original data. Compared with baseline methods such as IQR and Isolation Forest, the accuracy of this method is improved by 8%, which is statistically significant after the t-test (p<0.05). Although the training time is 45 minutes, which is higher than the traditional method, it has obvious advantages in complex industrial data processing and privacy protection, and achieves a trade-off between computational efficiency and privacy protection and detection performance. The 95% confidence interval of the precision rate of 0.97 is [0.962, 0.978], the 95% confidence interval of the recall rate of 0.94 is [0.931, 0.949], the 95% confidence interval of the F1 value of 0.95 is [0.943, 0.957], and the 95% confidence interval of the AUC value of 0.96 is [0.952, 0.968]. © (2024), (Slovene Society Informatika). All Rights Reserved.","2025","2026-03-10 17:00:04","2026-03-10 17:00:04","","181-196","","29","49","","","","","","","","","","","","","Scopus","","","","","","","","Data privacy; Anomaly detection; Time series analysis; Deep learning; Big data; Computational efficiency; deep learning; Data integration; Learning systems; Time series; Industrial big data; Learning algorithms; Economic and social effects; Time-series data; Privacy protection; Architectural design; Auto encoders; Data accuracy; Training time; anomaly detection algorithm; Anomaly-detection algorithms; CNN models; Confidence interval; industrial big data","","","","","","","","","","","","","","","","","","","","","","","","","","","","","","","","","","","","","","","","","","","","","","",""
"73K34ENC","journalArticle","2025","Liu, Y.; Zhao, H.; He, Y.; Zhang, W.; Zhu, L.; Li, H.","Federated reinforcement learning-based multi-UAV cooperative dynamic caching replacement strategy","Journal of Supercomputing","","","10.1007/s11227-025-07701-0","https://www.scopus.com/inward/record.uri?eid=2-s2.0-105012502663&doi=10.1007%2Fs11227-025-07701-0&partnerID=40&md5=943554d335f55f064f7aefeee27ed7b1","Existing mobile edge computing caching strategies face several challenges, including privacy leakage due to centralized training, the lack of consideration for the age of cached content, and issues such as poor content freshness, low cache hit rate, and high system energy consumption, which arise from the randomness and high dynamics of user requests in emergency scenarios. To address these issues, a federated reinforcement learning-based multi-unmanned aerial vehicle cooperative dynamic caching replacement strategy is proposed. Firstly, a comprehensive utility objective function is developed, considering user access delay, the age of cached content, and system energy consumption. Secondly, BiLSTM is employed to capture the dynamic dependencies in user request time series, combined with an attention mechanism to focus on key features. Federated learning is used to achieve distributed training across UAVs, ensuring user privacy while improving the accuracy of content popularity prediction. Subsequently, a weighted caching scoring mechanism based on content popularity and information age is proposed to dynamically adjust the cache replacement order. Finally, the cache replacement and user association problems are modeled as a Markov decision process, and the TD3 reinforcement learning algorithm is applied, utilizing double Q-networks and a delayed policy update mechanism, to derive the optimal cache replacement strategy. The experimental results demonstrate that the proposed method outperforms comparison approaches in terms of cache hit rate, access delay, and content freshness, demonstrating strong performance advantages and application potential. © The Author(s), under exclusive licence to Springer Science+Business Media, LLC, part of Springer Nature 2025.","2025","2026-03-10 17:00:04","2026-03-10 17:00:04","","","","12","81","","","","","","","","","","","","","Scopus","","","","","","","","Federated learning; Reinforcement learning; Edge computing; Mobile edge computing; Learning algorithms; Energy utilization; Green computing; Reinforcement learnings; Markov processes; Antennas; Unmanned aerial vehicles (UAV); Behavioral research; Age of information; Cache memory; Cache hit rates; Cache replacement; Content freshness; Cooperative dynamics; Dynamic caching; Replacement strategy; UAV cooperation","","","","","","","","","","","","","","","","","","","","","","","","","","","","","","","","","","","","","","","","","","","","","","",""
"8I8CR4KN","journalArticle","2026","Pham, T.; Furno, A.; Chamroukhi, F.; Oukhellou, L.","Federated dynamic modeling and learning for spatiotemporal data forecasting","Neurocomputing","","","10.1016/j.neucom.2026.132712","https://www.scopus.com/inward/record.uri?eid=2-s2.0-105028364622&doi=10.1016%2Fj.neucom.2026.132712&partnerID=40&md5=96eda3e3999344d97dfe1aa9c6d9b848","This paper presents an advanced Federated Learning (FL) framework for forecasting complex spatiotemporal data, improving upon recent state-of-the-art models. In the proposed approach, the original Gated Recurrent Unit (GRU) module within previous Dynamic Spatial–Temporal Graph Convolutional Recurrent Network (DSTGCRN) modeling is first replaced with a Long Short-Term Memory (LSTM) network, enabling the resulting model to more effectively capture long-term dependencies inherent to time series data. The resulting architecture significantly improves the model's capacity to handle complex temporal patterns in diverse forecasting applications. Furthermore, the proposed FL framework integrates a novel Client-Side Validation (CSV) mechanism, introducing a critical validation step at the client level before incorporating aggregated parameters from the central server into local models, ensuring that only the most effective updates are retained and improving both the robustness and accuracy of the forecasting model across clients. The efficiency of our approach is demonstrated through extensive experiments on real-world applications, including public datasets for multimodal transport demand forecasting and private datasets for Origin-Destination (OD) matrix forecasting in urban areas. The results demonstrate substantial improvements over conventional methods, highlighting the framework's ability to capture complex spatiotemporal dependencies while preserving data privacy. This work not only provides a scalable and privacy-preserving solution for real-time, region-specific forecasting and management but also underscores the potential of leveraging distributed data sources in an FL context. We provide our algorithms as open-source on GitHub.1 © 2026 Elsevier B.V.","2026","2026-03-10 17:00:04","2026-03-10 17:00:04","","","","","672","","","","","","","","","","","","","Scopus","","","","","","","","federated learning; Federated learning; data privacy; Time series analysis; Attention mechanisms; Forecasting; privacy; LSTM; Convolution; Demand forecasting; Time-series analysis; Learning systems; Spatio-temporal data; forecasting; time series analysis; Attention mechanism; Complex networks; Information management; Dynamics; Long short-term memory; Short term memory; Privacy-preserving techniques; learning; Learning frameworks; human; algorithm; article; controlled study; Urban transportation; predictive model; long short term memory network; urban area; Dynamic learning; Graph convolutional recurrent network; Recurrent networks; Transport demand; Transport demand forecasting","","","","","","","","","","","","","","","","","","","","","","","","","","","","","","","","","","","","","","","","","","","","","","",""
"PALRU5BH","journalArticle","2024","Samal, P.; Bedi, J.","A federated learning based approach for wave height prediction in maritime transportation","Ocean Engineering","","","10.1016/j.oceaneng.2024.119631","https://www.scopus.com/inward/record.uri?eid=2-s2.0-85208486657&doi=10.1016%2Fj.oceaneng.2024.119631&partnerID=40&md5=103473dc94c6e079a4341a6a07f5e923","Forecasting Ocean Wave Height (OWH) is essential for several marine operations, such as coastal and ocean engineering applications. Current state-of-the-art solutions in the domain involve building machine and deep learning-based models for estimating wave height patterns. These existing solutions lack the desired generalization capability and heavily rely on data, contextual and external features. To address these limitations, a federated learning-based approach utilizing long short-term memory (LSTM) network and Temporal Convolutional Network (TCN) for ocean wave height estimation is proposed in the current work. The experimental evaluation of the proposed solution is performed in a federated learning setting, utilizing an open-source dataset comprising eight selected National Data Buoy Center (NDBC) buoys placed in various maritime regions. The aim is to demonstrate how comparable or even better performance than individual learning may be achieved by training the individual models on decentralized time-series data and then aggregating their updates to the global model. Through experimental evaluation, the resultant prediction accuracy, generalization, and computational benefits of the proposed approach are verified compared to the existing benchmark studies. © 2024 Elsevier Ltd","2024","2026-03-10 17:00:04","2026-03-10 17:00:04","","","","","314","","","","","","","","","","","","","Scopus","","","","","","","","Federated learning; machine learning; prediction; Prediction models; Short term memory; 'current; maritime transportation; Learning-based approach; Memory network; Experimental evaluation; Long short term memory network; Maritime transportation; ocean wave; Temporal network; Temporal networks; Water waves; wave height; Wave height prediction; Wave heights","","","","","","","","","","","","","","","","","","","","","","","","","","","","","","","","","","","","","","","","","","","","","","",""
"BCP6DWEK","journalArticle","2024","Tabatabaie, M.; He, S.","Driver Maneuver Interaction Identification with Anomaly-Aware Federated Learning on Heterogeneous Feature Representations","Proceedings of the ACM on Interactive, Mobile, Wearable and Ubiquitous Technologies","","","10.1145/3631421","https://www.scopus.com/inward/record.uri?eid=2-s2.0-85182587647&doi=10.1145%2F3631421&partnerID=40&md5=aa849d8e75d8e5fa38a0318b78c61529","Driver maneuver interaction learning (DMIL) refers to the classification task with the goal of identifying different driver-vehicle maneuver interactions (e.g., left/right turns). Existing conventional studies largely focused on the centralized collection of sensor data from the drivers' smartphones (say, inertial measurement units or IMUs, like accelerometer and gyroscope). Such a centralized mechanism might be precluded by data regulatory constraints. Furthermore, how to enable an adaptive and accurate DMIL framework remains challenging due to (i) complexity in heterogeneous driver maneuver patterns, and (ii) impacts of anomalous driver maneuvers due to, for instance, aggressive driving styles and behaviors. To overcome the above challenges, we propose AF-DMIL, an Anomaly-aware Federated Driver Maneuver Interaction Learning system. We focus on the real-world IMU sensor datasets (e.g., collected by smartphones) for our pilot case study. In particular, we have designed three heterogeneous representations for AF-DMIL regarding spectral, time series, and statistical features that are derived from the IMU sensor readings. We have designed a novel heterogeneous representation attention network (HetRANet) based on spectral channel attention, temporal sequence attention, and statistical feature learning mechanisms, jointly capturing and identifying the complex patterns within driver maneuver behaviors. Furthermore, we have designed a densely-connected convolutional neural network in HetRANet to enable the complex feature extraction and enhance the computational efficiency of HetRANet. In addition, we have designed within AF-DMIL a novel anomaly-aware federated learning approach for decentralized DMIL in response to anomalous maneuver data. To ease extraction of the maneuver patterns and evaluation of their mutual differences, we have designed an embedding projection network that projects the high-dimensional driver maneuver features into low-dimensional space, and further derives the exemplars that represent the driver maneuver patterns for mutual comparison. Then, AF-DMIL further leverages the mutual differences of the exemplars to identify those that exhibit anomalous patterns and deviate from others, and mitigates their impacts upon the federated DMIL. We have conducted extensive driver data analytics and experimental studies on three real-world datasets (one is harvested on our own) to evaluate the prototype of AF-DMIL, demonstrating AF-DMIL's accuracy and effectiveness compared to the state-of-the-art DMIL baselines (on average by more than 13% improvement in terms of DMIL accuracy), as well as fewer communication rounds (on average 29.20% fewer than existing distributed learning mechanisms).  © 2024 ACM.","2024","2026-03-10 17:00:04","2026-03-10 17:00:04","","","","4","7","","","","","","","","","","","","","Scopus","","","","","","","","Convolutional neural networks; Deep learning; Computational efficiency; Smart phones; Complex networks; Extraction; Learning mechanism; Embeddings; Smartphones; Statistical features; Feature representation; anomaly-aware federated learning; Anomaly-aware federated learning; Centralized collection; Classification tasks; Driver maneuver interaction learning; Heterogeneous features; heterogeneous maneuver representation learning; Heterogeneous maneuver representation learning","","","","","","","","","","","","","","","","","","","","","","","","","","","","","","","","","","","","","","","","","","","","","","",""
"MDA84PNM","journalArticle","2024","Arooj, Q.","FedWindT: Federated learning assisted transformer architecture for collaborative and secure wind power forecasting in diverse conditions","Energy","","","10.1016/j.energy.2024.133072","https://www.scopus.com/inward/record.uri?eid=2-s2.0-85203244444&doi=10.1016%2Fj.energy.2024.133072&partnerID=40&md5=babe0a4aff147f77e815959592c583cd","Accurate wind power forecasting is crucial for efficient grid management and maximizing the utilization of wind energy. This study introduces the FedWindT, an innovative model that combines transformer neural architectures with federated learning, specifically designed to enhance wind power prediction. The transformer's self-attention mechanism adeptly captures the temporal dynamics of wind data, while federated learning facilitates a decentralized, privacy-preserving training process. Our comprehensive empirical analysis across multiple wind farm datasets demonstrates that the FedWindT consistently outperforms traditional state-of-the-art centralized approaches. Specifically, the FedWindT achieved an average Normalized Mean Squared Error (NMSE) of 0.0109, Mean Absolute Error (MAE) of 0.0243, and Root Mean Squared Error (RMSE) of 0.0288, with R-squared (R2) values consistently closer to 1, indicating high predictive accuracy. These results validate the effectiveness of combining federated learning with advanced neural architectures and highlight a promising direction for future decentralized energy forecasting solutions. © 2024 Elsevier Ltd","2024","2026-03-10 17:00:04","2026-03-10 17:00:04","","","","","309","","","","","","","","","","","","","Scopus","","","","","","","","Federated learning; Data privacy; machine learning; Attention mechanisms; Renewable energy; Time series prediction; time series analysis; energy management; Decentralized learning; Wind forecasting; Condition; Renewable energies; Wind power forecasting; forecasting method; Transformer architecture; Neural architectures; wind power; decentralization; alternative energy; Self-attention mechanism; Grid management; Time-series prediction; Windmill","","","","","","","","","","","","","","","","","","","","","","","","","","","","","","","","","","","","","","","","","","","","","","",""
"94ZFMEFS","conferencePaper","2025","Zhang, X.","Optimization and Implementation of Time Series Dimensionality Reduction Anti-fraud Model Integrating PCA and LSTM under the Federated Learning Framework","","","","10.1016/j.procs.2025.05.134","https://www.scopus.com/inward/record.uri?eid=2-s2.0-105008862500&doi=10.1016%2Fj.procs.2025.05.134&partnerID=40&md5=dd285764d9095854b85a06716553b708","For the problem of fraud detection in financial transaction systems, traditional anomaly detection methods based on time series often face challenges such as high computational overhead, inefficient feature extraction, and privacy and security risks when data distribution is highly heterogeneous. To this end, this paper integrates principal component analysis (PCA) and long short-term memory (LSTM) under the framework of Federated Learning (FL) to construct an efficient time series dimensionality reduction anti-fraud model to optimize fraud detection performance and protect data privacy. First, the distributed training of the federated learning framework is adopted to enable different data sources to perform feature extraction and model training locally, thereby achieving data sharing under the premise of protecting privacy. Then, PCA is used to extract the main feature components to improve the effectiveness of data representation. Subsequently, the LSTM model was introduced to perform deep learning on the features after dimensionality reduction to improve the ability to identify abnormal trading patterns. Finally, the Federated Averaging (FedAvg) algorithm is used to aggregate the updates of each local model to optimize the global model performance, while the Federated Differential Privacy (FDP) mechanism is used to enhance data privacy protection. In the experimental conclusion, the proposed model outperforms traditional methods on multiple standard datasets. On the research dataset, the accuracy of the proposed model reaches 93.6%, which is more advantageous than random forest (93.4%) and gradient boosting tree (92.5%). At the same time, the computational overhead and privacy protection capabilities of the model are well balanced. By applying a privacy protection mechanism, although the training time has increased, an effective trade-off between data privacy and performance has been achieved, providing researchers with a new solution. © 2025 The Authors. Published by Elsevier B.V.","2025","2026-03-10 17:00:04","2026-03-10 17:00:04","","992-1001","","","262","","","","","","","","","","","","","Scopus","","","","","","","","Data privacy; Principal component analysis; Feature extraction; Anomaly detection; Time series analysis; Deep learning; Differential privacy; Dimensionality reduction; Learning systems; Time series; Privacy Protection; LSTM Model; Economic and social effects; Data Sharing; Short term memory; Extraction; Privacy protection; Learning frameworks; Data reduction; Crime; Commerce; Memory modeling; Fraud detection; Principal-component analysis; Federated learning framework; Federated Learning Framework; Fraud Detection; Long short-term memory model; PCA Dimensionality Reduction; Principal component analyze dimensionality reduction","","","","","","","","","","","","","","","","","","","","","","","","","","","","","","","","Procedia Computer Science","","","","","","","","","","","","","","",""
"U59KKUZL","conferencePaper","2025","Shi, H.; Wang, Q.; Li, Q.; Li, H.; Cui, J.","FLATTN: Bridging Temporal Resolution Disparities via Attention Alignment in Federated Distillation for Human Activity Recognition","","","","10.1145/3737899.3768516","https://www.scopus.com/inward/record.uri?eid=2-s2.0-105025589886&doi=10.1145%2F3737899.3768516&partnerID=40&md5=68bbe4e8ab6fe93a1ff41010964b8290","Feature Heterogeneity in federated learning has become a key issue recently, even ubiquitous in learning from distributed time series data. To facilitate knowledge transfer across local devices with heterogeneous time series data, recent studies have made efforts to learn the reasoning process by reducing the discrepancy among features. However, a new challenge in the human activity recognition task remains to be discussed: heterogeneous devices not only collect data with different feature distributions but also collect data with different temporal resolutions, exacerbating the feature inconsistency across local devices. To address the issue, this paper proposes FLATTN, a novel federated distillation method to effectively enhance the generalization of the global model. Meanwhile, a deformed convolution kernel is designed to efficiently distill the knowledge for models with heterogeneous resolution input. The experiments show that FLATTN improves accuracy on two human activity datasets while reducing at least 40.26% time costs for distillation.  © 2025 Copyright is held by the owner/author(s). Publication rights licensed to ACM.","2025","2026-03-10 17:00:04","2026-03-10 17:10:49","","8-15","","","","","","","","","","","","","","","","Scopus","","","","","","","","Knowledge transfer; Human activity recognition; Pattern recognition; Time series; device heterogeneity; Knowledge management; Device heterogeneities; Time-series data; Distributed time series; federated distillation; Federated distillation; heterogeneous federated learning; Heterogeneous federated learning; Heterogeneous temporal resolution; Key Issues; Temporal resolution","","","","","","","","","","","","","","","","","","","","","","","","","","","","","","","","FLEdge-AI 2025 - Proceedings of the 2025 Federated Learning and Edge AI for Privacy and Mobility","","","","","","","","","","","","","","",""
"QRKGNJQ5","conferencePaper","2025","Nandy, M.; Biswas, D.","Deep Learning Forecasting of Renewable Energy Generation Patterns","","","","10.1051/e3sconf/202568000114","https://www.scopus.com/inward/record.uri?eid=2-s2.0-105028286811&doi=10.1051%2Fe3sconf%2F202568000114&partnerID=40&md5=b1fd0f2c3df46a274ceacfa641a1f157","Renewable energy sources, such as wind and solar, are unable to be integrated into present electrical infrastructures due to persistent issues with intermittency and unpredictability. Reliable load pattern forecasting for renewable energy sources and efficient energy storage use are essential for efficient power grid management. For renewable energy data, the intricacies that conventional forecasting techniques, such as autoregressive or statistical approaches, miss include nonlinearities, complicated dynamics, and strong temporal correlations. Forecasting the production of renewable energy sources accurately is therefore vital for optimizing energy storage use and maintaining system stability. This study proposes a CNN-LSTM architecture-integrated deep learning-based forecasting framework to enhance comprehension of the spatial feature representations and temporal correlations in energy and weather historical data. Using real-world wind and solar datasets, the hybrid CNN-LSTM model achieved a prediction accuracy that was 15-22% higher than that of baseline statistical and machine learning approaches such as Random Forest and ARIMA. Innovative dual-stage design combines optimum training approach for non-stationary renewable data with temporal-spatial feature learning to boost flexibility for grid-level deployment. The article also explores the possibilities of Transformers and federated learning frameworks for distributed renewable energy forecasting.  © The Authors, published by EDP Sciences, 2025.","2025","2026-03-10 17:00:04","2026-03-10 17:00:04","","","","","680","","","","","","","","","","","","","Scopus","","","","","","","","Wind energy; Deep learning; LSTM; Renewable energy; Time-series forecasting; Energy prediction; Solar power","","","","","","","","","","","","","","","","","","","","","","","","","","","","","","","","E3S Web of Conferences","","","","","","","","","","","","","","",""
"DDDUY6X9","journalArticle","2025","Ch, R.; Sudheer, P.; Batra, I.; Sembiring, F.","A Novel Adaptive Cluster-Based Federated Learning Framework for Anomaly Detection in VANETs","Engineering Proceedings","","","10.3390/engproc2025107079","https://www.scopus.com/inward/record.uri?eid=2-s2.0-105018860951&doi=10.3390%2Fengproc2025107079&partnerID=40&md5=221797c39512546968288f9ba78ede32","Vehicular Ad Hoc Networks (VANETs) encounter significant hurdles in anomaly detection owing to their dynamic characteristics, scalability demands, and privacy issues. This research presents a new Adaptive Cluster-Based Federated Learning (ACFL) architecture to tackle these challenges. In contrast to conventional machine learning models, the ACFL framework dynamically organizes cars through the Context-Aware Cluster Manager (CACM), which adjusts clusters according to real-time variables like mobility, node density, and communication patterns. Each cluster utilizes Modified Temporal Neural Networks (MTNNs) for localized anomaly detection, employing time-series analysis to improve precision. Federated learning is enabled via the Hierarchical Aggregation Layer (HAL), which effectively consolidates updates across clusters, ensuring scalability and data confidentiality. The proposed framework was assessed in comparison to established machine learning models, including Support Vector Machines (SVM), Random Forest (RF), Logistic Regression (LR), K-Nearest Neighbor (KNN), and the K-Nearest Neighbors with Kernelized Feature Selection and Clustering(KNN-KFSC) approach, utilizing the VeReMi dataset. Findings demonstrate that ACFL surpasses existing models in identifying abnormalities, including Global Positioning System(GPS)spoofing and Denial of Service (DoS) assaults, exhibiting enhanced accuracy, adaptability, and scalability. This work emphasizes the capability of ACFL to tackle urgent security issues in VANET, facilitating the development of secure next-generation intelligent transportation systems. © 2025 by the authors.","2025","2026-03-10 17:00:05","2026-03-10 17:00:05","","","","1","107","","","","","","","","","","","","","Scopus","","","","","","","","anomaly detection; adaptive cluster-based federated learning; context-aware cluster manager; hierarchical aggregation layer; modified temporal neural networks; privacy-preserving models; VANET","","","","","","","","","","","","","","","","","","","","","","","","","","","","","","","","","","","","","","","","","","","","","","",""
"KVFRESZ6","conferencePaper","2025","Tu, C.; Xin, Y.","Collection of electric carbon energy consumption data in industrial parks based on time series and federated learning algorithms","","","","10.1117/12.3061628","https://www.scopus.com/inward/record.uri?eid=2-s2.0-105005721626&doi=10.1117%2F12.3061628&partnerID=40&md5=9e78dc0b69e7787dc5f736484176ed7a","Due to the large number of enterprises and complex data sources in the park, traditional data collection methods often suffer from problems such as inaccurate data and poor timeliness. A method for collecting and managing electric carbon energy consumption data in industrial parks based on time series and federated learning algorithms is proposed. This method combines the advantages of time series prediction technology and can accurately capture the temporal dependence and periodic changes of energy consumption data, thereby achieving precise prediction of future energy consumption trends. Meanwhile, by introducing federated learning algorithms, the parameters of the prediction model are encrypted and sent to the central server. During the local training phase of the client model, the training direction of the local model is constrained by regularization terms to solve the problem of local model drift; In the global model aggregation stage, a client contribution estimation strategy is proposed, which assigns weights based on the degree of client contribution to protect the fairness of client collaboration and improve the generalization ability of the global model. This global model can more accurately reflect the overall energy consumption of the park, providing strong support for energy management and carbon emission control in the park. Through experimental verification, it has been found that the proposed method can accurately predict the electricity and carbon energy consumption data of the park, improving the accuracy and timeliness of the collection of electricity and carbon energy consumption data in the park. © 2025 SPIE.","2025","2026-03-10 17:00:05","2026-03-10 17:00:05","","","","","13560","","","","","","","","","","","","","Scopus","","","","","","","","Data collection; Time series; Times series; Global models; Local model; Energy-consumption; Carbon energy; Enterprise data; Federated learning algorithm; Industrial parks; park Electricity carbon energy consumption; Park electricity carbon energy consumption","","","","","","","","","","","","","","","","","","","","","","","","","","","","","","","","Proceedings of SPIE - The International Society for Optical Engineering","","","","","","","","","","","","","","",""
"CGBNJIHK","journalArticle","2024","Bian, R.; Wang, L.; Liu, Y.; Dai, Z.","Electric vehicle load forecasting based on convolutional networks with attention mechanism and federated learning method","IET Generation, Transmission and Distribution","","","10.1049/gtd2.13192","https://www.scopus.com/inward/record.uri?eid=2-s2.0-85196293886&doi=10.1049%2Fgtd2.13192&partnerID=40&md5=4bb09f7408f4de3ec7d4d9bfe56a5016","Accurate forecasting of electric vehicle (EV) load is essential for grid stability and energy management. EV load forecasting is influenced by multiple factors. At present, the load forecasting model for EVs mainly uses collected sample data to build a data-driven model. But these algorithms need to collect all the data together to train the model, ignoring the privacy of each data collection source. In a competitive market environment, each device service provider is not willing to share the sample data they store. Aiming at this problem, this paper proposes an EV load diagnosis algorithm considering data privacy. Firstly, a convolutional neural network with dual attention mechanism is constructed as the basic time series forecasting model. The association rule algorithm is used to select weather data with strong associations as the inputs of the model. Each service provider uses local data to perform deep learning network. All models are then trained using a federated learning framework. During the entire training process, historical data is stored locally, and only model parameter information is shared and interacted; thus data privacy is protected. Finally, the validity of the algorithm in this paper is verified by using real collected EV load data. © 2024 The Author(s). IET Generation, Transmission & Distribution published by John Wiley & Sons Ltd on behalf of The Institution of Engineering and Technology.","2024","2026-03-10 17:00:05","2026-03-10 17:00:05","","2313-2324","","13","18","","","","","","","","","","","","","Scopus","","","","","","","","Data privacy; Electric vehicles; Attention mechanisms; electric vehicles; Load forecasting; Convolution; time series; Learning systems; Time series; Data acquisition; Long short-term memory; Times series; Service provider; Learning methods; Electric load forecasting; Convolutional networks; Electric power plant loads; Grid stability; load (electric); Load (electric); Sample data; Vehicle load","","","","","","","","","","","","","","","","","","","","","","","","","","","","","","","","","","","","","","","","","","","","","","",""
"5DN8MUGB","journalArticle","2025","Yin, W.; Ji, J.","Prediction of EV charging load based on federated learning","Energy","","","10.1016/j.energy.2025.134559","https://www.scopus.com/inward/record.uri?eid=2-s2.0-85215385945&doi=10.1016%2Fj.energy.2025.134559&partnerID=40&md5=4f43bd79ed08100b35e80ea391e714c4","With the rapid development of electric vehicles (EV), the sharp increase in the number of charges and the daily charging volume has a impact on the stable operation of the power grid. Therefore, the study of EV charging load forecasting is of great significance. However, due to the privacy of charging behavior data, existing research based on machine learning prediction models fails to consider this important factor, resulting in low prediction accuracy.To solve this problem, this paper proposes a power prediction model based on federated learning and variational mode decomposition-long short-term memory neural network (VMD-LSTM). Firstly, VMD is to decompose the EV charging power time series into multiple components for hierarchical prediction, which reduces the non-stationarity and complexity of the EV charging sequence. Secondly, an improved particle swarm optimization (PSO) algorithm is used to improve the decomposition efficiency of VMD, and horizontal federated learning is realized through local training and parameter aggregation methods, data privacy security while predicting the EV charging load. Finally, the proposed method is verified using charging load data from multiple charging stations in a city. The results that the proposed method effectively improves the accuracy of short-term EV charging load prediction while ensuring user privacy security. © 2025 Elsevier Ltd","2025","2026-03-10 17:00:05","2026-03-10 17:00:05","","","","","316","","","","","","","","","","","","","Scopus","","","","","","","","Federated learning; machine learning; smart grid; Power grids; Load forecasting; State of charge; EV; Electric vehicle charging; time series; Charging stations; electric vehicle; Machine-learning; Prediction models; model validation; artificial neural network; Prediction modelling; numerical method; On-machines; Charging loads; EVs; Sharp increase; Stable operation","","","","","","","","","","","","","","","","","","","","","","","","","","","","","","","","","","","","","","","","","","","","","","",""
"FV6FBGKS","journalArticle","2025","","Society of Petroleum Engineers - SPE Europe Energy Conference and Exhibition, EURO 2025","Society of Petroleum Engineers - SPE Europe Energy Conference and Exhibition, EURO 2025","","","","https://www.scopus.com/inward/record.uri?eid=2-s2.0-105009207517&partnerID=40&md5=9e46e1fc9e3f89dc13366154004e52a7","The proceedings contain 122 papers. The topics discussed include: applying new automated monitoring workflow to geothermal wells: a case of Muara Laboh field, Indonesia; prediction of liquid loading using physics-based and data driven machine learning model for a German gas field; data-driven reservoir performance forecasting: leveraging machine learning for complex reservoirs; production time series monitoring using vision-language models; detecting low-quality intervals in surface logging data using AI-based anomaly detection; self-supervised learning using vision transformer architecture for rock image segmentation; new electric submersible screw pump in coal-bed methane drainage and gas production; new generation delayed acid system: an excellent alternative to treat old and hot wells; and federated learning for geothermal energy: a decentralized solution for data sharing and sector learning.","2025","2026-03-10 17:00:05","2026-03-10 17:00:05","","","","","","","","","","","","","","","","","","Scopus","","","","","","","","","","","","","","","","","","","","","","","","","","","","","","","","","","","","","","","","","","","","","","","","","","","","","","",""
"VGGSX92X","journalArticle","2025","Albogami, N.N.","Intelligent deep federated learning model for enhancing security in internet of things enabled edge computing environment","Scientific Reports","","","10.1038/s41598-025-88163-5","https://www.scopus.com/inward/record.uri?eid=2-s2.0-85217836618&doi=10.1038%2Fs41598-025-88163-5&partnerID=40&md5=88807fa3c43e3252a2b1545970df365e","In the present scenario, the Internet of Things (IoT) and edge computing technologies have been developing rapidly, foremost to the development of new tasks in security and privacy. Personal information and privacy leakage have become the main concerns in IoT edge computing surroundings. The promptly developing IoT-connected devices below an integrated Machine Learning (ML) method might threaten data confidentiality. The standard centralized ML-assisted methods have been challenging because they require vast numbers of data in a vital unit. Due to the rising distribution of information in many systems of linked devices, decentralized ML solutions have been required. Federated learning (FL) was proposed as an optimal solution to discover these privacy issues. Still, the heterogeneity of systems in IoT edge computing environments poses an essential task when executing FL. Therefore, this paper develops an Intelligent Deep Federated Learning Model for Enhancing Security (IDFLM-ES) approach in the IoT-enabled edge-computing environment. The presented IDFLM-ES approach aims to identify unwanted intrusions to certify the safety of the IoT environment. To accomplish this, the IDFLM-ES technique introduces a federated hybrid deep belief network (FHDBN) model using FL on time series data produced by the IoT edge devices. Besides, the IDFLM-ES technique uses data normalization and golden jackal optimization (GJO) based feature selection as a pre-processing step. Besides, the IDFLM-ES technique learns the individual and distributed feature representation over distributed databases to enhance model convergence for quick learning. Finally, the dung beetle optimizer (DBO) model is utilized to choose the effectual hyperparameter of the FHDBN model. The simulation value of the IDFLM-ES methodology is verified using a benchmark database. The experimental validation of the IDFLM-ES methodology portrayed a superior accuracy value of 98.24% compared to other models. © The Author(s) 2025.","2025","2026-03-10 17:00:05","2026-03-10 17:00:05","","","","1","15","","","","","","","","","","","","","Scopus","","","","","","","","federated learning; Federated Learning; Edge Computing; machine learning; privacy; Internet of things; simulation; confidentiality; time series analysis; internet of things; learning; human; identifiable information; adult; article; benchmarking; feature selection; data base; deep belief network; dung beetle; golden jackal; Golden Jackal optimization; Hyperparameter tuning","","","","","","","","","","","","","","","","","","","","","","","","","","","","","","","","","","","","","","","","","","","","","","",""
"6ILHQ5HI","journalArticle","2024","Chen, S.; Yuan, J.; Wang, Z.; Sun, Y.","Local perturbation-based black-box federated learning attack for time series classification","Future Generation Computer Systems","","","10.1016/j.future.2024.04.048","https://www.scopus.com/inward/record.uri?eid=2-s2.0-85192248606&doi=10.1016%2Fj.future.2024.04.048&partnerID=40&md5=7a826bbb2cf2a407709279b032d6caa3","The widespread adoption of intelligent machines and sensors has generated vast amounts of time series data, leading to the increasing use of neural networks in time series classification. Federated learning has emerged as a promising machine learning paradigm that reduces the risk of user privacy leakage. However, federated learning is vulnerable to backdoor attacks, which pose significant security threats. Furthermore, existing unrealistic white-box methods for attacking time series result in insufficient adaptation and inferior stealthiness. To overcome these limitations, this paper proposes a gradient-free black-box method called local perturbation-based backdoor Federated Learning Attack for Time Series classification (FLATS). The attack is formulated as a constrained optimization problem and is solved using a differential evolution algorithm, without requiring any knowledge of the internal architecture of the target model. In addition, the proposed method considers the time series shapelet interval as a local perturbation range and adopts a soft target poisoning approach to minimize the difference between the attacker model and the benign model. Experimental results demonstrate that our proposed method can effectively attack federated learning time series classification models with potential security issues while generating imperceptible poisoned samples that can evade various defence methods. © 2024 Elsevier B.V.","2024","2026-03-10 17:00:05","2026-03-10 17:00:05","","488-500","","","158","","","","","","","","","","","","","Scopus","","","","","","","","Federated learning; Learning systems; Time series; Times series; Evolutionary algorithms; Black boxes; Time series classifications; Constrained optimization; Backdoors; Black-box backdoor attack; Local perturbation; Perturbation techniques; Shapelet interval; Shapelets; Stealthy","","","","","","","","","","","","","","","","","","","","","","","","","","","","","","","","","","","","","","","","","","","","","","",""
"5GH6XFGZ","journalArticle","2025","Zhao, X.; Guo, F.; Huang, A.; Ding, J.; Yan, C.; Yuan, W.; Su, Y.; Li, Q.; Zhang, Q.","Adaptive resource management in dynamic Cyber–Physical Systems using Artificial Intelligence","Engineering Applications of Artificial Intelligence","","","10.1016/j.engappai.2025.112409","https://www.scopus.com/inward/record.uri?eid=2-s2.0-105016865073&doi=10.1016%2Fj.engappai.2025.112409&partnerID=40&md5=9a8aadcdb0af41ef43d5983313a2b899","Effective resource management is crucial for the operation of dynamic Cyber–Physical Systems (CPS), yet traditional static or rule-based approaches often fail to handle their inherent complexity. This paper presents a novel Artificial Intelligence (AI)-driven framework for adaptive resource management, defined as the capability to autonomously adjust resource allocation by proactively forecasting future demands and dynamically optimizing decisions in real-time. The framework integrates a suite of AI techniques, including time-series models like Long Short-Term Memory (LSTM), chosen for their ability to capture complex temporal dependencies, for demand prediction. For resource allocation, it employs advanced actor–critic reinforcement learning (RL) algorithms like Proximal Policy Optimization (PPO) and Deep Deterministic Policy Gradient (DDPG), selected for their stability and efficiency in complex decision-making tasks. Performance was rigorously evaluated in a simulated dynamic environment. Experimental results demonstrate that combinations leveraging LSTM's predictive accuracy with the robust optimization of PPO and DDPG achieve superior performance and stability. Specifically, the LSTM+DDPG and LSTM+PPO configurations yielded the highest average rewards (0.964 and 0.942, respectively), significantly outperforming the fixed-strategy baseline (0.497) and other AI pairings. Furthermore, the feasibility of training prediction models in a distributed manner via Federated Learning (FL) is successfully demonstrated. This research highlights that a synergistic integration of suitable AI predictors and advanced RL agents provides a powerful and resilient solution for resource management in dynamic CPS. © 2025 Elsevier Ltd","2025","2026-03-10 17:00:05","2026-03-10 17:00:05","","","","","162","","","","","","","","","","","","","Scopus","","","","","","","","Federated learning; Reinforcement learning; Artificial Intelligence; Forecasting; Decision making; Cyber-physical systems; Machine learning; Resource allocation; Deep reinforcement learning; Embedded systems; Learning systems; Dynamics; Machine-learning; Long short-term memory; Learning algorithms; Short term memory; Reinforcement learnings; Cybe-physical systems; Resources allocation; Natural resources management; Dynamic environments; Policy optimization; Adaptive resource management; Adaptive Resource Management; Cyber–Physical Systems; Demand prediction","","","","","","","","","","","","","","","","","","","","","","","","","","","","","","","","","","","","","","","","","","","","","","",""
"8QT3W9MZ","journalArticle","2026","Henna, S.; Rathnayake, U.","Spatiotemporal score-based federated generative learning for multi-source remote sensing time series in environmental monitoring","ISPRS Journal of Photogrammetry and Remote Sensing","","","10.1016/j.isprsjprs.2025.11.001","https://www.scopus.com/inward/record.uri?eid=2-s2.0-105027898004&doi=10.1016%2Fj.isprsjprs.2025.11.001&partnerID=40&md5=b1fc1cb624cfcf0ae91f57d4fd6d1b28","The increasing deployment of geographically distributed environmental sensors presents significant challenges for multi-source data fusion due to privacy concerns, communication constraints, and spatial heterogeneity inherent in geoscientific datasets. Addressing these challenges, this paper proposes FedScoreGAN, a novel federated generative adversarial network framework for privacy-preserving synthesis of high-fidelity meteorological time series across decentralized clients without raw data sharing. FedScoreGAN leverages temporal convolutional network encoders and federated learning protocols to capture complex spatio-temporal dependencies and fuse multi-sensor, client-specific distributional characteristics under non-independent and identically distributed (non-IID) conditions. Extensive evaluations on real-world sea-level and meteorological datasets demonstrate that FedScoreGAN synthesizes data that closely matches the statistical and temporal properties of authentic measurements, as evidenced by rigorous metrics including Wasserstein distance, Fréchet Inception Distance, Maximum Mean Discrepancy, and Dynamic Time Warping. Comparative experiments against federated versions of TimeGAN, TimeVAE, Conditional TimeVAE, and TimeDDPM show that FedScoreGAN consistently achieves the lowest MSE and MAE, preserving fine-grained temporal patterns across heterogeneous client data. Ablation studies further confirm the contribution of each core component, stochastic noise injection, adversarial discrimination, score-based guidance, and federated aggregation, to synthetic data quality and stability. Furthermore, downstream forecasting experiments employing train-on-synthetic-test-on-real (TSTR) and train-on-real-test-on-synthetic (TRTS) paradigms confirm that models trained on synthetic data achieve comparable predictive accuracy to those trained on real observations, validating the practical utility of the generated sequences. Privacy analyses, including membership inference, reconstruction, and cross-client leakage tests, indicate that FedScoreGAN preserves client confidentiality while maintaining distributional realism. Additionally, theoretical analysis of computational and communication cost, together with MRN sparsification, demonstrates that FedScoreGAN achieves efficient federated deployment without altering model architecture. Adversarial classifier analyses reveal a balanced compromise between privacy protection and distributional realism, indicating that synthetic data preserves critical information without exposing sensitive client-specific details, thereby facilitating effective fusion learning in distributed sensor networks. © 2025","2026","2026-03-10 17:00:05","2026-03-10 17:00:05","","","","","","","","","","","","","","","","","","Scopus","","","","","","","","Federated learning; Generative adversarial networks; Environmental monitoring; Remote sensing; Learning systems; Time series; Generative Adversarial Networks (GANs); Generative adversarial network; Times series; Privacy preserving; Data Sharing; Distributed computer systems; Privacy-preserving techniques; Statistical tests; Information fusion; Remote-sensing; Sensor data fusion; Adversarial networks; Environmental Monitoring; Multi-sensor information fusion; Privacy-preserving data fusion; Synthetic time series; Synthetic-time","","","","","","","","","","","","","","","","","","","","","","","","","","","","","","","","","","","","","","","","","","","","","","",""
"LYAJBWRV","journalArticle","2025","Zhang, Z.; Zhao, Y.; Wang, J.","Multi-scale temporal feature-enhanced federated learning framework for network traffic prediction","Computer Networks","","","10.1016/j.comnet.2025.111742","https://www.scopus.com/inward/record.uri?eid=2-s2.0-105018062108&doi=10.1016%2Fj.comnet.2025.111742&partnerID=40&md5=7a9886397cb3ea18e5deeb0dfbb84837","With the rapid development of mobile internet, network traffic has shown exponential growth. Accurate traffic prediction has become a key technology for ensuring stable network performance and optimized resource allocation. However, existing methods fail to fully integrate periodic features and neglect the persistent impact of non-periodic temporal features such as holidays on network traffic. This oversight makes it challenging for models to effectively capture both periodic patterns and sudden fluctuations in traffic. To address this issue, this paper introduces a Multi-Scale Temporal Feature Enhanced Federated Learning Framework for Network Traffic Prediction (MTFE-FL). The framework proposes a Holiday Impact Factor to comprehensively measure the persistent impact of holiday characteristics on network traffic data. High-quality predictive models are trained collaboratively in multiple edge clients, each using an iTransformer model to process time series data. By encapsulating the entire time series into variable tokens, the iTransformer provides a global perspective, enabling the effective identification of complex patterns and dependencies evolving over time. In addition, multivariate attention mechanisms are utilized to deep explore the relationships between network traffic data and temporal information. To further enhance the generalization ability of the global model and mitigate the “client drift” caused by client heterogeneity, Stochastic Controlled Averaging is introduced to correct the gradients of the local models at each edge client. The aggregated corrected models then generate the global model. Experimental results demonstrate that the proposed framework achieves superior performance on two real-world network traffic datasets, significantly improving the accuracy of network traffic predictions. © 2025 Elsevier B.V.","2025","2026-03-10 17:00:05","2026-03-10 17:00:05","","","","","273","","","","","","","","","","","","","Scopus","","","","","","","","Federated learning; Forecasting; Traffic control; Telecommunication traffic; Performance; Time series; iTransformer; Network traffic prediction; Global models; Learning frameworks; Stochastic models; Stochastic systems; Mobile telecommunication systems; Network traffic predictions; Multi-scales; Temporal features; Traffic data; Network traffic; Itransformer; Multi-scale temporal","","","","","","","","","","","","","","","","","","","","","","","","","","","","","","","","","","","","","","","","","","","","","","",""
"NDR8R6US","journalArticle","2026","Mou, C.; Yang, J.; Wu, Q.; Qin, L.; Lu, J.","Progress in sepsis prediction models: from traditional scoring systems to multimodal intelligence and clinical translation","Frontiers in Medicine","","","10.3389/fmed.2026.1732164","https://www.scopus.com/inward/record.uri?eid=2-s2.0-105031165233&doi=10.3389%2Ffmed.2026.1732164&partnerID=40&md5=a9483cf1a8cb8e4d71a492285a147a8d","Sepsis is a leading cause of mortality and healthcare expenditures among patients in the intensive care unit (ICU). Its pathophysiology is complex and its clinical manifestations are highly heterogeneous; early identification and timely, targeted interventions are essential to improving outcomes. With the widespread adoption of electronic health records (EHRs) and the rapid expansion of critical care data, developing sepsis prediction models using machine learning (ML) and deep learning (DL) has become an active area of research. This review provides a systematic overview of advances in sepsis prediction, from clinical problem framing and outcome definitions to data sources, feature engineering, and methodological evolution. We summarize the progression from traditional scoring systems (e.g., SOFA, qSOFA) to modern ML algorithms (e.g., gradient boosting trees, random forests) and time series DL models (e.g., LSTM, Transformer models). We also outline reporting and evaluation standards (e.g., TRIPOD AI), and synthesize evidence on representative models for early warning, prognostic risk stratification, and prediction of organ dysfunction. Key translational challenges are discussed, including generalization, fairness, model drift, workflow integration, alarm fatigue, and real world utility. Finally, we highlight opportunities in multimodal data fusion, causal inference, federated learning, and digital twins for building next generation, clinically actionable sepsis intelligence, and we offer practical recommendations to help move from algorithmic accuracy to demonstrable clinical value, emphasizing that only models that are externally validated, well calibrated, prospectively evaluated, and tightly aligned with clinical workflows are likely to improve patient outcomes. Copyright © 2026 Mou, Yang, Wu, Qin and Lu.","2026","2026-03-10 17:00:06","2026-03-10 17:00:06","","","","","13","","","","","","","","","","","","","Scopus","","","","","","","","federated learning; machine learning; digital twin; deep learning; review; time series analysis; clinical decision support; prediction; random forest; multimodal data; human; algorithm; intelligence; fatigue; electronic health record; fairness; pathophysiology; predictive model; scoring system; treatment outcome; workflow; biological marker; clinical decision support system; health care cost; intensive care unit; sepsis; cause of death; intensive care; prediction models; translational medicine","","","","","","","","","","","","","","","","","","","","","","","","","","","","","","","","","","","","","","","","","","","","","","",""
"7NI29VSD","journalArticle","2026","Zhao, X.; Zhong, Y.; Li, P.","Porous rock permeability quantification: A superpixel-driven graph neural network method for pore region analysis","Gondwana Research","","","10.1016/j.gr.2025.11.014","https://www.scopus.com/inward/record.uri?eid=2-s2.0-105025052799&doi=10.1016%2Fj.gr.2025.11.014&partnerID=40&md5=034de2715c7fa903b4a61cd85ad45484","Rock permeability, as a significant parameter, plays a crucial role in research related to geological exploration, reservoir resource development, and the movement and distribution of subsurface fluids. Despite significant advancements in artificial intelligence technology for rock analysis in recent years, challenges remain in terms of prediction accuracy, computational complexity, and resource dependency. To address these issues, this paper proposes a superpixel-based graph neural network (SP-GNN) method to achieve rock permeability prediction. Specifically, the flow space of the rock medium is superpixelized to construct graph data. Based on the superpixel graph data, a graph neural network designed to learn multi-level cascading features is developed, while also implementing an algorithm to extract neighborhood spatial features that contain sequential relationships. A temporal pooling strategy is proposed to perform collaborative learning of the cascading features and neighborhood spatial features of graph data from a temporal perspective, in order to obtain hierarchical global features of dynamic nodes. Finally, the global features of the graph are input into the downstream tasks to achieve accurate prediction of permeability. Experimental results show that the SP-GNN significantly outperforms various existing benchmark schemes for permeability prediction across seven comprehensive performance metrics, demonstrating the ability to accurately and efficiently predict permeability for both mixed-type and single-type rocks; ablation experiments further validate the effectiveness of the proposed temporal pooling strategy. © 2025","2026","2026-03-10 17:00:06","2026-03-10 17:00:06","","100-111","","","153","","","","","","","","","","","","","Scopus","","","","","","","","artificial intelligence; time series; Time series; artificial neural network; rock mechanics; Graph neural network; Graph pooling; neighborhood; permeability; pixel; porous medium; Rock permeability; Superpixel","","","","","","","","","","","","","","","","","","","","","","","","","","","","","","","","","","","","","","","","","","","","","","",""
"ELEU5ST7","journalArticle","2025","Zhang, S.; Xu, T.; Zhu, J.; Sun, Y.; Jin, P.; Shi, B.; Pei, D.","Privacy-preserving MTS anomaly detection for network devices through federated learning","Information Sciences","","","10.1016/j.ins.2024.121590","https://www.scopus.com/inward/record.uri?eid=2-s2.0-85207767419&doi=10.1016%2Fj.ins.2024.121590&partnerID=40&md5=a989fcf27709c279167c5444fe4eb0f0","In the context of Maintenance-as-a-Service (MaaS), it is important for device vendors to develop multivariate time series (MTS) anomaly detection models that can accurately identify anomalies without compromising the privacy of customer enterprises' data. In this paper, we investigate the relationship between MTS data patterns and the parameters of unsupervised autoencoder (AE) models and show that they are highly consistent. Building on this insight, we propose a novel unsupervised federated learning (FL)-based framework called OmniFed, which cannot only address the heterogeneity of non-independent identically (non-iid) distributed data on different devices, but also achieve high-precision detection of device MTS anomalies while ensuring privacy. Specifically, OmniFed is initialized with an AE model and then trains local AE models on individual devices via federated learning. Finally, OmniFed clusters devices based on the parameters of the AE models and trains a cluster-specific MTS anomaly detection model using FL. Our experiments on two real-world datasets demonstrate that OmniFed achieves an F1-Score of 0.921, significantly higher than the best baseline method. © 2024 Elsevier Inc.","2025","2026-03-10 17:00:06","2026-03-10 17:00:06","","","","","690","","","","","","","","","","","","","Scopus","","","","","","","","Federated learning; Anomaly detection; Differential privacy; Multivariate time series; Privacy-preserving; Adversarial machine learning; Distributed data; Privacy preserving; Data patterns; Time-series data; Auto encoders; Anomaly detection models; Enterprise data; Network devices","","","","","","","","","","","","","","","","","","","","","","","","","","","","","","","","","","","","","","","","","","","","","","",""
"9SCBS7F6","journalArticle","2025","Chen, X.; Zhang, K.; Chuai, G.; Gao, W.; Liu, X.; Zhang, Y.; Hou, Y.","A structured distributed learning framework for irregular cellular spatial-temporal traffic prediction","Digital Communications and Networks","","","10.1016/j.dcan.2025.04.003","https://www.scopus.com/inward/record.uri?eid=2-s2.0-105021920814&doi=10.1016%2Fj.dcan.2025.04.003&partnerID=40&md5=6f07743c311e0f31b773b36c7ee0e34f","Spatial-temporal traffic prediction technology is crucial for network planning, resource allocation optimizing, and user experience improving. With the development of virtual network operators, multi-operator collaborations, and edge computing, spatial-temporal traffic data has taken on a distributed nature. Consequently, non-centralized spatial-temporal traffic prediction solutions have emerged as a recent research focus. Currently, the majority of research typically adopts federated learning methods to train traffic prediction models distributed on each base station. This method reduces additional burden on communication systems. However, this method has a drawback: it cannot handle irregular traffic data. Due to unstable wireless network environments, device failures, insufficient storage resources, etc., data missing inevitably occurs during the process of collecting traffic data. This results in the irregular nature of distributed traffic data. Yet, commonly used traffic prediction models such as Recurrent Neural Networks (RNN) and Long Short-Term Memory (LSTM) typically assume that the data is complete and regular. To address the challenge of handling irregular traffic data, this paper transforms irregular traffic prediction into problems of estimating latent variables and generating future traffic. To solve the aforementioned problems, this paper introduces split learning to design a structured distributed learning framework. The framework comprises a Global-level Spatial structure mining Model (GSM) and several Node-level Generative Models (NGMs). NGM and GSM represent Seq2Seq models deployed on the base station and graph neural network models deployed on the cloud or central controller. Firstly, the time embedding layer in NGM establishes the mapping relationship between irregular traffic data and regular latent temporal feature variables. Secondly, GSM collects statistical feature parameters of latent temporal feature variables from various nodes and executes graph embedding for spatial-temporal traffic data. Finally, NGM generates future traffic based on latent temporal and spatial feature variables. The introduction of the time attention mechanism enhances the framework's capability to handle irregular traffic data. Graph attention network introduces spatially correlated base station traffic feature information into local traffic prediction, which compensates for missing information in local irregular traffic data. The proposed framework effectively addresses the distributed prediction issues of irregular traffic data. By testing on real world datasets, the proposed framework improves traffic prediction accuracy by 35% compared to other commonly used distributed traffic prediction methods. © 2025 Chongqing University of Posts and Telecommunications.","2025","2026-03-10 17:00:06","2026-03-10 17:00:06","","1457-1468","","5","11","","","","","","","","","","","","","Scopus","","","","","","","","User experience; Time series analysis; Forecasting; Edge computing; Virtual reality; Data mining; Telecommunication traffic; Learning systems; Spatio-temporal data; Wireless networks; Base stations; Long short-term memory; Prediction models; Digital storage; Cellulars; Highway traffic control; Statistical tests; Distributed learning; Irregular time series; Network measurement; Spatial temporals; Traffic data; Traffic prediction; Cellular spatial-temporal traffic; Measurement and analysis; Network measurement and analysis; Network measurement and analyze","","","","","","","","","","","","","","","","","","","","","","","","","","","","","","","","","","","","","","","","","","","","","","",""
"BHVYUBXY","journalArticle","2025","Qin, X.; Guo, H.; Su, X.; Zhao, Z.; Wang, D.; Zhang, L.","Spatiotemporal masked pre-training for advancing crop mapping on satellite image time series with limited labels","International Journal of Applied Earth Observation and Geoinformation","","","10.1016/j.jag.2025.104426","https://www.scopus.com/inward/record.uri?eid=2-s2.0-85218228464&doi=10.1016%2Fj.jag.2025.104426&partnerID=40&md5=e19783502367e401539ae54a3784014a","Accurate crop mapping plays a critical role in optimizing agricultural monitoring and ensuring food security. Although data-driven deep learning methods have demonstrated success in crop mapping with satellite image time series (SITS) data, their promising performances heavily depend on labeled training samples. Nevertheless, the difficulty of annotating crop types often results in labeled data scarcity, leading to a decline in the model's performance. Self-supervised learning (SSL) is a novel technique for crop mapping with limited labels. However, the existing SSL methods applied to SITS data typically explore masking solely on temporal dimension, which cannot guarantee strong spatial representation and therefore hinders the accurate prediction of complex crop fields. Furthermore, these methods sequentially extract spatial and temporal information without fully integrating information across different dimensions. In this study, we propose a spatiotemporal masking strategy for pre-training a SpatioTemporal Collaborative Learning Network (STCLN) to extract informative spatial and temporal representations from SITS data. Additionally, we design a SpatioTemporal Attention (STA) module in STCLN that integrates representations from spatial and temporal dimensions. The experimental results on two crop type mapping benchmarks encompassing various crop types demonstrate the outperformance of our proposed method. STCLN_wp outperforms the previous state-of-the-art (SOTA) methods with 6.49% higher mIoU on PASTIS dataset and 4.04% higher mIoU on MTLCC dataset. The ablation experiments on pre-training, masking strategies, and the STA module validate the effectiveness of our methodological design. Additionally, experiments conducted under varying sizes of the training set highlight the superior generalization ability of our method for crop type mapping in label-scarce situations. The code of our method is available at https://github.com/XiaoleiQinn/STCLN. © 2025 The Author(s)","2025","2026-03-10 17:00:06","2026-03-10 17:00:06","","","","","137","","","","","","","","","","","","","Scopus","","","","","","","","machine learning; Self-supervised learning; time series; Pre-training; prediction; artificial neural network; satellite imagery; crop; Crop mapping; Satellite image time series; vegetation mapping","","","","","","","","","","","","","","","","","","","","","","","","","","","","","","","","","","","","","","","","","","","","","","",""
"UDN44KNF","conferencePaper","2024","Xia, K.; Li, W.; Shao, Y.; Lu, S.","Vi2ACT:Video-enhanced Cross-modal Co-learning with Representation Conditional Discriminator for Few-shot Human Activity Recognition","","","","10.1145/3664647.3681664","https://www.scopus.com/inward/record.uri?eid=2-s2.0-85209775490&doi=10.1145%2F3664647.3681664&partnerID=40&md5=4943328753729c45a592034e1055fb8f","Human Activity Recognition (HAR) as an emerging research field has attracted widespread academic attention due to its wide range of practical applications in areas such as healthcare, environmental monitoring, and sports training. Given the high cost of annotating sensor data, many unsupervised and semi-supervised methods have been applied to HAR to alleviate the problem of limited data. In this paper, we propose a novel video-enhanced cross-modal collaborative learning method, Vi2ACT, to address the issue of few-shot HAR. We introduce a new data augmentation approach that utilizes a text-to-video generation model to generate class-related videos. Subsequently, a large quantity of video semantic representations are obtained through fine-tuning the video encoder for cross-modal co-learning. Furthermore, to effectively align video semantic representations and time series representations, we enhance HAR at the representation-level using conditional Generative Adversarial Nets (cGAN). We design a novel Representation Conditional Discriminator that is trained to assess samples as originating from video representations rather than those generated by the time series encoder as accurately as possible. We conduct extensive experiments on four commonly used HAR datasets. The experimental results demonstrate that our method outperforms other baseline models in all few-shot scenarios. © 2024 ACM.","2024","2026-03-10 17:00:06","2026-03-10 17:00:06","","1848-1856","","","","","","","","","","","","","","","","Scopus","","","","","","","","Generative adversarial networks; Self-supervised learning; Human activity recognition; Active learning; human activity recognition; few-shot learning; Image coding; Semi-supervised learning; Few-shot learning; Contrastive Learning; Adversarial machine learning; Cross-modal; Times series; Zero-shot learning; Semantic representation; Environmental Monitoring; Co-learning; Conditional generative adversarial net; conditional generative adversarial nets; Research fields; Video semantics","","","","","","","","","","","","","","","","","","","","","","","","","","","","","","","","MM 2024 - Proceedings of the 32nd ACM International Conference on Multimedia","","","","","","","","","","","","","","",""
"ILN89BWG","conferencePaper","2025","Munaweera, P.; Prasad, S.; Hewa, T.; Siriwardhana, Y.; Ylianttila, M.","Federated Learning-powered DDoS Attack Detection for Securing Cyber Physical Systems in 5G and Beyond Networks","","","","10.1145/3703790.3703822","https://www.scopus.com/inward/record.uri?eid=2-s2.0-105002842806&doi=10.1145%2F3703790.3703822&partnerID=40&md5=c7e0dc10db2d3bd22e34c5d43dfbd20e","The advent of 5G networks has revolutionized Safety-Critical Cyber Physical Systems (CPS), such as autonomous transportation, healthcare, and industrial automation, by providing ultra-reliable, low-latency, and high-speed communications essential for real-time decision-making and control. However, these advancements also make 5G infrastructures attractive targets for Distributed Denial of Service (DDoS) attacks, which can severely disrupt network functionality and jeopardize critical services. To address this challenge, we propose a comprehensive approach for securing 5G-enabled CPS through advanced anomaly detection and Federated Learning (FL). Our research introduces an LSTM Autoencoder-based anomaly detection model specifically designed for multivariate time series data from 5G core networks, enhancing the detection of potential intrusions. We leverage FL to collaboratively train and update the Intrusion Detection System (IDS) across decentralized 5G deployments, preserving data privacy and reducing network bandwidth requirements. Recognizing the vulnerability of FL to data poisoning attacks, we also evaluate and implement state-of-the-art defense mechanisms to protect the integrity of the federated model. This research provides valuable insights and recommendations for deploying robust, privacy-preserving IDS solutions in 5G networks, contributing to the advancement of secure and efficient 5G infrastructure for critical applications. © 2024 Copyright held by the owner/author(s).","2025","2026-03-10 17:00:06","2026-03-10 17:00:06","","273-278","","","","","","","","","","","","","","","","Scopus","","","","","","","","Data privacy; Federated Learning; IoT; Anomaly detection; Security; Differential privacy; Cyber-physical systems; Intrusion detection; 5G; Cyber Physical Systems; Network security; Data Poisoning; 5G mobile communication systems; Network intrusion; Cybe-physical systems; Cyber attacks; 5g; Intrusion Detection Systems; Critical infrastructures; Data poisoning; Denialof- service attacks; Distributed denial of service; Safety-critical; Safety-Critical","","","","","","","","","","","","","","","","","","","","","","","","","","","","","","","","IoT 2024 - Proceedings of the 14th International Conference on the Internet of Things","","","","","","","","","","","","","","",""
"EVLDNQV8","journalArticle","2025","Chen, Z.; Zhang, H.; Wang, S.; Chen, J.","FedRegNAS: Regime-Aware Federated Neural Architecture Search for Privacy-Preserving Stock Price Forecasting","Electronics (Switzerland)","","","10.3390/electronics14244902","https://www.scopus.com/inward/record.uri?eid=2-s2.0-105025774645&doi=10.3390%2Felectronics14244902&partnerID=40&md5=e22369287b445dfa25d9b5def13b332c","Financial time series are heterogeneous, nonstationary, and dispersed across institutions that cannot share raw data. While federated learning enables collaborative modeling under privacy constraints, fixed architectures struggle to accommodate cross-market drift and device-resource diversity; conversely, existing neural architecture search techniques presume centralized data and typically ignore communication, latency, and privacy budgets. This paper introduces FedRegNAS, a regime-aware federated NAS framework that jointly optimizes forecasting accuracy, communication cost, and on-device latency under user-level (Formula presented.) -differential privacy. FedRegNAS trains a shared temporal supernet composed of candidate operators (dilated temporal convolutions, gated recurrent units, and attention blocks) with regime-conditioned gating and lightweight market-aware personalization. Clients perform differentiable architecture updates locally via Gumbel-Softmax and mirror descent; the server aggregates architecture distributions through Dirichlet barycenters with participation-weighted trust, while model weights are combined by adaptive, staleness-robust federated averaging. A risk-sensitive objective emphasizes downside errors and integrates transaction-cost-aware profit terms. We further inject calibrated noise into architecture gradients to decouple privacy leakage from weight updates and schedule search-to-train phases to reduce communication. Across three real-world equity datasets, FedRegNAS improves directional accuracy by 3–7 percentage points and Sharpe ratio by 18–32%. Ablations highlight the importance of regime gating and barycentric aggregation, and analyses outline convergence of the architecture mirror-descent under standard smoothness assumptions. FedRegNAS yields adaptive, privacy-aware architectures that translate into materially better trading-relevant forecasts without centralizing data. © 2025 by the authors.","2025","2026-03-10 17:00:06","2026-03-10 17:00:06","","","","24","14","","","","","","","","","","","","","Scopus","","","","","","","","federated learning; Costs; Neural networks; Deep learning; Differential privacy; Forecasting; privacy protection; deep learning; Architecture; Learning systems; Neural architecture search; Mirrors; Privacy preserving; Collaborative modeling; Privacy protection; Privacy-preserving techniques; Budget control; Privacy constraints; Financial markets; Nonstationary; Commerce; Electronic trading; Financial time series; Neural architectures; neural architecture search; Stock price forecasting","","","","","","","","","","","","","","","","","","","","","","","","","","","","","","","","","","","","","","","","","","","","","","",""
"NR5HDYL6","journalArticle","2026","Huet, J.-C.; Bougueroua, L.; Metidji, S.A.","An intelligent monitoring system for forecasting and anomaly detection in precision beekeeping","Scientific reports","","","10.1038/s41598-026-37877-1","https://www.scopus.com/inward/record.uri?eid=2-s2.0-105030769065&doi=10.1038%2Fs41598-026-37877-1&partnerID=40&md5=a99497a91b9fe7bdcee6007776626d9c","Bees play a vital ecological role as pollinators, contributing to biodiversity, forest regeneration, and agricultural productivity. In recent years, precision beekeeping has emerged as a promising approach to support hive management through sensor-based monitoring. However, existing systems often lack predictive capabilities, limiting their usefulness in anticipating disruptive events that threaten colony health. To address this gap, we present BeeViz, an intelligent monitoring system that combines time series forecasting and anomaly detection to enhance decision-making in apiculture. The system integrates sensor networks, cloud infrastructure, and AI-based data processing modules to continuously track key hive parameters (temperature, humidity, and weight) and generate short-term forecasts and real-time alerts. Preliminary results show that the system can effectively detect anomalies and generate short-term forecasts for key hive parameters, with promising accuracy across different metrics. By enabling proactive interventions, BeeViz supports more resilient and sustainable beekeeping practices, paving the way for collaborative learning and data-driven hive management. © 2026. The Author(s).","2026","2026-03-10 17:00:06","2026-03-10 17:00:06","","7080","","1","16","","","","","","","","","","","","","Scopus","","","","","","","","Anomaly detection; Artificial Intelligence; artificial intelligence; Forecasting; forecasting; procedures; physiology; Agroecology; animal; Animals; apiculture; bee; Beekeeping; Bees; Hive management; Intelligent forecasting; pollination; Pollination; Precision beekeeping","","","","","","","","","","","","","","","","","","","","","","","","","","","","","","","","","","","","","","","","","","","","","","",""
"FZBUBMZE","journalArticle","2024","Liang, Z.; Wang, H.","FedST: secure federated shapelet transformation for time series classification","VLDB Journal","","","10.1007/s00778-024-00865-w","https://www.scopus.com/inward/record.uri?eid=2-s2.0-85199781516&doi=10.1007%2Fs00778-024-00865-w&partnerID=40&md5=89b97f66d6d96e88eb50614e82f8bf27","This paper explores how to build a shapelet-based time series classification (TSC) model in the federated learning (FL) scenario, that is, using more data from multiple owners without actually sharing the data. We propose FedST, a novel federated TSC framework extended from a centralized shapelet transformation method. We recognize the federated shapelet search step as the kernel of FedST. Thus, we design a basic protocol for the FedST kernel that we prove to be secure and accurate. However, we identify that the basic protocol suffers from efficiency bottlenecks and the centralized acceleration techniques lose their efficacy due to the security issues. To speed up the federated protocol with security guarantee, we propose several optimizations tailored for the FL setting. Our theoretical analysis shows that the proposed methods are secure and more efficient. We conduct extensive experiments using both synthetic and real-world datasets. Empirical results show that our FedST solution is effective in terms of TSC accuracy, and the proposed optimizations can achieve three orders of magnitude of speedup. © The Author(s), under exclusive licence to Springer-Verlag GmbH Germany, part of Springer Nature 2024.","2024","2026-03-10 17:00:06","2026-03-10 17:00:06","","1617-1641","","5","33","","","","","","","","","","","","","Scopus","","","","","","","","Federated learning; Time series; Time series classification; Centralised; Times series; Optimisations; Classification (of information); Time series classifications; Classification models; Shapelets; Time series features; Basic protocols; Time series shapelet; Time series shapelets","","","","","","","","","","","","","","","","","","","","","","","","","","","","","","","","","","","","","","","","","","","","","","",""
"6YKAL77I","journalArticle","2025","Islam, M.M.; Alawad, M.","Resource-Aware ECG Classification with Heterogeneous Models in Federated Learning","Future Internet","","","10.3390/fi17030130","https://www.scopus.com/inward/record.uri?eid=2-s2.0-105001268682&doi=10.3390%2Ffi17030130&partnerID=40&md5=33ac259daa9a26a7ca6839c81b5ca4a8","In real-world scenarios, ECG data are collected from a diverse range of heterogeneous devices, including high-end medical equipment and consumer-grade wearable devices, each with varying computational capabilities and constraints. This heterogeneity presents significant challenges in developing a highly accurate deep learning (DL) global model for ECG classification, as traditional centralized approaches struggle to address privacy concerns, scalability issues, and model inconsistencies arising from diverse device characteristics. Federated Learning (FL) has emerged as a promising solution by enabling collaborative model training without sharing raw data, thus preserving privacy and security. However, standard FL assumes uniform device capabilities and model architectures, which is impractical given the varied nature of ECG data collection devices. Although heterogeneity has been explored in other domains, its impact on ECG classification and the classification of similar time series physiological signals remains underexplored. In this study, we adopted HeteroFL, a technique that enables model heterogeneity to reflect real-world resource constraints. By allowing local models to vary in complexity while aggregating their updates, HeteroFL accommodates the computational diversity of different devices. This study evaluated the applicability of HeteroFL for ECG classification using the MIT-BIH Arrhythmia dataset, identifying both its strengths and limitations. Our findings establish a foundation for future research on improving FL strategies for heterogeneous medical data, highlighting areas for further optimization and adaptation in real-world deployments. © 2025 by the authors.","2025","2026-03-10 17:00:06","2026-03-10 17:00:06","","","","3","17","","","","","","","","","","","","","Scopus","","","","","","","","federated learning; Federated learning; Differential privacy; Wearable devices; Contrastive Learning; Adversarial machine learning; Heterogeneous devices; ECG data; Resource aware; Real-world scenario; Diverse range; ECG classification; Heterogeneous modelling; model heterogeneity; Model heterogeneity; resource-aware computing; Resource-aware computing","","","","","","","","","","","","","","","","","","","","","","","","","","","","","","","","","","","","","","","","","","","","","","",""
"QWZJ7SD5","journalArticle","2025","He, Q.-Q.; Gong, X.; Si, Y.-W.","Collaborative learning with normalization augmentation for domain generalization in time series classification","Journal of Supercomputing","","","10.1007/s11227-024-06622-8","https://www.scopus.com/inward/record.uri?eid=2-s2.0-85208621527&doi=10.1007%2Fs11227-024-06622-8&partnerID=40&md5=2b7ecf2685a745ffaecd5cc2d7109ebe","Deep neural networks often experience performance degradation when evaluated on testing (target) data that exhibit different distributions compared to the training (source) data. To solve the issue, Domain Generalization (DG) approaches were proposed by researchers to learn models that demonstrate robustness to domain shift. These models were trained on the data from source domains without accessing data from the target domains. Besides, the existing Normalization-based DG methods capture augmented and original styles through a single deep learning model, hindering the effective learning of these distinct style variations. Therefore, to effectively learn the augmented styles while preserving the original styles of source domains, a novel framework called Collaborative Learning with Normalization Augmentation (CLNA) is proposed for time series data in this paper. To validate the superiority of our proposed framework, CLNA was compared to seven state-of-the-art methods on three publicly available time series datasets. These experiments were conducted for both single-source and multi-source Domain Generalization problems. Experimental results showed that CLNA achieves significantly improved classification accuracy compared to existing approaches. © The Author(s), under exclusive licence to Springer Science+Business Media, LLC, part of Springer Nature 2024.","2025","2026-03-10 17:00:07","2026-03-10 17:00:07","","","","1","81","","","","","","","","","","","","","Scopus","","","","","","","","Federated learning; Time series; Collaborative learning; Domain generalization; Time series classification; Contrastive Learning; Adversarial machine learning; Generalisation; Neural-networks; Deep neural networks; Different distributions; Learn+; Time series classifications; Normalisation; Normalization augmentation; Performance degradation","","","","","","","","","","","","","","","","","","","","","","","","","","","","","","","","","","","","","","","","","","","","","","",""
"BFQ4GHM3","journalArticle","2024","Cheng, H.; Yuan, S.; Li, W.; Yu, X.; Liu, F.; Liu, X.; Bezabih, T.T.","De-accumulated error collaborative learning framework for predicting Alzheimer's disease progression","Biomedical Signal Processing and Control","","","10.1016/j.bspc.2023.105767","https://www.scopus.com/inward/record.uri?eid=2-s2.0-85178195109&doi=10.1016%2Fj.bspc.2023.105767&partnerID=40&md5=251da9a516b02da60220c91fa874579b","Alzheimer's disease (AD) is a chronic neurodegenerative disorder where precise prediction of progression is crucial for improving clinical diagnosis. However, missing data often complicates AD prediction in clinical practice. Existing studies primarily have employed recurrent neural networks to impute missing data, but this approach suffers from the “error accumulation” problem, leading to unsatisfactory prediction results. To address this issue, this study proposes the LSTM-TSGAIN collaborative learning framework, which consists of the following three main aspects: using a generative adversarial imputation method to reduce LSTM prediction errors; collaborative training of the adversarial imputation fusion module and the time series learning module to improve the performance of the model; the model inputs were adjusted to variable lengths to accommodate the differences in the number of visits of different subjects. The effectiveness of the model is demonstrated through experiments using longitudinal data from the ADNI dataset of 1256 subjects, which shows its superiority over state-of-the-art methods. © 2023 Elsevier Ltd","2024","2026-03-10 17:00:07","2026-03-10 17:00:07","","","","","89","","","","","","","","","","","","","Scopus","","","","","","","","Forecasting; Alzheimer's disease; Learning systems; time series analysis; Collaborative learning; collaborative learning; recurrent neural network; Missing data; Long short-term memory; Learning frameworks; human; controlled study; Diagnosis; Article; major clinical study; Neurodegenerative diseases; Errors; Disease progression; Error accumulation; clinical practice; longitudinal study; prediction error; Alzheimer disease; Alzheimers disease; Collaborative learning framework; Disease progression prediction; Imputation of missing data; Reducing error accumulation","","","","","","","","","","","","","","","","","","","","","","","","","","","","","","","","","","","","","","","","","","","","","","",""
"WMCYCGNI","journalArticle","2024","Chen, R.; Chen, X.; Zhao, J.","Private and utility enhanced intrusion detection based on attack behavior analysis with local differential privacy on IoV","Computer Networks","","","10.1016/j.comnet.2024.110560","https://www.scopus.com/inward/record.uri?eid=2-s2.0-85195649813&doi=10.1016%2Fj.comnet.2024.110560&partnerID=40&md5=4c9ba34f4874644939889b85dfd84627","In recent years, with the escalating security demands of the Internet of Vehicles (IoV), concerns over safety have intensified. To prevent security incidents and privacy breaches, IoV must address various threats promptly and effectively. The use of deep learning methods for intrusion detection in IoV has garnered widespread attention. Compared to traditional security defenses, deep learning can learn from heterogeneous data sources, enhancing the accuracy of detecting various security threats. However, current research based on deep learning primarily focuses on constructing intrusion detection models and overlooks the analysis and processing of extensive behavioral data. Moreover, model training requires access to and transmission of sensitive data, which may lead to high communication costs and potential privacy leaks. To ensure the network security of IoV, we propose FDL-IDM, an innovative behavior-analysis-based intrusion detection model leveraging differential privacy within federated learning. It extracts driving behavior spatiotemporally and employs noise perturbation pre-aggregation, reducing communication costs and ensuring privacy without compromising accuracy. Specifically, we process data from both temporal and spatial dimensions. Data are grouped based on sender identity and then sliced according to the time sequence to create state matrices that vary over time, enhancing the performance and robustness of the detection model. Next, we incorporate an attention mechanism to merge outputs from each time step and hidden layer, strengthening the time series model and reducing information loss. Lastly, in federated learning, we add noise perturbation to the uploaded parameters, reducing the risk of privacy breaches. Additionally, we employ a random scheduling strategy during training to select clients and assign an adjusted learning rate that decreases with iterations, enhancing the stability of model training. Therefore, FDL-IDM helps prevent security attacks and protect IoV privacy. Through experiments and privacy analysis, as well as tests on vehicle-level devices, FDL-IDM achieved F1-scores of 0.9751, 0.9851, and 0.9789 on three public datasets, demonstrating not only high accuracy but also robust privacy protection capabilities. © 2024 Elsevier B.V.","2024","2026-03-10 17:00:07","2026-03-10 17:00:07","","","","","250","","","","","","","","","","","","","Scopus","","","","","","","","Federated learning; Deep learning; Internet of Vehicles; Intrusion detection; Vehicles; Network security; Learning systems; Differential privacies; Internet of vehicle; Privacy protection; Model training; Sensitive data; Intrusion-Detection; Behavior analysis; Communication cost; Intrusion detection models; Privacy breaches","","","","","","","","","","","","","","","","","","","","","","","","","","","","","","","","","","","","","","","","","","","","","","",""
"BTUGEFZ9","journalArticle","2026","Ye, J.; Zhou, C.; Zhou, X.; Huang, Y.; Zhao, C.","CVACL-MA: Comprehensive variate analysis and collaborative learning with multi-adapter for multivariate time series forecasting","Pattern Recognition","","","10.1016/j.patcog.2025.111936","https://www.scopus.com/inward/record.uri?eid=2-s2.0-105008208118&doi=10.1016%2Fj.patcog.2025.111936&partnerID=40&md5=8b3cd3fd4618c1f0fd6f5a72274a7532","Multivariate time series forecasting aims to predict future values or trends by using the time dependence and potential patterns of multiple interrelated time series variates in historical data. Recently, multivariate time series forecasting methods have focused on learning correlations across variates, enabling more accurate prediction of future trends by delving into the connections between different variates. However, the underlying assumption in these methodologies is that existing multivariate time series variates exhibit positive correlations, thereby allowing for mutual interdependence. This assumption potentially ignores the in-depth examination of the correlation quality of multivariate time series variates. Unfortunately, in practice, not all variates exhibit a clear positive correlation. The relationships between time-series variates are often complex, involving positive, negative, and potential non-linear connections, and may even the exhibit lack of correlation. To address this challenge, we propose a comprehensive variate analysis and collaborative learning with multi-adapter (CVACL-MA) model to learn the similarities and disparities between variates. First a cross-time encoder is introduced in the proposed model. And aims to learn the global and local features of each variate in the time dimension. Next, considering the correlation level between multivariate variates, a multivariate similarity analysis module is proposed based on the cosine similarity calculation method. And it can divide the original multivariate time series variates into sets of non-positive correlation variates and sets of positive correlation variates. Then, the multi-adapter learning backbone is introduced to learn the disparity of non-positive correlation variates. Meanwhile, a collaborative learning of similar variates backbone is proposed to facilitate the cooperative learning of interdependencies within sets of positive correlation variates. Extensive experiments show that CVACL-MA significantly outperforms state-of-the-art models on nine real-world benchmark datasets, such as weather, ETT, electricity, solar-energy, and so on. The effectiveness of the proposed method is proved by in-depth research and analysis. We release the code at https://github.com/yejunjiePhD/CVACL-MA. © 2025 Elsevier Ltd","2026","2026-03-10 17:00:07","2026-03-10 17:00:07","","","","","169","","","","","","","","","","","","","Scopus","","","","","","","","Time series analysis; Weather forecasting; Multivariate time series forecasting; Learning systems; Multivariate time series; Time series; Time series forecasting; Collaborative learning; Times series; Signal encoding; Learn+; Multivariant analysis; Comprehensive variate analysis; Comprehensive variate analyze; Cross-time encoder; Multi-adapter learning; Multivariable systems; Positive correlations","","","","","","","","","","","","","","","","","","","","","","","","","","","","","","","","","","","","","","","","","","","","","","",""
"GZEZ8BVV","journalArticle","2024","","Proceedings - 2024 IEEE 10th International Conference on Collaboration and Internet Computing, CIC 2024","Proceedings - 2024 IEEE 10th International Conference on Collaboration and Internet Computing, CIC 2024","","","","https://www.scopus.com/inward/record.uri?eid=2-s2.0-85217361666&partnerID=40&md5=8ab29b29d5a2498c6c7b12bdbf9d1b58","The proceedings contain 16 papers. The topics discussed include: virtual reality for stress management in university students; polarization detection on social networks: dual contrastive objectives for self-supervision; RFPG: question-answering from low-resource language (Arabic) texts using factually aware RAG; FGA-IDS: a federated learning and GAN-augmented intrusion detection system for UAV networks; a survey of transformer enabled time series synthesis; Sinema: semantics-driven intelligent network management using AI assistance; autonomous shuttle operation for vulnerable populations: lessons and experiences; and enhancing explainability and trustworthiness of intrusion detection systems using competitive learning.","2024","2026-03-10 17:00:07","2026-03-10 17:00:07","","","","","","","","","","","","","","","","","","Scopus","","","","","","","","","","","","","","","","","","","","","","","","","","","","","","","","","","","","","","","","","","","","","","","","","","","","","","",""
"E4N7MQKZ","journalArticle","2025","Rajaram, P.; O. V, G.S.","Decentralized intelligence in SBs: Federated LSTM-powered digital twins for sustainability","Frontiers in Built Environment","","","10.3389/fbuil.2025.1696702","https://www.scopus.com/inward/record.uri?eid=2-s2.0-105025673653&doi=10.3389%2Ffbuil.2025.1696702&partnerID=40&md5=4a18c958336052b0cc0b26e313dde802","Introduction: The rapid growth of intelligent, data-driven building automation systems presents significant challenges in terms of data privacy, scalability, and heterogeneity across distributed environments. Conventional centralized machine learning approaches require sensitive sensor data to be aggregated in a central server, which raises serious privacy concerns and limits real-time responsiveness. To overcome these issues, this study introduces a unified framework that integrates Federated Learning (FL) and Digital Twin (DT) technologies for privacy-preserving, real-time occupancy detection in smart building systems. Methods: The proposed framework employs a Long Short-Term Memory (LSTM) model to capture temporal patterns in multivariate time-series data collected from environmental sensors. Model training is conducted collaboratively across distributed client devices using the Federated Averaging (FedAvg) algorithm, ensuring that raw data never leaves local devices. A personalized fine-tuning stage is incorporated to improve model performance under non-identically distributed (non-IID) data conditions and to enhance local adaptability. The trained model is deployed within a Streamlit-based digital twin platform to enable real-time visualization of occupancy states, sensor behavior, and model predictions, including rolling forecasts, confidence estimates, and error diagnostics. Results: The integrated FL–DT framework enables accurate and privacy-preserving occupancy detection across distributed environments while maintaining scalability and adaptability. Personalized fine-tuning significantly enhances local prediction performance and robustness under heterogeneous data conditions. The digital twin interface provides continuous situational awareness through live visualization and analytics, supporting timely decision-making and system-level transparency. Discussion: The results demonstrate that combining federated temporal learning with digital twin technology effectively addresses privacy, scalability, and operational challenges in smart building systems. Beyond improving occupancy detection, the framework enables proactive energy management and interpretability through interactive system monitoring. This integrated approach contributes toward the deployment of scalable, secure, and sustainability-aware smart building infrastructures. Copyright © 2025 Rajaram and O. V.","2025","2026-03-10 17:00:07","2026-03-10 17:00:07","","","","","11","","","","","","","","","","","","","Scopus","","","","","","","","federated learning; digital twin; smart buildings; energy management; long short-term memory; sustainability","","","","","","","","","","","","","","","","","","","","","","","","","","","","","","","","","","","","","","","","","","","","","","",""
"GZNXYH3T","journalArticle","2025","Kranthi, M.; Debnath, S.; Venkatesan, R.","Using federated learning for detecting autism in children","Fusion: Practice and Applications","","","10.54216/FPA.190216","https://www.scopus.com/inward/record.uri?eid=2-s2.0-105001403004&doi=10.54216%2FFPA.190216&partnerID=40&md5=38535c47af6bb86849a110076f4d2838","Identifying Autism early in children is vital for ensuring more precise developmental support and effective therapeutic interventions. Traditional diagnostic approaches are frequently delayed, and data privacy concerns limit the availability of broad, multi-institutional datasets required for effective machine learning models. To address these limitations, this study proposes a CNN-LSTM-based autism detection model for children using Federated Learning (FL). In the model, temporal and spatial information is extracted from the facial CNNs are highly adept at using convolutional filters to extract spatial features from images. LSTM networks are a specific type of Recurrent Neural Network (RNN) that is ideal for processing time-series or sequences because it can identify long-term relationships in sequential data. This architecture uses CNN layers to extract spatial information from important indications that are important for detecting ASD, like eye patterns, gestures, and facial expressions. After that, these features are sent to LSTM layers, which examine the time-dependent and sequential behavioral patterns associated with autism. Federated Learning allows the locally to train the model on its own dataset locally, sharing only model updates with a central server, thereby preserving data privacy while promoting diverse data contributions. According to experimental results using the proposed techniques, the federated CNN-LSTM model performs 4.3% better than the conventional centralized models because it has less overfitting and is more resilient to a range of data distributions. The model’s performance metrics further highlight its reliability, accuracy, precision, recall, and F1-Score values reaching 98.90%, 97.80%, 98.05%, and 98%, respectively, showing its potential for reliable ASD detection in children across diverse populations. © 2025, American Scientific Publishing Group (ASPG). All rights reserved.","2025","2026-03-10 17:00:07","2026-03-10 17:00:07","","211-223","","2","19","","","","","","","","","","","","","Scopus","","","","","","","","Federated Learning; Convolutional Neural Networks; Autism; Long Short-Term Memory; Children","","","","","","","","","","","","","","","","","","","","","","","","","","","","","","","","","","","","","","","","","","","","","","",""
"2PYSUWRX","journalArticle","2025","Huang, F.","Predicting the learning effectiveness of higher mathematics based on learning behaviour analysis","International Journal of Continuing Engineering Education and Life-Long Learning","","","10.1504/IJCEELL.2025.150066","https://www.scopus.com/inward/record.uri?eid=2-s2.0-105023831364&doi=10.1504%2FIJCEELL.2025.150066&partnerID=40&md5=fd82ad0a3e6264c05fbfe92faa41364a","A prediction method of higher mathematics learning results based on learning behaviour analysis is proposed aiming at the problems of large mean square error and low PL value in the prediction of higher mathematics learning results. First of all, the data of students’ learning behaviour is mined and students’ files are constructed. Secondly, the dimensionality of learning behaviour data is reduced through the application of the time series t-SNE dimensionality reduction technique, and collaborative filtering algorithm is used to extract students’ learning behaviour characteristics. Then, the sample set of learning behaviour characteristics is constructed, and fuzzy clustering algorithm is used for clustering. Finally, the minimum loss function is established by using the random gradient descent method to predict the learning performance based on the federated learning algorithm. The experimental findings indicate that the PL value predicted by this approach consistently stays above 90%, and the model achieves a minimum mean square error (MSE) of 0.05, demonstrating high prediction accuracy and robust performance. Copyright © 2025 Inderscience Enterprises Ltd.","2025","2026-03-10 17:00:07","2026-03-10 17:00:07","","463-480","","6","35","","","","","","","","","","","","","Scopus","","","","","","","","federated learning; Federated learning; Forecasting; Clustering algorithms; Learning systems; Prediction methods; Mean square error; Learning algorithms; Clusterings; Data reduction; Gradient methods; Students; Behavior analysis; Fuzzy clustering; Learning behavior; Student learning; Learning effectiveness; Means square errors; Behavior characteristic; fuzzy clustering; learning behaviour; learning effectiveness; Mathematics learning; student profiles; Student profiles","","","","","","","","","","","","","","","","","","","","","","","","","","","","","","","","","","","","","","","","","","","","","","",""
"C5E4B4TE","journalArticle","2026","Jiang, H.; Chen, X.; Miao, D.; Zhang, H.; Qin, X.; Du, S.; Lu, P.","PrivTSAD-FedWGAN: A novel federated learning and WGAN framework for privacy-preserving multivariate time series anomaly detection","Expert Systems with Applications","","","10.1016/j.eswa.2025.131049","https://www.scopus.com/inward/record.uri?eid=2-s2.0-105027337327&doi=10.1016%2Fj.eswa.2025.131049&partnerID=40&md5=94853ebf019792edbc8c18fa14d48130","The growing reliance on cloud data centers for large-scale data analysis, particularly in sensitive domains like healthcare and finance, raises critical privacy concerns when sharing raw information. Existing anomaly detection methods often overlook privacy-preserving mechanisms, leaving sensitive data vulnerable during collaborative analysis. To bridge this gap, we propose PrivTSAD-FedWGAN, an unsupervised framework combining federated learning with a gradient-penalized Wasserstein Generative Adversarial Network (WGAN-GP) for privacy-aware anomaly detection in multivariate time series. PrivTSAD-FedWGAN decentralizes model training to local clients, thus avoiding raw data exchange. The integration of WGAN-GP mitigates mode collapse and stabilizes training using Wasserstein distance and gradient penalty. We introduce a composite anomaly score, unifying reconstruction, discrimination, and prediction errors to improve detection accuracy while preserving temporal dependencies. Extensive experiments on four comprehensive datasets (PSM, SMAP, MSL, SMD) show that, under federated learning, PrivTSAD-FedWGAN achieves F1 scores of 96.49%, 81.93%, and 91.53%, outperforming the next-best methods by 9.85, 28.27, and 17.6 percentage points, respectively. Even in centralized settings, it surpasses existing methods, improving F1 scores by 3.07 (PSM) and 4.75 (MSL) percentage points and demonstrates superior performance, establishing a new state-of-the-art. These results demonstrate the framework's effectiveness in balancing privacy preservation with high detection performance, addressing the need for secure anomaly analysis in distributed environments. © 2025 Elsevier Ltd","2026","2026-03-10 17:00:07","2026-03-10 17:00:07","","","","","307","","","","","","","","","","","","","Scopus","","","","","","","","Federated learning; Data privacy; Anomaly detection; Generative adversarial networks; Cloud computing; Cloud data centers; Multivariate time series; Privacy preserving; Cloud-computing; Computer privacy; Privacy-preserving techniques; Privacy concerns; Sensitive data; F1 scores; Adversarial networks; Percentage points; Large-scale data analysis","","","","","","","","","","","","","","","","","","","","","","","","","","","","","","","","","","","","","","","","","","","","","","",""
"IJT59QG9","journalArticle","2025","Thamilarasu, G.; Dunham, C.","SpaceTime: A Deep Similarity Defense Against Poisoning Attacks in Federated Learning","Big Data and Cognitive Computing","","","10.3390/bdcc9120313","https://www.scopus.com/inward/record.uri?eid=2-s2.0-105025646347&doi=10.3390%2Fbdcc9120313&partnerID=40&md5=7481857467fc250cf9f9f06a5c71b87f","Federated learning has gained popularity in recent years to enhance IoT security because the model allows decentralized devices to collaboratively learn a shared model without exchanging raw data. Despite its privacy advantages, federated learning is vulnerable to poisoning attacks, where malicious devices introduce manipulated data or model updates to corrupt the global model. These attacks can degrade the model’s performance or bias its outcomes, making it difficult to ensure the integrity of the learning process across decentralized devices. In this research, our goal is to develop a defense mechanism against poisoning attacks in federated learning models. Specifically, we develop a spacetime model, that combines the three dimensions of space and the one dimension of time into a four-dimensional manifold. Poisoning attacks have complex spatial and time relationships that present identifiable patterns in that manifold. We propose SpaceTime-Deep Similarity Defense (ST-DSD), a deep learning recurrent neural network that includes space and time perceptions to provide a defense against poisoning attacks for federated learning models. The proposed mechanism is built upon a time series regression many-to-one architecture using spacetime relationships to provide an adversarial trained deep learning poisoning defense. Simulation results show that SpaceTime defense outperforms existing solutions for poisoning defenses in IoT environments. © 2025 by the authors.","2025","2026-03-10 17:00:07","2026-03-10 17:00:07","","","","12","9","","","","","","","","","","","","","Scopus","","","","","","","","federated learning; Federated learning; Data privacy; Deep learning; Security; security; deep learning; Network security; Learning systems; Decentralised; Deep neural networks; Learn+; Shared model; Learning models; Poisoning attacks; poisoning attacks; poisoning defense; Poisoning defense; similarity defense; Similarity defense; Spacetime","","","","","","","","","","","","","","","","","","","","","","","","","","","","","","","","","","","","","","","","","","","","","","",""
"38AMCPQF","journalArticle","2025","dos Santos, L.E.B.; Júnior, P.R.L.; Gomes, R.D.","Federated learning middleware for smart campus solutions","Journal of Ambient Intelligence and Humanized Computing","","","10.1007/s12652-025-04978-0","https://www.scopus.com/inward/record.uri?eid=2-s2.0-105006429466&doi=10.1007%2Fs12652-025-04978-0&partnerID=40&md5=83c5e2d83ad530f9b182c654ff499854","The rapid increase in data produced in smart environments offers substantial potential for applying machine learning to enhance decision-making and boost efficiency. Traditional machine learning methods struggle with distributed datasets and privacy issues. Federated learning presents a novel solution that allows collaborative learning while protecting privacy. This paper presents Smart Federated Middleware for Educational Institutions (SFMEI), a middleware aimed at supporting application development that uses federated learning within smart campuses. It also facilitates inter-campus collaboration for building models with privately distributed data. Experiments show the effectiveness of SFMEI in maintaining predictive performance while protecting data privacy. We used an Long Short-Term Memory (LSTM) network to forecast time series data on CO2 levels, temperature, energy use, and water consumption. SFMEI demonstrated efficacy, attaining an score comparable to that in a centralized environment. Furthermore, the study compared different federated learning aggregation algorithms, specifically FedAVG and FedSGD, with FedSGD outperforming FedAVG in most cases. © The Author(s), under exclusive licence to Springer-Verlag GmbH Germany, part of Springer Nature 2025.","2025","2026-03-10 17:00:07","2026-03-10 17:00:07","","803-815","","6-7","16","","","","","","","","","","","","","Scopus","","","","","","","","Federated learning; Privacy; Decision making; Middleware; Collaborative learning; Educational institutions; Machine-learning; Machine learning methods; Decisions makings; Smart environment; Novel solutions; Privacy issue; Smart campus","","","","","","","","","","","","","","","","","","","","","","","","","","","","","","","","","","","","","","","","","","","","","","",""
"3H78JJNZ","journalArticle","2025","Chen, X.; Wang, X.; Deng, Y.","Federated learning-based prediction of electric vehicle battery pack capacity using time-domain and frequency-domain feature extraction","Energy","","","10.1016/j.energy.2025.135002","https://www.scopus.com/inward/record.uri?eid=2-s2.0-85217776987&doi=10.1016%2Fj.energy.2025.135002&partnerID=40&md5=9d0cb28909d7baf3c0f626034fae3700","The rise of big data technology presents new opportunities for unified monitoring of the health status of electric vehicle (EV) battery packs. However, privacy, security, and the complexity of real-world data pose significant challenges. To address these, we propose a novel federated learning-based approach. First, domain knowledge is leveraged to extract labeled capacity data and key features that characterize capacity degradation trends from extensive real-world EV datasets. Next, we develop a hybrid forecasting model combining Convolutional Neural Networks (CNNs) and Fourier Neural Network (FNN) to capture both time-domain and frequency-domain features of capacity degradation. The model operates within a Federated Learning (FL) framework, ensuring data privacy by enabling local training of time series models at each node and central parameter aggregation using the Federated Averaging (FedAvg) algorithm. This collaborative setup avoids direct data sharing while effectively integrating global insights. The trained model is validated using charging data from 20 EVs, demonstrating superior performance and robustness compared to baseline and sub-models. The proposed method offers a promising solution for accurate, privacy-preserving battery capacity prediction, enhancing the management of EV battery health in real-world scenarios. © 2025","2025","2026-03-10 17:00:07","2026-03-10 17:00:07","","","","","319","","","","","","","","","","","","","Scopus","","","","","","","","Federated learning; Convolutional neural networks; Electric vehicles; time series analysis; prediction; electric vehicle; Convolutional neural network; Real-world; artificial neural network; algorithm; complexity; Battery capacity; knowledge; Time frequency; performance assessment; battery; Time domain; Battery pack; Battery Pack; Domain feature; Electric vehicle batteries; Fourier neural network; Fourier neural networks; Frequency domains; health status; time domain reflectometry","","","","","","","","","","","","","","","","","","","","","","","","","","","","","","","","","","","","","","","","","","","","","","",""
"RYVQ3VMT","journalArticle","2025","Xie, H.","Practice of wearable devices combined with deep learning algorithms in predicting athletic injury risk","Intelligent Decision Technologies","","","10.1177/18724981251380391","https://www.scopus.com/inward/record.uri?eid=2-s2.0-105017491405&doi=10.1177%2F18724981251380391&partnerID=40&md5=521e24a76b4dd6eba23725b39a877ce9","Aiming at the core problems of insufficient dynamic fusion of multimodal time series data and difficulty in modeling individual long-term physiological adaptability in athletic injury risk prediction. This paper hypothesizes that a framework integrating biomechanical modeling with personalized adaptive learning can significantly improve the accuracy and practicality of injury risk prediction in dynamic sports scenarios. To test this, we propose a dynamic prediction framework based on Spatio-Temporal Graph Neural Networks (ST-GNN) and Federated Learning. Wearable devices are used to synchronously collect multimodal signals, including Inertial Measurement Unit (IMU), surface Electromyography (sEMG), and Photoplethysmography (PPG), which are mapped onto a dynamic human skeleton graph. The ST-GNN extracts spatio-temporal biomechanical features, while a federated learning framework with a meta-learning strategy enables personalized model adaptation for individual athletes, solving data heterogeneity and cold-start problems. The system is optimized for edge deployment through mixed precision quantization and layer fusion. Experimental results show that biomechanical feature extraction based on dynamic graph neural network reduces the mean square error of knee angle prediction to 0.82 in 50 rounds of training; the multimodal fusion injury warning AUC (Area Under the Curve) combined with adaptive attention mechanism reaches 0.89; the ACL (Anterior Cruciate Ligament) injury warning accuracy reaches 0.83 after 100 rounds of training iterations. This study provides a complete, low-latency solution from data collection to edge decision-making, advancing the application of wearable devices in medical-grade sports health management. © The Author(s) 2025","2025","2026-03-10 17:00:07","2026-03-10 17:00:07","","4147-4164","","6","19","","","","","","","","","","","","","Scopus","","","","","","","","federated learning; Neural networks; edge computing; Deep learning; Forecasting; Graph neural networks; Edge computing; Sports; deep learning; Wearable devices; Learning systems; Wearable sensors; Wearable computers; Electromyography; Mean square error; Learning algorithms; Risk perception; Medical computing; Physiological models; Health risks; Risk assessment; Spatio-temporal graphs; Spatio-temporal graph neural network; Athletic injuries; athletic injury prevention; Athletic injury prevention; Injury prevention; spatio-Temporal graph neural network; Sports medicine; Starting; wearable sensing; Wearable sensing","","","","","","","","","","","","","","","","","","","","","","","","","","","","","","","","","","","","","","","","","","","","","","",""
"6BZXPGCN","journalArticle","2025","Ali, A.; Naeem, H.M.Y.; Sharafian, A.; Qiu, L.; Wu, Z.; Bai, X.","Dynamic multi-graph spatio-temporal learning for citywide traffic flow prediction in transportation systems","Chaos, Solitons and Fractals","","","10.1016/j.chaos.2025.116898","https://www.scopus.com/inward/record.uri?eid=2-s2.0-105011507665&doi=10.1016%2Fj.chaos.2025.116898&partnerID=40&md5=031fff70f1734d70d797a253172d1fb6","The complexity and dynamic nature of urban traffic systems necessitate efficient resource management for accurate traffic flow forecasting, enabling real-time adaptation and optimized resource allocation. Recent advancements in multi-graph spatio-temporal graph neural networks (STGNN) have demonstrated their capability to capture spatio-temporal correlations at multiple scales, significantly improving prediction accuracy. However, a persistent challenge lies in effectively aggregating neighborhood information for node representation learning, particularly in scenarios with sparse connectivity. To address this limitation, we propose an Attention-based Dynamic Multi-Graph Module (ADMGM) for traffic prediction, integrating Federated Learning (FL) within a Multi-Access Edge Computing (MEC) architecture. Our approach incorporates an Adaptive Enhancement Module (AEM) deployed at the edge, pre-trained to process high-volume, heterogeneous data from IoT devices. The ADMGM model comprises four key components: closeness, daily, weekly, and an external branch, each contributing to a comprehensive spatio-temporal representation of traffic dynamics. The AEM leverages long-term historical data at each node, capturing inter-node dependencies to generate enriched feature representations while enhancing the model ability to generalize across diverse traffic patterns. Furthermore, we introduce a clustered feature correlation graph to uncover latent relationships within long-term time series data, thereby strengthening spatio-temporal modeling. Extensive experiments on the TaxiBJ and BikeNYC datasets demonstrate that our model significantly reduces prediction errors, achieving state-of-the-art performance in traffic forecasting. © 2025 Elsevier Ltd","2025","2026-03-10 17:00:07","2026-03-10 17:00:07","","","","","199","","","","","","","","","","","","","Scopus","","","","","","","","Resource management; Internet of Things (IoT); Forecasting; Transportation; Graph neural networks; Edge computing; Resource allocation; Internet of things; Internet of thing; Graph theory; Advanced traffic management systems; Highway traffic control; Motor transportation; Street traffic control; Traffic flow prediction; Natural resources management; Spatio-temporal learning; Traffic prediction; Dynamic nature; Multi-graph; Taxicabs; Transportation system; Urban traffic system","","","","","","","","","","","","","","","","","","","","","","","","","","","","","","","","","","","","","","","","","","","","","","",""
"9WX5F7NV","journalArticle","2024","Richter, L.; Lenk, S.; Bretschneider, P.","Advancing Electric Load Forecasting: Leveraging Federated Learning for Distributed, Non-Stationary, and Discontinuous Time Series","Smart Cities","","","10.3390/smartcities7040082","https://www.scopus.com/inward/record.uri?eid=2-s2.0-85202479532&doi=10.3390%2Fsmartcities7040082&partnerID=40&md5=0f132919a1e4b73ac99f8ca8f0cbb993","In line with several European directives, residents are strongly encouraged to invest in renewable power plants and flexible consumption systems, enabling them to share energy within their Renewable Energy Community at lower procurement costs. This, along with the ability for residents to switch between such communities on a daily basis, leads to dynamic portfolios, resulting in non-stationary and discontinuous electrical load time series. Given poor predictability as well as insufficient examination of such characteristics, and the critical importance of electrical load forecasting in energy management systems, we propose a novel forecasting framework using Federated Learning to leverage information from multiple distributed communities, enabling the learning of domain-invariant features. To achieve this, we initially utilize synthetic electrical load time series at district level and aggregate them to profiles of Renewable Energy Communities with dynamic portfolios. Subsequently, we develop a forecasting model that accounts for the composition of residents of a Renewable Energy Community, adapt data pre-processing in accordance with the time series process, and detail a federated learning algorithm that incorporates weight averaging and data sharing. Following the training of various experimental setups, we evaluate their effectiveness by applying different tests for white noise in the forecast error signal. The findings suggest that our proposed framework is capable of effectively forecast non-stationary as well as discontinuous time series, extract domain-invariant features, and is applicable to new, unseen data through the integration of knowledge from multiple sources. © 2024 by the authors.","2024","2026-03-10 17:00:07","2026-03-10 17:00:07","","2065-2093","","4","7","","","","","","","","","","","","","Scopus","","","","","","","","federated learning; load forecasting; dynamic portfolio; non-stationary and discontinous time series; renewable energy community","","","","","","","","","","","","","","","","","","","","","","","","","","","","","","","","","","","","","","","","","","","","","","",""
"THHZV76D","journalArticle","2025","Rocco di Torrepadula, F.; Fisichella, M.; Di Martino, S.; Mazzocca, N.","Fedflow: a personalized federated learning framework for passenger flow prediction","Machine Learning","","","10.1007/s10994-025-06795-0","https://www.scopus.com/inward/record.uri?eid=2-s2.0-105007683071&doi=10.1007%2Fs10994-025-06795-0&partnerID=40&md5=738807e424bfb935df5d8717c74dc701","In the Intelligent Public Transportation Systems (IPTS) domain, predicting the number of commuters on-board, entering or leaving a metro train or a bus, i.e. the Passenger Flow (PF), is crucial for optimizing resource allocation and enhancing commuter satisfaction. In urban scenarios, the public transport system is often managed by distinct competing mobility providers. Traditional centralized machine learning models for PF prediction usually require data sharing among such competitors, leading to privacy and economic concerns. To overcome these issues, we propose exploiting Federated Learning (FL) in the PF predictions problem, as only model parameters must be shared among entities. Still, a straightforward application of FL can have some pitfalls. On one hand, it is widely recognized that FL can struggle with data heterogeneity, which is likely in the case of data acquired by distinct companies managing different public mobility services. Moreover, spatio-temporal features are not explicitly handled by classical FL. In this paper, we propose FedFlow: a personalized federated learning framework tailored for PF prediction. The proposed framework encompasses a personalized mechanism meant to refine local models based on client similarities, calculated by only leveraging publicly available domain-dependent information. The proposed framework has been experimentally validated on mobility data collected in a major Italian city, comparing FL predictions obtained by FedFlow against those obtained by LSTM models trained on local data, centralized data, FedAvg, and PerFedAvg. Results show that FedFlow outperforms all the considered adversary techniques. This work demonstrates that our proposal of personalized FL is effective in predicting PF while ensuring data privacy. © The Author(s) 2025.","2025","2026-03-10 17:00:07","2026-03-10 17:00:07","","","","7","114","","","","","","","","","","","","","Scopus","","","","","","","","Federated learning; Supervised learning; Traffic control; Time series prediction; Navigation; Intelligent transportation systems; Centralised; Learning frameworks; Resources allocation; Urban transportation; Railroad transportation; Bus transportation; Intelligent public transportation system; Intermodal transportation; Metro train; Passenger flow predictions; Passenger flows; System domain; Timeseries prediction","","","","","","","","","","","","","","","","","","","","","","","","","","","","","","","","","","","","","","","","","","","","","","",""
"ZV5D4Z2W","journalArticle","2025","Yoon, H.; Chon, K.-W.; Kim, M.-S.","A federated learning framework for arbitrary spatio-temporal graph neural networks","Engineering Applications of Artificial Intelligence","","","10.1016/j.engappai.2025.112801","https://www.scopus.com/inward/record.uri?eid=2-s2.0-105022179627&doi=10.1016%2Fj.engappai.2025.112801&partnerID=40&md5=ce9c45f0d14b7f9b234f94996fda0278","The proliferation of mobile and Internet of Things (IoT) devices has resulted in a surge of time-series sensor data, posing significant challenges for centralized data collection and processing. This challenge has driven the adoption of edge computing, which offloads data processing to mid-level servers located at the edge of the Internet, thereby reducing computation and bandwidth demands. Federated learning has emerged as a promising method for training models in edge-computing environments. Recently, spatio-temporal graph neural networks (STGNNs) have shown impressive performance in time-series prediction, yet their application in edge computing is limited by the complexity of adapting them to distributed environments. To address this gap, we propose FedSTGNN (Federated Spatio-Temporal Graph Neural Network), a universal framework that converts existing centralized STGNN models into a federated learning version. We formulate the common STGNN training process using matrix operations, employ graph-based imputation methods to handle missing sensor values at edge servers, and facilitate the transition from centralized to federated STGNNs. Our comprehensive evaluations demonstrate that FedSTGNN not only preserves the prediction accuracy of the original STGNN models but is also significantly more network-efficient than the competing model. Furthermore, the framework proves its robustness in challenging real-world scenarios, including sparse graphs, long-term forecasting, and dynamic server participation. Our work presents a practical, robust, and universal solution for deploying STGNNs into various edge computing applications. © 2025 The Authors.","2025","2026-03-10 17:00:08","2026-03-10 17:00:08","","","","","162","","","","","","","","","","","","","Scopus","","","","","","","","Federated learning; Forecasting; Graph neural networks; Edge computing; Internet of things; Learning systems; Spatio-temporal data; Time series; Machine-learning; Data handling; Learning frameworks; Spatio-temporal graphs; Spatio-temporal graph neural network; Traffic data; Arbitrary models; Machine learning framework for arbitrary model; Machine learning framework for arbitrary models; Vehicle traffic; Vehicle traffic data; Weather data","","","","","","","","","","","","","","","","","","","","","","","","","","","","","","","","","","","","","","","","","","","","","","",""
"L68MMEB3","journalArticle","2024","Mohammadi, N.; Rezakhani, A.; Seydjavadi, S.H.H.; Asghari, P.","FLHB-AC: Federated Learning History-Based Access Control Using Deep Neural Networks in Healthcare System","Journal of Information Systems and Telecommunication","","","10.61186/jist.44500.12.46.90","https://www.scopus.com/inward/record.uri?eid=2-s2.0-85203161885&doi=10.61186%2Fjist.44500.12.46.90&partnerID=40&md5=fe282fe31ace3165c6982e0091875f53","Giving access permission based on histories of access is now one of the security needs in healthcare systems. However, current access control systems are unable to review all access histories online to provide access permission. As a result, this study first proposes a method to perform access control in healthcare systems in real time based on access histories and the decision of the suggested intelligent module. The data is used to train the intelligent module using the LSTM time series machine learning model. Medical data, on the other hand, cannot be obtained from separate systems and trained using different machine-learning models due to the sensitivity and privacy of medical records. As a result, the suggested solution employs the federated learning architecture, which remotely performs machine learning algorithms on healthcare systems and aggregates the knowledge gathered in the servers in the second phase. Based on the experiences of all healthcare systems, the servers communicate the learning aggregation back to the systems to control access to resources. The experimental results reveal that the accuracy of history-based access control in local healthcare systems before the application of the suggested method is lower than the accuracy of the access control in these systems after aggregating training with federated learning architecture. © (2023), (Iranian Academic Center for Education). All Rights Reserved.","2024","2026-03-10 17:00:08","2026-03-10 17:00:08","","90-104","","2","12","","","","","","","","","","","","","Scopus","","","","","","","","Federated Learning; Deep Recurrent Networks; Healthcare System; History-Based Access Control; Intelligent Module","","","","","","","","","","","","","","","","","","","","","","","","","","","","","","","","","","","","","","","","","","","","","","",""
"ZGYMIMH7","journalArticle","2026","Haseeb, A.; Cleland, I.; Nugent, C.; McLaughlin, J.","Efficient and Personalized Federated Learning for Human Activity Recognition on Resource-Constrained Devices","Applied Sciences (Switzerland)","","","10.3390/app16020700","https://www.scopus.com/inward/record.uri?eid=2-s2.0-105028766617&doi=10.3390%2Fapp16020700&partnerID=40&md5=ebe2520a5546927c53838d0613624559","Human Activity Recognition (HAR) using wearable sensors enables impactful applications in healthcare, fitness, and smart environments, but it also faces challenges related to data privacy, non-independent and identically distributed (non-IID) data, and limited computational resources on edge devices. This study proposes an efficient and personalized federated learning (PFL) framework for HAR that integrates federated training with model compression and per-client fine-tuning to address these challenges and support deployment on resource-constrained devices (RCDs). A convolutional neural network (CNN) is trained across multiple clients using FedAvg, followed by magnitude-based pruning and float16 quantization to reduce model size. While personalization and compression have previously been studied independently, their combined application for HAR remains underexplored in federated settings. Experimental results show that the global FedAvg model experiences performance degradation under non-IID conditions, which is further amplified after pruning, whereas per-client personalization substantially improves performance by adapting the model to individual user patterns. To ensure realistic evaluation, experiments are conducted using both random and temporal data splits, with the latter mitigating temporal leakage in time-series data. Personalization consistently improves performance under both settings, while quantization reduces the model footprint by approximately 50%, enabling deployment on wearable and IoT devices. Statistical analysis using paired significance tests confirms the robustness of the observed performance gains. Overall, this work demonstrates that combining lightweight model compression with personalization providing an effective and practical solution for federated HAR, balancing accuracy, efficiency, and deployment feasibility in real-world scenarios. © 2026 by the authors.","2026","2026-03-10 17:00:08","2026-03-10 17:00:08","","","","2","16","","","","","","","","","","","","","Scopus","","","","","","","","federated learning; Federated learning; Data privacy; Neural networks; machine learning; Human activity recognition; Pattern recognition; Wearable sensors; human activity recognition; personalization; Model compression; model compression; pruning; personalized federated learning; non-IID data; Distributed data; human; convolutional neural network; Article; training; Personalizations; motivation; recognition; Quantisation; data processing; fitness; Healthcare environments; Improve performance; jogging; Non-independent and identically distributed data; post hoc analysis; Pruning; quantization; resource constrained devices; Resourceconstrained devices; walking","","","","","","","","","","","","","","","","","","","","","","","","","","","","","","","","","","","","","","","","","","","","","","",""
"I5IR9VJK","journalArticle","2025","Mohammed, M.A.; Abd Ghani, M.K.; Al-Mashhadani, I.B.; Memon, S.; Lakhan, A.; Marhoon, H.A.; Albahar, M.A.","Blockchain-Integrated Edge-Cloud-Enabled Healthcare Data Analytics Based on Distributed Federated Learning and Deep Neural Networks","Mesopotamian Journal of CyberSecurity","","","10.58496//MJCS/2025/060","https://www.scopus.com/inward/record.uri?eid=2-s2.0-105020041979&doi=10.58496%2F%2FMJCS%2F2025%2F060&partnerID=40&md5=d3231332caa4913766e17d646c6f3d6d","The exponential growth of healthcare Internet of Things (IoT) data necessitates secure, low-latency analytics that extend beyond centralized architectures. This paper presents BDAFL DNN, a blockchain-integrated data analytics framework that combines Federated Learning (FL) and Deep Neural Networks (DNNs) for real-time, privacy-preserving healthcare analytics across edge and cloud resources. Local devices such as smartwatches and phones collect noninvasive time series sensor streams (heart rate, temperature, and abdomen sensors), perform on device DNN training, and send only model updates to healthcare edge nodes, where a blockchain ledger validates updates for integrity and traceability; validated updates are then aggregated in the cloud via FL to produce a global model without sharing raw data. In a simulation study against representative baselines, BDAFL DNN reduced execution time, energy use, and resource consumption, lowered the deadline miss ratio, and improved blockchain validation correctness. These results show that integrating blockchain with FL-driven edge and cloud DNN analytics can deliver scalable, secure, and timely insights for future healthcare IoT systems. © 2025, Mesopotamian Academic Press. All rights reserved.","2025","2026-03-10 17:00:08","2026-03-10 17:00:08","","1122-1140","","3","5","","","","","","","","","","","","","Scopus","","","","","","","","Federated Learning; Blockchain; Deep Neural Networks; Edge-Cloud; Healthcare Data Analytics","","","","","","","","","","","","","","","","","","","","","","","","","","","","","","","","","","","","","","","","","","","","","","",""
"BX865VPV","journalArticle","2025","Sarkar, S.; Agrawal, S.; Chowdhuri, A.; Ramani, S.","Progressive search personalization and privacy protection using federated learning","Expert Systems","","","10.1111/exsy.13318","https://www.scopus.com/inward/record.uri?eid=2-s2.0-85153525705&doi=10.1111%2Fexsy.13318&partnerID=40&md5=f62de5f2f922d874b016a4d2a1c91407","Personalized search comes under recommendation systems which provide more user-focused query results. Applications such as movie recommendations, document recommendations, and so forth are using machine learning algorithms to suggest user-tailored content. These algorithms train on historical user query data and predict documents based on user preferences. The existing methodologies on personalization have shown two main limitations: privacy concerns over the usage of personal data and a lack of efficient personalizing strategies for better accuracy and overall standardization. In this paper, we propose a novel federated learning (FL) algorithm for personalized search results using temporal characteristics of the user query data. Individual user query data is used for developing specific client models while the aggregate of such models is developed for general search suggestions. The introduction of time-series interpretation of queries provides for larger training data as well as a better understanding of a user's current needs and intent. The proposed algorithm is validated using the AOL4PS dataset and is evaluated on the efficiency of personalization, and the amount of data and time required to achieve the results. Its performance is compared with existing state-of-the-art personalization algorithms that utilize deep learning and FL. Mean reciprocal rank (MRR) is the primary metric for measuring the algorithm's performance. After training for 35 federated rounds, the server model yielded an MRR score of 0.8638 while the client models were able to yield an average MRR score of 0.9308. © 2023 John Wiley & Sons Ltd.","2025","2026-03-10 17:00:08","2026-03-10 17:00:08","","","","1","42","","","","","","","","","","","","","Scopus","","","","","","","","federated learning; Federated learning; Data privacy; Recurrent neural networks; Data mining; Learning systems; Search engines; data mining; recommendation systems; Recommender systems; Learning algorithms; Privacy protection; Client models; Network coding; Personalizations; recurrent neural networks; Personalized search; Mean reciprocal ranks; personalized search; Query datum; Rank scores; Universal sentence encoder; Universal Sentence Encoder; User query","","","","","","","","","","","","","","","","","","","","","","","","","","","","","","","","","","","","","","","","","","","","","","",""
"XB99NEPM","journalArticle","2025","Zambudio Martínez, M.; Marin-Perez, R.; Skarmeta Gomez, A.F.","Development of an In-Vehicle Intrusion Detection Model Integrating Federated Learning and LSTM Networks","Information (Switzerland)","","","10.3390/info16040292","https://www.scopus.com/inward/record.uri?eid=2-s2.0-105003535827&doi=10.3390%2Finfo16040292&partnerID=40&md5=efb0e2a58df46836c79cc42ec14e8b7b","Introduction: Ensuring vehicular cybersecurity is a critical challenge due to the increasing connectivity of modern vehicles, and traditional centralised learning approaches for intrusion detection pose significant privacy risks, as they require sensitive data to be shared from multiple vehicles to a central server. Objective: The aim of this study is therefore to develop an in-vehicle intrusion detection system (IVIDS) that integrates federated learning (FL) with neural networks, enabling decentralised and privacy-preserving detection of cyberattacks in vehicular networks. The proposed system extends previous research by detecting a broader range of attacks (eight types) and exploring different deep learning architectures. Methods: This study employs an extended version of the publicly available VeReMi dataset to train and evaluate multiple neural network architectures, including Multilayer Perceptrons (MLPs), Gated Recurrent Units (GRUs), and Long Short-Term Memory (LSTM) networks. Federated learning is utilised to enable collaborative model training across multiple vehicles without sharing raw data. Various data preprocessing techniques and differential privacy mechanisms are also explored. Results and Conclusions: The experimental results demonstrate that LSTM networks outperform both MLP and GRU architectures in classifying vehicular cyberattacks. The best LSTM model, trained with two previous message lags and standard normalisation, achieved a classification accuracy of 96.75% in detecting eight types of attacks, surpassing previous studies, and demonstrating the potential of applying neural networks designed to work with time series data. © 2025 by the authors.","2025","2026-03-10 17:00:08","2026-03-10 17:00:08","","","","4","16","","","","","","","","","","","","","Scopus","","","","","","","","federated learning; Data privacy; intrusion detection; Long short-term memory; Multilayers perceptrons; Short term memory; Neural-networks; Deep neural networks; Intrusion-Detection; Cyber-attacks; Multilayer neural networks; Intrusion Detection Systems; Long short-term memory network; Memory network; In-vehicle intrusion detection system; IVIDS; LSTM networks; Veremi dataset; VeReMi dataset","","","","","","","","","","","","","","","","","","","","","","","","","","","","","","","","","","","","","","","","","","","","","","",""
"FT9VBF39","journalArticle","2024","Michalakopoulos, V.; Sarantinopoulos, E.; Sarmas, E.; Marinakis, V.","Empowering federated learning techniques for privacy-preserving PV forecasting","Energy Reports","","","10.1016/j.egyr.2024.08.033","https://www.scopus.com/inward/record.uri?eid=2-s2.0-85201611580&doi=10.1016%2Fj.egyr.2024.08.033&partnerID=40&md5=78e0b23de8a36817156e19ac114c4181","Machine learning techniques hold significant potential in providing precise forecasts for residential photovoltaic (PV) time series production. This advancement, however, introduces a critical concern: the need to prioritize and uphold privacy when dealing with sensitive personal data within these machine learning models. Preserving the confidentiality of individual information becomes crucial, and the challenge is amplified by the substantial size of the datasets making the process more intricate. This paper explores privacy-preserving federated learning models in the context of big data-driven residential PV production. By leveraging FL techniques, we propose a framework that enables collaborative model training across decentralized prosumer energy data without compromising sensitive information. Prior to the federated approach, an extensive hyperparameter tuning procedure is executed individually for each Long Short-Term Memory (LSTM) model trained on distinct household data. Afterward, a range of clustering algorithms utilizes the models hyperparameters as the input space, each representing the respective prosumer and they undergo evaluation leveraging well-established indexes as metrics. This method not only optimizes the individual LSTM models but also upholds privacy by ensuring that sensitive data remains decentralized throughout the process. The proposed solution aggregates the weights of locally trained LSTMs using the FedAvg algorithm, whilst integrating the differential privacy aggregator. Our solution underwent experimentation involving thirty energy prosumers, utilizing nearly four years worth of data. Various scenarios were chosen, encompassing both local learning and centralized learning methods. © 2024","2024","2026-03-10 17:00:08","2026-03-10 17:00:08","","2244-2256","","","12","","","","","","","","","","","","","Scopus","","","","","","","","Federated learning; Differential privacy; Contrastive Learning; Adversarial machine learning; PV forecasting; Privacy preserving; Differential privacies; Hyper-parameter; Clusterings; Prosumer; Photovoltaics; Hyperparameter clustering; Photovoltaic forecasting; Residential photovoltaic; Residential prosumer; Residential prosumers","","","","","","","","","","","","","","","","","","","","","","","","","","","","","","","","","","","","","","","","","","","","","","",""
"CUQR5XB7","journalArticle","2025","Khan, M.Z.; Abbass, W.; Abbas, N.; Javed, M.A.; Alahmadi, A.; Majeed, U.","SAFE-MED for Privacy-Preserving Federated Learning in IoMT via Adversarial Neural Cryptography","Mathematics","","","10.3390/math13182954","https://www.scopus.com/inward/record.uri?eid=2-s2.0-105017332518&doi=10.3390%2Fmath13182954&partnerID=40&md5=b24d9dfa9ad9b0e3ad805ec811183432","Federated learning (FL) offers a promising paradigm for distributed model training in Internet of Medical Things (IoMT) systems, where patient data privacy and device heterogeneity are critical concerns. However, conventional FL remains vulnerable to gradient leakage, model poisoning, and adversarial inference, particularly in privacy-sensitive and resource-constrained medical environments. To address these challenges, we propose SAFE-MED, a secure and adversarially robust framework for privacy-preserving FL tailored for IoMT deployments. SAFE-MED integrates neural encryption, adversarial co-training, anomaly-aware gradient filtering, and trust-weighted aggregation into a unified learning pipeline. The encryption and decryption components are jointly optimized with a simulated adversary under a minimax objective, ensuring high reconstruction fidelity while suppressing inference risk. To enhance robustness, the system dynamically adjusts client influence based on behavioral trust metrics and detects malicious updates using entropy-based anomaly scores. Comprehensive experiments are conducted on three representative medical datasets: Cleveland Heart Disease (tabular), MIT-BIH Arrhythmia (ECG time series), and PhysioNet Respiratory Signals. SAFE-MED achieves near-baseline accuracy with less than 2% degradation, while reducing gradient leakage by up to 85% compared to vanilla FedAvg and over 66% compared to recent neural cryptographic FL baselines. The framework maintains over 90% model accuracy under 20% poisoning attacks and reduces communication cost by 42% relative to homomorphic encryption-based methods. SAFE-MED demonstrates strong scalability, reliable convergence, and practical runtime efficiency across heterogeneous network conditions. These findings validate its potential as a secure, efficient, and deployable FL solution for next-generation medical AI applications. © 2025 by the authors.","2025","2026-03-10 17:00:08","2026-03-10 17:00:08","","","","18","13","","","","","","","","","","","","","Scopus","","","","","","","","federated learning; privacy preservation; Internet of Medical Things (IoMT); adversarial robustness; neural cryptography; trust-based aggregation","","","","","","","","","","","","","","","","","","","","","","","","","","","","","","","","","","","","","","","","","","","","","","",""
"WYLQW9WI","conferencePaper","2025","Gao, C.","Federated P-Tuning based Time-LLM for Hotel Booking Prediction","","","","10.1145/3766918.3766920","https://www.scopus.com/inward/record.uri?eid=2-s2.0-105023298780&doi=10.1145%2F3766918.3766920&partnerID=40&md5=766bbd83618cb58b7dd53abd778773af","With the rapid development of large language models (LLMs), their potential in time series prediction tasks is gradually being explored. LLMs possess strong feature representation capabilities and the ability to model complex relationships. They have shown significant advantages in areas such as text generation, classification, and time series prediction. However, pre-trained LLMs usually perform well on general tasks but are difficult to apply directly to specific tasks. Fine-tuning is required to adapt them to target domain characteristics. Meanwhile, hotel booking data is often distributed across multiple organizations. This data is privacy-sensitive and unevenly distributed, making traditional centralized training methods unsuitable for privacy protection and collaborative modeling. To address these issues, we propose FPTuning-LLM, a fine-tuning framework for large language models based on Federated Learning and P-Tuning. But time series data cannot be directly input into LLMs trained on discrete tokens. Therefore, we use Time-LLM to embed input sequences and convert them into representations suitable for LLMs. Prompt design is crucial for downstream task performance. We adopt P-Tuning to fine-tune Time-LLM, utilizing lightweight parameters to improve task adaptation. In a federated learning environment, we perform global fusion on the embedding layers of Time-LLM and the LSTM+MLP network in P-Tuning. To address the issue of non-independent and identically distributed (Non-IID) data, FedProx is used to constrain local training, enhancing model robustness and global convergence. Experimental results show that FPTuning-LLM effectively improves prediction accuracy while ensuring data privacy by leveraging private data from multiple parties. © 2025 Copyright held by the owner/author(s).","2025","2026-03-10 17:00:08","2026-03-10 17:00:08","","7-11","","","","","","","","","","","","","","","","Scopus","","","","","","","","Data privacy; Federated Learning; Forecasting; Large Language Models (LLMs); Tuning; Time series prediction; Time series; Large language model; Time Series Prediction; Distributed computer systems; Language model; Human engineering; Embeddings; Fine tuning; Model complexes; Text processing; Feature representation; Prediction tasks; Hotel booking; Hotel booking prediction; Hotel Booking Prediction; Hotels; P-tuning; P-Tuning","","","","","","","","","","","","","","","","","","","","","","","","","","","","","","","","Proceedings of 2025 International Conference on Generative Artificial Intelligence for Business, GAIB 2025","","","","","","","","","","","","","","",""
"YXUC55D2","journalArticle","2024","Mouhni, N.; Amalou, I.; Chakri, S.; Tourad, M.C.; Chakraoui, M.; Abdali, A.","Enhancing stress detection in wearable IoT devices using federated learning and LSTM based hybrid model","Indonesian Journal of Electrical Engineering and Computer Science","","","10.11591/ijeecs.v36.i2.pp1301-1308","https://www.scopus.com/inward/record.uri?eid=2-s2.0-85202753368&doi=10.11591%2Fijeecs.v36.i2.pp1301-1308&partnerID=40&md5=068b2f15a7f26eb0c7d8786850a91014","In the domain of smart health devices, the accurate detection of physical indicators levels plays a crucial role in enhancing safety and well-being. This paper introduces a cross device federated learning framework using hybrid deep learning model. Specifically, the paper presents a comprehensive comparison of different combination of long short-term memory (LSTM), gated recurrent unit (GRU), convolutional neural network (CNN), random forest (RF), and extreme gradient boosting (XGBoost), in order to forecast stress levels by utilizing time series information derived from wearable smart gadgets. The LSTM-RF model demonstrated the highest level of accuracy, achieving 93.53% for user 1, 99.40% for user 2, and 97.88% for user 3. Similarly, the LSTM-XGBoost model yielded favorable outcomes, with accuracy rates of 85.88%, 98.55%, and 92.02% for users 1, 2, and 3, respectively, out of 23 users studied. These findings highlight the efficacy of federated learning and the utilization of hybrid models in stress detection. Unlike traditional centralized learning paradigms, the presented federated approach ensures privacy preservation and reduces data transmission requirements by processing data locally on Edge devices. © 2024 Institute of Advanced Engineering and Science. All rights reserved.","2024","2026-03-10 17:00:08","2026-03-10 17:00:08","","1301-1308","","2","36","","","","","","","","","","","","","Scopus","","","","","","","","Federated learning; LSTM; XGBoost; GRU; Stress detection; Hybrid models; IoT wearables; Random forest","","","","","","","","","","","","","","","","","","","","","","","","","","","","","","","","","","","","","","","","","","","","","","",""
"2G2HV694","journalArticle","2025","Pistos, M.; Li, G.; Lin, W.; Shen, D.; Rekik, I.","Predicting infant brain connectivity with federated multi-trajectory GNNs using scarce data","Medical Image Analysis","","","10.1016/j.media.2025.103541","https://www.scopus.com/inward/record.uri?eid=2-s2.0-105000449809&doi=10.1016%2Fj.media.2025.103541&partnerID=40&md5=e1d7110cd1f657ad6e9bb41d58e2c68e","The understanding of the convoluted evolution of infant brain networks during the first postnatal year is pivotal for identifying the dynamics of early brain connectivity development. Thanks to the valuable insights into the brain's anatomy, existing deep learning frameworks focused on forecasting the brain evolution trajectory from a single baseline observation. While yielding remarkable results, they suffer from three major limitations. First, they lack the ability to generalize to multi-trajectory prediction tasks, where each graph trajectory corresponds to a particular imaging modality or connectivity type (e.g., T1-w MRI). Second, existing models require extensive training datasets to achieve satisfactory performance which are often challenging to obtain. Third, they do not efficiently utilize incomplete time series data. To address these limitations, we introduce FedGmTE-Net++, a federated graph-based multi-trajectory evolution network. Using the power of federation, we aggregate local learnings among diverse hospitals with limited datasets. As a result, we enhance the performance of each hospital's local generative model, while preserving data privacy. The three key innovations of FedGmTE-Net++ are: (i) presenting the first federated learning framework specifically designed for brain multi-trajectory evolution prediction in a data-scarce environment, (ii) incorporating an auxiliary regularizer in the local objective function to exploit all the longitudinal brain connectivity within the evolution trajectory and maximize data utilization, (iii) introducing a two-step imputation process, comprising a preliminary K-Nearest Neighbours based precompletion followed by an imputation refinement step that employs regressors to improve similarity scores and refine imputations. Our comprehensive experimental results showed the outperformance of FedGmTE-Net++ in brain multi-trajectory prediction from a single baseline graph in comparison with benchmark methods. Our source code is available at https://github.com/basiralab/FedGmTE-Net-plus. © 2025 The Authors","2025","2026-03-10 17:00:08","2026-03-10 17:00:08","","","","","102","","","","","","","","","","","","","Scopus","","","","","","","","federated learning; Federated learning; data privacy; Deep Learning; Graph neural networks; deep learning; generative model; graph neural network; Data scarcity; Contrastive Learning; prediction; Adversarial machine learning; Multi-modal; Brain; Prediction models; Learning frameworks; human; Humans; procedures; Article; diagnostic imaging; brain; connectome; Connectome; Magnetic Resonance Imaging; nuclear magnetic resonance imaging; k nearest neighbor; Trajectory prediction; intermethod comparison; functional connectivity; functional magnetic resonance imaging; Brain connectivity; Connectomics; cortical thickness (brain); cross validation; growth, development and aging; infant; Infant; Infant, Newborn; Longitudinal connectomic dataset; Longitudinal connectomic datasets; Multimodal brain graph evolution prediction; newborn; right hemisphere; Single-baseline","","","","","","","","","","","","","","","","","","","","","","","","","","","","","","","","","","","","","","","","","","","","","","",""
"N9UX65B3","journalArticle","2025","Mahdi, M.M.; Raju, M.A.G.; Lee, K.-C.; Kim, D.B.","Federated Learning-Enabled Secure Multi-Modal Anomaly Detection for Wire Arc Additive Manufacturing","Machines","","","10.3390/machines13111063","https://www.scopus.com/inward/record.uri?eid=2-s2.0-105023092824&doi=10.3390%2Fmachines13111063&partnerID=40&md5=2a82994a4b835a291bd6f146f949c5bb","This paper presents a federated learning (FL) architecture tailored for anomaly detection in wire arc additive manufacturing (WAAM) that preserves data privacy while enabling secure and distributed model training across heterogeneous process units. WAAM’s inherent process complexity, characterized by high-dimensional and asynchronous sensor streams, including current, voltage, travel speed, and visual bead profiles, necessitates a decentralized learning paradigm capable of handling non-identical client distributions without raw data pooling. To this end, the proposed framework integrates reversible data hiding in the encrypted domain (RDHE) for the secure embedding of sensor-derived features into weld images, enabling confidential parameter transmission and tamper-evident federation. Each client node employs a domain-specific long short-term memory (LSTM)-based classifier trained on locally curated time-series or vision-derived features, with model updates embedded and transmitted securely to a central aggregator. Three FL strategies, FedAvg, FedProx, and FedPer, are systematically evaluated against four robust aggregation techniques, including KRUM, Multi KRUM, and Trimmed Mean, across 100 communication rounds using eight non-independent and identically distributed (non-IID) WAAM clients. Experimental results reveal that FedPer coupled with Trimmed Mean delivers the optimal configuration, achieving maximum F1-score (0.912), area under the curve (AUC) (0.939), and client-wise generalization stability under both geometric and temporal noise. The proposed approach demonstrates near-lossless RDHE encoding (PSNR > 90 dB) and robust convergence across adversarial conditions. By embedding encrypted intelligence within weld imagery and tailoring FL to WAAM-specific signal variability, this study introduces a scalable, secure, and generalizable framework for process monitoring. These findings establish a baseline for federated anomaly detection in metal additive manufacturing, with implications for deploying privacy-preserving intelligence across smart manufacturing (SM) networks. The federated pipeline is backbone-agnostic. We instantiate LSTM clients because the sequences are short (five steps) and edge compute is limited in WAAM. The same pipeline can host Transformer/TCN encoders for longer horizons without changing the FL or security flow. © 2025 by the authors.","2025","2026-03-10 17:00:08","2026-03-10 17:00:08","","","","11","13","","","","","","","","","","","","","Scopus","","","","","","","","federated learning; anomaly detection; process monitoring; reversible data hiding; wire arc additive manufacturing","","","","","","","","","","","","","","","","","","","","","","","","","","","","","","","","","","","","","","","","","","","","","","",""
"ABCY7C3T","journalArticle","2024","Nagamani, G.M.; Kumar, C.K.","Design of an improved graph-based model for real-time anomaly detection in healthcare using hybrid CNN-LSTM and federated learning","Heliyon","","","10.1016/j.heliyon.2024.e41071","https://www.scopus.com/inward/record.uri?eid=2-s2.0-85211177073&doi=10.1016%2Fj.heliyon.2024.e41071&partnerID=40&md5=07ac95a0d80b9c10086bb7b027d6dd62","Real-time monitoring and anomaly detection are essential in healthcare to ensure safe conditions for patients and maintain the integrity of medical data samples. The majority of existing systems, despite improvements in healthcare technologies, cannot capture the spatial and temporal patterns of multimodal data simultaneously, process high Volume data in real-time, and ensure the privacy of patients' identity effectively. In this work, we handle these limitations by proposing a complete approach that uses state-of-the-art deep learning and data processing architectures to realize resilient anomaly detection in healthcare systems. In this paper, we propose an advanced hybrid model for Convolutional and Long Short-Term Memory (CNN-LSTM), which exploits the main advantages of convoluted neural networks and LSTM networks. The proposed model will extract spatial features from medical images and temporal dependencies between them from patient vitals. These three components come together to give high accuracy in anomaly detection, where the accuracy rate was 94 % and a false positive rate as low as 2 % on a test dataset containing 10,000 patients. Furthermore, Apache Kafka will be integrated with TensorFlow Serving for real-time data processing to achieve scale. Conversely, Apache Kafka scales to high throughputs, providing low latencies in message processing, and TensorFlow Serving enables implementation of models into production at scale and serving predictions in real-time situations. This system processes over 100,000 messages per second with less than 50 ms of inference latency to enable the prompting of clinical responses. We use Federated Learning combined with Differential Privacy to solve our data security and privacy tasks. This will enable model training across multiple institutions without compromising the privacy of patient data samples. In the different use-case scenarios, local models update gradients to a central server while achieving model accuracy at 90 % with a privacy loss, epsilon, below 1 %. This will be used to implement a transformer-based multimodal integration model that will integrally fuse these diversified data types, including EHR text data, medical images, and time-series sensor data samples. This model improves the anomaly detection to an F1-score of 0.92, which means a performance increase of 15 % over all unimodal approaches. The proposed methods offer multifaceted solutions that provide advanced machine learning techniques, second-by-second real-time processing, and strict privacy measures all at once. This work significantly increases the reliability and security of healthcare systems, ensuring better patient outcomes while safeguarding sensitive medical data samples. © 2024","2024","2026-03-10 17:00:08","2026-03-10 17:00:08","","","","24","10","","","","","","","","","","","","","Scopus","","","","","","","","Federated learning; Anomaly detection; CNN-LSTM; Real-time monitoring; Healthcare data security","","","","","","","","","","","","","","","","","","","","","","","","","","","","","","","","","","","","","","","","","","","","","","",""
"8FFZBNBY","journalArticle","2025","Cui, W.; Lin, Q.; Shi, J.; Zhou, X.; Li, Z.; Zhan, H.; Qin, Y.; Lv, C.","A Secure and Efficient Framework for Multimodal Prediction Tasks in Cloud Computing with Sliding-Window Attention Mechanisms","Applied Sciences (Switzerland)","","","10.3390/app15073827","https://www.scopus.com/inward/record.uri?eid=2-s2.0-105002275912&doi=10.3390%2Fapp15073827&partnerID=40&md5=d6da12c58f118f27c702eab65b08b8d5","An efficient and secure computation framework based on the sliding-window attention mechanism and sliding loss function was proposed to address challenges in temporal and spatial feature modeling for multimodal data processing. The framework aims to overcome the limitations of traditional methods in privacy protection, feature-capturing capabilities, and computational efficiency. The experimental results demonstrated that, in time-series data processing tasks, the proposed method achieved precision, recall, accuracy, and F1-score values of 0.95, 0.91, 0.93, and 0.93, respectively, significantly outperforming the federated learning, secure multi-party computation, homomorphic encryption, and TEE-based approaches. In spatial data processing tasks, these metrics reached 0.93, 0.90, 0.92, and 0.91, also surpassing all the comparative methods. Compared with the existing secure computation frameworks, the proposed approach substantially enhanced computational efficiency while minimizing accuracy loss, all while ensuring data privacy. These findings provide an efficient and reliable solution for privacy protection and data security in cloud computing environments. Furthermore, the research demonstrates significant theoretical value and practical potential in real-world scenarios such as financial forecasting and image analysis. © 2025 by the authors.","2025","2026-03-10 17:00:09","2026-03-10 17:00:09","","","","7","15","","","","","","","","","","","","","Scopus","","","","","","","","Attention mechanisms; Spatio-temporal data; Cloud-computing; Time-series data; Cloud environments; Data prediction; Cloud security; data security in cloud computing; Data security in cloud computing; Secure computation; Secure computation for cloud environment; secure computation for cloud environments; Sliding Window; sliding-window attention mechanism; Sliding-window attention mechanism; Spatial data; time-series and spatial data prediction; Time-series and spatial data prediction","","","","","","","","","","","","","","","","","","","","","","","","","","","","","","","","","","","","","","","","","","","","","","",""
"I2MYY7IH","journalArticle","2025","","2025 International Conference on Cognitive Computing in Engineering, Communications, Sciences and Biomedical Health Informatics, IC3ECSBHI 2025","2025 International Conference on Cognitive Computing in Engineering, Communications, Sciences and Biomedical Health Informatics, IC3ECSBHI 2025","","","","https://www.scopus.com/inward/record.uri?eid=2-s2.0-105008436559&partnerID=40&md5=e919eb8e0147e75945dd32ce5a2b5993","The proceedings contain 280 papers. The topics discussed include: revolutionizing Indian agriculture: a direct marketplace with AI-based crop and disease management solutions; users’ acceptance, behavioral intention, and adoption of reward points in India - a systematic literature review approach; towards safer networks: an HPLC inspired wormhole detection mechanism for wireless sensor networks; a review of digital forensics techniques and emerging trends; federated learning for secure and collaborative power system data ANALYSIS: balancing accuracy and privacy in decentralized environments; transfer learning-driven CNN architectures for automated defect detection in printed circuit boards; and unlocking the potential of time series IoT (Internet of Things) data: the transformative role of AI and machine learning in smart cities.","2025","2026-03-10 17:00:09","2026-03-10 17:10:57","","","","","","","","","","","","","","","","","","Scopus","","","","","","","","","","","","","","","","","","","","","","","","","","","","","","","","","","","","","","","","","","","","","","","","","","","","","","",""
"ZYEMMZVV","journalArticle","2024","Sarker, M.A.A.; Shanmugam, B.; Azam, S.; Thennadil, S.","Enhancing smart grid load forecasting: An attention-based deep learning model integrated with federated learning and XAI for security and interpretability","Intelligent Systems with Applications","","","10.1016/j.iswa.2024.200422","https://www.scopus.com/inward/record.uri?eid=2-s2.0-85200347965&doi=10.1016%2Fj.iswa.2024.200422&partnerID=40&md5=e2fd2fc7766799a418c1cd702e250780","Smart grid is a transformative advancement that modernized the traditional power system for effective electricity management, and involves optimized energy distribution by load forecasting. Precise load forecasting provides the best utilization of energy resources and increases sustainability. Dynamic changes of several connected factors, such as temporal and geographical variability, pose challenges to accurate load prediction. Integrating Artificial Intelligence (AI) in the smart grid can enhance the performance of the forecasting process by capturing these changes. This study investigated load forecasting tasks on four different datasets. Several preprocessing and augmentation techniques are applied to increase the data quality. An attention-based 1D-CNN-GRU model is proposed to capture the temporal patterns from the time-series data, and the hyperparameters of the model are optimized using a particle swarm optimization (PSO) algorithm that also accelerates the convergence and results in an efficient training session. Empirical evaluations highlight that the proposed model substantially minimizes the loss, reflecting the ability to make accurate predictions. It obtains MAE values of 0.12, 0.8, 16.48, and 82.64 for the four datasets. Moreover, the explainable AI (XAI) technique is applied using Shapley Additive explanations (SHAP) to interpret the model prediction, providing the feature ranking based on their prediction score. Moreover, this study utilizes federated learning, enables collaborative training, maintains the privacy of the grid data, and secures the process comprehensively. The aggregation mechanism in federated learning is modified using pruning-based methods that reduce the parameters and computational cost, resulting in a more efficient framework. Integrating all these approaches provides valuable insights for developing a load forecasting model and outlines potential contributions in the smart grid domain. © 2024 The Author(s)","2024","2026-03-10 17:00:09","2026-03-10 17:00:09","","","","","23","","","","","","","","","","","","","Scopus","","","","","","","","Federated learning; Federated Learning; Deep learning; Forecasting; Explainable AI; Particle swarm optimization; Load forecasting; Smart grid; Learning systems; Power quality; Interpretability; Explainable artificial intelligence; Smart power grids; Energy resources; Learning models; Electric power plant loads; Particle swarm optimization (PSO); PSO; Particle swarm; Swarm optimization","","","","","","","","","","","","","","","","","","","","","","","","","","","","","","","","","","","","","","","","","","","","","","",""
"39GIP4XC","journalArticle","2025","Xu, L.; Gao, Z.; Li, Y.; Gulliver, T.A.","Cross-domain intelligent cooperative spectrum sensing algorithm based on Federated Learning and Swin-Transformer neural network","Engineering Applications of Artificial Intelligence","","","10.1016/j.engappai.2025.111370","https://www.scopus.com/inward/record.uri?eid=2-s2.0-105007828167&doi=10.1016%2Fj.engappai.2025.111370&partnerID=40&md5=e14a34f24faedbcccf92d3501d893589","The deployment of 6th Generation (6G) mobile networks will bring revolutionary changes to organizations and users through higher speeds, lower latency, and more intelligent network management. This will require more efficient spectrum sharing to improve network performance. Cognitive Radio (CR) can be employed to help achieve this goal. However, data collection at the fusion center for cooperative spectrum sensing (CSS) creates a risk of sensing user (SU) data leakage. In this paper, an intelligent CSS algorithm for mobile communication is proposed based on Federated Learning with a Swin-Transformer. First, to achieve the cross-domain process, a Continuous Wavelet Transform (CWT) is used with the normalized time series data to obtain a time-frequency spectrum map with joint time-frequency features. Second, Federated Learning is employed to realize distributed CSS to reduce sensing overhead, improve the security of sensing data, and eliminate the SU data isolation with traditional distributed CSS. Then, a new Swin-Transformer spectrum sensing is proposed for fusion learning of the time-frequency spectrum map. The fusion of Federated Learning and Swin-Transformer neural network provides cooperation with multiple SUs to achieve efficient spectrum sensing using the K-rank fusion criterion. Compared with the Convolutional Neural Network (CNN), ViT-Transformer, Graph Neural Network (GNN) and EfficientNet algorithms, the detection probability of the proposed algorithm has increased by 45 %, and the false alarm probability has decreased by 13 %. © 2025 Elsevier Ltd","2025","2026-03-10 17:00:09","2026-03-10 17:00:09","","","","","157","","","","","","","","","","","","","Scopus","","","","","","","","Federated learning; Convolutional neural networks; Graph neural networks; Radio access networks; Network security; Neural-networks; Normal distribution; Information leakage; Cross-domain; User data; Cellular radio systems; Co-operative spectrum sensing; Cross domain processing; Domain processing; Mobile cooperative spectrum sensing; Sensing algorithms; Swin-transformer; Time-frequency spectrum","","","","","","","","","","","","","","","","","","","","","","","","","","","","","","","","","","","","","","","","","","","","","","",""
"QTZ99QHR","journalArticle","2024","","Proceedings of the 5th International Conference on Data Intelligence and Cognitive Informatics, ICDICI 2024","Proceedings of the 5th International Conference on Data Intelligence and Cognitive Informatics, ICDICI 2024","","","","https://www.scopus.com/inward/record.uri?eid=2-s2.0-85216665370&partnerID=40&md5=8b4a3081fdd982c569b8ebdb87c9f8fd","The proceedings contain 240 papers. The topics discussed include: improving cybersecurity measures through the revelation of malignant URLs using machine learning techniques; a systematic analysis on active federated learning network in healthcare industry; smart dam water monitoring using enabled internet of things; tackling the emerging threat of image-based steganographic malware with advanced machine learning techniques; classification of healthy and unhealthy leaf disease using modified MobileNetV2; advancing bone age estimation with Xception: a deep learning model for pediatric radiograph analysis; and tick stream tampering-resistant anomaly detection in stock market using integrated time series and behavioral analysis.","2024","2026-03-10 17:00:09","2026-03-10 17:00:09","","","","","","","","","","","","","","","","","","Scopus","","","","","","","","","","","","","","","","","","","","","","","","","","","","","","","","","","","","","","","","","","","","","","","","","","","","","","",""
"K6W5Q77S","journalArticle","2024","Paragliola, G.; Ribino, P.","Exploring heterogeneous data distribution issues in e-health federated systems","Biomedical Signal Processing and Control","","","10.1016/j.bspc.2024.106039","https://www.scopus.com/inward/record.uri?eid=2-s2.0-85185499989&doi=10.1016%2Fj.bspc.2024.106039&partnerID=40&md5=18e466028bb0f628a40661cf5ab7e06e","Background and Objective: Healthcare institutions produce and retain a considerable amount of health-associated information about patients, thus providing great potential for medical applications based on machine learning that may use such data to address healthcare problems. However, accessing or disseminating patients’ data beyond the confines of the host institution is frequently hampered by multiple factors, such as privacy concerns. Federated Learning (FL) data systems have been posited as a potential solution to the challenges related to the segregated nature of health data and the hurdles in data exchange. However, although FL addresses privacy concerns related to healthcare data, in real settings, the non-stationary and the non-uniform data distribution affect the performance of ML models. This paper aims to evaluate how these issues directly impact the quality of the estimated performance of a federated neural network model in the e-health domain. Methods: This work extends a time series-based classification problem from a traditional centralized scenario into a federated one under the hypothesis of non-stationary and non-uniform data distribution, also called heterogeneous data distribution. Results: The assessment of the proposed method's effectiveness is conducted by measuring Precision, Recall, Accuracy and F1-Score, and it is compared with an FL approach working under the hypothesis of stationary data. The experimental evaluation reports performance results with an accuracy and precision of over 0.91, as in the case of stationary data. Conclusion: The results show that heterogeneous data makes it harder to detect positive samples since the most affected metrics by data distributions are Recall and F1. © 2024 Elsevier Ltd","2024","2026-03-10 17:00:09","2026-03-10 17:00:09","","","","","92","","","","","","","","","","","","","Scopus","","","","","","","","Federated learning; Data privacy; Time series analysis; machine learning; privacy; Quality control; Time-series analysis; Performance; Learning systems; time series analysis; Classification; Continuous learning; Ehealth; classification; Heterogeneous data; learning; Privacy concerns; Data distribution; Electronic data interchange; human; artificial neural network; article; controlled study; Continuous time systems; female; male; benchmarking; eHealth; telehealth; health data; Medical applications; E health; Health care informatics; Healthcare informatics; information science","","","","","","","","","","","","","","","","","","","","","","","","","","","","","","","","","","","","","","","","","","","","","","",""
"XQUG9TQ7","journalArticle","2026","Lin, F.; Xu, L.; Lyu, C.; Chen, Y.; Ma, Z.; Zhuang, S.; Zhang, M.; Wang, S.","Parallel framework for intelligent prediction of multi-site fugitive dust: Combined with DustLSTM-Trans and FedProx-Dyn","Advanced Engineering Informatics","","","10.1016/j.aei.2025.104155","https://www.scopus.com/inward/record.uri?eid=2-s2.0-105023656735&doi=10.1016%2Fj.aei.2025.104155&partnerID=40&md5=c69bb9b80554a718520c7492ad678f26","Due to the wide distribution of construction sites and data heterogeneity, single site models struggle with cross-site generalization and privacy compliance. A collaborative prediction model is needed to integrate information from multiple sites and enhance governance. Traditional time series models fail to capture short-term disturbances and long-term dependencies, and construction site data often includes abrupt changes and multi-scale dynamics. Non-Independent and Identically Distributed (Non-IID) data and sample imbalance across sites can lead to client drift, reducing model generalization. To address these challenges, this paper proposes a parallel multi-site dust prediction framework combining the improved hybrid model DustLSTM-Trans and the federated learning mechanism FedProx-Dyn, enabling knowledge sharing without aggregating raw data. This framework improves model collaboration while ensuring prediction accuracy and timeliness. Evaluations with data from multiple construction sites show that the framework reduces prediction errors between sites and enhances cross-site generalization. Compared to traditional models, The performance of DustLSTM-Trans is improved by 22.7 %, 26.2 % and 8.2 % on RMSE, MSE and R 2, respectively, while FedProx-Dyn shows 31.6 % performance boost. The overall framework supports real-time learning and adaptive parameter updates across construction sites while ensuring data transmission efficiency and privacy preservation. The model provides accurate dust pollution warnings in different environments and could be adapted to other pollution scenarios, such as road dust and industrial emissions. © 2025 Elsevier Ltd.","2026","2026-03-10 17:00:09","2026-03-10 17:00:09","","","","","70","","","","","","","","","","","","","Scopus","","","","","","","","Data privacy; Forecasting; Performance; Learning systems; Knowledge management; Multi-site; Generalisation; Optimisations; Dynamic aggregation; Model generalization; Data reduction; Temporal models; Construction sites; Dust control; Dust prediction; Federated optimization; Industrial emissions; Temporal modeling","","","","","","","","","","","","","","","","","","","","","","","","","","","","","","","","","","","","","","","","","","","","","","",""
"WZMIF6GA","journalArticle","2026","Wu, J.; Xia, Z.; Li, R.; Liu, R.","Research on Application and Optimization of Intelligent Diagnosis Technology in Power Line Loss Management","Distributed Generation and Alternative Energy Journal","","","10.13052/dgaej2156-3306.4111","https://www.scopus.com/inward/record.uri?eid=2-s2.0-105030848449&doi=10.13052%2Fdgaej2156-3306.4111&partnerID=40&md5=c8a9a9314af13e5194f41d7cfc871009","Power line loss management faces challenges such as massive data processing, real-time diagnosis accuracy, data security guarantee and system adaptive optimisation. It is urgent to improve diagnosis efficiency and management effect by applying and optimising intelligent diagnosis technology. This paper systematically studies the application and optimization of intelligent diagnosis technology in power line loss management. It constructs a multilevel diagnosis system integrating multiple technologies, where distributed streaming computing enables real-time processing of massive time-series data from smart meters and SCADA systems; trusted computing mechanism ensures data security through hardware-level authentication; spatiotemporal graph neural network models the spatiotemporal correlation of power grid nodes; federated learning realizes collaborative model optimization without data sharing; multi-objective evolutionary optimization improves parameter tuning efficiency; and digital twin achieves dynamic mapping of physical grid operations for continuous learning. According to the data of 200 monitoring points in this area, through the analysis of the intelligent diagnosis system, it is found that 23.5% of monitoring points have abnormal line loss fluctuations in varying degrees, 78.2% of the fluctuations are due to poor contact caused by equipment ageing, and normal equipment loss accounts for only 45%. After accurate positioning using intelligent diagnosis technology and targeted repair, the power line loss rate in this area decreased by 67.89%. In comparison, the meter reading accuracy increased from 32.1% to 90.5%, and the processing efficiency of abnormal work orders increased by 12.34 times, effectively reducing manual operation and maintenance costs, saving about 56.7% of operation and maintenance time, and providing strong data support and technical support for power line loss management. © 2026 River Publishers.","2026","2026-03-10 17:00:09","2026-03-10 17:00:09","","1-24","","1","41","","","","","","","","","","","","","Scopus","","","","","","","","federated learning; digital twin; Digital twin; Trusted computing; Network security; distributed computing; Information management; Data Sharing; Optimisations; Distributed computer systems; Distributed database systems; Electric power measurement; Data accuracy; Operations and maintenance; Electronic document exchange; Massive data; Diagnosis technology; Electric losses; Hardware security; Intelligent diagnosis; Line loss; Monitoring points; power line loss management; Power line loss management; Power lines; Real-time diagnosis; Repair; Time sharing systems","","","","","","","","","","","","","","","","","","","","","","","","","","","","","","","","","","","","","","","","","","","","","","",""
"RYZZUC85","journalArticle","2024","Zhang, G.; Li, C.; Sun, Q.","Fault diagnosis method for elevator carriages based on temporal generative federated distillation","Engineering Research Express","","","10.1088/2631-8695/ad6ca3","https://www.scopus.com/inward/record.uri?eid=2-s2.0-85209364111&doi=10.1088%2F2631-8695%2Fad6ca3&partnerID=40&md5=243e1cbde6e549cc1f0822638f15ffba","Addressing the ‘data silo’ issue among different elevator operating units and the temporal correlations in elevator vibration signals, a novel small-sample fault diagnosis method for elevator carriages based on temporal generative federated distillation is proposed. This method incorporates a temporal generative adversarial network into Federated Distillation via Generative Learning (FedGen). FedGen combines federated learning, knowledge distillation, and generative models to enhance model aggregation efficiency while mitigating data heterogeneity. However, the original generative model struggles to maintain dynamic correlations between signals when extracting temporal features. Therefore, an improved Time Series Generative Adversarial Networks (TimeGAN) model is introduced, substituting the initial logarithmic loss function with a least squares error function, thereby enhancing training stability and data quality. This approach eliminates the need for proxy datasets in knowledge distillation, avoiding the loss of temporal information during central server feature extraction. Simulation results demonstrate that this method enables data sharing while protecting data privacy, and enhances model generalization capabilities. © 2024 IOP Publishing Ltd.","2024","2026-03-10 17:00:09","2026-03-10 17:00:09","","","","4","6","","","","","","","","","","","","","Scopus","","","","","","","","Federated learning; Data privacy; Generative adversarial networks; Time series; Adversarial machine learning; Times series; Faults diagnosis; Generative model; Data silos; Fault diagnosis method; Small samples; Adversarial networks; data silo; federated distillation without data; Federated distillation without data; Small-sample fault diagnose; small-sample fault diagnosis; Time series generative adversarial network; time series generative adversarial networks","","","","","","","","","","","","","","","","","","","","","","","","","","","","","","","","","","","","","","","","","","","","","","",""
"7TB3FVSS","journalArticle","2025","Narisetty, N.; Babu, K.S.; Gavarraju, L.N.J.; Jashva, M.B.; Mallampati, S.B.; Boddu, Y.","Design of an integrated model combining recurrent convolutions and attention mechanism for time series prediction","Journal of Supercomputing","","","10.1007/s11227-025-07154-5","https://www.scopus.com/inward/record.uri?eid=2-s2.0-105001010981&doi=10.1007%2Fs11227-025-07154-5&partnerID=40&md5=b6a383bc4156d3fd3e75c717256d0743","In applications such as healthcare, finance, and environmental monitoring, the demand for more reliable time-series prediction models has grown critical. Traditional models, such as VARMAx, struggle with capturing non–linear and complex dependencies inherent in sequential data. To address these challenges, this work proposes a hybrid model combining Long Short-Term Memory (LSTM) networks with Convolutional Neural Networks (CNNs) and incorporating attention mechanisms for improved precision and interpretability. LSTM networks are utilized to capture long-term dependencies in sequential data, while CNNs are employed to extract significant local features. The attention mechanism enhances the model’s focus on critical time-series instances, improving prediction accuracy and interpretability. Additionally, hyperparameter optimization is achieved using metaheuristic approaches such as the grey wolf optimizer and the coot optimization algorithm, ensuring maximum performance. The model integrates multimodal LSTMs to handle diverse data types, such as text and images, while preserving relationships between entities using Graph Neural Networks (GNNs). Adaptive feedback learning, combining reinforcement and federated learning, allows for real-time model adaptability while maintaining data privacy. Bayesian neural networks with dropout regularization provide uncertainty estimation, delivering confidence intervals alongside predictions. The proposed hybrid model demonstrates a 6–8% absolute improvement in predictive accuracy, reduced RMSE, and enhanced interpretability compared to traditional benchmarks. Its effectiveness is particularly evident in scenarios with high uncertainty, complex data, and the need for real-time model adaptation, setting a new standard in time-series prediction. © The Author(s), under exclusive licence to Springer Science+Business Media, LLC, part of Springer Nature 2025.","2025","2026-03-10 17:00:09","2026-03-10 17:00:09","","","","5","81","","","","","","","","","","","","","Scopus","","","","","","","","Federated learning; Data privacy; Convolutional neural networks; Reinforcement learning; Attention mechanisms; Graph neural networks; Time series prediction; Time series; Attention mechanism; Interpretability; Long short-term memory; Benchmarking; Convolutional neural network; Prediction models; Short term memory; Hybrid model; Memory network; Sequential data; Metaheuristic optimization; Metaheuristic optimizations; Real time modeling","","","","","","","","","","","","","","","","","","","","","","","","","","","","","","","","","","","","","","","","","","","","","","",""
"28GBLTXC","journalArticle","2025","Wang, P.; Zhou, X.","Perception and Prediction of Factors Influencing Carbon Price: Multisource, Spatiotemporal, Hierarchical Federated Learning Framework with Cross-Modal Feature Fusion","Sensors","","","10.3390/s25237274","https://www.scopus.com/inward/record.uri?eid=2-s2.0-105024627338&doi=10.3390%2Fs25237274&partnerID=40&md5=d609d2716613db0ef3733c13e55e90b4","To address the challenge of accurately predicting carbon price fluctuations, which are influenced by multiple factors, a multisource, spatiotemporal, federated learning framework with cross-modal feature fusion is proposed. Firstly, a three-level hierarchical federated learning network, consisting of perception clients, regional (edge) nodes, and a central server, is designed. The server incrementally aggregates the parameters generated by the local large model of the perception client through incremental data training, improving the efficiency of parameter aggregation in federated learning and avoiding the problem of network traffic data exposure. Secondly, a cross-modal, spatiotemporal, enhanced attention model is proposed. In order to extract the joint features of carbon price time series data and spatial correlation, spatiotemporal feature encoding is adopted. In order to share the semantic space of aligning market factors and carbon emission data in the embedding layer, cross-modal alignment is adopted. Finally, the experimental results demonstrate that the proposed framework can effectively predict carbon prices. © 2025 by the authors.","2025","2026-03-10 17:00:09","2026-03-10 17:00:09","","","","23","25","","","","","","","","","","","","","Scopus","","","","","","","","federated learning; Costs; Feature extraction; Forecasting; Semantics; forecasting; time series analysis; prediction; Cross-modal; Features selection; Learning frameworks; carbon emission; human; article; controlled study; Multi-Sources; feature selection; carbon; Commerce; Carbon; Features fusions; carbon price; Carbon price; market; Market influencing factor; market influencing factors; Marketing; Multiple factors; perception; price; Price fluctuation; Three-level","","","","","","","","","","","","","","","","","","","","","","","","","","","","","","","","","","","","","","","","","","","","","","",""
"CDHWDN8T","conferencePaper","2024","Liu, M.","Algorithmic Foundation of Federated Learning with Sequential Data","","","","10.1609/aaai.v38i20.30291","https://www.scopus.com/inward/record.uri?eid=2-s2.0-85189614514&doi=10.1609%2Faaai.v38i20.30291&partnerID=40&md5=1b805f803e178d8fdf25432a7c901ec1","The current analysis of federated optimization algorithms for training deep neural networks assumes that the data is nonsequential (e.g., images), which incurs a smooth loss objective. In contrast, edge devices generate lots of sequential data every day, where these sequences exhibit significant sequential correlation at different time stamps (e.g., text messages). In order to learn from such sequential data, people typically use a class of neural networks that is inherently nonsmooth, with a potentially unbounded smoothness parameter. Examples include recurrent neural networks, long-short-term memory networks, and transformers. It remains unclear how to design provably efficient algorithms for training these neural networks to learn from sequential data. My goal is to lay the algorithmic foundation of federated learning with sequential data, which contributes novel algorithms for learning from a range of real-world sequential data (e.g., natural language, electronic health record, transportation, time series, etc.) using state-of-the-art deep neural networks. In this talk, I will first motivate the problem by showing that the transformer, which is widely used for sequential data learning, has an unbounded smooth landscape. Then, I will introduce provably efficient federated deep learning algorithms in the presence of unbounded smoothness. In particular, I will introduce a few efficient algorithms for various settings of federated learning, including homogeneous data, heterogeneous data, and partial client participation. The main result is twofold. First, we show that the designed algorithms provably small computational and communication complexities. Second, we establish fundamental hardness results in the unbounded smoothness setting. Ultimately, I will discuss the future challenges of extending our research framework from medium-scale neural networks to large language models. © 2024, Association for the Advancement of Artifcial Intelligence (www.aaai.org). All rights reserved.","2024","2026-03-10 17:00:09","2026-03-10 17:00:09","","22675","","20","38","","","","","","","","","","","","","Scopus","","","","","","","","Recurrent neural networks; Learning algorithms; Neural-networks; Deep neural networks; Learn+; Natural language processing systems; Optimization algorithms; Sequential data; Time-stamp; Algorithmic foundations; Algorithmic languages; Current analysis; Nonsequential; Sequential correlations; Smoothness parameter","","","","","","","","","","","","","","","","","","","","","","","","","","","","","","","","Proceedings of the AAAI Conference on Artificial Intelligence","","","","","","","","","","","","","","",""
"Y8DXV3HC","journalArticle","2024","Liu, X.; Dong, X.; Jia, N.; Zhao, W.","Federated Learning-Oriented Edge Computing Framework for the IIoT","Sensors","","","10.3390/s24134182","https://www.scopus.com/inward/record.uri?eid=2-s2.0-85198368806&doi=10.3390%2Fs24134182&partnerID=40&md5=09dad6c885db03abdec20eea00fb4233","With the maturity of artificial intelligence (AI) technology, applications of AI in edge computing will greatly promote the development of industrial technology. However, the existing studies on the edge computing framework for the Industrial Internet of Things (IIoT) still face several challenges, such as deep hardware and software coupling, diverse protocols, difficult deployment of AI models, insufficient computing capabilities of edge devices, and sensitivity to delay and energy consumption. To solve the above problems, this paper proposes a software-defined AI-oriented three-layer IIoT edge computing framework and presents the design and implementation of an AI-oriented edge computing system, aiming to support device access, enable the acceptance and deployment of AI models from the cloud, and allow the whole process from data acquisition to model training to be completed at the edge. In addition, this paper proposes a time series-based method for device selection and computation offloading in the federated learning process, which selectively offloads the tasks of inefficient nodes to the edge computing center to reduce the training delay and energy consumption. Finally, experiments carried out to verify the feasibility and effectiveness of the proposed method are reported. The model training time with the proposed method is generally 30% to 50% less than that with the random device selection method, and the training energy consumption under the proposed method is generally 35% to 55% less. © 2024 by the authors.","2024","2026-03-10 17:00:10","2026-03-10 17:00:10","","","","13","24","","","","","","","","","","","","","Scopus","","","","","","","","Artificial intelligence; federated learning; Federated learning; edge computing; industrial internet of things; artificial intelligence; Edge computing; Internet of things; Learning systems; time series analysis; energy consumption; internet of things; Computation offloading; Data acquisition; Energy utilization; Industrial internet of thing; software; Model training; Artificial intelligence technologies; human; article; diagnosis; Energy-consumption; Intelligence models; Computing frameworks; Device selection; Technology application","","","","","","","","","","","","","","","","","","","","","","","","","","","","","","","","","","","","","","","","","","","","","","",""
"4AFN6IBA","journalArticle","2025","Wei, X.; Narayan, J.; Faisal, A.A.","The ‘Sandwich’ meta-framework for architecture agnostic deep privacy-preserving transfer learning for non-invasive brainwave decoding","Journal of Neural Engineering","","","10.1088/1741-2552/ad9957","https://www.scopus.com/inward/record.uri?eid=2-s2.0-85216185588&doi=10.1088%2F1741-2552%2Fad9957&partnerID=40&md5=21f308a9c1d6f3f740db3d2847113cd0","Objective. Machine learning has enhanced the performance of decoding signals indicating human behaviour. Electroencephalography (EEG) brainwave decoding, as an exemplar indicating neural activity and human thoughts non-invasively, has been helpful in neural activity analysis and aiding paralysed patients via brain-computer interfaces. However, training machine learning algorithms on EEG encounters two primary challenges: variability across data sets and privacy concerns using data from individuals and data centres. Our objective is to address these challenges by integrating transfer learning for data variability and federated learning for data privacy into a unified approach. Approach. We introduce the ‘Sandwich’ as a novel deep privacy-preserving meta-framework combining transfer learning and federated learning. The ‘Sandwich’ framework comprises three components: federated networks (first layers) that handle data set differences at the input level, a shared network (middle layer) learning common rules and applying transfer learning techniques, and individual classifiers (final layers) for specific brain tasks of each data set. This structure enables the central network (central server) to benefit from multiple data sets, while local branches (local servers) maintain data and label privacy. Main results. We evaluated the ‘Sandwich’ meta-architecture in various configurations using the BEETL motor imagery challenge, a benchmark for heterogeneous EEG data sets. Compared with baseline models like Shallow ConvNet and EEGInception, our ‘Sandwich’ implementations showed superior performance. The best-performing model, the Inception SanDwich with deep set alignment (Inception-SD-Deepset), exceeded baseline methods by 9%. Significance. The ‘Sandwich’ framework demonstrates advancements in federated deep transfer learning for diverse tasks and data sets. It outperforms conventional deep learning methods, showcasing the potential for effective use of larger, heterogeneous data sets with enhanced privacy. In addition, through its diverse implementations with various backbone architectures and transfer learning approaches, the ‘Sandwich’ framework shows the potential as a model-agnostic meta-framework for decoding time series data like EEG, suggesting a direction towards large-scale brainwave decoding by combining deep transfer learning with privacy-preserving federated learning. © 2025 The Author(s). Published by IOP Publishing Ltd.","2025","2026-03-10 17:00:10","2026-03-10 17:10:58","","","","1","22","","","","","","","","","","","","","Scopus","","","","","","","","federated learning; Data privacy; privacy-preserving; data privacy; Privacy; Deep learning; machine learning; Differential privacy; privacy; Deep Learning; Transfer learning; deep learning; transfer learning; Network security; Electroencephalography; time series analysis; electroencephalogram; Federated machine learning; Machine-learning; Benchmarking; Privacy preserving; human; Humans; procedures; convolutional neural network; transfer of learning; Steganography; Article; physiology; learning algorithm; benchmarking; electroencephalography (EEG); Data set; classifier; Brain computer interface; electroencephalography; Multilayer neural networks; brain computer interface; Brain-Computer Interfaces; federated machine learning; Image thinning; beetle; Brain mapping; Brain Waves; Brain-computer-interface; brain-computer-interfaces (BCI); brainwave decoding; Gas bearings; Heterogenous dataset; heterogenous datasets; Hydrostatic bearings; imagery; Leaf springs; Magnetic couplings; Meta-frameworks; paralysis; Screws; Shear walls; Speed reducers; Variable speed drives","","","","","","","","","","","","","","","","","","","","","","","","","","","","","","","","","","","","","","","","","","","","","","",""
"QMNZG5T2","journalArticle","2025","Tian, Y.; Wen, H.; Guo, K.","Machine learning applications in climate finance: An overview","Research in International Business and Finance","","","10.1016/j.ribaf.2025.103063","https://www.scopus.com/inward/record.uri?eid=2-s2.0-105012827038&doi=10.1016%2Fj.ribaf.2025.103063&partnerID=40&md5=02e79b6b4c4e57a34491e07f1ebbf5a8","The application of machine learning is increasingly driving transformative advances in climate finance research. This paper presents a critical review of the literature published between 2015 and 2024, examining the use of machine learning techniques in key domains of climate finance, including carbon markets, climate financing, corporate carbon footprints, climate disclosures, climate risk assessment, and climate-related investments. The existing body of literature demonstrates the application of a broad range of machine learning techniques, such as time series forecasting, regression, classification, natural language processing (NLP), unsupervised learning, causal inference, reinforcement learning, federated learning, and explainable machine learning, to address core challenges in climate finance. This review evaluates both the achievements and limitations of existing studies, identifies key research gaps, and outlines promising directions for future research. © 2025 Elsevier B.V.","2025","2026-03-10 17:00:10","2026-03-10 17:00:10","","","","","79","","","","","","","","","","","","","Scopus","","","","","","","","Machine learning; Carbon footprint; Carbon market; Climate disclosure; Climate finance","","","","","","","","","","","","","","","","","","","","","","","","","","","","","","","","","","","","","","","","","","","","","","",""
"PGFITPNQ","journalArticle","2024","","MLNLP 2024 - 2024 International Conference on Machine Learning and Natural Language Processing","MLNLP 2024 - 2024 International Conference on Machine Learning and Natural Language Processing","","","","https://www.scopus.com/inward/record.uri?eid=2-s2.0-85215602806&partnerID=40&md5=f3b355869053d1da72ada7d9c6113df5","The proceedings contain 69 papers. The topics discussed include: dynamic region fusion neural radiance fields for audio-driven talking head generation; food named entity recognition with BERT and adversarial training; a multimodal named entity recognition approach based on multi-perspective contrastive learning; a selective ensemble learning method for time series forecasting; MilChat: a large language model and application for military equipment; five years of COVID-19 discourse on Instagram: a labeled Instagram dataset of over half a million posts for multilingual sentiment analysis; VTN-EG: CLIP-based visual and textual fusion network for entity grounding; fact-aware abstractive summarization based on prompt information and re-ranking; and poisoning attacks against non-IID federated learning with mixed-data calibration.","2024","2026-03-10 17:00:10","2026-03-10 17:00:10","","","","","","","","","","","","","","","","","","Scopus","","","","","","","","","","","","","","","","","","","","","","","","","","","","","","","","","","","","","","","","","","","","","","","","","","","","","","",""
"9B8GLJ2E","journalArticle","2026","Álvarez-López, C.; González-Briones, A.; Li, T.","Explainable AI and Multi-Agent Systems for Energy Management in IoT-Edge Environments: A State of the Art Review","Electronics (Switzerland)","","","10.3390/electronics15020385","https://www.scopus.com/inward/record.uri?eid=2-s2.0-105028657055&doi=10.3390%2Felectronics15020385&partnerID=40&md5=2e822060d9393afb08bbeb77cb176ab9","This paper reviews Artificial Intelligence techniques for distributed energy management, focusing on integrating machine learning, reinforcement learning, and multi-agent systems within IoT-Edge-Cloud architectures. As energy infrastructures become increasingly decentralized and heterogeneous, AI must operate under strict latency, privacy, and resource constraints while remaining transparent and auditable. The study examines predictive models ranging from statistical time series approaches to machine learning regressors and deep neural architectures, assessing their suitability for embedded deployment and federated learning. Optimization methods—including heuristic strategies, metaheuristics, model predictive control, and reinforcement learning—are analyzed in terms of computational feasibility and real-time responsiveness. Explainability is treated as a fundamental requirement, supported by model-agnostic techniques that enable trust, regulatory compliance, and interpretable coordination in multi-agent environments. The review synthesizes advances in MARL for decentralized control, communication protocols enabling interoperability, and hardware-aware design for low-power edge devices. Benchmarking guidelines and key performance indicators are introduced to evaluate accuracy, latency, robustness, and transparency across distributed deployments. Key challenges remain in stabilizing explanations for RL policies, balancing model complexity with latency budgets, and ensuring scalable, privacy-preserving learning under non-stationary conditions. The paper concludes by outlining a conceptual framework for explainable, distributed energy intelligence and identifying research opportunities to build resilient, transparent smart energy ecosystems. © 2026 by the authors.","2026","2026-03-10 17:00:10","2026-03-10 17:00:10","","","","2","15","","","","","","","","","","","","","Scopus","","","","","","","","Federated learning; Data privacy; Internet of Things; Reinforcement learning; edge computing; Deep learning; Energy; Edge computing; Ecosystems; deep learning; reinforcement learning; Internet of things; Smart grid; Learning systems; energy management; smart grids; explainable artificial intelligence; multi-agent systems; Multi agent systems; Machine-learning; Benchmarking; Green computing; Explainable artificial intelligence; Reinforcement learnings; Intelligent agents; Smart power grids; Budget control; Model predictive control; Predictive control systems; Regulatory compliance; Multiagent systems (MASs); Decentralized control; Distributed energies; Heuristic methods; State-of-the art reviews","","","","","","","","","","","","","","","","","","","","","","","","","","","","","","","","","","","","","","","","","","","","","","",""
"EMTDDP5S","journalArticle","2025","Huo, Y.; Chen, J.; Guo, Y.; Liang, W.; Sun, J.","LG-BiTCN: A Lightweight Malicious Traffic Detection Model Based on Federated Learning for Internet of Things","Electronics (Switzerland)","","","10.3390/electronics14081560","https://www.scopus.com/inward/record.uri?eid=2-s2.0-105003636758&doi=10.3390%2Felectronics14081560&partnerID=40&md5=a7bf1d4fc8208d0dc2829a876126219c","The rapid growth of IoT devices has increased security attack behaviors, posing a challenge to IoT security. Some Federated-Learning-based detection methods have been widely used to detect malicious attacks in the IoT by analyzing network traffic; because of the nature of Federated Learning, these methods can protect user privacy and reduce bandwidth consumption. However, existing malicious traffic detection models are often complex, requiring significant computational resources for training. In addition, high-dimensional input features often contain redundant information, which further increases computational overhead. To mitigate this, many model lightweighting techniques are utilized, and many non-end-to-end dimensionality reduction methods are employed; however, these lightweighting methods still struggle to meet the computational demands, and these feature downscaling methods tend to compromise the model’s generalizability and accuracy. In addition, existing methods are unable to dynamically select long-term dependencies when extracting traffic time-series features, limiting the performance of the model when dealing with long time series. To address the above challenges, this paper proposes a lightweight malicious traffic detection model, named the lightweight gated bidirectional temporal convolutional network (LG-BiTCN), based on Federated Learning. First, we use global average pooling (GAP) and a pointwise convolutional layer as a classification module, significantly reducing the model’s parameter count. We also propose an end-to-end adaptive PCA dimension adjustment algorithm for automatic dimensionality reduction to reduce computational complexity and enhance model generalizability. Second, we incorporate gated convolution into the LG-BiTCN architecture, allowing for the dynamic selection of long-term dependencies, enhancing detection accuracy while maintaining computational efficiency. We evaluated the LG-BiTCN’s effectiveness by comparing it with three advanced baseline models on three generic datasets. The results show that the LG-BiTCN achieves over 99.6% accuracy while maintaining the lowest computational complexity. Additionally, in a Federated Learning setup, it requires just two communication rounds to reach 96.75% accuracy. © 2025 by the authors.","2025","2026-03-10 17:00:10","2026-03-10 17:00:10","","","","8","14","","","","","","","","","","","","","Scopus","","","","","","","","Federated learning; Federated Learning; Internet of Things; Deep learning; deep learning; Convolution; Dimensionality reduction; lightweight model; Convolutional networks; End to end; Detection models; Lightweight model; Long-term dependencies; Lightweighting; Malicious traffic; malicious traffic detection; Malicious traffic detection; NP-hard; Traffic detection","","","","","","","","","","","","","","","","","","","","","","","","","","","","","","","","","","","","","","","","","","","","","","",""
"S83V4H8M","conferencePaper","2025","Wang, Y.; Wang, R.; Wang, Y.; Xie, Y.","Multi-Source Big Data Indoor Positioning Technology under the Federated Learning Framework","","","","10.1145/3767052.3767095","https://www.scopus.com/inward/record.uri?eid=2-s2.0-105022130547&doi=10.1145%2F3767052.3767095&partnerID=40&md5=adf35190b778ea5605335e9a0d5ae5a9","In view of the problems that traditional indoor positioning technology relies on centralized data processing, resulting in high risk of user location privacy leakage and difficulty in effectively fusing multi-source heterogeneous data, this study proposes a multi-source big data indoor positioning method based on the federated learning framework. First, this paper designs an asynchronous federated learning architecture based on the FedAvg protocol, which allows multiple edge devices to use LSTM networks to process their heterogeneous sensor time series data locally, and fuse PDR constraints to build a local positioning model. Secondly, this paper introduces an adaptive weighted aggregation algorithm on the server side, dynamically evaluates the reliability of each local model update through the entropy weight method, Finally,the method achieved an average positioning error of 1.24 meters using 1.2TB of multi-source data collected by 20 types of equipment.At the same time, the model convergence reduced the number of training rounds by 40%, and the differential privacy mechanism only introduced an additional error increment of 0.15 meters. The results show that the framework successfully resolves the contradiction between privacy and accuracy, and its adaptive fusion mechanism and lightweight privacy protection technology provide an innovative solution for large-scale indoor positioning.  © 2025 Copyright held by the owner/author(s).","2025","2026-03-10 17:00:10","2026-03-10 17:00:10","","287-291","","","","","","","","","","","","","","","","Scopus","","","","","","","","Data privacy; Differential privacy; Big data; Learning systems; Network architecture; Sensor networks; Learning frameworks; Internet protocols; Multi-Sources; LSTM network; Aggregation algorithms; Fdeavg protocol; FdeAvg Protocol; Indoor positioning; Indoor positioning systems; Indoor positioning technology; Indoor Positioning Technology; PDR constraint; PDR Constraint; Positioning technologies; Weighted aggregation algorithm; Weighted Aggregation Algorithm","","","","","","","","","","","","","","","","","","","","","","","","","","","","","","","","BDAIE 2025 - Proceedings of 2025 International Conference on Big Data, Artificial Intelligence and Digital Economy","","","","","","","","","","","","","","",""
"FUJJZNER","journalArticle","2025","Hao, J.; Chen, P.; Chen, J.; Li, X.","Effectively detecting and diagnosing distributed multivariate time series anomalies via Unsupervised Federated Hypernetwork","Information Processing and Management","","","10.1016/j.ipm.2025.104107","https://www.scopus.com/inward/record.uri?eid=2-s2.0-85218414954&doi=10.1016%2Fj.ipm.2025.104107&partnerID=40&md5=12ec71a78b1218d18e3b84127f3237df","Distributed multivariate time series anomaly detection is widely-used in industrial equipment monitoring, financial risk management, and smart cities. Although Federated learning (FL) has garnered significant interest and achieved decent performance in various scenarios, most existing FL-based distributed anomaly detection methods still face challenges including: inadequate detection performance in global model, insufficient essential features extraction caused by the fragmentation of local time series, and lack for practical anomaly localization. To address these challenges, we propose an Unsupervised Federated Hypernetwork Method for Distributed Multivariate Time Series Anomaly Detection and Diagnosis (uFedHy-DisMTSADD). Specifically, we introduce a federated hypernetwork architecture that effectively mitigates the heterogeneity and fluctuations in distributed environments while protecting client data privacy. Then, we adopt the Series Conversion Normalization Transformer (SC Nor-Transformer) to tackle the timing bias due to model aggregation through series conversion. Series normalization improves the temporal dependence of capturing subsequences. Finally, uFedHy-DisMTSADD simultaneously localizes the root cause of the anomaly by reconstructing the anomaly scores obtained from each subsequence. We performed an extensive evaluation on nine datasets, in which uFedHy-DisMTSADD outperformed the existing state-of-the-art baseline average F1 score by 9.19% and the average AUROC by 2.41%. Moreover, the average localization fault accuracy of uFedHy-DisMTSADD is 9.23% higher than that of the optimal baseline method. Code is available at this repository:https://github.com/Hjfyoyo/uFedHy-DisMTSADD. © 2025 Elsevier Ltd","2025","2026-03-10 17:00:10","2026-03-10 17:00:10","","","","4","62","","","","","","","","","","","","","Scopus","","","","","","","","Federated learning; Anomaly detection; Time series analysis; Risk management; Transformer; Multivariate time series; Time series; Hypernetwork; Industrial equipment; Decentralized finance; Normalisation; Anomaly diagnosis; Detection and diagnosis; Distributed anomaly detection; Hypernetworks; Series conversion and normalization","","","","","","","","","","","","","","","","","","","","","","","","","","","","","","","","","","","","","","","","","","","","","","",""
"2IJQ6GMH","journalArticle","2025","","2025 4th International Conference on Artificial Intelligence, Internet of Things and Cloud Computing Technology, AIoTC 2025","2025 4th International Conference on Artificial Intelligence, Internet of Things and Cloud Computing Technology, AIoTC 2025","","","","https://www.scopus.com/inward/record.uri?eid=2-s2.0-105021804377&partnerID=40&md5=cb2c6a30b591de04a61230854307a6f6","The proceedings contain 157 papers. The topics discussed include: a multi-objective task scheduling algorithm in cloud computing environment with reinforcement learning enhanced by ant colony optimization; a genetic algorithm-based approach to network port hopping defense; preliminary exploration of digital test architecture; optimization algorithm for cloud-edge-terminal federated learning in the IoT; lightweight graph capsule network for real-time dynamic vehicle routing; HPFilterNet: time-frequency domain time series forecasting with Hodrick-Prescott filter decomposition; federated learning-based intrusion detection for vehicular networks using robust LSTM; and data processing method based on incremental weight sliding window and KD-Tree.","2025","2026-03-10 17:00:10","2026-03-10 17:00:10","","","","","","","","","","","","","","","","","","Scopus","","","","","","","","","","","","","","","","","","","","","","","","","","","","","","","","","","","","","","","","","","","","","","","","","","","","","","",""
"UXIUNSJC","journalArticle","2025","Jiang, B.; Wang, G.; Cui, X.; Wang, J.","Lightweight Privacy-Preserving Anomaly Detection for Time Series Based on Federated Learning","Engineering Letters","","","","https://www.scopus.com/inward/record.uri?eid=2-s2.0-85217770445&partnerID=40&md5=2b834a2fa0d794c3d73e9c8abe9c9b0d","Anomaly monitoring in distributed computing scenarios is facing significant challenges due to issues of data privacy and security. To enhance the efficiency of federated learning, it is critical to develop a lightweight anomaly detection model. We propose a lightweight anomaly detection model based on federated learning, which ensures detection efficiency while protecting data privacy. In the local model, the model reduces network structure and accelerates inference speed through model fusion. And through the decomposition of the attention mechanism, the local features of the data are enhanced, improving the detection accuracy. In the federated framework, model compression is used to reduce the number of communication rounds and the number of parameters per round. Finally, comparative experiments on several publicly available datasets have shown a significant improvement in model performance compared to the baseline. © 2025, International Association of Engineers. All rights reserved.","2025","2026-03-10 17:00:10","2026-03-10 17:00:10","","275-281","","2","33","","","","","","","","","","","","","Scopus","","","","","","","","Federated learning; Federated Learning; Anomaly detection; Anomaly Detection; Differential privacy; Time Series; Privacy Protection; Times series; Privacy preserving; Data privacy and securities; Privacy protection; Local model; Model-based OPC; Anomaly detection models; Network structures; Detection efficiency","","","","","","","","","","","","","","","","","","","","","","","","","","","","","","","","","","","","","","","","","","","","","","",""
"9TXVJRA5","journalArticle","2021","","ICSED 2021 - 2021 3rd International Conference on Software Engineering and Development","ACM International Conference Proceeding Series","","","","https://www.scopus.com/inward/record.uri?eid=2-s2.0-85134519210&partnerID=40&md5=dce165c237f9f8208f276b05feda107d","The proceedings contain 11 papers. The topics discussed include: software safety test case design method based on fuzzy fault tree analysis; automatic modeling method for PThread programs based on program dependence net; embedded controller visual configuration software design analysis; recommendation system for lesser-known places to visit in Thailand; privacy-preserving verifiable asynchronous federated learning; 3D structural characteristics used big data of Shulu slope zone; compare machine learning models in text classification using steam user reviews; the new generation of information technology development drives the servitization of China’s manufacturing industry; study and application of process model of product function extending Petri net; and a new discord definition and an efficient time series discord detection method using GPUs.","2021","2026-03-10 17:00:10","2026-03-10 17:00:10","","","","","","","","","","","","","","","","","","Scopus","","","","","","","","","","","","","","","","","","","","","","","","","","","","","","","","","","","","","","","","","","","","","","","","","","","","","","",""
"BJN2UFW9","journalArticle","2023","Paragliola, G.","A federated learning-based approach to recognize subjects at a high risk of hypertension in a non-stationary scenario","Information Sciences","","","10.1016/j.ins.2022.11.126","https://www.scopus.com/inward/record.uri?eid=2-s2.0-85145554271&doi=10.1016%2Fj.ins.2022.11.126&partnerID=40&md5=6815378b46d2bb2ead164f6384ba6f75","Background: Transferring data across nodes could raise concerns about data security and privacy. Federated learning is a tech- nological remedy for these problems. However, in a real federated scenario, there are two main issues: 1) it is difficult to collect locally a large and representative dataset, and 2) the data are non-stationary, where non-stationary means that the data increase in size over time, which may generate catastrophic forgetting events affecting the learning process. Objective: The aim of this paper is to investigate and assess the performance and behavior of a federated model during the occurrence of catastrophic forgetting events within the context of a non-stationary data scenario. Methods: To achieve this objective, the performance of a proposed federated learning approach has been evaluated in terms of the continuous flow of data in order to train a time series-based model. Results and Conclusion: The results demonstrate the goodness of the solution in terms of performance, with improvements ranging from 2% to 28%. This indicates the benefits that the proposed approach brings to a node in terms of recovering from a catastrophic forgetting event, also taking into account the fact that the probability of catastrophic forgetting is higher at the beginning of the learning process. © 2022 Elsevier Inc.","2023","2026-03-10 17:00:10","2026-03-10 17:00:10","","16-33","","","622","","","","","","","","","","","","","Scopus","","","","","","","","Federated learning; Time series analysis; Time-series analysis; Performance; Learning systems; Classification; Continuous learning; Catastrophic forgetting; Data security and privacy; Risk perception; Learning-based approach; Nonstationary; Risk assessment; Large dataset; Learning process; Health care informatics; Healthcare informatics","","","","","","","","","","","","","","","","","","","","","","","","","","","","","","","","","","","","","","","","","","","","","","",""
"BWYA78DA","journalArticle","2023","Skianis, K.; Giannopoulos, A.; Gkonis, P.; Trakadas, P.","Data Aging Matters: Federated Learning-Based Consumption Prediction in Smart Homes via Age-Based Model Weighting","Electronics (Switzerland)","","","10.3390/electronics12143054","https://www.scopus.com/inward/record.uri?eid=2-s2.0-85166248981&doi=10.3390%2Felectronics12143054&partnerID=40&md5=065565f535aa5b149a6e6099c38268c9","Smart homes, powered mostly by Internet of Things (IoT) devices, have become very popular nowadays due to their ability to provide a holistic approach towards effective energy management. This is made feasible via the deployment of multiple sensors, which enables predicting energy consumption via machine learning approaches. In this work, we propose FedTime, a novel federated learning approach for predicting smart home consumption which takes into consideration the age of the time series datasets of each client. The proposed method is based on federated averaging but aggregates local models trained on each smart home device to produce a global prediction model via a novel weighting scheme. Each local model contributes more to the global model when the local data are more recent, or penalized when the data are older upon testing for a specific residence (client). The approach was evaluated on a real-world dataset of smart home energy consumption and compared with other machine learning models. The results demonstrate that the proposed method performs similarly or better than other models in terms of prediction error; FedTime achieved a lower mean absolute error of 0.25 compared to FedAvg. The contributions of this work present a novel federated learning approach that takes into consideration the age of the datasets that belong to the clients, experimenting with a publicly available dataset on grid import consumption prediction, while comparing with centralized and decentralized baselines, without the need for data centralization, which is a privacy concern for many households. © 2023 by the authors.","2023","2026-03-10 17:00:10","2026-03-10 17:00:10","","","","14","12","","","","","","","","","","","","","Scopus","","","","","","","","federated learning; energy consumption; smart homes","","","","","","","","","","","","","","","","","","","","","","","","","","","","","","","","","","","","","","","","","","","","","","",""
"T4437NEH","journalArticle","2024","","2024 5th IEEE Global Conference for Advancement in Technology, GCAT 2024","2024 5th IEEE Global Conference for Advancement in Technology, GCAT 2024","","","","https://www.scopus.com/inward/record.uri?eid=2-s2.0-105002219006&partnerID=40&md5=dfcbd8394b0b74e3afda19afc9c31a76","The proceedings contain 299 papers. The topics discussed include: optimal model selection methodology for machine learning-based diabetes risk prediction; optimizing lung disease detection through federated learning and convolutional neural networks; concrete cube crack detection using machine learning and image processing; a comprehensive survey on sorting permutations using transposition tree; code optimization for python using large pre-trained model; self-supervised recurrent hashing for efficient time series similarity search; optimizing hybrid CNN-SVM architectures for enhanced detection of subsolid lung nodules: a comparative study with traditional methods; and enhancing indoor visible light localization accuracy through hybrid fingerprint-KNN scheme in IoT-enabled smart cities.","2024","2026-03-10 17:00:10","2026-03-10 17:00:10","","","","","","","","","","","","","","","","","","Scopus","","","","","","","","","","","","","","","","","","","","","","","","","","","","","","","","","","","","","","","","","","","","","","","","","","","","","","",""
"G52UZDZ9","journalArticle","2022","Mercier, D.; Lucieri, A.; Munir, M.; Dengel, A.; Ahmed, S.","PPML-TSA: A modular privacy-preserving time series classification framework[Formula presented]","Software Impacts","","","10.1016/j.simpa.2022.100286","https://www.scopus.com/inward/record.uri?eid=2-s2.0-85128357354&doi=10.1016%2Fj.simpa.2022.100286&partnerID=40&md5=ccc709ef29dbe49cb5db18a175fbdd63","Privacy-preservation is of key importance for the transition of modern deep learning algorithms into everyday applications dealing with sensitive data, such as healthcare, finance and several other domains of critical infrastructure. One major impediment of research in computer science is the considerable time investment required to set up experiments and their evaluation. In the domain of privacy-preserving deep learning, this is aggravated by the dispersion of implementations throughout frameworks and libraries. This work introduces and documents PPML-TSA, a versatile framework for privacy-preserving time series classification. Our framework was initially used to evaluate privacy-preserving methods across different model architectures and datasets. PPML-TSA offers a modular design suitable for performing classification on all datasets from the entire UCR & UEA repository. Its modular implementation offers quick and easy adaptation and extension to increase the number of supported model architectures and datasets. The code supports a variety of model architectures (such as AlexNet, FCN, FDN, LSTM, and LeNet) as well as privacy-preserving deep learning methods (Differential Privacy, Federated Learning, their combination and Homomorphic Encryption) out-of-the-box. We believe that our framework facilitates further research on privacy-preserving deep learning, resulting in accelerated innovation and disruption in the field. © 2022 The Author(s)","2022","2026-03-10 17:00:11","2026-03-10 17:00:11","","","","","12","","","","","","","","","","","","","Scopus","","","","","","","","Artificial intelligence; Deep learning; Machine learning; Time series; Privacy-preserving; Classification","","","","","","","","","","","","","","","","","","","","","","","","","","","","","","","","","","","","","","","","","","","","","","",""
"SP9VNM5M","journalArticle","2022","","Proceedings - International Conference on Tools with Artificial Intelligence, ICTAI","Proceedings - International Conference on Tools with Artificial Intelligence, ICTAI","","","","https://www.scopus.com/inward/record.uri?eid=2-s2.0-85156127913&partnerID=40&md5=e43857e633e69c383423bf99f7ecd60f","The proceedings contain 211 papers. The topics discussed include: two-stage modeling for prediction with confidence; privacy-preserving cost-sensitive federated learning from imbalanced data; NCCR: neighbor and cluster consistency regularization for improving graph node classification; a chunked local aggregation strategy in federated learning; transfer learning for regression through adaptive gaussian process; a dilated transformer network for time series anomaly detection; sequential recommendation with dual learning; towards interpretable feature representation for domain adaptation problem; distributed support vector machine based on distributed loss; dual-neighborhood feature aggregation network for point cloud semantic segmentation; dynamic selection of classifiers based on complexity measures; attention constraint mechanism through auxiliary attention; argumentation-based adversarial regression with multiple learners; multi-branch selection fusion fine-grained classification algorithm based on coordinate attention localization; a novel efficient unclick behavior modeling framework for click-through rate prediction; a generative adversarial active learning method for effective outlier detection; and bilateral-branch network for imbalanced visual regression.","2022","2026-03-10 17:00:11","2026-03-10 17:11:01","","","","","2022-October","","","","","","","","","","","","","Scopus","","","","","","","","","","","","","","","","","","","","","","","","","","","","","","","","","","","","","","","","","","","","","","","","","","","","","","",""
"5FKEWDFP","journalArticle","2023","","2023 Silicon Valley Cybersecurity Conference, SVCC 2023","2023 Silicon Valley Cybersecurity Conference, SVCC 2023","","","","https://www.scopus.com/inward/record.uri?eid=2-s2.0-85165154141&partnerID=40&md5=68edbd858b21a2dc873e2d4328bb9121","The proceedings contain 15 papers. The topics discussed include: trustworthy of implantable medical devices using ECG biometric; anomaly detection in embedded devices through hardware introspection; multivariate time series anomaly detection with deep learning models leveraging inter-variable relationships; autonomous lending organization on Ethereum with credit scoring; guard cache: creating false cache hits and misses to mitigate side-channel attacks; malware detection through contextualized vector embeddings; OFMCDM/IRF: a phishing website detection model based on optimized fuzzy multi-criteria decision-making and improved random forest; a curriculum framework for autonomous network defense using multi-agent reinforcement learning; privacy-preserving trust management for vehicular communications and federated learning; and investigation and countermeasure toward unintentional access to docker container.","2023","2026-03-10 17:00:11","2026-03-10 17:00:11","","","","","","","","","","","","","","","","","","Scopus","","","","","","","","","","","","","","","","","","","","","","","","","","","","","","","","","","","","","","","","","","","","","","","","","","","","","","",""
"2FMIHMCY","journalArticle","2022","","Proceedings - ICACSIS 2022: 14th International Conference on Advanced Computer Science and Information Systems","Proceedings - ICACSIS 2022: 14th International Conference on Advanced Computer Science and Information Systems","","","","https://www.scopus.com/inward/record.uri?eid=2-s2.0-85142084591&partnerID=40&md5=34f7c13687dff82235d321063fb19230","The proceedings contain 39 papers. The topics discussed include: designing personal knowledge management system to support knowledge sharing in government organization: a case study at the Indonesian central statistics agency; clustered BERT model for predicting retweet popularity; time series analysis on enrolment data: a case in a state university in Zamboanga del Norte, Philippines; improved single shot detector with enhanced hard negative mining approach; sleep stage identification based on EEG signals using parallel convolutional neural network and recurrent neural network; classification of stock price movement with sentiment analysis and commodity price: case study of metals and mining sector; and gamification-based online collaborative learning feature design on SoloLearn application with mechanics-dynamics-aesthetics framework and user-centered design method.","2022","2026-03-10 17:00:11","2026-03-10 17:00:11","","","","","","","","","","","","","","","","","","Scopus","","","","","","","","","","","","","","","","","","","","","","","","","","","","","","","","","","","","","","","","","","","","","","","","","","","","","","",""
"LS7K6DC6","journalArticle","2023","Tam, P.; Kang, S.; Ros, S.; Kim, S.","Enhancing QoS with LSTM-Based Prediction for Congestion-Aware Aggregation Scheduling in Edge Federated Learning","Electronics (Switzerland)","","","10.3390/electronics12173615","https://www.scopus.com/inward/record.uri?eid=2-s2.0-85170520660&doi=10.3390%2Felectronics12173615&partnerID=40&md5=d6beb8c3e75cf5f9af46f7a13360fae7","The advancement of the sensing capabilities of end devices drives a variety of data-intensive insights, yielding valuable information for modelling intelligent industrial applications. To apply intelligent models in 5G and beyond, edge intelligence integrates edge computing systems and deep learning solutions, which enables distributed model training and inference. Edge federated learning (EFL) offers collaborative edge intelligence learning with distributed aggregation capabilities, promoting resource efficiency, participant inclusivity, and privacy preservation. However, the quality of service (QoS) faces challenges due to congestion problems that arise from the diverse models and data in practical architectures. In this paper, we develop a modified long short-term memory (LSTM)-based congestion-aware EFL (MLSTM-CEFL) approach that aims to enhance QoS in the final model convergence between end devices, edge aggregators, and the global server. Given the diversity of service types, MLSTM-CEFL proactively detects the congestion rates, adequately schedules the edge aggregations, and effectively prioritizes high mission-critical serving resources. The proposed system is formulated to handle time series analysis from local/edge model parameter loading, weighing the configuration of resource pooling properties at specific congestion intervals. The MLSTM-CEFL policy orchestrates the establishment of long-term paths for participant-aggregator scheduling and follows the expected QoS metrics after final averaging in multiple industrial application classes. © 2023 by the authors.","2023","2026-03-10 17:00:11","2026-03-10 17:00:11","","","","17","12","","","","","","","","","","","","","Scopus","","","","","","","","industrial applications; long short-term memory; congestion-aware collaborative learning; edge federated learning; quality of service","","","","","","","","","","","","","","","","","","","","","","","","","","","","","","","","","","","","","","","","","","","","","","",""
"R8H86V7V","journalArticle","2021","Latapie, H.; Kilic, O.; Liu, G.; Kompella, R.; Lawrence, A.; Sun, Y.; Srinivasa, J.; Yan, Y.; Wang, P.; Thórisson, K.R.","A Metamodel and Framework for Artificial General Intelligence From Theory to Practice","Journal of Artificial Intelligence and Consciousness","","","10.1142/S2705078521500119","https://www.scopus.com/inward/record.uri?eid=2-s2.0-85131738131&doi=10.1142%2FS2705078521500119&partnerID=40&md5=3e4578dde5cb4607b3c590e1f45816e4","This paper introduces a new metamodel-based knowledge representation that significantly improves autonomous learning and adaptation. While interest in hybrid machine learning/symbolic AI systems leveraging, for example, reasoning and knowledge graphs, is gaining popularity, we find there remains a need for both a clear definition of knowledge and a metamodel to guide the creation and manipulation of knowledge. Some of the benefits of the metamodel we introduce in this paper include a solution to the symbol grounding problem, cumulative learning and federated learning. We have applied the metamodel to problems ranging from time series analysis, computer vision and natural language understanding and have found that the metamodel enables a wide variety of learning mechanisms ranging from machine learning, to graph network analysis and learning by reasoning engines to interoperate in a highly synergistic way. Our metamodel-based projects have consistently exhibited unprecedented accuracy, performance, and ability to generalize. This paper is inspired by the state-of-the-art approaches to AGI, recent AGI-aspiring work, the granular computing community, as well as Alfred Korzybski's general semantics. One surprising consequence of the metamodel is that it not only enables a new level of autonomous learning and optimal functioning for machine intelligences, but may also shed light on a path to better understanding how to improve human cognition.  © 2021 World Scientific Publishing Company.","2021","2026-03-10 17:00:11","2026-03-10 17:00:11","","205-227","","2","8","","","","","","","","","","","","","Scopus","","","","","","","","Artificial Intelligence; AI; AGI; Cognitive Architecture; General Semantics; Levels of Abstraction; Neurosymbolic","","","","","","","","","","","","","","","","","","","","","","","","","","","","","","","","","","","","","","","","","","","","","","",""
"DXD9DUKV","conferencePaper","2023","Georgoutsos, A.; Kerasiotis, P.; Kantere, V.","Early ICU Mortality Prediction with Deep Federated Learning: A Real-World Scenario","","","","10.1145/3603719.3603723","https://www.scopus.com/inward/record.uri?eid=2-s2.0-85173535036&doi=10.1145%2F3603719.3603723&partnerID=40&md5=b53a9e61685b3d2a7624f045c6162803","The generation of large amounts of healthcare data has motivated the use of Machine Learning (ML) to train robust models for clinical tasks. However, limitations of local datasets and restrictions on sharing patient data impede the use of traditional ML workflows. Consequently, Federated Learning (FL) has emerged as a potential solution for training ML models among multiple healthcare centers. In this study, we focus on the binary classification task of early ICU mortality prediction using Multivariate Time Series data and a deep neural network architecture. We evaluate the performance of two FL algorithms (FedAvg and FedProx) on this task, utilizing a real world multi-center benchmark database. Our results show that FL models outperform local ML models in a realistic scenario with non-identically distributed data, thus indicating that FL is a promising solution for analogous problems within the healthcare domain. Nevertheless, in this experimental scenario, they do not approximate the ideal performance of a centralized ML model.  © 2023 ACM.","2023","2026-03-10 17:00:11","2026-03-10 17:00:11","","","","","","","","","","","","","","","","","","Scopus","","","","","","","","Federated learning; Federated Learning; Forecasting; Recurrent neural networks; Recurrent Neural Networks; Network architecture; Health care; Machine learning models; Machine-learning; Benchmarking; Deep neural networks; Hospital data processing; Robust modeling; Large amounts; Work-flows; Real-world scenario; Clinical tasks; Mortality prediction; Mortality Prediction; Patient data","","","","","","","","","","","","","","","","","","","","","","","","","","","","","","","","ACM International Conference Proceeding Series","","","","","","","","","","","","","","",""
"G9WIU3HZ","conferencePaper","2022","Paragliola, G.","Application of Federated Learning Approaches for Time-Series Classification in eHealth Domain","","","","10.1016/j.procs.2022.09.413","https://www.scopus.com/inward/record.uri?eid=2-s2.0-85143333943&doi=10.1016%2Fj.procs.2022.09.413&partnerID=40&md5=06a8431498c099e712fbd7c599aee1a9","Contemporary Machine Learning approaches (e.g., Deep Learning) need huge volumes of data to build accurate and robust statistical models. Nowadays, such data are often collected by distinct and geographically distributed entities and successively transmitted to and stored by centralized nodes that implement the learning process. However, this approach exposes data to security and privacy issues during the transmitting process. In order to demonstrate the benefits which Federate learning can bring concerning these issues, this paper proposes an application of the Federated Learning approach to training a time series (TS)-based model for the early identification of the level of risk associated with patients with hypertension in a federated healthcare environment. The results demonstrate the goodness of the solution in comparison with traditional centralized approaches. The solution achieves good results; indeed, the accuracy is over 0.90%. The goodness of the model is also confirmed by the values of recall and precision, equal to 82% and 96%, respectively. © 2022 The Authors. Published by Elsevier B.V.","2022","2026-03-10 17:00:11","2026-03-10 17:00:11","","3539-3546","","","207","","","","","","","","","","","","","Scopus","","","","","","","","Federated learning; Federated Learning; Time series analysis; Deep learning; Adaptive systems; Time-series analysis; Learning systems; Ehealth; Health care; Healthcare Informatics; Learning approach; Machine learning approaches; Time series classifications; Communication cost; Statistic modeling; Health care informatics; Communication Costs; Medical informatics; Self-adaptive system; Self-Adaptive Systems; Time Series Analysis and Classification","","","","","","","","","","","","","","","","","","","","","","","","","","","","","","","","Procedia Computer Science","","","","","","","","","","","","","","",""
"7N76Z8CA","journalArticle","2024","Saifullah, S.; Mercier, D.; Lucieri, A.; Dengel, A.; Ahmed, S.","The privacy-explainability trade-off: unraveling the impacts of differential privacy and federated learning on attribution methods","Frontiers in Artificial Intelligence","","","10.3389/frai.2024.1236947","https://www.scopus.com/inward/record.uri?eid=2-s2.0-85198749038&doi=10.3389%2Ffrai.2024.1236947&partnerID=40&md5=62825c61f1e3a25dc36037bfa2b04f3d","Since the advent of deep learning (DL), the field has witnessed a continuous stream of innovations. However, the translation of these advancements into practical applications has not kept pace, particularly in safety-critical domains where artificial intelligence (AI) must meet stringent regulatory and ethical standards. This is underscored by the ongoing research in eXplainable AI (XAI) and privacy-preserving machine learning (PPML), which seek to address some limitations associated with these opaque and data-intensive models. Despite brisk research activity in both fields, little attention has been paid to their interaction. This work is the first to thoroughly investigate the effects of privacy-preserving techniques on explanations generated by common XAI methods for DL models. A detailed experimental analysis is conducted to quantify the impact of private training on the explanations provided by DL models, applied to six image datasets and five time series datasets across various domains. The analysis comprises three privacy techniques, nine XAI methods, and seven model architectures. The findings suggest non-negligible changes in explanations through the implementation of privacy measures. Apart from reporting individual effects of PPML on XAI, the paper gives clear recommendations for the choice of techniques in real applications. By unveiling the interdependencies of these pivotal technologies, this research marks an initial step toward resolving the challenges that hinder the deployment of AI in safety-critical settings. Copyright © 2024 Saifullah, Mercier, Lucieri, Dengel and Ahmed.","2024","2026-03-10 17:00:11","2026-03-10 17:00:11","","","","","7","","","","","","","","","","","","","Scopus","","","","","","","","federated learning; differential privacy; privacy; deep learning; explainability; attribution","","","","","","","","","","","","","","","","","","","","","","","","","","","","","","","","","","","","","","","","","","","","","","",""
"2KLGVX6N","journalArticle","2024","","Proceedings of ASME 2024 18th International Conference on Energy Sustainability, ES 2024","Proceedings of ASME 2024 18th International Conference on Energy Sustainability, ES 2024","","","","https://www.scopus.com/inward/record.uri?eid=2-s2.0-85206357100&partnerID=40&md5=dcd62e19ad72b9c828acde4e8a476aab","The proceedings contain 89 papers. The topics discussed include: improving control of energy systems with reinforcement learning: application to a reversible pump turbine; efficiency-driven supervised learning regressors in power modeling and optimization of vertical axis wind turbines; machine learning for forecasting solar irradiance using satellite and limited ground data; a deep learning-based method for non-intrusive load monitoring and load disaggregation of 11kV/400V electrical substations; enhancing battery storage energy arbitrage with deep reinforcement learning and time-series forecasting; sensor anomalies characterization and detection via machine learning methods for nuclear power plants; an ultra-short-term power prediction method for wind farms in northwest China based on federated learning; a data-driven surrogate modeling optimization framework for the economic dispatch of microturbines using hydrogen blends; towards improving high spatiotemporal weather forecast accuracy with data driven modeling; and experimental investigation of the thermal performance of a prototype direct expansion solar-assisted heat pump system in a cold climate.","2024","2026-03-10 17:00:12","2026-03-10 17:00:12","","","","","","","","","","","","","","","","","","Scopus","","","","","","","","","","","","","","","","","","","","","","","","","","","","","","","","","","","","","","","","","","","","","","","","","","","","","","",""
"IHFTLSIE","journalArticle","2024","","TempXAI 2024 - Proceedings of the Workshop on Explainable AI for Time Series and Data Streams, co-located with the European Conference on Machine Learning and Principles and Practice of Knowledge Discovery in Databases, ECML-PKDD 2024","CEUR Workshop Proceedings","","","","https://www.scopus.com/inward/record.uri?eid=2-s2.0-85204988253&partnerID=40&md5=c3cda0fadefb4dd9a6e87bf4a5e367fe","The proceedings contain 7 papers. The topics discussed include: explaining change in models and data with global feature importance and effects; online explainable forecasting using regions of competence; finding the DeepDream for time series: activation maximization for univariate time series; optimal robust simplifications for explaining time series classifications; interpreting outliers in time series data through decoding autoencoder; and explainable federated learning by incremental decision trees.","2024","2026-03-10 17:00:12","2026-03-10 17:00:12","","","","","3761","","","","","","","","","","","","","Scopus","","","","","","","","","","","","","","","","","","","","","","","","","","","","","","","","","","","","","","","","","","","","","","","","","","","","","","",""
"79XYUNJB","conferencePaper","2024","Chen, G.; Alsharef, A.; Jaselskis, E.","Integrating Sensor-Empowered Federated Learning and Smart Contracts for Automatic Flood Risk Management","","","","10.1061/9780784486115.048","https://www.scopus.com/inward/record.uri?eid=2-s2.0-105025039607&doi=10.1061%2F9780784486115.048&partnerID=40&md5=9deee1f648f8b9a6d44f71be542d7ec3","This paper proposes a distributed computing framework that integrates federated learning (FL) and blockchain-enabled smart contracts for automatic flood response management. FL is deployed to process time series sensor data locally for separate sensor devices by training a machine learning (ML) model and then aggregating the trained model parameters obtained from each sensor device to yield final predictions in terms of rainfall levels. The predicted precipitation levels are input into a predefined smart contract to automatically trigger mitigation strategies to be used by frontline safety and maintenance personnel. The results obtained using the proposed framework demonstrate both improved prediction accuracy and data privacy preservation. The validation effort shows that smart contracts can execute context-aware actions, thus enabling fast decision-making for flood response. The developed framework holds the potential to revolutionize decentralized data management, enhance efficient data processing, and ensure data privacy, transparent and secure data communication, and resilience against centralized failures, thereby enabling a more intelligent infrastructure management system to mitigate flood impacts. © ASCE.","2024","2026-03-10 17:00:12","2026-03-10 17:00:12","","456-465","","","","","","","","","","","","","","","","Scopus","","","","","","","","Data privacy; Blockchain; Forecasting; Decision making; Risk management; Learning systems; Floods; Information management; Times series; Block-chain; Distributed computer systems; Smart contract; Sensors data; Process time; Distributed computing frameworks; Flood control; Flood response; Flood risk management; Integrating sensors; Response management; Sensor device","","","","","","","","","","","","","","","","","","","","","","","","","","","","","","","","Computing in Civil Engineering 2024: Artificial Intelligence, Automation and Robotics, and Human-Centered Innovations - Selected papers from the ASCE International Conference on Computing in Civil Engineering 2024","","","","","","","","","","","","","","",""
"DMLD698K","journalArticle","2024","Fragkou, E.; Chini, E.; Papadopoulou, M.; Papakostas, D.; Katsaros, D.; Dustdar, S.","Distributed Federated Deep Learning in Clustered Internet of Things Wireless Networks with Data Similarity-Based Client Participation","IEEE Internet Computing","","","10.1109/MIC.2024.3439068","https://www.scopus.com/inward/record.uri?eid=2-s2.0-85210255011&doi=10.1109%2FMIC.2024.3439068&partnerID=40&md5=9badfce8f0f1b4d664e02e754f97fdd4","Federated deep learning is the method of choice for performing deep learning in environments where data sharing is not allowed due to privacy/security issues. However, all of the solutions based exclusively or substantially on the existence of a coordinating server are not a fit for wireless Internet of Things environments operating as ad hoc networks due to the excessive communication overhead. This article develops the DISCREETER distributed protocol to perform distributed federated learning, fully addressing the requirements and peculiarities of the wireless ad hoc IoT environment. The algorithm is based on a hierarchical organization of the underlying network along with a generic principled way to select the clients that will participate in the federation based on the similarity of the data they produce. We evaluate the proposed methodology on real data, targeting a time series prediction task, using a recurrent neural network in each node as the learning entity. The obtained results attest to the design merits of our approach.  © 1997-2012 IEEE.","2024","2026-03-10 17:00:12","2026-03-10 17:00:12","","53-61","","6","28","","","","","","","","","","","","","Scopus","","","","","","","","Adversarial machine learning; Data Sharing; Communication overheads; Wireless ad hoc; Ad-hoc networks; Data-similarity; Distributed protocols; Hierarchical organizations; Security issues; Underlying networks; Wireless internet","","","","","","","","","","","","","","","","","","","","","","","","","","","","","","","","","","","","","","","","","","","","","","",""
"VMRPZPJQ","journalArticle","2024","Sahu, A.; El-Ebiary, Y.A.B.; Saravanan, K.A.; Thilagam, K.; Devi, G.R.; Gopi, A.; Taloba, A.I.","Federated LSTM Model for Enhanced Anomaly Detection in Cyber Security: A Novel Approach for Distributed Threat","International Journal of Advanced Computer Science and Applications","","","10.14569/IJACSA.2024.01506125","https://www.scopus.com/inward/record.uri?eid=2-s2.0-85199711176&doi=10.14569%2FIJACSA.2024.01506125&partnerID=40&md5=13be79f9af287d212bfb2ad89e80b342","Technological improvements have led to a rapid expansion of the digital realm, raising concerns about cyber security. The last ten years have seen an enormous rise in Internet applications, which has greatly raised the requirement for information network security. In the realm of cyber security, detecting anomalies efficiently and effectively is paramount to safeguarding digital assets and infrastructure. Traditional anomaly detection methods often struggle with the evolving landscape of cyber threats, particularly in distributed environments. To address this challenge, the research proposes a novel approach leveraging federated learning and Long Short-Term Memory (LSTM) networks. Federated learning permits training models across decentralised data sources without sacrificing data privacy, and LSTM networks are highly effective in identifying temporal correlations in sequential data, which makes them suitable for analysing cyber security time-series data. In this paper, the study presents the federated LSTM model architecture tailored for anomaly detection in distributed environments. By allowing model updates to be performed locally on individual devices or servers without sharing raw data, federated learning mitigates privacy concerns associated with centralized data aggregation. This decentralized approach not only safeguards sensitive information but also fosters collaboration among diverse stakeholders, empowering them to contribute to model improvement without relinquishing control over their data. Python software is used to implement the method. The research demonstrate its effectiveness through experiments on real-world cyber security datasets, showcasing improved detection rates compared to traditional methods. When compared to RNN, SVM, and CNN, the suggested Fed LSTM method exhibits superior accuracy with 98.9%, which is 2.28% more advanced. Additionally, the research discuss the practical implications and scalability of our approach, highlighting its potential to enhance cyber security measures in distributed threat scenarios. © (2024), (Science and Information Organization). All Rights Reserved.","2024","2026-03-10 17:00:12","2026-03-10 17:00:12","","1237-1249","","6","15","","","","","","","","","","","","","Scopus","","","","","","","","Federated learning; Anomaly detection; anomaly detection; Cybersecurity; LSTM; Network security; Learning systems; Cyber security; cyber security; Long short-term memory; Privacy preserving; Privacy-preserving techniques; Model training; Sensitive data; Distributed environments; Memory modeling; Memory network; Distributed threat; distributed threats; Information services; privacy-preserving model training; Privacy-preserving model training","","","","","","","","","","","","","","","","","","","","","","","","","","","","","","","","","","","","","","","","","","","","","","",""
"XZ2M57RX","conferencePaper","2024","Liu, M.; Chen, X.; Shu, Y.; Li, X.; Guan, W.; Nie, L.","Boosting Transferability and Discriminability for Time Series Domain Adaptation","","","","","https://www.scopus.com/inward/record.uri?eid=2-s2.0-105000491753&partnerID=40&md5=af40b737f7f49ffa511d80c42bb3e1c4","Unsupervised domain adaptation excels in transferring knowledge from a labeled source domain to an unlabeled target domain, playing a critical role in time series applications. Existing time series domain adaptation methods either ignore frequency features or treat temporal and frequency features equally, which makes it challenging to fully exploit the advantages of both types of features. In this paper, we delve into transferability and discriminability, two crucial properties in transferable representation learning. It's insightful to note that frequency features are more discriminative within a specific domain, while temporal features show better transferability across domains. Based on the findings, we propose Adversarial CO-learning Networks (ACON), to enhance transferable representation learning through a collaborative learning manner in three aspects: (1) Considering the multi-periodicity in time series, multi-period frequency feature learning is proposed to enhance the discriminability of frequency features; (2) Temporal-frequency domain mutual learning is proposed to enhance the discriminability of temporal features in the source domain and improve the transferability of frequency features in the target domain; (3) Domain adversarial learning is conducted in the correlation subspaces of temporal-frequency features instead of original feature spaces to further enhance the transferability of both features. Extensive experiments conducted on a wide range of time series datasets and five common applications demonstrate the state-of-the-art performance of ACON. Code is available at https://github.com/mingyangliu1024/ACON. © 2024 Neural information processing systems foundation. All rights reserved.","2024","2026-03-10 17:00:12","2026-03-10 17:11:01","","","","","37","","","","","","","","","","","","","Scopus","","","","","","","","","","","","","","","","","","","","","","","","","","","","","","","","","","","","","","","","Advances in Neural Information Processing Systems","","","","","","","","","","","","","","",""
"AR37IUWE","journalArticle","2022","Yin, X.; Liu, F.; Cai, R.; Yang, X.; Zhang, X.; Ning, M.; Shen, S.","Research on Seismic Signal Analysis Based on Machine Learning","Applied Sciences (Switzerland)","","","10.3390/app12168389","https://www.scopus.com/inward/record.uri?eid=2-s2.0-85137989895&doi=10.3390%2Fapp12168389&partnerID=40&md5=ced197ce7e1e843595b28577f6d4ca9b","In this paper, the time series classification frontier method MiniRocket was used to classify earthquakes, blasts, and background noise. From supervised to unsupervised classification, a comprehensive analysis was carried out, and finally, the supervised method achieved excellent results. The relatively simple model, MiniRocket, is only a one-dimensional convolutional neural network structure which has achieved the best comprehensive results, and its computational efficiency is far stronger than other supervised classification methods. Through our experimental results, we found that the MiniRocket model could well-extract the decisive features of the seismic sensing signal. In order to try to eliminate the tedious work of making data labels, we proposed a novel lightweight collaborative learning for seismic sensing signals (LCL-SSS) based on the method of feature extraction in MiniRocket combined with unsupervised classification. The new method gives new vitality to the unsupervised classification method that could not be used originally and opens up a new path for the unsupervised classification of seismic sensing signals. © 2022 by the authors.","2022","2026-03-10 17:00:12","2026-03-10 17:00:12","","","","16","12","","","","","","","","","","","","","Scopus","","","","","","","","machine learning; convolutional neural network (CNN); time series classification; non-natural earthquake; seismic sensing signals classification","","","","","","","","","","","","","","","","","","","","","","","","","","","","","","","","","","","","","","","","","","","","","","",""
"4URP7XXK","journalArticle","2023","Chen, X.; Chen, Z.; Zhang, M.; Wang, Z.; Liu, M.; Fu, M.; Wang, P.","A remaining useful life estimation method based on long short-term memory and federated learning for electric vehicles in smart cities","PeerJ Computer Science","","","10.7717/peerj-cs.1652","https://www.scopus.com/inward/record.uri?eid=2-s2.0-85177434069&doi=10.7717%2Fpeerj-cs.1652&partnerID=40&md5=726f61bba5fff7ab2e55f3391057c676","In modern society, environmental sustainability is a top priority as one of the most promising entities in the new energy sector. Electric vehicles (EVs) are rapidly gaining popularity due to their promise of better performance and comfort. Above all, they can help address the problem of urban air pollution. Nonetheless, lithium batteries, one of the most essential and expensive components of EVs, have posed challenges, such as battery aging, personal safety, and recycling. Precisely estimating the remaining useful life (RUL) of lithium battery packs can effectively assist in enhancing the personal safety of EVs and facilitating secondary trading and recycling in other industries without compromising safety and reliability. However, the RUL estimation of batteries involves many variables, and the operating conditions of EV batteries are highly dynamic as they change with the environment and the driving style of the users. Many existing methods exist to estimate the RUL based on batteries’ state of health (SOH), but only some are suitable for real-world data. There are several difficulties as follows. Firstly, obtaining data about battery usage in the real world takes work. Secondly, most of these estimation models must be more representative and generalized because they are trained on separate data for each battery. Lastly, collecting data for centralized training may lead to a breach of user privacy. In this article, we propose an RUL estimation method utilizing a deep learning (DL) approach based on long short-term memory (LSTM) and federated learning (FL) to predict the RUL of lithium batteries. We refrain from incorporating unmeasurable variables as inputs and instead develop an estimation model leveraging LSTM, capitalizing on its ability to predict time series data. In addition, we apply the FL framework to train the model to protect users’ battery data privacy. We verified the results of the model on experimental data. Meanwhile, we analyzed the model on actual data by comparing its mean absolute and relative errors. The comparison of the training and prediction results of the three sets of experiments shows that the federated training method achieves higher accuracy in predicting battery RUL compared to the centralized training method and another DL method, with solid training stability. © 2023 Chen et al. Distributed under Creative Commons CC-BY 4.0. All Rights Reserved.","2023","2026-03-10 17:00:12","2026-03-10 17:00:12","","1-26","","","9","","","","","","","","","","","","","Scopus","","","","","","","","Federated learning; Data privacy; Electric vehicles; Sustainable development; Deep learning; Artificial Intelligence; Forecasting; LSTM; Data mining; Recycling; Smart city; Learning systems; Remaining useful life; Machine-learning; Long short-term memory; Remaining useful lives; Brain; State of health; Accident prevention; Life estimation; Lithium batteries; Estimation methods; Data mining and machine learning; Data Mining and Machine Learning; Energy forecast; Energy forecasts; New energies; New energy","","","","","","","","","","","","","","","","","","","","","","","","","","","","","","","","","","","","","","","","","","","","","","",""
"3R2BNEES","journalArticle","2022","Meng, Z.; Li, Z.; Hou, X.; Du, J.; Chen, J.; Wei, W.","Efficient Asynchronous Federated Learning for AUV Swarm","Sensors","","","10.3390/s22228727","https://www.scopus.com/inward/record.uri?eid=2-s2.0-85142740502&doi=10.3390%2Fs22228727&partnerID=40&md5=9d671dc71e08e4a8ee68303459c0ace2","The development of automatic underwater vehicles (AUVs) has brought about unprecedented profits and opportunities. In order to discover the hidden valuable data detected by an AUV swarm, it is necessary to aggregate the data detected by AUV swarm to generate a powerful machine learning model. Traditional centralized machine learning generates a large number of data exchanges and faces problems of enormous training data, large-scale models, and communication. In underwater environments, radio waves are strongly absorbed, and acoustic communication is the only feasible technology. Unlike electromagnetic wave communication on land, the bandwidth of underwater acoustic communication is extremely limited, with the transmission rate being only (Formula presented.) of the electromagnetic wave. Therefore, traditional centralized machine learning cannot support underwater AUV swarm training. In recent years, federated learning could only interact with model parameters without interacting with data, which greatly reduced communication costs. Therefore, this paper introduces federated learning into the collaboration of an AUV swarm. In order to further reduce the constraints of underwater scarce communication resources on federated learning and alleviate the straggler effect, in this work, we designed an asynchronous federated learning method. Finally, we constructed the optimization problem of minimizing the weighted sum of delay and energy consumption, relying on jointly optimizing the AUV CPU frequency and signal transmission power. In order to solve this complex optimization problem of high-dimensional non-convex time series accumulation, we transformed the problem into a Markov decision process (MDP) and use the proximal policy optimization 2 (PPO2) algorithm to solve this problem. The simulation results demonstrate the effectiveness and superiority of our method. © 2022 by the authors.","2022","2026-03-10 17:00:12","2026-03-10 17:00:12","","","","22","22","","","","","","","","","","","","","Scopus","","","","","","","","Federated learning; machine learning; Optimization; Machine learning; federated learning (FL); simulation; time series analysis; compression; gradient compression; energy consumption; Centralised; Learning algorithms; Energy utilization; Vehicle to vehicle communications; learning; bandwidth; Electronic data interchange; algorithm; article; Markov processes; Swarm intelligence; Underwater acoustics; Resources optimization; Policy optimization; Communication resources; Gradient compression; Autonomous underwater vehicle; autonomous underwater vehicle (AUV); Autonomous underwater vehicles; Autonomous underwater vehicles]; communication resource optimization; Communication resource optimization; electromagnetic radiation; Electromagnetic waves; Markov decision process; Proximal policy optimization 2; proximal policy optimization 2 (PPO2); radiofrequency radiation; signal transduction; Underwater acoustic communication","","","","","","","","","","","","","","","","","","","","","","","","","","","","","","","","","","","","","","","","","","","","","","",""
"5M5X8HSI","journalArticle","2023","","2023 IEEE 3rd International Conference on Computer Communication and Artificial Intelligence, CCAI 2023","2023 IEEE 3rd International Conference on Computer Communication and Artificial Intelligence, CCAI 2023","","","","https://www.scopus.com/inward/record.uri?eid=2-s2.0-85169338832&partnerID=40&md5=9ed8094d9f0e3f3b7df6430ae0c25ddd","The proceedings contain 83 papers. The topics discussed include: self-supervised representation learning for time series via temporal contrasting and transformation; early warning and screening of elderly cognitive impairment based on machine learning algorithm; chewing detection using brightness changes in video based on deep learning; multi-agent reinforcement learning investigation based on football games; predicting the trajectory of ai utilizing the Markov model of machine learning; machine learning approach to sentiment recognition from periodic reports; deep learning models for cancer classification from microarray gene expression profiles; neural abstractive summarization: a brief survey; towards accurate crowd counting via smoothed dilated convolutions and transformer; hyperbolic graph convolutional networks for aspect-based sentiment analysis; survey of neuromorphic computing: a data science perspective; poultry disease identification based on light weight deep neural networks; fairness and effectiveness in federated learning on non-independent and identically distributed data; and corpus database management design for Chinese-Portuguese bidirectional parallel corpora.","2023","2026-03-10 17:00:13","2026-03-10 17:00:13","","","","","","","","","","","","","","","","","","Scopus","","","","","","","","","","","","","","","","","","","","","","","","","","","","","","","","","","","","","","","","","","","","","","","","","","","","","","",""
"5LEI2RSA","journalArticle","2023","Qin, D.; Liu, G.; Li, Z.; Guan, W.; Zhao, S.; Wang, Y.","Federated deep contrastive learning for mid-term natural gas demand forecasting","Applied Energy","","","10.1016/j.apenergy.2023.121503","https://www.scopus.com/inward/record.uri?eid=2-s2.0-85163939185&doi=10.1016%2Fj.apenergy.2023.121503&partnerID=40&md5=eb8a0453ff75cda13261124e580089e9","Accurate mid-term gas demand forecasting plays a crucial role for gas companies and policymakers to achieve reliable gas supply plans, supply contracts management, and efficient operation to meet the increasing gas demand. However, mid-term gas demand forecasting faces the problems of data paucity caused by the low frequency of collecting monthly data and heterogeneous consumption patterns of various usage categories. This paper proposes a novel Federated Contrastive pretraining - Local Clustered Finetuning paradigm (FedCon-LCF) by integrating federated learning, deep contrastive learning, and clustering approaches. The proposed method can utilize data from multiple gas companies to overcome data paucity issues in a privacy-preserving way, and high-performance forecasting can be achieved by local clustered regression considering the heterogeneous patterns. An improved hierarchical contrastive loss and multi-scale regression loss are integrated to develop the Forecasting-Oriented Contrastive Learning model (FOCL), which can effectively extract information and generate fine-grained representations of time series for accurate forecasting. The proposed method is evaluated on a dataset collected from 11 gas companies in 11 different Chinese cities with a total of 17648 clients over 10 usage categories. The proposed method outperforms the benchmark LSTM model with an average improvement of 25.30% in MSE and 16.52% in MAE for 3-month-ahead, 6-month-ahead, 9-month-ahead, and 12-month-ahead gas demand forecasting. © 2023 Elsevier Ltd","2023","2026-03-10 17:00:13","2026-03-10 17:00:13","","","","","347","","","","","","","","","","","","","Scopus","","","","","","","","Federated learning; machine learning; Forecasting; Contrastive learning; Demand forecasting; Learning systems; Privacy-preserving; Gas industry; Long short-term memory; Privacy preserving; Privacy-preserving techniques; Gases; forecasting method; data set; Consumption patterns; Gas companies; Gas demand forecasting; Gas demands; gas supply; Heterogeneous consumption pattern; Heterogeneous consumption patterns; natural gas; Natural gas demand; policy making; Public utilities","","","","","","","","","","","","","","","","","","","","","","","","","","","","","","","","","","","","","","","","","","","","","","",""
"BXYV3DPV","conferencePaper","2022","Yan, Y.; Yang, G.; Gao, Y.; Zang, C.; Chen, J.; Wang, Q.","Multi-Participant Vertical Federated Learning Based Time Series Prediction","","","","10.1145/3532213.3532238","https://www.scopus.com/inward/record.uri?eid=2-s2.0-85134383797&doi=10.1145%2F3532213.3532238&partnerID=40&md5=17a075f2b24aae3e17e4c91775bbb4c9","Federated learning (FL) ensures multi-party can train a model together while avoiding privacy leakage. Our vertical federated learning (VFL) task tackles the following scenarios: i) all parties share the same sample space but differ in feature space, ii) only one party holds the label data. Our contribution is twofold: i) proposing a novel aggregation strategy to show that embedding learning is qualified to handle the challenge of VFL, ii) Incorporating specific strategy of Secure Multi-party Computation (MPC) into the training phase to remain the dataset at each local machine. We focus on time series scenarios and choose Gated Recurrent Unit (GRU) as our basic algorithm. We evaluate our method on both Google stock data for regression prediction and Kyoto University Benchmark Data for classification prediction to illustrate the performance of the results in terms of computational and communication complexities.  © 2022 ACM.","2022","2026-03-10 17:00:13","2026-03-10 17:00:13","","165-171","","","","","","","","","","","","","","","","Scopus","","","","","","","","federated learning; Federated learning; Privacy; Forecasting; privacy; time series; Time series prediction; Learning systems; Time series; Ensemble learning; vertical federated learning; ensemble learning; Benchmarking; Times series; Privacy leakages; Learning tasks; Vertical federated learning; Sample space; secure multi-party computation; Secure multi-party computation","","","","","","","","","","","","","","","","","","","","","","","","","","","","","","","","ACM International Conference Proceeding Series","","","","","","","","","","","","","","",""
"I45LH8IC","journalArticle","2021","Huong, T.T.; Bac, T.P.; Long, D.M.; Luong, T.D.; Dan, N.M.; Quang, L.A.; Cong, L.T.; Thang, B.D.; Tran, K.P.","Detecting cyberattacks using anomaly detection in industrial control systems: A Federated Learning approach","Computers in Industry","","","10.1016/j.compind.2021.103509","https://www.scopus.com/inward/record.uri?eid=2-s2.0-85110479052&doi=10.1016%2Fj.compind.2021.103509&partnerID=40&md5=a65797da8295e24501a9ded97051f787","In recent years, the rapid development and wide application of advanced technologies have profoundly impacted industrial manufacturing, leading to smart manufacturing (SM). However, the Industrial IoT (IIoT)-based manufacturing systems are now one of the top industries targeted by a variety of attacks. In this research, we propose detecting Cyberattacks in Industrial Control Systems using Anomaly Detection. An anomaly detection architecture for the IIoT-based SM is proposed to deploy one of the top most concerned networking technique - a Federated Learning architecture - that can detect anomalies for time series data typically running inside an industrial system. The architecture achieves higher detection performance compared to the current detection solution for time series data. It also shows the feasibility and efficiency to be deployed on top of edge computing hardware of an IIoT-based SM that can save 35% of bandwidth consumed in the transmission link between the edge and the cloud. At the expense, the architecture needs to trade off with the computing resource consumed at edge devices for implementing the detection task. However, findings in maximal CPU usage of 85% and average Memory usage of 37% make this architecture totally realizable in an IIoT-based SM. © 2021 Elsevier B.V.","2021","2026-03-10 17:00:13","2026-03-10 17:00:13","","","","","132","","","","","","","","","","","","","Scopus","","","","","","","","Federated Learning; Computer architecture; IIoT; Anomaly detection; Smart manufacturing; Control systems; Learning systems; Time series; Industrial research; Advanced technology; Industrial systems; Economic and social effects; Industrial internet of things (IIoT); Industrial control systems; Security of data; Industrial manufacturing; Learning architectures; Manufacture; Computing hardware; Detection performance","","","","","","","","","","","","","","","","","","","","","","","","","","","","","","","","","","","","","","","","","","","","","","",""
"5B6QYQRL","journalArticle","2023","","Proceedings - IEEE International Conference on Knowledge Graph, ICKG 2023","Proceedings - IEEE International Conference on Knowledge Graph, ICKG 2023","","","","https://www.scopus.com/inward/record.uri?eid=2-s2.0-85188212178&partnerID=40&md5=6ced7a0a81f157ed20e17da11d3c58d7","The proceedings contain 35 papers. The topics discussed include: beyond the simplex: Hadamard-infused deep sparse representations for enhanced similarity measures; client-edge-cloud hierarchical federated learning based on generative adversarial networks; GLAD: content-aware dynamic graphs for log anomaly detection; multi-label classification with missing labels by preserving feature-label space consistency; ASRDataset: a multi-granularity shuffle system for preparing large-scale ASR training data; distance maximization and defenses on deep hashing based image retrieval; predicting ICU pressure injuries with historical data: a multivariate time series approach; SWAP: exploiting second-ranked logits for adversarial attacks on time series; and enhancing network alignment through multi-scale information fusion.","2023","2026-03-10 17:00:13","2026-03-10 17:00:13","","","","","","","","","","","","","","","","","","Scopus","","","","","","","","","","","","","","","","","","","","","","","","","","","","","","","","","","","","","","","","","","","","","","","","","","","","","","",""
"K5K5KGCV","journalArticle","2022","Chen, Z.; Li, D.; Zhu, J.; Zhang, S.","DACFL: Dynamic Average Consensus-Based Federated Learning in Decentralized Sensors Network","Sensors","","","10.3390/s22093317","https://www.scopus.com/inward/record.uri?eid=2-s2.0-85128783264&doi=10.3390%2Fs22093317&partnerID=40&md5=5a195bbc392e7b511ce007c07df98a3a","Federated Learning (FL) is a privacy-preserving way to utilize the sensitive data generated by smart sensors of user devices, where a central parameter server (PS) coordinates multiple user devices to train a global model. However, relying on centralized topology poses challenges when applying FL in a sensors network, including imbalanced communication congestion and possible single point of failure, especially on the PS. To alleviate these problems, we devise a Dynamic Average Consensus-based Federated Learning (DACFL) for implementing FL in a decentralized sensors network. Different from existing studies that replace the model aggregation roughly with neighbors’ average, we first transform the FL model aggregation, which is the most intractable in a decentralized topology, into the dynamic average consensus problem by treating a local training procedure as a discrete-time series.We then employ the first-order dynamic average consensus (FODAC) to estimate the average model, which not only solves the model aggregation for DACFL but also ensures model consistency as much as possible. To improve the performance with non-i.i.d data, each user also takes the neighbors’ average model as its next-round initialization, which prevents the possible local over-fitting. Besides, we also provide a basic theoretical analysis of DACFL on the premise of i.i.d data. The result validates the feasibility of DACFL in both time-invariant and time-varying topologies and declares that DACFL outperforms existing studies, including CDSGD and D-PSGD, in most cases. Take the result on Fashion-MNIST as a numerical example, with i.i.d data, our DACFL achieves 19∼34% and 3∼10% increases in average accuracy; with non-i.i.d data, our DACFL achieves 30∼50% and 0∼10% increases in average accuracy, compared to CDSGD and D-PSGD. © 2022 by the authors. Licensee MDPI, Basel, Switzerland.","2022","2026-03-10 17:00:13","2026-03-10 17:00:13","","","","9","22","","","","","","","","","","","","","Scopus","","","","","","","","federated learning; Federated learning; Machine Learning; Privacy; machine learning; Learning; privacy; Topology; Learning systems; Privacy preserving; Privacy-preserving techniques; learning; IID data; Model aggregations; User devices; Sensitive datas; Communication; interpersonal communication; Average consensus; Average modeling; consensus; Consensus; Decentralised sensor networks; decentralized sensors network; dynamic average consensus; Dynamic average consensus","","","","","","","","","","","","","","","","","","","","","","","","","","","","","","","","","","","","","","","","","","","","","","",""
"3YNRJIK2","journalArticle","2021","Zhang, X.; Ma, Z.; Wang, A.; Mi, H.; Hang, J.","LstFcFedLear: A LSTM-FC with Vertical Federated Learning Network for Fault Prediction","Wireless Communications and Mobile Computing","","","10.1155/2021/2668761","https://www.scopus.com/inward/record.uri?eid=2-s2.0-85114643383&doi=10.1155%2F2021%2F2668761&partnerID=40&md5=431475342186fc057c429b43368f69dd","The firefighting IoT platform links multiple firefighting subsystems. The data of each subsystem belongs to the sensitive data of the profession. Failure prediction is a crucial topic for firefighting IoT platforms, because failures may cause equipment injuries. Currently, in the maintenance of fire IoT terminal equipment, fault prediction based on equipment time series has not been included. The use of intelligent technology to continuously predict the failure of firefighting IoT equipment can not only eliminate the intervention of regular maintenance but also provide early warning of upcoming failures. In order to solve this problem, we propose a vertical federated learning framework based on LSTM fault classification network (LstFcFedLear). The advantage of this framework is that it can encrypt and integrate the data on the entire firefighting IoT platform to form a new dataset. After the synthesized data is trained through each model, the optimal model parameters can be finally updated. At the same time, it can ensure that the data of each business system is not leaked. The framework can predict when IoT equipment will fail in the future and then provide what measures should be used. The experimental results show that the LstFcFedLear model provides an effective method for fault prediction, and its results are comparable to the baseline. © 2021 Xiangquan Zhang et al.","2021","2026-03-10 17:00:13","2026-03-10 17:00:13","","","","","2021","","","","","","","","","","","","","Scopus","","","","","","","","Data privacy; Fires; Forecasting; Internet of things; Failure prediction; Long short-term memory; Fault prediction; Learning frameworks; Learning network; Business systems; Fault classification; Fire extinguishers; Intelligent technology; Terminal equipment","","","","","","","","","","","","","","","","","","","","","","","","","","","","","","","","","","","","","","","","","","","","","","",""
"7Y5MTGA4","conferencePaper","2023","Ma, T.; Hoang, T.N.; Chen, J.","Federated Learning of Models Pre-Trained on Different Features with Consensus Graphs","","","","","https://www.scopus.com/inward/record.uri?eid=2-s2.0-85170076890&partnerID=40&md5=4c0e1f1680ef99d363a8c8bb24c46c89","Learning an effective global model on private and decentralized datasets has become an increasingly important challenge of machine learning when applied in practice. Existing distributed learning paradigms, such as Federated Learning, enable this via model aggregation which enforces a strong form of modeling homogeneity and synchronicity across clients. This is however not suitable to many practical scenarios. For example, in distributed sensing, heterogeneous sensors reading data from different views of the same phenomenon would need to use different models for different data modalities. Local learning therefore happens in isolation but inference requires merging the local models to achieve consensus. To enable consensus among local models, we propose a feature fusion approach that extracts local representations from local models and incorporates them into a global representation that improves the prediction performance. Achieving this requires addressing two non-trivial problems. First, we need to learn an alignment between similar feature components which are arbitrarily arranged across clients to enable representation aggregation. Second, we need to learn a consensus graph that captures the high-order interactions between local feature spaces and how to combine them to achieve a better prediction. This paper presents solutions to these problems and demonstrates them in real-world applications on time series data such as power grids and traffic networks. © UAI 2023. All rights reserved.","2023","2026-03-10 17:00:13","2026-03-10 17:00:13","","1336-1346","","","216","","","","","","","","","","","","","Scopus","","","","","","","","Learning systems; Machine-learning; Global models; Decentralised; Local model; Model aggregations; Learn+; Distributed learning; Learning paradigms; Strong form; Via modeling","","","","","","","","","","","","","","","","","","","","","","","","","","","","","","","","Proceedings of Machine Learning Research","","","","","","","","","","","","","","",""
"SEGYVHT6","journalArticle","2022","","2022 IFIP Networking Conference, IFIP Networking 2022","2022 IFIP Networking Conference, IFIP Networking 2022","","","","https://www.scopus.com/inward/record.uri?eid=2-s2.0-85136255813&partnerID=40&md5=7bc4cad5bfa42547f3c0b040ce743ad9","The proceedings contain 58 papers. The topics discussed include: global-aware prototypical network for few-shot encrypted traffic classification; PRISMA: a packet routing simulator for multi-agent reinforcement learning; implementation of federated learning on resource-constrained devices: lessons learned; build automation framework for design validation of automotive gateway controllers; prototyping prototyping facilities: developing and bootstrapping testbeds; attention networks for time series regression and application to congestion control; centrality-aware gossiping for distributed learning in wireless sensor networks; prediction of mobile-app network-video-traffic aggregates using multi-task deep learning; tailoring FANET-based 6G network slices in remote areas for low-latency applications; and the AERPAW control framework - considerations for resource control and orchestration for a computing-supported physical research platform.","2022","2026-03-10 17:00:14","2026-03-10 17:00:14","","","","","","","","","","","","","","","","","","Scopus","","","","","","","","","","","","","","","","","","","","","","","","","","","","","","","","","","","","","","","","","","","","","","","","","","","","","","",""
"4B7LISN4","journalArticle","2021","Jiang, Y.; Gu, X.; Hua, L.; Li, K.; Tao, Y.; Li, B.","Forecasting Trend of Coronavirus Disease 2019 using Multi-Task Weighted TSK Fuzzy System","ACM Transactions on Internet Technology","","","10.1145/3475870","https://www.scopus.com/inward/record.uri?eid=2-s2.0-85137614940&doi=10.1145%2F3475870&partnerID=40&md5=3fb5198e72c3dab434c790088a4efc18","Artificial intelligence-(AI) based fog/edge computing has become a promising paradigm for infectious disease. Various AI algorithms are embedded in cooperative fog/edge devices to construct medical Internet of Things environments, infectious disease forecast systems, smart health, and so on. However, these systems are usually done in isolation, which is called single-task learning. They do not consider the correlation and relationship between multiple/different tasks, so some common information in the model parameters or data characteristics is lost. In this study, each data center in fog/edge computing is considered as a task in the multi-task learning framework. In such a learning framework, a multi-task weighted Takagi-Sugeno-Kang (TSK) fuzzy system, called MW-TSKFS, is developed to forecast the trend of Coronavirus disease 2019 (COVID-19). MW-TSKFS provides a multi-task learning strategy for both antecedent and consequent parameters of fuzzy rules. First, a multi-task weighted fuzzy c-means clustering algorithm is developed for antecedent parameter learning, which extracts the public information among all tasks and the private information of each task. By sharing the public cluster centroid and public membership matrix, the differences of commonality and individuality can be further exploited. For consequent parameter learning of MW-TSKFS, a multi-task collaborative learning mechanism is developed based on ϵ-insensitive criterion and L2 norm penalty term, which can enhance the generalization and forecasting ability of the proposed fuzzy system. The experimental results on the real COVID-19 time series show that the forecasting tend model based on multi-task the weighted TSK fuzzy system has a high application value.  © 2021 Association for Computing Machinery.","2021","2026-03-10 17:00:14","2026-03-10 17:00:14","","","","3","22","","","","","","","","","","","","","Scopus","","","","","","","","Forecasting; Edge computing; Clustering algorithms; COVID-19; Embedded systems; Learning systems; Fog computing; Fog; Multi tasks; Fuzzy inference; Fuzzy clustering; Infectious disease; Fog/edge computing; Fuzzy C-Means clustering; Multi tasking; Multi-task weighted fuzzy c-mean clustering; multi-task weighted fuzzy c-means clustering; multi-tasking learning; Multi-tasking learning; Takagi-Sugeno-Kang fuzzy system; TSK fuzzy system; Weighted fuzzy c-means","","","","","","","","","","","","","","","","","","","","","","","","","","","","","","","","","","","","","","","","","","","","","","",""
"GDEUVY46","conferencePaper","2022","Wang, S.; Li, J.; Lu, M.; Zheng, Z.; Chen, Y.; He, B.","A System for Time Series Feature Extraction in Federated Learning","","","","10.1145/3511808.3557176","https://www.scopus.com/inward/record.uri?eid=2-s2.0-85140842962&doi=10.1145%2F3511808.3557176&partnerID=40&md5=018f3be32b27bca014cc41fdeb2bc042","Federated learning (FL), which enables collaborative learning without revealing raw data, is an emerging topic in privacy-preserving machine learning. Based on our experiences in thousands of real-world applications, time-series feature extraction plays a significant role in improving model quality. In this work, we propose a system automatically integrating time series feature extraction for training FL models. Our experiments show that by adopting time series feature extraction, the model accuracy (AUC) is improved by 3% on average, and recall is increased by 10% in recommender systems. We have open-sourced the project https://github.com/4paradigm/tsfe and provided a step by step demonstration on how audiences can use our system to create their own FL pipeline that extracts time series features. Demonstration video at: https://youtu.be/UW27dWT-ays © 2022 ACM.","2022","2026-03-10 17:00:14","2026-03-10 17:00:14","","5024-5028","","","","","","","","","","","","","","","","Scopus","","","","","","","","federated learning; Federated learning; Feature extraction; Data mining; time series; Learning systems; Time series; Collaborative learning; Machine-learning; Times series; Privacy preserving; Extraction; Features extraction; Privacy-preserving techniques; Real-world; Feature engineerings; HTTP; Time series features; feature engineering; Emerging topics","","","","","","","","","","","","","","","","","","","","","","","","","","","","","","","","International Conference on Information and Knowledge Management, Proceedings","","","","","","","","","","","","","","",""
"X8IZZAAZ","journalArticle","2024","Pacheco, P.R.; Wachter, J.A.; Mera, E.M.; Navarro, G.A.","Emotions and entropy in team decision-making in chaotic learning dynamics","Formacion Universitaria","","","10.4067/S0718-50062024000200149","https://www.scopus.com/inward/record.uri?eid=2-s2.0-85194068175&doi=10.4067%2FS0718-50062024000200149&partnerID=40&md5=cfca20e116f442bbd3a79285e2c0c220","The main objective of this research study is to determine the relationship between entropy and behaviors that optimize learning decision-making among student teams during an experimental physics science class. An initial condition (IC) is applied by using a very short video with apparently unrelated content, emerging as a discovery the question that must be answered by each team and its experiment. The behaviors displayed are transformed into time series that are analyzed with a chaos theory software. The results show that the emotions time series, in chaotic dynamics, show that entropy has the highest thermal correspondence, positively influencing team collaborative learning while favoring each student’s training. It is concluded that using ICs within a context, at the beginning of a class, is suitable for inducing a positive emotional disposition among student teams that are committed to an experimental physics course. © (2024), (Centro de Informacion Tecnologica). All Rights Reserved.","2024","2026-03-10 17:00:14","2026-03-10 17:00:14","","149-160","","2","17","","","Emociones y entropía en la toma de decisiones de equipos en dinámicas de aprendizaje caóticas","","","","","","","","","","Scopus","","","","","","","","chaos theory; correlation entropy; emotions; experimental physics; learning decision-making; student teams","","","","","","","","","","","","","","","","","","","","","","","","","","","","","","","","","","","","","","","","","","","","","","",""
"Y7NEDS2M","conferencePaper","2023","Younis, R.; Ahmadi, Z.; Hakmeh, A.; Fisichella, M.","FLAMES2Graph: An Interpretable Federated Multivariate Time Series Classification Framework","","","","10.1145/3580305.3599354","https://www.scopus.com/inward/record.uri?eid=2-s2.0-85171322761&doi=10.1145%2F3580305.3599354&partnerID=40&md5=2219c91cedea2df37048ab3bc8922318","Increasing privacy concerns have led to decentralized and federated machine learning techniques that allow individual clients to consult and train models collaboratively without sharing private information. Some of these applications, such as medical and healthcare, require the final decisions to be interpretable. One common form of data in these applications is multivariate time series, where deep neural networks, especially convolutional neural networks based approaches, have established excellent performance in their classification tasks. However, promising results and performance of deep learning models are a black box, and their decisions cannot always be guaranteed and trusted. While several approaches address the interpretability of deep learning models for multivariate time series data in a centralized environment, less effort has been made in a federated setting. In this work, we introduce FLAMES2Graph, a new horizontal federated learning framework designed to interpret the deep learning decisions of each client. FLAMES2Graph extracts and visualizes those input subsequences that are highly activated by a convolutional neural network. Besides, an evolution graph is created to capture the temporal dependencies between the extracted distinct subsequences. The federated learning clients only share this temporal evolution graph with the centralized server instead of trained model weights to create a global evolution graph. Our extensive experiments on various datasets from well-known multivariate benchmarks indicate that the FLAMES2Graph framework significantly outperforms other state-of-the-art federated methods while keeping privacy and augmenting network decision interpretation.  © 2023 ACM.","2023","2026-03-10 17:00:14","2026-03-10 17:00:14","","3140-3150","","","","","","","","","","","","","","","","Scopus","","","","","","","","federated learning; Federated learning; Convolutional neural networks; Convolution; Performance; time series; Learning systems; Multivariate time series; Time series; neural networks; interpretability; Interpretability; Times series; Convolutional neural network; Neural-networks; Deep neural networks; Learning models; Multivariate time series classifications; Classification framework","","","","","","","","","","","","","","","","","","","","","","","","","","","","","","","","Proceedings of the ACM SIGKDD International Conference on Knowledge Discovery and Data Mining","","","","","","","","","","","","","","",""
"3XWQ253Y","journalArticle","2023","Zhao, X.; Sun, B.; Geng, R.","A new distributed decomposition–reconstruction–ensemble learning paradigm for short-term wind power prediction","Journal of Cleaner Production","","","10.1016/j.jclepro.2023.138676","https://www.scopus.com/inward/record.uri?eid=2-s2.0-85170648769&doi=10.1016%2Fj.jclepro.2023.138676&partnerID=40&md5=5e39c62c316a2f0e54c21f719af964ec","The rapid and accurate forecast of wind power is crucial for power grid dispatching, because wind power time series are frequently nonlinear and noisy. Currently, typical decomposition and ensemble approaches can enhance prediction precision, but at the expense of computing efficiency. In addition, existing approaches rely primarily on a single model to forecast the deconstructed sequences, which may not correspond to the physical significance of each sequence. This research presents a wind power forecasting paradigm based on distributed decomposition-reconstruction-ensemble learning to address the aforementioned issues. Initially, the wind power data are decomposed using variational mode decomposition (VMD) to reduce data noise. Second, frequency, grey correlation degree, and Pearson coefficient are employed to cluster the decomposed data into high-frequency and low-frequency sequences in order to decrease the complexity of the model. Then, the reconstructed sequences are equally divided into 10 parts and distributed model training is performed using federated learning (FL), federated averaging (FedAvg) algorithm, and differential privacy Laplace (DPLA) method in a prediction pool composed of different machine learning models. For each sequence, an optimal machine learning model is selected and combined to form the optimal hybrid model. Finally, the final wind power forecast results are obtained by adding and summing the prediction results of each sequence. The experimental results show that the root mean square error (RMSE) of the proposed method is 10.230, mean absolute error (MAE) is 5.175, R-square (R2) is 0.990, and accuracy rate (ACC) is 0.644, which is better than all the 28 compared models. Moreover, the technique protects data privacy, solves the problem of data silos, provides a new concept for the conventional decomposition-ensemble prediction method, and is more in accordance with the physical relevance of wind power prediction. © 2023 Elsevier Ltd","2023","2026-03-10 17:00:14","2026-03-10 17:00:14","","","","","423","","","","","","","","","","","","","Scopus","","","","","","","","Data privacy; Machine learning; Weather forecasting; Ensemble learning; Mean square error; Learning algorithms; Differential privacies; Wind power; Distributed machine learning; Federated averaging algorithm; Variational mode decomposition; Ensemble methods; Decomposition-ensemble method; Decomposition/reconstruction; Differential privacy laplace method; Differential privacy Laplace method; Electric load dispatching; Laplace methods; Laplace transforms; Short-term wind power prediction; Short-Term wind power predictions","","","","","","","","","","","","","","","","","","","","","","","","","","","","","","","","","","","","","","","","","","","","","","",""
"3XF6BXCC","conferencePaper","2023","Wang, R.; Liu, Z.","Efficient community electricity load forecasting with transformer and federated learning","","","","10.1117/12.2657701","https://www.scopus.com/inward/record.uri?eid=2-s2.0-85164033317&doi=10.1117%2F12.2657701&partnerID=40&md5=78b1a19c8aa178bbbc82aa0428c91484","Electricity data sensors are widely used across large buildings and households. As the data are collected by distributed sensors from varied locations, privacy-preserving becomes a top concern for data owners. Meanwhile, multiple deep learning models achieved state-of-art performance on forecasting with the electricity time series data in a centralized training mechanism. Although these deep learning models are powerful at capturing temporal features and making precise predictions, it usually consumes a large amount of memory and resources during the training process. To address two problems, i.e., the data privacy issue and high-demanded resources for training, we propose an efficient and practical deep learning model using a transformer framework while utilizing federated learning to move the training on local data instead of on a centralized place. With the proposed deep learning model, the computation will reduce its memory usage by 60% while achieving similar and even better results on forecasting with the electricity time series data. Case studies on the university communities' building demonstrate our proposed solution's great potential and comparative performance compared to the state of the arts. © 2023 SPIE. All rights reserved.","2023","2026-03-10 17:00:14","2026-03-10 17:00:14","","","","","12489","","","","","","","","","","","","","Scopus","","","","","","","","Federated learning; Deep learning; Forecasting; Transformer; Learning systems; Time series; Electricity load forecasting; Centralised; Time-series data; Privacy-preserving techniques; Learning models; Historic preservation; Power predictions; Electric loads; Distributed sensor; Large buildings; Power prediction","","","","","","","","","","","","","","","","","","","","","","","","","","","","","","","","Proceedings of SPIE - The International Society for Optical Engineering","","","","","","","","","","","","","","",""
"GDMGBKMK","journalArticle","2024","","Proceedings - 2024 IEEE 10th International Conference on Intelligent Data and Security, IDS 2024","Proceedings - 2024 IEEE 10th International Conference on Intelligent Data and Security, IDS 2024","","","","https://www.scopus.com/inward/record.uri?eid=2-s2.0-85199905957&partnerID=40&md5=a7f9b7d85078ba76bd366f2778fbee95","The proceedings contain 16 papers. The topics discussed include: research on machine learning-based advanced semantic mapping model for substations and security alert disposition; Fed-Nad: backdoor resilient federated learning via neural attention distillation; FairFix: enhancing fairness of pre-trained deep neural networks with scarce data resources; research on machine learning based analysis of poverty alleviation households returning to poverty; analysis of elderly care services based on machine learning and factor rotation method; detecting harmful vibrations in the drilling industry through time series classification; and high-performance spectral tensor layer for deep neural network.","2024","2026-03-10 17:00:14","2026-03-10 17:00:14","","","","","","","","","","","","","","","","","","Scopus","","","","","","","","","","","","","","","","","","","","","","","","","","","","","","","","","","","","","","","","","","","","","","","","","","","","","","",""
"95QG8UZH","conferencePaper","2023","Reynante, B.","Analyzing Collective Imagination: A Complex Systems Approach","","","","","https://www.scopus.com/inward/record.uri?eid=2-s2.0-105005959426&partnerID=40&md5=0d65c58b4444815b79bcdd83107938db","Typical approaches for investigating collaborative learning and problem-solving neglect how individual interactions give rise to emergent group-level behaviors. In this study, I adopted a complex systems approach to analyze collective imagination during a collaborative fiction writing activity in a high school classroom. I qualitatively coded discourse data at two levels of analysis: individual talk turns and collective imagination episodes. I employed nonlinear computational analysis techniques to examine the multilevel time series data. © ISLS.","2023","2026-03-10 17:00:15","2026-03-10 17:00:15","","1765-1766","","","","","","","","","","","","","","","","Scopus","","","","","","","","Time series analysis; Collaborative learning; Problem-solving; Multilevels; Group level; Analysis techniques; Computational analysis; High school classrooms; Levels of analysis; Nonlinear network analysis; Systems approach; Writing activities","","","","","","","","","","","","","","","","","","","","","","","","","","","","","","","","Proceedings of International Conference of the Learning Sciences, ICLS","","","","","","","","","","","","","","",""
"2KQUBZ7N","conferencePaper","2024","Selvakumar, V.; Maaliw, R.R.; Sharma, R.M.; Oak, R.; Singh, P.P.; Kumar, A.","Blockchain-aware federated anomaly detection scheme for multivariate data","","","","10.1201/9781003393580-102","https://www.scopus.com/inward/record.uri?eid=2-s2.0-85186681821&doi=10.1201%2F9781003393580-102&partnerID=40&md5=1bc72a779411cd5e669480621eceeebc","Real-time sensors in airports, power plants, intelligent manufacturing, and healthcare systems make multivariate time-series anomaly detection more critical. Two significant obstacles remain. First, data organisations isolate sensitive data on islands and train high-performance anomaly detection models to preserve privacy and security. Data organisations have statistical heterogeneity. A unified anomaly detection methodology fails with personalised data. Blochchain-aware federated anomaly detection framework (BcFad) for multivariate time series data. BcFad uses the federated learning architecture to aggregate data while respecting privacy and fine-tuning a reasonably personalised model. BcFad improves F1 scores by 6.9% relative to the baseline technique in NASA spacecraft dataset experiments. © 2024 The Author(s).","2024","2026-03-10 17:00:15","2026-03-10 17:00:15","","690-698","","","1","","","","","","","","","","","","","Scopus","","","","","","","","Federated learning; Anomaly detection; Blockchain; NASA; Multivariate time series; Time series; Block-chain; Real time systems; Sensitive data; Anomaly detection frameworks; Airport security; Data organization; Detection scheme; Multivariant data; Multivariate data; Real time sensors","","","","","","","","","","","","","","","","","","","","","","","","","","","","","","","","Artificial Intelligence, Blockchain, Computing and Security - Proceedings of the International Conference on Artificial Intelligence, Blockchain, Computing and Security, ICABCS 2023","","","","","","","","","","","","","","",""
"2T4RVMVD","conferencePaper","2022","Liang, Z.; Wang Wangzh@Hit.Edu.Cn, H.","FedTSC: A Secure Federated Learning System for Interpretable Time Series Classification","","","","10.14778/3554821.3554875","https://www.scopus.com/inward/record.uri?eid=2-s2.0-85138006593&doi=10.14778%2F3554821.3554875&partnerID=40&md5=cd09032026e12cf3308118476ac25f73","We demonstrate FedTSC, a novel federated learning (FL) system for interpretable time series classification (TSC). FedTSC is an FL-based TSC solution that makes a great balance among security, interpretability, accuracy, and efficiency. We achieve this by first extending the concept of FL to consider both stronger security and model interpretability. Then, we propose three novel TSC methods based on explainable features to deal with the challengeable FL problem. To build the model in the FL setting, we propose several security protocols that are well optimized by maximally reducing the bottlenecked communication complexity. We build the FedTSC system based on such a solution, and provide the user Sklearn-like Python APIs for practical utility. We show that the system is easy to use, and the novel TSC approach is superior. © 2022, VLDB Endowment. All rights reserved.","2022","2026-03-10 17:00:15","2026-03-10 17:00:15","","3686-3689","","12","15","","","","","","","","","","","","","Scopus","","","","","","","","Network security; Learning systems; Time series; Interpretability; Learning settings; Learning problem; Federated learning system; Time series classifications; Classification approach; Classification methods; Communication complexity; Python; Security protocols; Strong securities","","","","","","","","","","","","","","","","","","","","","","","","","","","","","","","","Proceedings of the VLDB Endowment","","","","","","","","","","","","","","",""
"Z7294WVY","conferencePaper","2024","Zeleke, S.N.; Bochicchio, M.","Towards Explainable Federated Learning in Healthcare: A Study on Heart Arrhythmia Detection","","","","","https://www.scopus.com/inward/record.uri?eid=2-s2.0-85210860471&partnerID=40&md5=9d15c02c2c002a7be173be659a38eb4c","Advancements in artificial intelligence (AI) hold promise for revolutionizing healthcare, but challenges related to model explainability and data availability persist. Federated learning (FL) offers a privacy-preserving solution for health data usage by enabling decentralized model training without data sharing. In this study, we propose a novel framework that integrates explainable AI (XAI) with FL, specifically targeting heart arrhythmia detection. AI based heart arrhythmia detection usually relies heavily on the analysis of electrocardiogram (ECG) signals. We propose an attention based temporal convolutional network (TCN) for the analysis of time-series ECG data. The FL approach enables collaborative training across multiple local AI models without compromising local data or patients privacy. The attention mechanism is employed to enable the model to capture long-term dependencies across multiple time steps and weight different parts of the signal accordingly for improved classification performance. From the attention layer of the network we extract the attention weights for explanation. These weight values show important property of the model as well as input signal. To evaluate the proposed approach, we conducted experiments using the MIT-BIH arrhythmia dataset comprising 300 time steps per full beat cycle and 5 major arrhythmia classes. Our model achieved a balanced accuracy of 93.5%, F1-score of 98.7%, and 93.4% G-mean score in the presence of imbalanced data distributions. Notably, the explainability aspect of our model demonstrated consistent explanations comparable to expert benchmarks from related literature, enhancing trust and interpretability. Overall, this study underscores the potential of explainable FL with attention-based TCN architecture to enhance arrhythmia detection by prioritizing both privacy-preservation, performance and interpretability. © 2024 Copyright for this paper by its authors.","2024","2026-03-10 17:00:15","2026-03-10 17:00:15","","","","","3831","","","","","","","","","","","","","Scopus","","","","","","","","Federated learning; Data privacy; Differential privacy; Diseases; XAI; Healthcare; TCN; Interpretability; Benchmarking; Data availability; Convolutional networks; Temporal convolutional network; Electrocardiograms; Cardiology; Heart arrhythmias; Arrhythmia detection; Attention weight; Heart arrhythmia; PPFL","","","","","","","","","","","","","","","","","","","","","","","","","","","","","","","","CEUR Workshop Proceedings","","","","","","","","","","","","","","",""
"ZFK3RVQ5","conferencePaper","2024","Lei, R.; Guo, Y.B.; Guo, W.","BRIDGING DATA GAPS: A FEDERATED LEARNING APPROACH TO HEAT EMISSION PREDICTION IN LASER POWDER BED FUSION","","","","10.1115/MSEC2024-124768","https://www.scopus.com/inward/record.uri?eid=2-s2.0-85203667803&doi=10.1115%2FMSEC2024-124768&partnerID=40&md5=06e7f4dcde42348cda288f06c171091c","Deep learning methods have been widely used and proved effective in defect prediction in Additive Manufacturing (AM) to ensure process stability and part quality. However, the success of deep learning models depends heavily on meticulous training, which usually requires a large homogenous dataset. This poses a challenge for the AM industry where many small- and medium-sized enterprises (SMEs) play a crucial role. On one hand, AM parts are usually customized or one-of-a-kind, and the process settings change frequently, resulting in heterogeneous datasets that usually vary by each print. On the other hand, SMEs are usually constrained by time and budget. As a result, they tend to focus on a limited number of process settings. This often leads to insufficient data collection, making SMEs difficult to properly train deep learning models independently. Therefore, there is a need to learn from the similarities in the physics of AM processes and the defect formation mechanisms, consequently enabling the potential knowledge sharing to learn across different AM scenarios. However, unique challenges in knowledge sharing arise from privacy concerns. Each design or print potentially contains sensitive proprietary information, such as process parameters, part geometries, and quality specifications. Such information may not be shared across different entities within the industry. In this context, Federated Learning (FL) emerges as a promising solution to this data scarcity and privacy challenge. FL is an innovative machine learning method that facilitates collaborative machine learning model training across multiple clients without sharing their locally stored data. In this paper, a FL framework is developed to predict section-wise heat emission, a critical process signature during the Laser Powder Bed Fusion (LPBF) for collaborative knowledge sharing across different manufacturing entities, without direct transfer of sensitive information. The framework learns the relationship between emission readings and their impact on the quality of the printed parts in LPBF across various process parameter scenarios. A Long Short-Term Memory (LSTM) model, tailored with a customized loss function, is developed for each client and trained using their local data respectively. The local models capture the time series properties under the dynamic AM process for each distinct process parameter scenario. The global model aggregates the weights from these individual local models instead of using raw data from each process directly. Three state-of-the-art FL aggregation algorithms (FedAvg, FedProx, and FedAvgM) are employed, and their effectiveness is assessed and compared through a series of experiments. Results show that the FL framework converges fast with a comparable prediction performance, when compared to training local model individually. This work demonstrates the potential of FL-enabled AM modeling and prediction where SMEs can improve their product quality without compromising data privacy. Copyright © 2024 by ASME.","2024","2026-03-10 17:00:15","2026-03-10 17:00:15","","","","","2","","","","","","","","","","","","","Scopus","","","","","","","","federated learning; Data privacy; Inspection; Reliability; LSTM; Cleaning; Access control; Network security; Time series; Formal concept analysis; Energy security; Short term memory; Personnel training; Local model; Budget control; Energy policy; Learn+; Curricula; Data fusion; Knowledge representation; Knowledge acquisition; WSI circuits; additive manufacturing; Heat emission; Laser powders; Powder bed; Small and medium-sized enterprise; Hardware security; Knowledge-sharing; Absorption cooling; Cutting; Distance education; emission; Emission; Film cooling; High temperature operations; High-entropy alloys; Low temperature operations; Medical education; Process parameters; pyrometry; Steam turbines; Stress relief","","","","","","","","","","","","","","","","","","","","","","","","","","","","","","","","Proceedings of ASME 2024 19th International Manufacturing Science and Engineering Conference, MSEC 2024","","","","","","","","","","","","","","",""
"GAECEJZ5","journalArticle","2022","Nasir, J.; Abderrahim, M.; Kothiyal, A.; Dillenbourg, P.","Temporal pathways to learning: How learning emerges in an open-ended collaborative activity.","Computers and Education: Artificial Intelligence","","","10.1016/j.caeai.2022.100093","https://www.scopus.com/inward/record.uri?eid=2-s2.0-85136600063&doi=10.1016%2Fj.caeai.2022.100093&partnerID=40&md5=5851499f834114b2ddccd96dbd107578","The learning process depends on the nature of the learning environment, particularly in the case of open-ended learning environments, where the learning process is considered to be non-linear. In this paper, we report on the findings of employing a multimodal Hidden Markov Model (HMM) based methodology to investigate the temporal learning processes of two types of learners that have learning gains and a type that does not have learning gains in an open-ended collaborative learning activity. Considering log data, speech behavior, affective states and gaze patterns, we find that all learners start from a similar state of non-productivity, but once out of it they are unlikely to fall back into that state, especially in the case of the learners that have learning gains. Those who have learning gains shift between two problem solving strategies, each characterized by both exploratory and reflective actions, as well as demonstrate speech and gaze patterns associated with these strategies, that differ from those who don't have learning gains. Further, the teams that have learning gains also differ between themselves in the manner in which they employ the problem solving strategies over the interaction, as well as in the manner they express negative emotions while exhibiting a particular strategy. These outcomes contribute to understanding the multiple pathways of learning in an open-ended collaborative learning environment, and provide actionable insights for designing effective interventions. © 2022 The Authors","2022","2026-03-10 17:00:16","2026-03-10 17:00:16","","","","","3","","","","","","","","","","","","","Scopus","","","","","","","","Collaborative learning processes; collaborative problem solving; Hidden markov models; Multi-modal learning analytics; Productive engagement; Time-series modelling","","","","","","","","","","","","","","","","","","","","","","","","","","","","","","","","","","","","","","","","","","","","","","",""
"35BLRSHW","journalArticle","2024","","Proceedings - 2024 IEEE Conference on Artificial Intelligence, CAI 2024","Proceedings - 2024 IEEE Conference on Artificial Intelligence, CAI 2024","","","","https://www.scopus.com/inward/record.uri?eid=2-s2.0-85201197797&partnerID=40&md5=94b65797c56d502a815c5cc5c9eca3a3","The proceedings contain 273 papers. The topics discussed include: imitating human joystick control ability using style and content disentanglement; compressed Bayesian federated learning for reliable passive radio sensing in industrial IoT; informed machine learning for optimizing melt spinning processes; an effective ensemble deep learning framework for blood-brain barrier permeability prediction; towards fault-tolerant quadruped locomotion with reinforcement learning; optimizing supply chain risk management: an integrated framework leveraging large language models; a spatiotemporal excitation classifier head for action recognition applications; differentiable hash encoding for physics-informed neural networks; bounded gaussian process with multiple outputs and ensemble combination; and asymmetric source-free unsupervised domain adaptation for medical image diagnosis.","2024","2026-03-10 17:00:59","2026-03-10 17:00:59","","","","","","","","","","","","","","","","","","Scopus","","","","","","","","","","","","","","","","","","","","","","","","","","","","","","","","","","","","","","","","","","","","","","","","","","","","","","",""
"3DHEE87H","journalArticle","2024","","European Conference on Machine Learning and Principles and Practice of Knowledge Discovery in Databases, ECML PKDD 2024","Lecture Notes in Computer Science","","","","https://www.scopus.com/inward/record.uri?eid=2-s2.0-105028424274&partnerID=40&md5=7ff93c4bfa63a1acd554dea3d731d265","The proceedings contain 272 papers. The special focus in this conference is on Machine Learning and Principles and Practice of Knowledge Discovery in Databases. The topics include: Walking Noise: On Layer-Specific Robustness of Neural Architectures Against Noisy Computations and Associated Characteristic Learning Dynamics; KAFÈ: Kernel Aggregation for FEderated; on Suppressing Range of Adaptive Stepsizes of Adam to Improve Generalisation Performance; graph Attention Network with Relational Dynamic Factual Fusion for Knowledge Graph Completion; low-Hanging Fruit: Knowledge Distillation from Noisy Teachers for Open Domain Spoken Language Understanding; the Price of Labelling: A Two-Phase Federated Self-learning Approach; disentangled Representations for Continual Learning: Overcoming Forgetting and Facilitating Knowledge Transfer; on the Calibration of Epistemic Uncertainty: Principles, Paradoxes and Conflictual Loss; improving the Evaluation and Actionability of Explanation Methods for Multivariate Time Series Classification; novel Node Category Detection Under Subpopulation Shift; SynODC: Utilizing the Syntactic Structure for Outlier Detection in Categorical Attributes; FELIX: Automatic and Interpretable Feature Engineering Using LLMs; harnessing Superclasses for Learning from Hierarchical Databases; Approximation Error of Sobolev Regular Functions with Tanh Neural Networks: Theoretical Impact on PINNs; a Theoretically Grounded Extension of Universal Attacks from the Attacker’s Viewpoint; linear Modeling of the Adversarial Noise Space; classifier-Free Graph Diffusion for Molecular Property Targeting; sparse Explanations of Neural Networks Using Pruned Layer-Wise Relevance Propagation; ILPO-NET: Network for the Invariant Recognition of Arbitrary Volumetric Patterns in 3D; deep Domain Isolation and Sample Clustered Federated Learning for Semantic Segmentation; pointer-Guided Pre-training: Infusing Large Language Models with Paragraph-Level Contextual Awareness; cut-Stitch: A Simple and Effective Data Augmentation Method for Industrial Inspection; functional Latent Dynamics for Irregularly Sampled Time Series Forecasting; learning Model Agnostic Explanations via Constraint Programming.","2024","2026-03-10 17:01:59","2026-03-10 17:01:59","","","","","14944 LNAI","","","","","","","","","","","","","Scopus","","","","","","","","","","","","","","","","","","","","","","","","","","","","","","","","","","","","","","","","","","","","","","","","","","","","","","",""