"Key","Item Type","Publication Year","Author","Title","Publication Title","ISBN","ISSN","DOI","Url","Abstract Note","Date","Date Added","Date Modified","Access Date","Pages","Num Pages","Issue","Volume","Number Of Volumes","Journal Abbreviation","Short Title","Series","Series Number","Series Text","Series Title","Publisher","Place","Language","Rights","Type","Archive","Archive Location","Library Catalog","Call Number","Extra","Notes","File Attachments","Link Attachments","Manual Tags","Automatic Tags","Editor","Series Editor","Translator","Contributor","Attorney Agent","Book Author","Cast Member","Commenter","Composer","Cosponsor","Counsel","Interviewer","Producer","Recipient","Reviewed Author","Scriptwriter","Words By","Guest","Number","Edition","Running Time","Scale","Medium","Artwork Size","Filing Date","Application Number","Assignee","Issuing Authority","Country","Meeting Name","Conference Name","Court","References","Reporter","Legal Status","Priority Numbers","Programming Language","Version","System","Code","Code Number","Section","Session","Committee","History","Legislative Body"
"LRVR4TRD","conferencePaper","2025","E. Torba; A. Merdani; E. Sheme","Integrating Digital Twins and Machine Learning for Enhanced Predictive Maintenance, Real-Time Analytics, and Cost Savings: A Review","2025 20th Annual System of Systems Engineering Conference (SoSE)","2835-3161","","10.1109/SoSE66311.2025.11083831","","Digital Twins (DTs) have emerged as a powerful approach for creating virtual representations of physical systems and assets, enabling real-time monitoring, control, and optimization. When combined with Machine Learning (ML), these virtual replicas can unlock new possibilities in predictive maintenance, real-time analytics, and cost-efficient operations across multiple industries. This paper offers an in-depth review of the latest developments in DT-ML integration, with a particular focus on manufacturing, healthcare, and smart city applications. We highlight challenges related to scalability, privacy, and data quality, and we examine how the Internet of Things (IoT) can supply the continuous, high-volume data needed to support ML-driven insights. The discussion also covers typical performance metrics—such as accuracy, latency, and resource savings—and explores ongoing research directions that use edge computing, quantum ML, and multi-agent methods to build more adaptable and sustainable systems.","2025-06-08","2026-03-10 15:03:45","2026-03-10 15:03:45","","1-5","","","","","","","","","","","","","","","","","","","","Journal Abbreviation: 2025 20th Annual System of Systems Engineering Conference (SoSE)","","","","Predictive maintenance; Predictive Maintenance; Costs; Real-time systems; Internet of Things; Machine Learning; Manufacturing; Digital twins; Cost Savings; Digital Twin; Medical services; Quantum computing; Real-Time Analytics; Reviews; Smart cities","","","","","","","","","","","","","","","","","","","","","","","","","","","","","","","","2025 20th Annual System of Systems Engineering Conference (SoSE)","","","","","","","","","","","","","","",""
"KKJMMUJS","conferencePaper","2025","T. Kaur; Ankita; A. Bag; M. Soni; P. K. Gantayat; K. R. Panwar","A Review of Computational Intelligence Approaches for Fault-Tolerant IoT Federated Learning Systems","2025 Second International Conference on Networks and Soft Computing (ICNSoC)","","","10.1109/ICNSoC66817.2025.00029","","The Internet of Engineers (IOE) is poised to revolutionize technology by connecting devices, data and people in unprecedented ways. Federated Learning (FL), an emerging machine learning framework, offers promising solutions to provide privacy, security, and efficiency in IOE systems this paper explores the use of federated learning in IOE, challenges, benefits, and future prospects. From sensors to actuators, the Internet of Things (IOT) is a vast network of networked devices that is essential for areas such as industrial automation, smart cities, and healthcare. However, the distributed and resource-constrained nature of IOT systems makes them vulnerable to various challenges such as hardware inconsistencies, software failures, and communication failures. Fault tolerance is essential for system availability and reliability. Machine learning, fuzzy logic, and neural networks are examples of computational intelligence (CI) techniques that provide flexible and robust fault detection, recovery, and recovery solutions in the context of IOT.","2025-06-12","2026-03-10 15:03:45","2026-03-10 15:03:45","","90-94","","","","","","","","","","","","","","","","","","","","Journal Abbreviation: 2025 Second International Conference on Networks and Soft Computing (ICNSoC)","","","","Federated learning; Training; Data models; Data privacy; Internet of Things; Security; Energy; Fault tolerant systems; Federated; Fuzzy logic; IOT; Learning; Optimization; Technological innovation","","","","","","","","","","","","","","","","","","","","","","","","","","","","","","","","2025 Second International Conference on Networks and Soft Computing (ICNSoC)","","","","","","","","","","","","","","",""
"9NYH4R3J","conferencePaper","2024","M. Asad; S. Otoum; B. Ouni","Federated Learning in Vehicular Networks: A Review of Emerging Trends and Future Directions","2024 IEEE 10th World Forum on Internet of Things (WF-IoT)","2768-1734","","10.1109/WF-IoT62078.2024.10811327","","The integration of Federated Learning (FL) into vehicular networks (VANETs) represents a significant advancement in transportation technologies. This novel, distributed machine learning approach enhances VANETs by utilizing decentralized data, ensuring privacy, and minimizing data transmission burdens. This paper provides a comprehensive review of the emerging trends and future directions of FL in VANETs, highlighting its potential to improve vehicular networking and applications. It extensively addresses critical issues of privacy, security, and incentivization within VANET environments, proposing novel solutions and identifying challenges such as resource allocation, big data management, and balancing communication with computation overheads. By analyzing these aspects in detail and forecasting future trends and applications, this review establishes a foundation for ongoing research and development in this evolving field.","2024-11-10","2026-03-10 15:03:45","2026-03-10 15:03:45","","1-6","","","","","","","","","","","","","","","","","","","","Journal Abbreviation: 2024 IEEE 10th World Forum on Internet of Things (WF-IoT)","","","","Federated learning; Data privacy; Federated Learning; Resource management; Security; Reviews; Technological innovation; Market research; Privacy and Security; Research and development; Transportation; Vehicular ad hoc networks; Vehicular Networking; Vehicular Networks","","","","","","","","","","","","","","","","","","","","","","","","","","","","","","","","2024 IEEE 10th World Forum on Internet of Things (WF-IoT)","","","","","","","","","","","","","","",""
"CHE4HWDX","conferencePaper","2025","M. Godbole; A. Jadhav","AI-Driven Diagnostics and Predictive Maintenance in NPI Service Engineering: A Comprehensive Survey of Methods, Applications, and Future Directions","2025 4th International Conference on Smart Cities, Automation & Intelligent Computing Systems (ICON-SONICS)","","","10.1109/ICON-SONICS67145.2025.11309261","","Artificial intelligence (AI) and machine learning (ML) are increasingly transforming how complex electromechanical products are diagnosed, serviced, and maintained. However, their integration within the New Product Introduction (NPI) phase remains fragmented across design, manufacturing, and service domains. This survey provides a comprehensive overview of AI-driven diagnostics and predictive maintenance frameworks specifically applied in NPI Service Engineering. The study systematically reviews recent literature and industrial implementations to identify core techniques such as data-driven fault detection, digital twins, and physics-informed models, along with their roles in improving fault triage accuracy, mean time to repair (MTTR), and first-time fix rates (FTF). A structured taxonomy is developed to classify methods based on learning paradigms, data sources, and system hierarchy levels. Comparative analysis reveals that hybrid AI models-combining physical modeling with deep learning-offer the highest potential for early anomaly detection and cross-domain integration. Finally, the paper highlights research gaps in dataset standardization, model interpretability, and real-time deployment within field environments, offering a roadmap for future AI-augmented NPI ecosystems.","2025-10-14","2026-03-10 15:03:45","2026-03-10 15:03:45","","101-108","","","","","","","","","","","","","","","","","","","","Journal Abbreviation: 2025 4th International Conference on Smart Cities, Automation & Intelligent Computing Systems (ICON-SONICS)","","","","Federated learning; Predictive maintenance; Federated Learning; Predictive Maintenance; Manufacturing; Digital twins; Surveys; Digital Twin; Reviews; Analytical models; Biological system modeling; Artificial Intelligence (AI); Diagnostics; Explainable AI; Explainable AI (XAI); Machine Learning (ML); New Product Introduction (NPI); Service Engineering; Taxonomy","","","","","","","","","","","","","","","","","","","","","","","","","","","","","","","","2025 4th International Conference on Smart Cities, Automation & Intelligent Computing Systems (ICON-SONICS)","","","","","","","","","","","","","","",""
"BZCCDXBT","conferencePaper","2024","G. Janaki; D. Umanandhini","Federated Learning Approaches for Decentralized Data Processing in Edge Computing","2024 5th International Conference on Smart Electronics and Communication (ICOSEC)","","","10.1109/ICOSEC61587.2024.10722731","","Federated Learning (FL) has evolved into a decentralized Machine Learning (ML) paradigm with a high potential for enabling model training across various Edge Devices (ED) to conserve data privacy. This survey explores the challenges and future directions of implementing FL in edge computing environments. This Comprehensive review addresses key technical challenges, including the heterogeneity of edge devices, resource constraints, security and privacy concerns, and communication overhead. To guide future research, this study highlights several promising research directions, including advanced model aggregation techniques, edge device optimization, cross-domain federated learning applications, robust security and privacy frameworks, and regulatory compliance. Additionally, This study reviews various Federated Learning methods-such as Federated Averaging (FedAvg), Federated Learning with Secure Aggregation (FedSecAgg), Hierarchical Federated Learning, and Peer-to-Peer Federated Learning-discussing their strengths, weaknesses, and suitable use cases. Finally, this review paper presents benchmarking results using standard datasets and performance metrics, comparing these approaches’ efficiency, accuracy, scalability, and privacy preservation. This systematic review renders a broad perspective on the current trends and developments in federated Learning for edge computing, this analysis enlightenments researchers and Professionals with practical experience.","2024-09-18","2026-03-10 15:03:45","2026-03-10 15:03:45","","513-519","","","","","","","","","","","","","","","","","","","","Journal Abbreviation: 2024 5th International Conference on Smart Electronics and Communication (ICOSEC)","","","","Federated learning; Data privacy; Federated Learning; Edge Computing; Data Privacy; Surveys; Computational modeling; Security; Scalability; Benchmark testing; Optimization; Communication Efficiency; Distributed Machine Learning; Edge computing; Electric potential; Healthcare Data Analysis; IoT Networks; Resource Constraints; Smart Cities; Urban areas","","","","","","","","","","","","","","","","","","","","","","","","","","","","","","","","2024 5th International Conference on Smart Electronics and Communication (ICOSEC)","","","","","","","","","","","","","","",""
"7A94KBNM","conferencePaper","2025","M. Srbinovska; Z. Kokolanski; V. Dimcev; D. Taskovski; M. M. Dimitrovska; M. C. Krstevska","Integrating Digital Twins and Machine Learning in Industry 4.0: State of the Art and Research Perspectives","2025 33rd Telecommunications Forum (TELFOR)","2994-5828","","10.1109/TELFOR67910.2025.11314446","","Digital Twin (DT) technology is a key enabler of Industry 4.0, combining sensor data and simulations for monitoring, optimization, and decision-making. Physics-based DTs offer interpretability but are computationally intensive, while machine learning (ML) adds adaptability yet often lacks transparency and generalization. Their convergence, especially via hybrid or physics-informed frameworks, enables accurate and efficient digital representations of industrial processes. Applications already include predictive maintenance, energy optimization, and fault detection, though challenges in data scarcity, real-time performance, interpretability, and standardization persist. This paper reviews the state of the art in ML-enhanced DTs, highlights research gaps, and outlines directions for robust, explainable, and sustainable solutions.","2025-11-25","2026-03-10 15:03:45","2026-03-10 15:03:45","","1-4","","","","","","","","","","","","","","","","","","","","Journal Abbreviation: 2025 33rd Telecommunications Forum (TELFOR)","","","","Predictive maintenance; Predictive Maintenance; Standardization; Real-time systems; Predictive models; Machine Learning; Fourth Industrial Revolution; Industry 4.0; Digital twins; Digital Twin; Reviews; Optimization; Machine learning; Industrial Processes; PhysicsInformed Models; Process Optimization; Telecommunications","","","","","","","","","","","","","","","","","","","","","","","","","","","","","","","","2025 33rd Telecommunications Forum (TELFOR)","","","","","","","","","","","","","","",""
"TFBKYTSX","conferencePaper","2025","T. Amraoui; S. Meradi; A. Amrane","Machine Learning for Predictive Maintenance of Electrical Machines: A Review","2025 International Conference on Intelligent Computer Systems, Data Science and Applications (IC2SDA)","","","10.1109/IC2SDA68097.2025.11331563","","Predictive maintenance (PdM) of electrical machines has emerged as a critical research domain at the intersection of machine learning, electrical engineering, and Industry 4.0 technologies. This comprehensive literature review analyzes 131 peer-reviewed sources published between 2021 and 2025, synthesizing the latest advances in machine learning techniques for fault detection, diagnosis, and prognosis in electrical machines. The review reveals significant progress in hybrid deep learning architectures, with CNN-LSTM models achieving accuracies of $94-99 \%$, while transformer-based approaches demonstrate 95-99% accuracy for complex fault patterns. Multi-modal sensor fusion combining vibration, current signature analysis, and thermal data has become the predominant approach, with $\mathbf{4 5 \%}$ of studies focusing on bearing faults, $\mathbf{2 5 \%}$ on stator winding issues, and 15 % on rotor imbalance. The integration of IoT-edge computing architectures and digital twin technologies represents a paradigm shift toward real-time, distributed predictive maintenance systems. Key challenges identified include data heterogeneity, model interpretability, and industrial deployment scalability. This review establishes a comprehensive framework for understanding current methodologies and identifies critical research gaps in federated learning, self-supervised approaches, and energy efficiency optimization for sustainable industrial operations.","2025-11-03","2026-03-10 15:03:45","2026-03-10 15:03:45","","1-8","","","","","","","","","","","","","","","","","","","","Journal Abbreviation: 2025 International Conference on Intelligent Computer Systems, Data Science and Applications (IC2SDA)","","","","Predictive maintenance; Data models; Predictive Maintenance; Accuracy; Vibrations; Computer architecture; IoT; Machine Learning; Fault Detection; Fault detection; Computational modeling; Transformers; Deep Learning; Systematic literature review; Electrical Machines; Thermal sensors","","","","","","","","","","","","","","","","","","","","","","","","","","","","","","","","2025 International Conference on Intelligent Computer Systems, Data Science and Applications (IC2SDA)","","","","","","","","","","","","","","",""
"4FI26BFT","journalArticle","2025","D. Guidotti; L. Pandolfo; L. Pulina","A Systematic Literature Review of Supervised Machine Learning Techniques for Predictive Maintenance in Industry 4.0","IEEE Access","","2169-3536","10.1109/ACCESS.2025.3578686","","Industry 4.0 has driven a paradigm shift in manufacturing, pushing industries to adopt innovative technologies for more efficient decision-making. A key component of this revolution is predictive maintenance, which plays a central role in this transformation by leveraging, among others methods, supervised machine learning techniques to anticipate equipment failures, optimise maintenance schedules, and enhance operational efficiency. This study presents a Systematic Literature Review (SLR) of 216 peer-reviewed papers published between 2019 and 2024, analysing the adoption of supervised machine learning techniques for predictive maintenance in various industrial domains, including manufacturing, machinery, energy, and smart systems. Unlike previous SLRs that broadly examine ML applications, this review provides a structured taxonomy of predictive maintenance methods, highlighting their domain-specific usage and prevalence in safety-critical industries. Additionally, we analyse the types of datasets used, revealing a strong preference for real-world data but limited public availability, which poses challenges for reproducibility and benchmarking. This study identifies key trends in ML adoption and offers insights into future research directions, thereby reinforcing the need for open datasets, explainable AI, and cross-domain generalization.","2025","2026-03-10 15:03:45","2026-03-10 15:03:45","","102479-102504","","","13","","IEEE Access","","","","","","","","","","","","","","","","","","","Artificial intelligence; Industries; Predictive maintenance; Data models; Maintenance; Real-time systems; Fourth Industrial Revolution; predictive maintenance; Computational modeling; Supervised learning; Machine learning; Market research; industry 4.0; supervised machine learning","","","","","","","","","","","","","","","","","","","","","","","","","","","","","","","","","","","","","","","","","","","","","","",""
"AF4PXENU","conferencePaper","2025","M. S. V. Romo; C. Tripp-Barba; X. C. Hinojosa; P. Barbecho; L. Urquiza-Aguiar","A Systematic Review of Ml in Its: a Taxonomy From Traditional Models to Federated Learning","2025 IEEE Technology and Engineering Management Society (TEMSCON LATAM)","","","10.1109/TEMSCONLATAM65810.2025.11238690","","Intelligent Transport Systems (ITS) have advanced significantly with the incorporation of machine learning (ML), enhancing vehicular operations, traffic management, and user-centric services. In this study, we present a systematic literature review (SLR) of recent ITS proposals, examining both traditional ML-based applications and those leveraging federated learning (FL). We categorize these applications into three functional areas-road, vehicle, and user-and further distinguish them as “system” (focusing on architectural and operational details) or “model” (emphasizing algorithmic and computational aspects). Additionally, we analyze existing FL-based ITS frameworks, highlighting their architectural choices. This taxonomy clarifies each subdomain's requirements, while the descriptive architectural analysis serves as a basis for evaluating potential transitions from centralized ML to federated approaches.","2025-06-18","2026-03-10 15:03:45","2026-03-10 15:03:45","","1-8","","","","","","","","","","","","","","","","","","","","Journal Abbreviation: 2025 IEEE Technology and Engineering Management Society (TEMSCON LATAM)","","","","Federated learning; Federated Learning; Machine Learning; Adaptation models; Standards; Computational modeling; Supervised learning; Unsupervised learning; Roads; Taxonomy; Systematic literature review; Applications; Intelligent Transport Systems; Supervised Learning; Systems architecture; Unsupervised Learning","","","","","","","","","","","","","","","","","","","","","","","","","","","","","","","","2025 IEEE Technology and Engineering Management Society (TEMSCON LATAM)","","","","","","","","","","","","","","",""
"UCU7Z5GI","conferencePaper","2026","M. Pietri; M. Martinelli; F. Turazza; G. Bertacchini; M. Picone; M. Mamei","Digital Twins and Federated Learning in Industrial IoT: Worker-Centric Safety Perspectives","2026 IEEE 23rd Consumer Communications & Networking Conference (CCNC)","2331-9860","","10.1109/CCNC65079.2026.11366326","","This paper surveys the integration of Digital Twins (DT) and Federated Learning (FL) in Industrial IoT (IIoT), highlighting opportunities for real-time monitoring, predictive analytics and distributed intelligence. We review state-of-the-art approaches, identify technological and methodological challenges and discuss how DT and FL can be jointly leveraged to support secure, resilient and adaptive industrial operations. Beyond the classical focus on assets and processes, we extend the analysis to Vulnerable Road Users (VRUs) and show how this concept can be transposed into industrial contexts, where workers and operators act as VRUs inside plants, warehouses, and construction sites. In this perspective, DTs combined with FL can provide simulation-driven insights for worker-centric safety, enabling risk prediction, proactive protection and safer coordination between humans, machines and autonomous systems.","2026-01-09","2026-03-10 15:03:45","2026-03-10 15:42:10","","1-6","","","","","","","","","","","","","","","","","","","","Journal Abbreviation: 2026 IEEE 23rd Consumer Communications & Networking Conference (CCNC)","","","","Federated learning; Federated Learning; Real-time systems; IoT; Industrial Internet of Things; Digital twins; Privacy; Surveys; Digital Twin; Reviews; Scalability; Roads; Industrial IoT; Protection; VRU","","","","","","","","","","","","","","","","","","","","","","","","","","","","","","","","2026 IEEE 23rd Consumer Communications & Networking Conference (CCNC)","","","","","","","","","","","","","","",""
"2S4346F4","conferencePaper","2024","T. Blumauer-Hiessl; A. Fessl; G. Breitfuss; D. Schall; S. Schulte","Federated Learning Solution Blueprints for Use Cases Surveyed in Austrian Industries","2024 26th International Conference on Business Informatics (CBI)","2378-1971","","10.1109/CBI62504.2024.00019","","Federated Learning (FL) holds immense potential for transforming the industrial landscape by leveraging distributed data to solve Artificial Intelligence (AI) use cases with collectively trained models in a privacy-preserving way. In this regard, Industrial FL (IFL) arose as a collaborative approach for training AI models between multiple industry partners and devices without the need to share the actual training data. However, despite its promising prospects, the transition and successful implementation of FL in practice is currently lagging behind, posing challenges for industrial companies. To address this, it is of crucial relevance to analyze different business types and involved stakeholders to be able to design FL-based solutions tailored to the industries needs. This paper presents the results of 13 semi-structured interviews conducted in Austrian industries, involving 11 companies from different domains. We identify AI applications, pain points, and attitudes towards AI and FL. Based on the interviews, three industry personas are derived, namely, service business, production optimization, and complex product and project business. To address the needs of these personas, three collaborative FL solution blueprints are proposed. The blueprints include system architectures, implementation steps, and collaboration modes for the involved parties. The blueprints are discussed based on dimensions such as FL paradigm, collaboration mode, key benefits, main addressed needs, and challenges.","2024-09-09","2026-03-10 15:04:17","2026-03-10 15:04:17","","80-89","","","","","","","","","","","","","","","","","","","","Journal Abbreviation: 2024 26th International Conference on Business Informatics (CBI)","","","","Artificial intelligence; Industries; Federated Learning; Collaboration; Production; Optimization; Companies; Systems architecture; Business; Interview Study; Interviews; Pain","","","","","","","","","","","","","","","","","","","","","","","","","","","","","","","","2024 26th International Conference on Business Informatics (CBI)","","","","","","","","","","","","","","",""
"VI7JX8AI","conferencePaper","2024","S. Gupta; K. C. Purohit","Revolutionizing Mobility: A comprehensive Review of Vehicular Communication Networks","2024 International Conference on Intelligent Computing and Sustainable Innovations in Technology (IC-SIT)","","","10.1109/IC-SIT63503.2024.10862051","","Vehicular communication networks (VCNs) are often referred to V2X communication and are crucial for addressing traffic related issues, interoperability issues and reliability issues such as high speed, connectivity in the near future as the automotive industry experiences a revolutionary transition towards connected and autonomous vehicles. This extensive overview delves into the latest developments, difficulties, and possible uses in the field of VCNs. In addition, the study looks into how VCNs are being integrated with cutting-edge technologies like ML and AI to provide improved traffic management, predictive maintenance, and intelligent decision-making processes.","2024-11-21","2026-03-10 15:04:17","2026-03-10 15:04:17","","1-5","","","","","","","","","","","","","","","","","","","","Journal Abbreviation: 2024 International Conference on Intelligent Computing and Sustainable Innovations in Technology (IC-SIT)","","","","Industries; Predictive maintenance; Deep learning; machine learning; Reviews; Technological innovation; Reliability; Machine learning algorithms; Communication networks; deep learning; Interoperability; Vehicle-to-everything; vehicular communication","","","","","","","","","","","","","","","","","","","","","","","","","","","","","","","","2024 International Conference on Intelligent Computing and Sustainable Innovations in Technology (IC-SIT)","","","","","","","","","","","","","","",""
"GGB9BZMA","conferencePaper","2025","I. Wahyuningsih; L. Yuniar Banowosari; Prihandoko; E. Bahar","Development of a Machine Learning Framework for Vibration Analyzers in Rotating Machinery Based on the Internet of Things: A Systematic Literature Review","2025 Tenth International Conference on Informatics and Computing (ICIC)","","","10.1109/ICIC68054.2025.11309481","","This systematic literature review (SLR) investigates the development and implementation of machine learning (ML) frameworks for vibration analyzers in rotating machinery, emphasizing integration with Internet of Things (IoT) technology. Rotating machinery plays a critical role in industrial systems, where early detection of faults through vibration monitoring can prevent severe equipment failure. Combining IoT for real-time data acquisition and ML for automated analysis offers promising results. This review adopts the PRISMA methodology and the PICOC framework to analyze 30 peer-reviewed articles published between 2015 and 2024. Key findings reveal the frequent use of supervised learning models such as Support Vector Machines (SVM), Convolutional Neural Networks (CNN), and Random Forests, with sensor platforms like MEMS accelerometers deployed on IoT edge devices. The most common challenges include noise interference, data imbalance, real-time processing, and limited availability of labeled datasets. Importantly, this study identifies a research gap in the lack of standardized frameworks that integrate ML algorithms with IoT architectures for vibration-based predictive maintenance. The novelty of this work lies in systematically mapping existing approaches, highlighting limitations across methods, and outlining clear future research directions including lightweight deep learning models, advanced feature engineering, and hybrid edge-cloud architectures. This contribution extends beyond descriptive synthesis by critically positioning current research within Industry 4.0 needs and offering a structured foundation for researchers and practitioners aiming to enhance predictive maintenance systems using smart vibration analysis.","2025-10-09","2026-03-10 15:04:18","2026-03-10 15:42:14","","1-6","","","","","","","","","","","","","","","","","","","","Journal Abbreviation: 2025 Tenth International Conference on Informatics and Computing (ICIC)","","","","Predictive maintenance; Real-time systems; Convolutional neural networks; Vibrations; Computer architecture; Internet of Things; predictive maintenance; Computational modeling; machine learning; Systematic literature review; Transfer learning; Machinery; Rotating machinery; vibration analysis","","","","","","","","","","","","","","","","","","","","","","","","","","","","","","","","2025 Tenth International Conference on Informatics and Computing (ICIC)","","","","","","","","","","","","","","",""
"29R3EJVK","conferencePaper","2025","M. Danane; Y. Rochdi; A. El Ouadi","Tiny Machine Learning for Maintenance Applications: A Systematic Literature Review and Optimization Perspectives","2025 11th International Conference on Optimization and Applications (ICOA)","2768-6388","","10.1109/ICOA66896.2025.11236910","","Industry 4.0 has revolutionized maintenance strategies and has brought predictive maintenance (PdM), powered by machine learning, into the limelight as a key technology for operational efficiency. However, the conventional cloud-based ML technology does not come without challenges such as communication delays, operational costs, and energy consumption. Tiny Machine Learning (TinyML) is an optimized implementation for machine learning computation on constrained devices distributed at the edge of the network. This paper contributes a full systematic literature review on TinyML applications in maintenance, with a focus on existing methods and potential optimizations. We reviewed 38 original articles from the Scopus, ScienceDirect, and Web of Science using the PRISMA technique. As a result, CNNs are the leader in this domain, with work largely focused on the vibrational and visual data to detect faults in rotation machineries, solar panels, and infrastructure systems. The optimal challenges are the model size, power efficiency, and environmental adaptability. We discuss the open research issues such as the online learning capability, automatic TinyML framework, multisensor integration, and distributed learning strategy. This comprehensive review offers researchers and industrial users an overview of TinyML to develop autonomous, robust, and energy-efficient maintenance systems.","2025-10-16","2026-03-10 15:04:18","2026-03-10 15:04:18","","1-6","","","","","","","","","","","","","","","","","","","","Journal Abbreviation: 2025 11th International Conference on Optimization and Applications (ICOA)","","","","Predictive maintenance; Predictive Maintenance; Costs; Maintenance; Fault diagnosis; Edge Computing; Adaptation models; Optimization; Fault Diagnosis; Systematic literature review; Energy efficiency; Machinery; Systematic Literature Review; Tiny machine learning; TinyML","","","","","","","","","","","","","","","","","","","","","","","","","","","","","","","","2025 11th International Conference on Optimization and Applications (ICOA)","","","","","","","","","","","","","","",""
"6ITNPVPN","conferencePaper","2025","A. Dooley; W. O’Brien; M. Penica; F. Boyle; S. McGrath; E. O’Connell","Digital Twins in Manufacturing: Analysis of Challenges, Successes, and Future Advances","2025 IEEE PES/IAS PowerAfrica","","","10.1109/PowerAfrica65840.2025.11289141","","Digital twins (DTs) are transforming the manufacturing sector by enabling real-time monitoring, predictive maintenance, and process optimization. This paper systematically reviews the ten most cited research papers on digital twins in manufacturing, identifying key themes, successes, challenges, and future research directions. While rooted in the manufacturing domain, the findings reveal insights highly transferable to renewable energy and power systems—particularly in areas such as data-driven decision-making, AIdriven predictive modelling, and cyber-physical system integration. Notably, the technologies and methodologies explored—such as real-time data synchronization, simulation-based planning, and AI-enhanced analytics—can support smart grid optimization, renewable energy forecasting, and infrastructure resilience. The paper advocates for greater crosssector adoption of digital twin frameworks, particularly in energy system planning, energy efficiency strategies, and sustainability-driven innovation. This positions digital twins as not only pivotal for Industry 4.0 but also as enablers of the global transition toward secure, efficient, and intelligent energy ecosystems.","2025-10-28","2026-03-10 15:04:18","2026-03-10 15:42:14","","1-6","","","","","","","","","","","","","","","","","","","","Journal Abbreviation: 2025 IEEE PES/IAS PowerAfrica","","","","Predictive maintenance; Predictive Maintenance; Real-time systems; Fourth Industrial Revolution; Industry 4.0; Digital twins; Digital Twins; Synchronization; Smart grids; Optimization; Technological innovation; Forecasting; Planning; Renewable Energy; Smart Grids.a","","","","","","","","","","","","","","","","","","","","","","","","","","","","","","","","2025 IEEE PES/IAS PowerAfrica","","","","","","","","","","","","","","",""
"RJDVBXCT","conferencePaper","2025","H. Shahinzadeh; F. Ebrahimi; A. Nourbakhsh; M. Bagheri; A. Zamani; F. Afzoon","Applications of Pattern Recognition and Computer Vision in Smart Grid Data Management Using Machine Learning","2025 7th International Conference on Pattern Recognition and Image Analysis (IPRIA)","2837-8636","","10.1109/IPRIA68579.2025.11263522","","The rapid digitalization of smart grids has led to an exponential increase in heterogeneous data, encompassing real-time sensor streams, advanced metering infrastructure, and high-resolution visual inspection records. Efficient management and intelligent utilization of this data are critical to ensuring grid reliability, operational security, and long-term sustainability. Recent advances in pattern recognition, computer vision, and machine learning have introduced powerful tools to address the challenges associated with big data in modern power systems. This paper provides a comprehensive review of the integration of these techniques for smart grid data management. First, the structural architecture and data landscape of smart grids are outlined, establishing the foundation for advanced analytics. Next, the principles of pattern recognition and computer vision are examined, emphasizing their role as enabling technologies. Special attention is given to machine learning methods—including clustering, neural networks, and deep learning—that support anomaly detection, predictive maintenance, and load forecasting. Furthermore, applications of computer vision in automated visual inspections, UAV-based monitoring, and security surveillance are discussed, demonstrating the growing synergy between visual analytics and intelligent learning models. Finally, critical challenges such as data privacy, computational scalability, and real-time processing constraints are analyzed, along with emerging opportunities arising from edge computing, explainable AI, and hybrid ML–CV frameworks. The review concludes that the convergence of pattern recognition, computer vision, and machine learning is essential for enhancing smart grid resilience, sustainability, and autonomous decision-making capabilities.","2025-09-24","2026-03-10 15:04:18","2026-03-10 15:04:18","","1-9","","","","","","","","","","","","","","","","","","","","Journal Abbreviation: 2025 7th International Conference on Pattern Recognition and Image Analysis (IPRIA)","","","","Predictive maintenance; Predictive Maintenance; Edge Computing; Machine Learning; Sustainable development; Anomaly detection; Anomaly Detection; Security; Smart grids; Inspection; Deep Learning; Computer vision; Computer Vision; Data Management; Load forecasting; Load Forecasting; Pattern recognition; Pattern Recognition; Smart Grid; Visual analytics; Visual Analytics","","","","","","","","","","","","","","","","","","","","","","","","","","","","","","","","2025 7th International Conference on Pattern Recognition and Image Analysis (IPRIA)","","","","","","","","","","","","","","",""
"7MUS2A7T","journalArticle","2025","G. S. Hukkeri; R. H. Goudar; G. M. Dhananjaya; V. N. Rathod; S. Ankalaki","A Comprehensive Survey on Split-Fed Learning: Methods, Innovations, and Future Directions","IEEE Access","","2169-3536","10.1109/ACCESS.2025.3547641","","In this work we presented Split-Fed Learning (SFL), a new framework that combines the concepts of Federated Learning (FL) and Split Learning (SL), to provide privacy-aware and scalable training of machine learning models in settings with distributed data. With organizations needing more and more to take advantage of decentralized data sources without compromising on security, the potential of using SFL becomes more apparent. We identified studies that assess SFL’s performance against FL (both conventional and naive techniques) and SL on several datasets. Experimental results in many research shows that SFL can reduce the communication overhead and training time by a large margin while achieving a competitive accuracy of final model. In contrast, SFL delivered 30% better training speed and 15% accuracy than baseline models particularly for non-IID data distributions challenges. Lastly, a thorough breakdown of the SFL architecture explains its novelty for separating model training between clients and servers with respect to model partitioning. Hence, this optimization not only improves the efficiency of resource utilization but also boosts the resiliency of learning process against data heterogeneity. These results demonstrate the potential of SFL as a scalable and efficient approach to privacy-preserving machine learning, providing an alternative solution to recent challenges faced by organizations that deal with sensitive data. This is the first paper establishing such type of literature for SFL, representing an initial step toward a theoretical background for future research for implementing distributed learning frameworks and next towards practical usage scenarios on testing SFL.","2025","2026-03-10 15:04:18","2026-03-10 15:04:18","","46312-46333","","","13","","IEEE Access","","","","","","","","","","","","","","","","","","","Federated learning; Training; Data models; Predictive models; Computer architecture; Servers; Privacy; Computational modeling; machine learning; Security; distributed processing; Organizations; split learning; split-fed learning","","","","","","","","","","","","","","","","","","","","","","","","","","","","","","","","","","","","","","","","","","","","","","",""
"U5SG36LW","conferencePaper","2025","R. Elsayed; M. I. Ismail; A. F. Ashour; H. A. Sakr; M. I. Ibrahem; M. M. Fouda","A Review of Smart Building Management Systems: CPS Applications for Energy-Efficient Monitoring and Control","2025 3rd International Conference on Artificial Intelligence, Blockchain, and Internet of Things (AIBThings)","","","10.1109/AIBThings66987.2025.11296174","","Cyber-physical Systems (CPS) are increasingly utilized by Smart Building Management Systems (SBMS) to achieve intelligent, energy-efficient operations. The significant energy footprint of buildings (approximately 40% of worldwide energy use) and the desire to improve sustainability without compromising occupant comfort are the primary drivers of this movement. However, complicated cybersecurity issues are also brought about by the close integration of Internet of Things (IoT) sensors, automated controls, and networked management. In this study, we provide a comprehensive examination of CPS-based smart building monitoring and control technologies, exploring how state-of-the-art sensors, data analytics, and Artificial Intelligence (AI)-powered decision engines are utilized to enhance responsiveness and energy efficiency. We present a comparison between contemporary CPS-enabled SBMS and conventional building management systems, emphasizing the enhancements in security, flexibility, and energy efficiency. A thorough analysis of energy optimization processes demonstrates how machine learning algorithms and feedback loops may dynamically strike a balance between efficiency and comfort. We also examine new security models being developed to defend these cyber-physical infrastructures against attacks. This survey is unique because it comprehensively covers recent CPS developments and identifies emerging trends that will influence next-generation smart building management, including blockchain, Decentralized Autonomous Organization (DAO)based decentralized management architectures, and federated learning for collaborative optimization. In addition to outlining substantial obstacles and future research opportunities, our findings highlight the crucial role that CPS plays in enabling safe, self-sufficient, and sustainable buildings.","2025-09-06","2026-03-10 15:04:18","2026-03-10 15:04:18","","1-6","","","","","","","","","","","","","","","","","","","","Journal Abbreviation: 2025 3rd International Conference on Artificial Intelligence, Blockchain, and Internet of Things (AIBThings)","","","","federated learning; Federated learning; Blockchains; Internet of Things; IoT; Monitoring; Sustainable development; machine learning; Optimization; digital twin; cyber-physical systems; Energy efficiency; Computer security; Smart buildings; automation; cybersecurity; energy efficiency; Intelligent sensors; Smart building management","","","","","","","","","","","","","","","","","","","","","","","","","","","","","","","","2025 3rd International Conference on Artificial Intelligence, Blockchain, and Internet of Things (AIBThings)","","","","","","","","","","","","","","",""
"LDZSU9HX","conferencePaper","2024","S. Gupta; V. Kumar","Integrating Deep Learning, Machine Learning, AI, IoT and Data Science for Future Innovations","2024 4th International Conference on Soft Computing for Security Applications (ICSCSA)","","","10.1109/ICSCSA64454.2024.00033","","Machine Learning (ML), Deep Learning (DL), Internet of Things (IoT), Artificial Intelligence (AI) and Data Science are integrated to create innovative solutions that are powering industries today like never before. This paper reviews these technologies and how they can work together to transform industries like healthcare, finance, and manufacturing, as well as the immensely important space of smart cities. With ML and DL-driven analytics for predictions, IoT-based real-time data capture mechanisms, AI making informed decisions along data science generating insights from the data makes organizations efficient in every aspect as well as reliable and innovative. Some example applications are predictive maintenance in manufacturing, personalized medicine in healthcare, algorithmic trading in finance and the development of smart/sustainable urban environments. While these potboilers offer a hopeful advantage, they also come with some hurdles, data privacy/security, integration complexity and the need for high-end technical skills being the topmost. In this manuscript, some case studies of success are highlighted in the belonging field and discuss the challenges for incorporation today along with future directions for seamless integration aimed at promoting even greater innovation.","2024-09-24","2026-03-10 15:04:18","2026-03-10 15:04:18","","162-167","","","","","","","","","","","","","","","","","","","","Journal Abbreviation: 2024 4th International Conference on Soft Computing for Security Applications (ICSCSA)","","","","Industries; Real-time systems; Internet of Things; Manufacturing; Deep learning; Security; Medical services; Technological innovation; Predictive Analytics; Data science; AI (Artificial Intelligence); Finance; Intelligent Decision-Making; IoT (Internet of Things); Real-Time Data Collection","","","","","","","","","","","","","","","","","","","","","","","","","","","","","","","","2024 4th International Conference on Soft Computing for Security Applications (ICSCSA)","","","","","","","","","","","","","","",""
"2V5LSQ56","conferencePaper","2025","S. Sen; L. Chauhan","Predictive Analytics using Geolocation in Logistics: A Review","2025 Global Conference on Information Technology and Communication Networks (GITCON)","","","10.1109/GITCON65266.2025.11376703","","Geolocation-based predictive analytics is revolutionizing logistics by merging real-time spatial intelligence with advanced forecasting models to enable smarter, faster, and more adaptive decision-making. This review synthesizes key technologies—such as GPS, RFID, UAVs, and IoT—that underpin this transformation, and explores how they integrate with machine learning, edge computing, blockchain, and big data platforms. We examine predictive modeling techniques applied to demand forecasting, dynamic routing, fleet maintenance, and anomaly detection. Sector-specific applications in commercial freight, cold chain logistics, and military supply chains are highlighted to demonstrate practical value. Emerging paradigms, including digital twins, federated learning, and explainable AI, are discussed as critical enablers for secure, scalable, and privacy-aware logistics infrastructures. The paper concludes by identifying persistent challenges such as data quality, system interoperability, and model interpretability—offering a roadmap for future research and implementation. This comprehensive review underscores the need for integrated, resilient, and data-driven logistics systems capable of operating at scale in dynamic environments.","2025-08-29","2026-03-10 15:04:18","2026-03-10 15:04:18","","1-6","","","","","","","","","","","","","","","","","","","","Journal Abbreviation: 2025 Global Conference on Information Technology and Communication Networks (GITCON)","","","","Data models; Real-time systems; Predictive models; IoT; Digital twins; edge computing; Computational modeling; machine learning; Predictive analytics; Reviews; Edge computing; digital twins; geolocation; Geology; logistics; Radiofrequency identification","","","","","","","","","","","","","","","","","","","","","","","","","","","","","","","","2025 Global Conference on Information Technology and Communication Networks (GITCON)","","","","","","","","","","","","","","",""
"SAKCJMNN","conferencePaper","2025","P. Jayasri; R. Jeya; V. Saritha","Service Provisioning and Data Management in IIoT using Improved Bi-LSTM: A Comprehensive Review","2025 3rd International Conference on Sustainable Computing and Data Communication Systems (ICSCDS)","","","10.1109/ICSCDS65426.2025.11167279","","With the advancement of technology, the industries are developing the internet of things with numerous applications to work with heterogeneous groups of devices and creating the Industrial Internet of Things (IIoT) communication environment. Almost every productive service in IIoT is firmly related to the operations of production control and requires better Distributed Communication networks (DCN) needs support for information exchange with minimum delay. Currently deep learning is occupying an important role in the paradigm of machine learning which enables the collaborative learning of the models in the distributed communication environment. This paper will study and provide various possibilities in order to fulfill the requirements among IIoT environment such as uninterrupted communication among the equipment and employees with low delay and reduced communication cost. The main service prediction in the IIoT can be processed with a trending method which is popular Improved Bidirectional Long Short-term memory (IBiLSTM) included framework which makes ease of providing the services with the high-quality data nodes in the existing IIoT environment also there is a need for Data management in the environment that could be achieved by the deep learning methods.","2025-08-06","2026-03-10 15:04:37","2026-03-10 15:42:17","","456-465","","","","","","","","","","","","","","","","","","","","Journal Abbreviation: 2025 3rd International Conference on Sustainable Computing and Data Communication Systems (ICSCDS)","","","","Federated learning; Training; Predictive models; Industrial Internet of Things; Adaptation models; Deep learning; Long short term memory; Reviews; Communication networks; Delays; Distributed Communication networks; Improved Bi-Directional Long and Short -Term Memory","","","","","","","","","","","","","","","","","","","","","","","","","","","","","","","","2025 3rd International Conference on Sustainable Computing and Data Communication Systems (ICSCDS)","","","","","","","","","","","","","","",""
"2FK67GZN","conferencePaper","2024","A. Joshi; V. Kumar; N. Chauhan; A. Kumar; R. K. Singh","The Intersection of AI, ML, and Industry: A Review of Emerging Trends in Real-World Applications","2024 4th International Conference on Advancement in Electronics & Communication Engineering (AECE)","","","10.1109/AECE62803.2024.10911386","","Machine learning (ML) and artificial intelligence (AI) are transforming a number of industries, spurring creativity, and improving productivity. This review article examines the new developments at the nexus of industry, artificial intelligence, and machine learning. It offers a thorough rundown of current developments and real-world uses. We demonstrate how artificial intelligence (AI) and machine learning (ML) are being incorporated into industrial processes to solve complex problems and enhance operational workflows by looking at important industries including healthcare, banking, manufacturing, retail, and transportation. We highlight the revolutionary power of these technologies, talk about the difficulties and moral issues, and suggest future paths for study and development through in-depth case studies and practical examples.","2024-11-22","2026-03-10 15:04:38","2026-03-10 15:04:38","","769-773","","","","","","","","","","","","","","","","","","","","Journal Abbreviation: 2024 4th International Conference on Advancement in Electronics & Communication Engineering (AECE)","","","","Artificial intelligence; Ethics; Industries; Machine Learning; Manufacturing; Artificial Intelligence; Medical services; Reviews; Market research; Transportation; Transforms; Productivity; Finance; Emerging Trends; Healthcare; Industry; Real-World Applications; Retail","","","","","","","","","","","","","","","","","","","","","","","","","","","","","","","","2024 4th International Conference on Advancement in Electronics & Communication Engineering (AECE)","","","","","","","","","","","","","","",""
"GFRDMESE","journalArticle","2024","R. Tallat; A. Hawbani; X. Wang; A. Al-Dubai; L. Zhao; Z. Liu; G. Min; A. Y. Zomaya; S. Hamood Alsamhi","Navigating Industry 5.0: A Survey of Key Enabling Technologies, Trends, Challenges, and Opportunities","IEEE Communications Surveys & Tutorials","","1553-877X","10.1109/COMST.2023.3329472","","This century has been a major avenue for revolutionary changes in technology and industry. Industries have transitioned towards intelligent automation, relying less on human intervention, resulting in the fourth industrial revolution, Industry 4.0. That is why IoT has been the researcher’s arena for quite some time. With Industry 4.0 still in motion, the world is on the verge of the  $5^{\textit {th}}$  industrial revolution, a relatively new concept with many unclear opinions regarding its potential benefits, challenges, opportunities, trends, and impact on society. There is a dire need for a broader and more critical perspective. This research paints a bigger picture of “What is happening?” and “What to expect?” during the transition phase of Industry 5.0. In this comprehensive review, we have addressed the state-of-the-art practices in Industry 4.0 and the transitional phase of Industry 5.0. We have highlighted the most promising key enabling technologies, trends, research topics, rising challenges, and unfolding opportunities that can help prepare society for this paradigm shift. The paper then surveys the work toward the outstanding key enablers, challenges, trends, and opportunities in the IoT evolution for Industry 5.0. To spur further avenues for researchers and industrialists, the paper offers conclusive insights at the end. In addition, the article has a precise set of research questions answered in consequent sections and subsections for the reader’s clarity.","2024","2026-03-10 15:04:38","2026-03-10 15:42:20","","1080-1126","","2","26","","IEEE Communications Surveys & Tutorials","","","","","","","","","","","","","","","","","","","Artificial intelligence; federated learning; Industries; Industrial Internet of Things; Fourth Industrial Revolution; Industry 5.0; Surveys; Industrial Internet of Things (IIoT); digital twin; 6G; Service robots; industry 4.0; Robot sensing systems; blockchain; industrial wireless sensor networks; intelligent sensing; Internet of Robotic Things (IoRT)","","","","","","","","","","","","","","","","","","","","","","","","","","","","","","","","","","","","","","","","","","","","","","",""
"4GKXEXHR","conferencePaper","2025","A. Ledda; M. R. Fizzano; M. Stefanelli; E. D'Emilia; E. Schena; C. Massaroni; M. Pinelli; D. Giordani","Artificial Intelligence Applications in Personal Protective Equipment: Bibliometric Insights and Evolution Patterns (2020-2025)","2025 International Workshop on Biomedical Applications, Technologies and Sensors (BATS)","","","10.1109/BATS67559.2025.11336172","","This study provides a comprehensive bibliometric and thematic analysis of Artificial Intelligence (AI) applications in Personal Protective Equipment (PPE) from 2020 to 2025. Driven by the acceleration caused by the COVID-19 pandemic and the convergence of AI, IoT, and edge computing, the integration of intelligent systems into PPE has evolved from experimental prototypes to mature, real-time safety platforms. Drawing on 91 peer-reviewed publications systematically retrieved from Web of Science, Scopus, and IEEE Xplore using PRISMA guidelines, this study employs bibliometric analysis and manual thematic coding to identify four primary application clusters: (1) PPE detection and compliance, (2) smart PPE design and manufacturing, (3) AI-based training and safety management, and (4) predictive maintenance. A multi-dimensional technology maturity matrix and trend analysis reveal that detection and compliance systems-particularly edge AI platforms-are reaching industrial deployment, while predictive analytics and smart textiles remain emergent. The study also examines the implications of the EU Artificial Intelligence Act (Reg. 2024/1689), which classifies many AI-PPE systems as “high-risk,” imposing mandatory requirements for transparency, data governance, and human oversight. This work contributes a structured framework for future research and implementation, highlighting technological opportunities, regulatory constraints, and ethical challenges. It concludes by outlining future trajectories including digital twins, generative AI, and federated learning for privacy-preserving, personalized, and adaptive PPE solutions.","2025-10-27","2026-03-10 15:04:38","2026-03-10 15:42:21","","1-6","","","","","","","","","","","","","","","","","","","","Journal Abbreviation: 2025 International Workshop on Biomedical Applications, Technologies and Sensors (BATS)","","","","Artificial intelligence; Training; Artificial Intelligence; Technological innovation; AI; Bibliometrics; COVID-19; Future trends; Innovations; Occupational safety; Personal protective equipment; Personal Protective Equipment; PPE; Safety management; Smart textiles; Trajectory; Trend analysis; workers' safety","","","","","","","","","","","","","","","","","","","","","","","","","","","","","","","","2025 International Workshop on Biomedical Applications, Technologies and Sensors (BATS)","","","","","","","","","","","","","","",""
"IVJ876CN","journalArticle","2023","S. Lu; J. Lu; K. An; X. Wang; Q. He","Edge Computing on IoT for Machine Signal Processing and Fault Diagnosis: A Review","IEEE Internet of Things Journal","","2327-4662","10.1109/JIOT.2023.3239944","","Edge computing is an emerging paradigm that offloads the computations and analytics workloads onto the Internet of Things (IoT) edge devices to accelerate the computation efficiency, reduce the channel occupation of signal transmission, and reduce the storage and computation workloads on the cloud servers. These distinct merits make it a promising tool for IoT-based machine signal processing and fault diagnosis. This article reviews the edge computing methods in signal processing-based machine fault diagnosis from the aspects of concepts, state-of-the-art methods, case studies, and research prospects. In particular, the lightweight designed algorithms and application-specific hardware platforms of edge computing in the typical fault diagnosis procedures, including signal acquisition, signal preprocessing, feature extraction, and pattern recognition, are reviewed and discussed in detail. The review provides an insight into the edge computing framework, methods, and applications, so as to meet the requirements of IoT-based machine real-time signal processing, low-latency fault diagnosis, and high-efficient predictive maintenance.","2023-07-01","2026-03-10 15:04:38","2026-03-10 15:04:38","","11093-11116","","13","10","","IEEE Internet of Things Journal","","","","","","","","","","","","","","","","","","","Real-time systems; Fault diagnosis; Internet of Things; Internet of Things (IoT); Signal processing; Edge computing; Cloud computing; Computer science; low-latency fault diagnosis; machine; real-time signal processing","","","","","","","","","","","","","","","","","","","","","","","","","","","","","","","","","","","","","","","","","","","","","","",""
"CHF273L8","journalArticle","2024","A. Manta-Costa; S. O. Araújo; R. S. Peres; J. Barata","Machine Learning Applications in Manufacturing—Challenges, Trends, and Future Directions","IEEE Open Journal of the Industrial Electronics Society","","2644-1284","10.1109/OJIES.2024.3431240","","The emergence of Industry 4.0 (I4.0) has significantly transformed manufacturing landscapes, introducing interconnected, dynamic, and data-rich environments. This article focuses on the application of industrial machine learning (I-ML) within these evolving manufacturing contexts, exploring both the challenges and future prospects of its integration. A systematic literature review, following the preferred reporting items for systematic reviews and meta-analyzes (PRISMA) guidelines, forms the foundation of our analysis, characterizing the role of machine learning (ML) in modern manufacturing, its current challenges, and future trends. This research delves into the implications of I-ML in various manufacturing scenarios, including predictive maintenance, anomaly detection, and quality control, providing a comprehensive overview of practical applications along with an identification of related emerging technologies and trends. We also address the critical need for sustainable, reproducible, and reliable performance in industrial applications and explore strategies for overcoming barriers to ML adoption in the industry. Recommendations for future research directions are provided, aiming to bridge the gap between ML advancements and their practical, scalable implementation in industrial settings, paving the way to future research in the field. Lastly, we aim to contribute to the identification of challenges and future research directions for the ongoing digital transformation of manufacturing industries, offering insights into how ML can be effectively leveraged in the era of I4.0.","2024","2026-03-10 15:04:38","2026-03-10 15:42:21","","1085-1103","","","5","","IEEE Open Journal of the Industrial Electronics Society","","","","","","","","","","","","","","","","","","","Artificial intelligence; Fourth Industrial Revolution; Decision making; Machine learning; Taxonomy; Systematic literature review; Manufacturing processes; Industrial artificial intelligence (I-AI); Industrial engineering; industrial machine learning (I-ML); Industry 4.0 (I4.0); machine learning (ML); manufacturing; systematic review","","","","","","","","","","","","","","","","","","","","","","","","","","","","","","","","","","","","","","","","","","","","","","",""
"SLDRFEUI","conferencePaper","2025","D. Saleela; R. M. Mathew; R. R; S. L. P; C. M. S","Digital Twins in 2025: A Comprehensive Review of Current Trends, Challenges, and Future Directions","2025 8th International Conference on Emerging Technologies in Computer Engineering: Advances in Computing, Healthcare and Smart Systems (ICETCE)","","","10.1109/ICETCE66848.2025.11388090","","Digital twin technology has rapidly evolved from a simulation-based concept into a core enabler of intelligent, datadriven ecosystems across industries. By integrating physical assets with their virtual counterparts through the Internet of Things, artificial intelligence and advanced analytics, digital twins enable real-time monitoring, predictive maintenance and enhanced decision-making. This paper reviews recent developments in digital twin research and implementation from 2023 to 2025, highlighting progress in manufacturing, healthcare, smart cities and energy systems. The convergence of digital twins with emerging technologies such as edge computing, blockchain and the industrial metaverse has considerably expanded their scope, supporting secure, scalable and autonomous operations. Despite these advances, challenges remain concerning interoperability standards, data governance, cybersecurity and the computational demands of high-fidelity models. The review concludes by identifying key research directions, including human-centric design, hybrid physics–AI modelling and the development of sustainable digital infrastructures. Overall, digital twins are positioned as a foundational technology for Industry 5.0 and the wider digital transformation agenda beyond 2025.","2025-11-21","2026-03-10 15:04:38","2026-03-10 15:04:38","","269-274","","","","","","","","","","","","","","","","","","","","Journal Abbreviation: 2025 8th International Conference on Emerging Technologies in Computer Engineering: Advances in Computing, Healthcare and Smart Systems (ICETCE)","","","","Artificial intelligence; Internet of Things; Sustainable development; Digital twins; Fifth Industrial Revolution; Industry 5.0; Blockchain; Medical services; Reviews; Biological system modeling; Cybersecurity; Edge computing; Ecosystems; Digital twin; Sustainable innovation","","","","","","","","","","","","","","","","","","","","","","","","","","","","","","","","2025 8th International Conference on Emerging Technologies in Computer Engineering: Advances in Computing, Healthcare and Smart Systems (ICETCE)","","","","","","","","","","","","","","",""
"MW9SL756","conferencePaper","2025","M. A. Bonsu; P. Akekudaga","Enhancing Critical Infrastructure Security: Addressing Cybersecurity Risks and Regulatory Gaps in AI-Enabled IoT Systems","2025 IEEE 16th Annual Ubiquitous Computing, Electronics & Mobile Communication Conference (UEMCON)","","","10.1109/UEMCON67449.2025.11267559","","The convergence of Artificial Intelligence (AI) and the Internet of Things (IoT) has transformed data collection, processing, and decision-making across sectors such as healthcare, manufacturing, finance, and transportation, many of which are designated as critical infrastructure. AI-enabled IoT systems enable real-time analytics, predictive maintenance, and autonomous operations, yet they also expand the cybersecurity threat landscape. Regulatory frameworks such as the General Data Protection Regulation (GDPR), Health Insurance Portability and Accountability Act (HIPAA), National Institute of Standards and Technology Cybersecurity Framework (NIST CSF), and ISO/IEC 27001 aim to protect sensitive data but often fall short in addressing the unique risks of AI-IoT integration. This paper presents a structured literature review of peer-reviewed research and authoritative standards to examine AI-enabled IoT security risks and associated compliance challenges, with a specific focus on strengthening the resilience of critical infrastructure. The analysis identifies gaps in regulatory coverage related to AI-specific threats, third-party dependencies, and human factors influencing compliance. To address these deficiencies, a strategic framework is proposed that incorporates adaptive risk-based security models, AI-driven threat monitoring, vendor oversight mechanisms, and comprehensive stakeholder training. Aligning technical safeguards with evolving regulatory obligations can enhance critical infrastructure against sophisticated threats while ensuring legal and ethical compliance. The findings provide practical insights for policymakers, compliance officers, and cybersecurity practitioners seeking to develop adaptive, future-ready governance models for AI-enabled IoT ecosystems.","2025-10-22","2026-03-10 15:04:38","2026-03-10 15:04:38","","0627-0633","","","","","","","","","","","","","","","","","","","","Journal Abbreviation: 2025 IEEE 16th Annual Ubiquitous Computing, Electronics & Mobile Communication Conference (UEMCON)","","","","Stakeholders; Internet of Things; Biological system modeling; Computer security; Resilience; Law; adversarial machine learning; Critical infrastructure; Critical infrastructure protection; cybersecurity risks; General Data Protection Regulation; governance frameworks; NIST; Public security; regulatory compliance","","","","","","","","","","","","","","","","","","","","","","","","","","","","","","","","2025 IEEE 16th Annual Ubiquitous Computing, Electronics & Mobile Communication Conference (UEMCON)","","","","","","","","","","","","","","",""
"C9I78KUN","conferencePaper","2025","S. Ramachandran; T. M. A; G. S. OV; H. R; D. R; T. Agrawal","A Review of AWS IoT: Architecture, Applications, and Research Directions","2025 IEEE First International Conference on Innovations in Engineering and Next-Generation Technologies for Sustainability (ICINVENTS)","","","10.1109/ICINVENTS64613.2025.11402221","","The Internet of Things (IoT) has emerged as one of the most transformative paradigms in modern computing, enabling billions of connected devices to sense, process, and transmit data. This growth poses challenges in scalability, security, and real-time data management. Cloud platforms, particularly Amazon Web Services (AWS), have become central enablers of large-scale IoT deployments due to their comprehensive service ecosystem. This paper presents a review of AWS IoT, focusing on its architecture, applications, and open research directions. We analyze core components such as AWS IoT Core, Lambda, Greengrass, and data services, highlighting their roles in enabling cloud-edge integration and secure device management. A survey of academic literature and industrial case studies demonstrates AWS IoT's practical adoption across healthcare, agriculture, and smart city domains. Comparative analysis with Microsoft Azure IoT and Google Cloud IoT positions AWS as a scalable and secure platform, while identifying limitations in latency, cost, and provisioning complexity. Finally, we outline future research opportunities in federated learning, energy-efficient edge inference, protocol interoperability, and blockchain-based provisioning. This review provides a consolidated reference for researchers and practitioners aiming to leverage AWS IoT for next-generation intelligent systems.","2025-11-07","2026-03-10 15:04:38","2026-03-10 15:04:38","","1-6","","","1","","","","","","","","","","","","","","","","","Journal Abbreviation: 2025 IEEE First International Conference on Innovations in Engineering and Next-Generation Technologies for Sustainability (ICINVENTS)","","","","Costs; Real-time systems; Computer architecture; Edge Computing; Internet of Things; Internet of Things (IoT); Security; Reviews; Smart cities; Scalability; Technological innovation; Cloud computing; Cloud Computing; AWS IoT; Serverless","","","","","","","","","","","","","","","","","","","","","","","","","","","","","","","","2025 IEEE First International Conference on Innovations in Engineering and Next-Generation Technologies for Sustainability (ICINVENTS)","","","","","","","","","","","","","","",""
"RRP3BQMH","journalArticle","2020","R. S. Peres; X. Jia; J. Lee; K. Sun; A. W. Colombo; J. Barata","Industrial Artificial Intelligence in Industry 4.0 - Systematic Review, Challenges and Outlook","IEEE Access","","2169-3536","10.1109/ACCESS.2020.3042874","","The advent of the Industry 4.0 initiative has made it so that manufacturing environments are becoming more and more dynamic, connected but also inherently more complex, with additional inter-dependencies, uncertainties and large volumes of data being generated. Recent advances in Industrial Artificial Intelligence have showcased the potential of this technology to assist manufacturers in tackling the challenges associated with this digital transformation of Cyber-Physical Systems, through its data-driven predictive analytics and capacity to assist decision-making in highly complex, non-linear and often multistage environments. However, the industrial adoption of such solutions is still relatively low beyond the experimental pilot stage, as real environments provide unique and difficult challenges for which organizations are still unprepared. The aim of this paper is thus two-fold. First, a systematic review of current Industrial Artificial Intelligence literature is presented, focusing on its application in real manufacturing environments to identify the main enabling technologies and core design principles. Then, a set of key challenges and opportunities to be addressed by future research efforts are formulated along with a conceptual framework to bridge the gap between research in this field and the manufacturing industry, with the goal of promoting industrial adoption through a successful transition towards a digitized and data-driven company-wide culture. This paper is among the first to provide a clear definition and holistic view of Industrial Artificial Intelligence in the Industry 4.0 landscape, identifying and analysing its fundamental building blocks and ongoing trends. Its findings are expected to assist and empower researchers and manufacturers alike to better understand the requirements and steps necessary for a successful transition into Industry 4.0 supported by AI, as well as the challenges that may arise during this process.","2020","2026-03-10 15:04:38","2026-03-10 15:42:22","","220121-220139","","","8","","IEEE Access","","","","","","","","","","","","","","","","","","","Artificial intelligence; Industries; Industry 4.0; Manufacturing; Decision making; Systematics; Service robots; manufacturing; systematic review; digital transformation; framework; guidelines; Robots","","","","","","","","","","","","","","","","","","","","","","","","","","","","","","","","","","","","","","","","","","","","","","",""
"8ZWB8ZC6","journalArticle","2025","D. B. Acharya; K. Kuppan; B. Divya","Agentic AI: Autonomous Intelligence for Complex Goals—A Comprehensive Survey","IEEE Access","","2169-3536","10.1109/ACCESS.2025.3532853","","Agentic AI, an emerging paradigm in artificial intelligence, refers to autonomous systems designed to pursue complex goals with minimal human intervention. Unlike traditional AI, which depends on structured instructions and close oversight, Agentic AI demonstrates adaptability, advanced decision-making capabilities and self-sufficiency, enabling it to operate dynamically in evolving environments. This survey thoroughly explores the foundational concepts, unique characteristics, and core methodologies driving the development of Agentic AI. We examine its current and potential applications across various fields, including healthcare, finance, and adaptive software systems, emphasizing the advantages of deploying agentic systems in real-world scenarios. The paper also addresses the ethical challenges posed by Agentic AI, proposing solutions for goal alignment, resource constraints, and environmental adaptability. We outline a framework for safely and effectively integrating Agentic AI into society, highlighting the need for further research on ethical considerations to ensure beneficial societal impacts. This survey serves as a comprehensive introduction to Agentic AI, guiding researchers, developers, and policymakers in engaging with its transformative potential responsibly and creatively.","2025","2026-03-10 15:04:38","2026-03-10 15:04:38","","18912-18936","","","13","","IEEE Access","","","","","","","","","","","","","","","","","","","Artificial intelligence; Ethics; Adaptation models; Automation; Reinforcement learning; Surveys; Medical services; Systematic literature review; Hands; governance frameworks; adaptability; Agentic AI; autonomous systems; ethical AI; human-AI collaboration; Translation","","","","","","","","","","","","","","","","","","","","","","","","","","","","","","","","","","","","","","","","","","","","","","",""
"NG3WY4G7","journalArticle","2023","Y. Abdulrahman; E. Arnautović; V. Parezanović; D. Svetinovic","AI and Blockchain Synergy in Aerospace Engineering: An Impact Survey on Operational Efficiency and Technological Challenges","IEEE Access","","2169-3536","10.1109/ACCESS.2023.3305325","","This paper presents an exhaustive investigation into the potential of integrating blockchain and Artificial Intelligence (AI) technologies within aerospace engineering, explicitly emphasizing supply chain management and operational efficiency. Given the decentralized nature of blockchain, it has the potential to enhance diverse facets of an aircraft’s lifecycle management significantly. At the same time, AI stands to revolutionize predictive supply chain models and structural fault detection. This paper provides a comprehensive overview of the current state, potential applications, challenges, and future research directions in this field based on an analysis of previous relevant literature. Further, it compares blockchain technology against traditional record management systems, underlining its data storage, security, transparency, and traceability advantages. Although these technologies promise significant advancements, many legal, regulatory, and technological readiness issues need addressing for broader acceptance within the industry. The findings highlight the importance of targeted research and development to unfold an array of new applications, driving innovation in aerospace engineering. This paper serves as a comprehensive survey for researchers, practitioners, policymakers, and industry stakeholders, illustrating the transformative potential of AI and blockchain in the aerospace sector.","2023","2026-03-10 15:04:38","2026-03-10 15:04:38","","87790-87804","","","11","","IEEE Access","","","","","","","","","","","","","","","","","","","Artificial intelligence; Blockchains; Aerospace industry; Blockchain; Security; Maintenance engineering; Aerospace engineering; aerospace industry; artificial intelligence (AI); management; Three-dimensional printing","","","","","","","","","","","","","","","","","","","","","","","","","","","","","","","","","","","","","","","","","","","","","","",""
"K3PDFUA4","journalArticle","2025","M. Bhatia; R. Kumar","Digital Twin Technology in Wireless Communication: A Comprehensive Engineering Survey","IEEE Internet of Things Journal","","2327-4662","10.1109/JIOT.2025.3565843","","The Digital Twin (DT) technology is essential as it facilitates the creation of a virtual representation of physical objects. The evolution of wireless communication technologies (WCT) has been significantly influenced by the emergence of DT technology, resulting in transformative changes across various engineering fields. Therefore, it is essential to conduct an investigation and promote advancements through rigorous scientific analysis to address the global significance, relevance, and rapid growth of the technology. The current study employs the VOSviewer and CiteSpace visualization tools to illustrate the knowledge mapping of the rapidly advancing research in DT technology. The data which is used in the research is extracted from the Scopus database which covers the years 2017 to 2025. It offers insights through document co-citation analysis, country collaboration network analysis, and Institution Analysis to identify emerging research areas. The findings highlight the current state of DT technology in WCT in the various engineering fields and identify potential research areas.","2025-06-15","2026-03-10 15:04:39","2026-03-10 15:42:23","","19144-19166","","12","12","","IEEE Internet of Things Journal","","","","","","","","","","","","","","","","","","","Artificial intelligence; Real-time systems; Collaboration; Sensors; Digital twins; Security; Wireless communication; 6G mobile communication; Wireless sensor networks; 5G mobile communication; digital twin (DT); Citespace; engineering; VosViewer; wireless communication","","","","","","","","","","","","","","","","","","","","","","","","","","","","","","","","","","","","","","","","","","","","","","",""
"ZK7RWJII","conferencePaper","2023","M. P. D. Mudiyanselage; H. Sellahewa","Digital Twins as a Framework for IoT Applications: A Review","2023 7th SLAAI International Conference on Artificial Intelligence (SLAAI-ICAI)","","","10.1109/SLAAI-ICAI59257.2023.10365018","","The integration of Digital Twins (DT) and Internet of Things (IoT) technologies has emerged with significant advancements across various domains. This review paper explores the fundamentals of Digital Twins, categorizations, state-of-the-art developments, and their integration with IoT. It dives into architectural considerations, data integration, communications, and analytical insights within the concept of using Digital Twins as a framework for IoT applications. Recent advancements, challenges and future directions are also discussed, highlighting the potential and complexities of this combined approach.","2023-11-23","2026-03-10 15:04:39","2026-03-10 15:04:39","","1-6","","","","","","","","","","","","","","","","","","","","Journal Abbreviation: 2023 7th SLAAI International Conference on Artificial Intelligence (SLAAI-ICAI)","","","","Standardization; Real-time systems; Internet of Things; Collaboration; Digital twins; Digital Twins; Decision making; Data integration; Data security","","","","","","","","","","","","","","","","","","","","","","","","","","","","","","","","2023 7th SLAAI International Conference on Artificial Intelligence (SLAAI-ICAI)","","","","","","","","","","","","","","",""
"54ZAAH52","conferencePaper","2024","A. Ramarumo; R. Selvaraj; T. Segwele; V. Kuthadi; T. S. Thapelo","Machine Learning Driven Energy Efficiency Framework Using Digital Twin: A Review","2024 IEEE 4th International Conference on ICT in Business Industry & Government (ICTBIG)","","","10.1109/ICTBIG64922.2024.10911267","","The research aimed to investigate the intersection of machine learning, edge computing, digital twin technology, and energy efficiency optimization in the context of packet filtering frameworks. This study provides a structured and systematic approach to identify, collect, and analyze relevant literature on the subject matter. This study utilized different search strings to retrieve relevant papers, focusing on specific keywords such as ""machine learning,"" ""edge computing,"" ""digital twin,"" ""energy optimization,"" and ""packet filtering"" to gather research articles from reputable sources within the timeframe of 2013 to 2023. The final selection of papers was refined by exporting citations to BibTeX format and utilizing the Kullback-Leibler Divergence (KLD) to categorize and prioritize the results based on the relevance and importance of keywords. Following a reproducible methodology and adhering to established research practices, we compiled a comprehensive dataset of 392 papers for in-depth review and analysis. This study can enable the researchers to have an overview of the existing literature, identify research opportunities, analyze different methodologies, and propose novel ideas and directions, to inform a cohesive framework for guidance on addressing energy efficiency challenges in edge computing through the integration of machine learning and digital twin.","2024-12-13","2026-03-10 15:04:39","2026-03-10 15:42:23","","1-12","","","","","","","","","","","","","","","","","","","","Journal Abbreviation: 2024 IEEE 4th International Conference on ICT in Business Industry & Government (ICTBIG)","","","","Data models; Predictive models; Digital twins; edge computing; Computational modeling; machine learning; Reviews; Optimization; digital twin; Machine learning; Energy efficiency; Edge computing; Filtering; packet filtering","","","","","","","","","","","","","","","","","","","","","","","","","","","","","","","","2024 IEEE 4th International Conference on ICT in Business Industry & Government (ICTBIG)","","","","","","","","","","","","","","",""
"M7FNF9NM","conferencePaper","2025","N. T S; M. R","A Review of Federated Reinforcement Learning Approaches in Software-Defined IIoT Networks","2025 9th International Conference on Computational System and Information Technology for Sustainable Solutions (CSITSS)","2767-1097","","10.1109/CSITSS67709.2025.11294322","","Industrial Internet of Things (IIoT) networks require communication frameworks that are scalable, resilient and possess low-latency communication systems for critical mission applications. Existing communication systems such as centralized Software Defined Networks (SDN) and static distance-based routing protocols (like OSPF) are unsuitable for IIoT operations as they suffer from high communication overhead, adaptivity limitations and privacy risks for sensitive sensory data. A new routing framework based on Federated Reinforcement Learning (FRL), for the Software Defined HoT (SD-IIoT) network is proposed in this paper which decentralizes routing decisions between multiple users through lightweight collaborative reinforcement learners running on edge-based SDN agents while using GNN to incorporate the real-time sensing information on topological and traffic patterns. The FRL technique will aggregate the learning model parameters at a predetermined time frame and use a cloud-based federated aggregator to compensate for privacy concerns and avoid sending users sensor data or learning outcomes with one another. Empirical evaluations demonstrated an increase in performance of the FRL technique against OSPF, centralized SDN, heuristic routing schemes, minimum average latency of $\text{2 5. 4 m s}$ against $\text{8 0. 5 4 m s}$, packet delivery ratio of 0.985, and throughput aggregated to 812.715 Mbps. The FRL model converged within 180 episodes, with low communication overhead. This architecture can serve as a repeatable adaptive, reliable and privacy preserving framework to administer IIoT networks while operating in highly dynamic industrial environments.","2025-11-20","2026-03-10 15:04:39","2026-03-10 15:42:25","","1-6","","","","","","","","","","","","","","","","","","","","Journal Abbreviation: 2025 9th International Conference on Computational System and Information Technology for Sustainable Solutions (CSITSS)","","","","Data privacy; Real-time systems; Industrial Internet of Things; Reinforcement learning; Privacy; Graph neural networks; Throughput; Software defined networking; Software; Graph Neural Networks; Routing; Adaptive Routing; Federated Reinforcement Learning; Network Management; Privacy-Preserving Communication; Software Defined Industrial IoT","","","","","","","","","","","","","","","","","","","","","","","","","","","","","","","","2025 9th International Conference on Computational System and Information Technology for Sustainable Solutions (CSITSS)","","","","","","","","","","","","","","",""
"7DUX2MPG","conferencePaper","2025","A. O. L. N.; A. M. Saber; D. Kundur; A. W. Skorek","Potential of Quantum Computing Applications for Smart Grid Digital Twins and Future Directions","2025 IEEE PES Conference on Innovative Smart Grid Technologies - Middle East (ISGT Middle East)","","","10.1109/ISGTMiddleEast65737.2025.11314205","","The convergence of digital twin technology and quantum computing is opening new horizons for the modeling, control, and optimization of smart grid systems. This paper explores the current research landscape at the intersection of these fields, with a focus on how quantum algorithms, such as the Quantum Approximate Optimization Algorithm (QAOA), can enhance the performance of digital twins in smart energy systems. We conduct a thematic literature review and identify key research trends, technical challenges, and gaps in real-world adoption. A conceptual framework is proposed to integrate quantum modules into classical digital twin architectures. Through a concrete use case, we illustrate the potential benefits of this hybrid approach for smart grid operation. The study concludes by highlighting future research directions toward building scalable, secure, and interoperable quantum-enhanced digital twins for cyber-physical energy systems.","2025-11-23","2026-03-10 15:04:39","2026-03-10 15:04:39","","1-5","","","","","","","","","","","","","","","","","","","","Journal Abbreviation: 2025 IEEE PES Conference on Innovative Smart Grid Technologies - Middle East (ISGT Middle East)","","","","Computer architecture; Digital twins; Security; Digital Twin; Convergence; Smart grids; Optimization; Machine learning; Market research; Systematic literature review; Smart Grid; Quantum algorithm","","","","","","","","","","","","","","","","","","","","","","","","","","","","","","","","2025 IEEE PES Conference on Innovative Smart Grid Technologies - Middle East (ISGT Middle East)","","","","","","","","","","","","","","",""
"Z4LM88A4","conferencePaper","2025","M. V. Parulekar; F. Kazi; R. Rane; R. Gupta; D. Gupta; M. Ikram","Digital Twins in Energy Infrastructure: Frameworks and Deployment Pathways","2025 IEEE Smart World Congress (SWC)","2993-396X","","10.1109/SWC65939.2025.00272","","The adoption of Digital Twins in energy infrastructure is rapidly advancing driven by the widespread integration of Internet of Things (IoT) and edge computing advances. In smart grids, field devices such as energy meters, relays, and sensors can now transmit data to on-premise or cloud-based storage systems using smart sensors and edge gateways to synchronize the physical asset and its virtual construct. As digital twins find increasing use in energy sector for optimizing assets such as boilers, turbines, transformers, grid inverters etc. in the generation and distribution infrastructure, it is necessary to review available digital twin frameworks and suggest their deployment pathways for different usecases. The selected framework from those reviewed in this study should be vendor & technology agnostic to enable its broad adoption across the energy sector, while also being straightforward and user-friendly in its implementation. This work demonstrates the adoption of the selected framework by mapping a distributed wind-farm monitoring patent at inception to its current state-of-art, for providing its progressive digital twin maturity score.","2025-08-18","2026-03-10 15:04:58","2026-03-10 15:04:58","","1747-1754","","","","","","","","","","","","","","","","","","","","Journal Abbreviation: 2025 IEEE Smart World Congress (SWC)","","","","Edge Computing; Internet of Things; Internet of Things (IoT); Digital twins; Synchronization; Digital Twin; Smart grids; Transformers; Edge computing; Turbines; Sensor systems; Intelligent sensors; Patents","","","","","","","","","","","","","","","","","","","","","","","","","","","","","","","","2025 IEEE Smart World Congress (SWC)","","","","","","","","","","","","","","",""
"I99KMCRL","conferencePaper","2025","W. Feng","A Review with a Novel Perspective on IoT Evolution, Technical Architecture, Applications, and Challenges-Solutions","2025 IEEE 3rd International Conference on Image Processing and Computer Applications (ICIPCA)","","","10.1109/ICIPCA65645.2025.11138143","","With the rise of digitization in the 21st century, Internet of Things (IoT) technology is quickly emerging as a vital bridge connecting the physical and digital worlds. This paper provides a comprehensive review of IoT's evolution, technical architecture, and cross-domain applications while analyzing challenges and solutions. Unlike existing surveys that focus on isolated layers, this review introduces a unified maturity evaluation framework to quantify IoT adoption across industries, emphasizing cross-layer interdependencies. Applications like industrial automation and healthcare demonstrate IoT's transformative impact, reducing downtime by 40% and hospital readmissions by 25%. Challenges in scalability, privacy, and sustainability persist, demanding future research on swarm intelligence (SI), 6G-enabled tactile IoT, and green designs. This work provides actionable insights for stakeholders to navigate IoT's technical and ethical complexities.","2025-06-28","2026-03-10 15:04:58","2026-03-10 15:04:58","","2161-2167","","","","","","","","","","","","","","","","","","","","Journal Abbreviation: 2025 IEEE 3rd International Conference on Image Processing and Computer Applications (ICIPCA)","","","","Stakeholders; Computer architecture; Internet of Things; Sustainable development; Internet of Things (IoT); Privacy; Surveys; Reviews; Scalability; Particle swarm optimization; Challenges & solutions; Cross layer design; Cross-domain Applications; Cross-layer; Layered Architecture","","","","","","","","","","","","","","","","","","","","","","","","","","","","","","","","2025 IEEE 3rd International Conference on Image Processing and Computer Applications (ICIPCA)","","","","","","","","","","","","","","",""
"VQFLVTIS","conferencePaper","2025","M. Kavakli-Thorne; J. Zarean","System Architectures for Data Exchange in a Regional Federated Digital Twin: A Case Study on Birmingham Smart City","2025 International Conference on Intelligent Computing and Virtual & Augmented Reality Simulations (ICVARS)","","","10.1109/ICVARS66454.2025.11198668","","This paper reviews system architectures for a data exchange platform designed to accommodate regional Digital Twins (DTs) in a smart city development. The goal is to provide a structured framework for integrating and managing diverse urban data streams within a federated digital twin (FDT) ecosystem. Thus, within a unified platform, a range of DTs will contribute to system-wide coherence by aligning their actions with broader federation goals, while maintaining their individual autonomy. To achieve this, first, we review FDTs and present alternative system architectures for data exchange in a FDT, discussing their advantages and disadvantages. One of the candidates of system architectures for data exchange in a FDT is a layered structure. The other is a composable architecture incorporating interchangeable building blocks, which offers a higher level of flexibility and scalability, but it is more vulnerable in terms of security. Both of these system architectures are particularly suited for large-scale, cloud-based systems facilitating agile development and deployment in complex cyberinfrastructure. Nine common building blocks have been identified to develop a FDT framework. The proof of concept has been implemented using a hybrid layered-composable architecture in Diatomic Azure DT Platform.","2025-07-25","2026-03-10 15:04:58","2026-03-10 15:04:58","","43-49","","","","","","","","","","","","","","","","","","","","Journal Abbreviation: 2025 International Conference on Intelligent Computing and Virtual & Augmented Reality Simulations (ICVARS)","","","","Stakeholders; Digital twins; Reviews; Smart cities; Technological innovation; Biological system modeling; Systems architecture; Ecosystems; Architecture; Composable architecture; Data exchange platform; Federated Digital Twins; Investment; Layered architecture; Smart city","","","","","","","","","","","","","","","","","","","","","","","","","","","","","","","","2025 International Conference on Intelligent Computing and Virtual & Augmented Reality Simulations (ICVARS)","","","","","","","","","","","","","","",""
"JCKHI7FX","journalArticle","2025","Y. Liu","Data Analytics in the Internet of Things Era: Tools, Approaches, Challenges, and Solutions","Journal of ICT Standardization","","2246-0853","10.13052/jicts2245-800X.1344","","Rapid growth in the number of devices connected to the Internet of Things (IoT) and the exponential surge in data usage clearly suggest that the development of big data is inextricably linked with the IoT. In an ever-expanding network, big data raises concerns regarding data access efficiency. This study critically reviews IoT data analytics, tools, techniques, and challenges in extracting meaningful information from IoT device-generated massive data sets. IoT data analysis approaches, including real-time analysis, predictive analysis, and anomalous behavior analysis, are discussed in detail. How big data platforms and cloud computing can tackle IoT data and why IoT data preprocessing, integration, and storage matter are explored in this paper. Additionally, it covers issues and future research directions in IoT data analytics, including data security, scalability, and privacy.","2025-12","2026-03-10 15:04:59","2026-03-10 15:04:59","","427-448","","4","13","","Journal of ICT Standardization","","","","","","","","","","","","","","","","","","","Industries; Data privacy; Standardization; Real-time systems; Internet of Things; Big Data; Reviews; Edge computing; Data security; big data; Data analysis; data analytics; review","","","","","","","","","","","","","","","","","","","","","","","","","","","","","","","","","","","","","","","","","","","","","","",""
"SG52KLYN","conferencePaper","2025","M. A. Shittu; H. Shittu; T. A. Akintayo; I. S. Opara","IoT Enabled Microgrid and Bess Integration in ADMS: A Framework for Climate Resilient Grid Operation","2025 IEEE Symposium on Wireless Technology & Applications (ISWTA)","2324-7851","","10.1109/ISWTA68114.2025.11330023","","The convergence of Internet of Things (IoT), Battery Energy Storage Systems (BESS), and Advanced Distribution Management Systems (ADMS) emerged as a foundational strategy for climate resilient microgrids. This review synthesized current architectures, case studies, and standards to evaluate how these technologies collectively enhanced grid reliability, enabled black start capability, and supported real-time adaptive control. Key findings highlighted that edge enabled IoT improved latency and fault response; BESS provided economic and operational resilience when optimized with AI based controllers; and ADMS coordination, when integrated with digital twins, offered predictive and autonomous grid management. Despite technological maturity, major integration challenges included interoperability, cybersecurity risks, and high capital costs. Case studies from the U.S. and Europe demonstrated both benefits and barriers to large scale deployment. The review recommended adoption of standardized, layered frameworks aligned with IEEE 1547 and IEC 61850, and greater investment in scalable edge cloud platforms and policy reform to enable resilient, decentralized energy futures.","2025-12-12","2026-03-10 15:04:59","2026-03-10 15:04:59","","1-9","","","","","","","","","","","","","","","","","","","","Journal Abbreviation: 2025 IEEE Symposium on Wireless Technology & Applications (ISWTA)","","","","Real-time systems; Computer architecture; Internet of Things; Standards; Internet of Things (IoT); Reviews; Resilience; Interoperability; Advanced Distribution Management Systems (ADMS); Battery energy storage system; Battery Energy Storage Systems (BESS); Climate; Climate resilience; Microgrids","","","","","","","","","","","","","","","","","","","","","","","","","","","","","","","","2025 IEEE Symposium on Wireless Technology & Applications (ISWTA)","","","","","","","","","","","","","","",""
"FGQCLXQ7","conferencePaper","2025","C. Chen; Q. Luo; L. Yang","Advances in AI-Driven Big Data Technologies: A Five-Year Review","2025 11th International Conference on Big Data and Information Analytics (BigDIA)","2771-6902","","10.1109/BigDIA68682.2025.11382836","","Big Data and Artificial Intelligence (AI) are converging fast. The pipeline is moving from data-afterthought to AI-native. This survey synthesizes recent research across four topics: (i) data acquisition and preprocessing, (ii) data storage and management, (iii) data processing and analytics, and (iv) integrated system solutions. We systematically read cutting-edge work across healthcare, finance, manufacturing, smart cities, building automation, remote sensing, agriculture, and supply chains, aiming to clarify the research roadmap and identify future directions. We also points to a future with AI-augmented data lifecycle, standardized interfaces, and responsible AI operations, hoping to stimulate broader attention to the ongoing evolution of AI-driven big-data technologies.","2025-11-08","2026-03-10 15:04:59","2026-03-10 15:42:25","","269-276","","","","","","","","","","","","","","","","","","","","Journal Abbreviation: 2025 11th International Conference on Big Data and Information Analytics (BigDIA)","","","","Artificial intelligence; Big Data; Sustainable development; Surveys; Robustness; Artificial Intelligence; Reviews; Smart cities; Data Analytics; Semantics; Supply chains; Trajectory","","","","","","","","","","","","","","","","","","","","","","","","","","","","","","","","2025 11th International Conference on Big Data and Information Analytics (BigDIA)","","","","","","","","","","","","","","",""
"HICDDTIE","conferencePaper","2025","R. Dede; N. Ak; M. Güllü; İ. Yazıcı; İ. Duru","AI For Core Network in 6G","2025 9th International Symposium on Innovative Approaches in Smart Technologies (ISAS)","","","10.1109/ISAS66241.2025.11101846","","This paper aims to explore the prominent role of artificial intelligence (AI) in shaping 6G core networks, addressing its AI-nativeness, automation, and security applications in broad terms. Vision, requirements, and key enablers of 6 G core architectures are analyzed, emphasizing AI-driven design principles for scalability, real-time inference, and energy efficiency aspects. By reviewing state-of-the-art AI techniques for core network functions, we spot significant challenges such as interoperability, energy efficiency, computational complexity, and standardization gaps. Our synthesis provides insight for academia and industry to further enhance AI-native 6 G core networks, balancing innovation with deployability in next-generation mobile systems.","2025-06-27","2026-03-10 15:04:59","2026-03-10 15:04:59","","1-9","","","","","","","","","","","","","","","","","","","","Journal Abbreviation: 2025 9th International Symposium on Innovative Approaches in Smart Technologies (ISAS)","","","","Artificial intelligence; Standardization; Real-time systems; Security; Scalability; Technological innovation; 6G mobile communication; Energy efficiency; AI; Next generation networking; Interoperability; 6G Core; AI-native networks; Autonomous Networks; Intent-based Networking","","","","","","","","","","","","","","","","","","","","","","","","","","","","","","","","2025 9th International Symposium on Innovative Approaches in Smart Technologies (ISAS)","","","","","","","","","","","","","","",""
"D8DLAK7M","conferencePaper","2025","I. B. Kissiouer; S. Ouchani; H. Bouarfa","A Review of Digital Twins in Smart Environments","2025 International Conference on Intelligent Computer Systems, Data Science and Applications (IC2SDA)","","","10.1109/IC2SDA68097.2025.11331414","","Transcending static digital representations, a Digital Twin (DT) functions as a dynamic, computational counterpart of a physical asset, capturing its real-time state and behavior through continuous data exchange. This mirroring capability positions DTs as a key enabler of intelligent operations in complex smart environments, from optimizing energy usage in buildings to managing urban infrastructure and transforming industrial processes. Despite their potential, DT deployment faces significant challenges related to data integration, scalability, interoperability, and critically, security and privacy. This paper presents a comprehensive review of Digital Twin technologies within the context of smart environments. It traces the evolution of the DT concept from its early origins to contemporary use cases, and outlines how various domains are leveraging DTs for enhanced performance, decision-making, and resilience. The review culminates in a discussion of open research challenges and proposes strategic directions to improve the effectiveness, security, and sustainability of DT deployment in smart systems.","2025-11-03","2026-03-10 15:04:59","2026-03-10 15:42:25","","1-8","","","","","","","","","","","","","","","","","","","","Journal Abbreviation: 2025 International Conference on Intelligent Computer Systems, Data Science and Applications (IC2SDA)","","","","Real-time systems; Internet of Things; Sustainable development; Standards; Digital twins; Security; Digital Twin; Reviews; Smart cities; Smart systems; Technological innovation; Interoperability; Smart Environments","","","","","","","","","","","","","","","","","","","","","","","","","","","","","","","","2025 International Conference on Intelligent Computer Systems, Data Science and Applications (IC2SDA)","","","","","","","","","","","","","","",""
"TXI4CYRV","conferencePaper","2025","P. Onu; A. Pradhan; N. Madonsela; S. Oyefusi","Designing Resilient AI-Powered Digital Assistants for Industrial Applications: a Mini Review of Key Challenges","2025 IEEE International Conference on Industrial Engineering and Engineering Management (IEEM)","","","10.1109/IEEM63636.2025.11357828","","This paper explores the various setbacks of creating an effective AI-driven digital assistant for industrial use. These robust assistants are characterized by their ability to perform well in various changing conditions. The paper investigates several key challenges that hinder the successful implementation of these systems, including technical, ethical, and operational issues. Specifically, the paper highlights technical, ethical, and practical challenges like limitations in natural language processing, the need for transparency, and difficulties in localization. The paper includes case studies of notable digital assistants like Amazon Alexa, Duolingo, and IBM Watson, showcasing their strengths and impact on the healthcare, e-commerce, and education industries. The paper concludes by suggesting strategies to overcome these challenges by focusing on advancements in NLP, establishing ethical frameworks, and developing context-aware technologies.","2025-12-07","2026-03-10 15:04:59","2026-03-10 15:04:59","","0671-0675","","","","","","","","","","","","","","","","","","","","Journal Abbreviation: 2025 IEEE International Conference on Industrial Engineering and Engineering Management (IEEM)","","","","Ethics; Industries; Internet of Things; Reinforcement learning; Security; Reviews; IoT integration; Natural language processing; AI-based digital assistants; ethical challenges; Location awareness; Reliability engineering; Virtual assistants","","","","","","","","","","","","","","","","","","","","","","","","","","","","","","","","2025 IEEE International Conference on Industrial Engineering and Engineering Management (IEEM)","","","","","","","","","","","","","","",""
"RWXDRQL9","conferencePaper","2025","X. Li; S. Xiang; C. Dai","A Survey of Forecasting Methods for Irregular Time Series","2025 IEEE International Conferences on Internet of Things (iThings) IEEE Green Computing & Communications (GreenCom) IEEE Cyber, Physical & Social Computing (CPSCom) and IEEE Smart Data (SmartData) and IEEE Congress on Cybermatics (Cybermatics)","2836-3701","","10.1109/iThings-GreenCom-CPSCom-SmartData-Cybermatics67059.2025.00038","","Irregular time series (ITS) data are widespread across healthcare, finance, and the Internet of Things (IoT), where accurate forecasting is crucial for applications such as disease progression prediction, risk assessment, and system maintenance. However, handling irregular time series presents unique technical challenges. The core issues lie in effectively modeling the unequal time intervals, capturing long-term dependencies, and handling asynchronous observations among multiple variables. This survey systematically reviews and critically evaluates existing methods for forecasting irregular time series. We primarily focus on cutting-edge deep sequential modeling approaches, which have demonstrated superior performance and innovative solutions to these challenges. We propose a clear classification framework that categorizes current approaches into two main groups: traditional statistical and machine learning methods and deep sequential modeling methods. We further detail deep learning approaches by their architectural paradigms, specifically RNN-based, Transformer-based, and Graph Neural Networks (GNN)-based models. For each category, this paper elaborates on representative models, providing an in-depth analysis of their core principles, technological evolution, and respective advantages and disadvantages. Furthermore, we discuss the major challenges in this research area and outline promising future research directions. This work aims to provide a comprehensive perspective for researchers in the field and to inspire future research efforts.","2025-11-30","2026-03-10 15:06:18","2026-03-10 15:06:18","","83-90","","","","","","","","","","","","","","","","","","","","Journal Abbreviation: 2025 IEEE International Conferences on Internet of Things (iThings) IEEE Green Computing & Communications (GreenCom) IEEE Cyber, Physical & Social Computing (CPSCom) and IEEE Smart Data (SmartData) and IEEE Congress on Cybermatics (Cybermatics)","","","","Internet of Things; Surveys; Time series analysis; Deep learning; Analytical models; Forecasting; Transformers; Uncertainty; Deep Learning; Graph neural networks; Graph Neural Networks; Time Series Forecasting; Transformer; Transformer cores; Irregular Time Series","","","","","","","","","","","","","","","","","","","","","","","","","","","","","","","","2025 IEEE International Conferences on Internet of Things (iThings) IEEE Green Computing & Communications (GreenCom) IEEE Cyber, Physical & Social Computing (CPSCom) and IEEE Smart Data (SmartData) and IEEE Congress on Cybermatics (Cybermatics)","","","","","","","","","","","","","","",""
"8N89FI4V","journalArticle","2025","J. Cao; J. Miao; H. Tao; Y. Wang; J. Wu; Z. Wang; X. Wu","Generative Models for Time Series Anomaly Detection: A Survey","IEEE Transactions on Artificial Intelligence","","2691-4581","10.1109/TAI.2025.3614213","","Time series anomaly detection (TSAD) is a fundamental practice in information management, aimed at identifying unusual patterns in temporal datasets. This process is critical to maintaining the integrity and reliability of systems. Recently, generative models have significantly advanced the capabilities of artificial general intelligence, presenting novel methodologies to understand and interpret complex data structures. In this review, we examine the latest advancements in applying generative models to TSAD and highlight how these models present a paradigm shift in detecting and analyzing anomalies within sequential data. In particular, we first present the background information, including definitions of key concepts, a taxonomy of anomaly types, and the distinction between generative and discriminative models in time series data. Then, we investigate a range of generative models, offering mathematical summaries of the predominant techniques in TSAD. Furthermore, we provide a summary of the datasets and propose recommendations for appropriate generative methods tailored to various application domains. Finally, we address the significant challenges in current research and propose potential directions for future study.","2025","2026-03-10 15:06:19","2026-03-10 15:06:19","","1-21","","","","","IEEE Transactions on Artificial Intelligence","","","","","","","","","","","","","","","","","","","Artificial intelligence; Training; Data models; Anomaly detection; Surveys; Time series analysis; Deep learning; Market research; Mathematical models; generative models; Hidden Markov models; survey; time series anomaly detection","","","","","","","","","","","","","","","","","","","","","","","","","","","","","","","","","","","","","","","","","","","","","","",""
"6NS4XU49","conferencePaper","2025","W. Zhang; B. Yang; C. Dai","The Trajectory of Deep Learning in Time Series Forecasting: A Survey","2025 IEEE International Conferences on Internet of Things (iThings) IEEE Green Computing & Communications (GreenCom) IEEE Cyber, Physical & Social Computing (CPSCom) and IEEE Smart Data (SmartData) and IEEE Congress on Cybermatics (Cybermatics)","2836-3701","","10.1109/iThings-GreenCom-CPSCom-SmartData-Cybermatics67059.2025.00037","","Time series forecasting (TSF) is a fundamental task supporting critical applications in finance, energy systems, and meteorology. However, the inherent complexity of real-world time series poses significant challenges to traditional statistical models and early-stage machine learning methods. In response, deep learning has emerged as a powerful paradigm, reshaping the field. This survey systematically reviews the evolution of deep learning models for TSF, demonstrating their progression from foundational recurrent architectures to the current state-of-the-art. We further analyze the ongoing paradigm shift towards large foundation models. By consolidating key advancements and architectural innovations, this paper provides a comprehensive analysis of the current landscape, concluding with a discussion of open challenges and promising directions for future research.","2025-11-30","2026-03-10 15:06:19","2026-03-10 15:06:19","","75-82","","","","","","","","","","","","","","","","","","","","Journal Abbreviation: 2025 IEEE International Conferences on Internet of Things (iThings) IEEE Green Computing & Communications (GreenCom) IEEE Cyber, Physical & Social Computing (CPSCom) and IEEE Smart Data (SmartData) and IEEE Congress on Cybermatics (Cybermatics)","","","","Surveys; Time series analysis; Deep learning; Reviews; Technological innovation; Forecasting; Foundation models; Social computing; Trajectory; Meteorology","","","","","","","","","","","","","","","","","","","","","","","","","","","","","","","","2025 IEEE International Conferences on Internet of Things (iThings) IEEE Green Computing & Communications (GreenCom) IEEE Cyber, Physical & Social Computing (CPSCom) and IEEE Smart Data (SmartData) and IEEE Congress on Cybermatics (Cybermatics)","","","","","","","","","","","","","","",""
"DEDPDIGH","conferencePaper","2024","A. Sommers; L. Cummins; S. Mittal; S. Rahimi; M. Seale; J. Jaboure; T. Arnold","A Survey of Transformer Enabled Time Series Synthesis","2024 IEEE 10th International Conference on Collaboration and Internet Computing (CIC)","","","10.1109/CIC62241.2024.00018","","Generative AI has received much attention in the image and language domains, with the transformer neural network continuing to dominate the state of the art. Application of these models to time series generation is less explored, however, and is of great utility to machine learning, privacy preservation, and explainability research. The present survey identifies this gap at the intersection of the transformer, generative AI, and time series data, and reviews works in this sparsely populated subdomain. The reviewed works show great variety in approach, and have not yet converged on a conclusive answer to the problems the domain poses. GANs, diffusion models, state space models, and autoencoders were all encountered alongside or surrounding the transformers which originally motivated the survey. While too open a domain to offer conclusive insights, the works surveyed are quite suggestive, and several recommendations for best practice, and suggestions of valuable future work, are provided.","2024-10-28","2026-03-10 15:06:19","2026-03-10 15:06:19","","60-69","","","","","","","","","","","","","","","","","","","","Journal Abbreviation: 2024 IEEE 10th International Conference on Collaboration and Internet Computing (CIC)","","","","Internet; Privacy; Surveys; Neural networks; Time series analysis; Reviews; data augmentation; Transformers; Testing; transformer; Generative AI; survey; Best practices; time series synthesis","","","","","","","","","","","","","","","","","","","","","","","","","","","","","","","","2024 IEEE 10th International Conference on Collaboration and Internet Computing (CIC)","","","","","","","","","","","","","","",""
"3675Q8RX","journalArticle","2026","J. Tang; J. Chen; J. He; F. Chen; Z. Lv; G. Han; Z. Liu; H. H. Yang; W. Li","Toward General Industrial Intelligence: A Survey of Large Models as a Service in Industrial IoT","IEEE Communications Surveys & Tutorials","","1553-877X","10.1109/COMST.2025.3578877","https://www.scopus.com/inward/record.uri?eid=2-s2.0-105007900945&doi=10.1109%2FCOMST.2025.3578877&partnerID=40&md5=4765f613916620320424877189de5bd9","Industrial Internet of Things (IIoT) systems are inherently dynamic, deeply embedded in physical environments, and often embodied in autonomous agents. These characteristics demand an AI paradigm that can continuously adapt and generalize across heterogeneous data and tasks. Unlike existing surveys that focus on “IIoT for foundation models” – e.g., how IIoT infrastructure supports data collection or distributed training for large models – this work reverses the perspective by investigating “foundation models for IIoT.” We explore how large pre-trained foundation models (FMs) can be leveraged as a service to empower general industrial intelligence in IIoT. We propose a four-dimensional SCCE framework (Sensing-Computing–Connectivity-Evolution) that systematically examines the deployment of FMs in IIoT along the data processing pipeline and system lifecycle. Within this framework, we survey key IIoT tasks and discuss how state-of-the-art FMs (in vision, language, multimodal learning, etc.) can address challenges in noisy sensor data modeling, edge computing constraints, device connectivity and collaboration, and long-term model evolution. Our survey offers a unified, FM-centric perspective on enabling intelligent IIoT services, highlighting critical open challenges and future directions for integrating foundation model capabilities into industrial applications.","2026","2026-03-10 15:06:19","2026-03-10 17:07:22","","2054-2086","","","28","","IEEE Communications Surveys & Tutorials","","","","","","","","","","","Scopus","","","","","","","","Artificial intelligence; Training; Data models; Industrial Internet of Things; Adaptation models; Sensors; Surveys; Computational modeling; Edge computing; Foundation models; Data collection; industrial Internet of Things (IIoT); Internet of things; Frequency modulation; foundation models; connected embodiment; Industrial intelligence; large models as a service (LMaaS); Data handling; Industrial internet of thing; Heterogeneous data; Intelligent agents; Life cycle; Large models; Connected embodiment; Large model as a service; Modeling as a services; Physical environments","","","","","","","","","","","","","","","","","","","","","","","","","","","","","","","","","","","","","","","","","","","","","","",""
"43N4EHE6","journalArticle","2026","Y. Gao; M. Piccinini; Y. Zhang; D. Wang; K. Moller; R. Brusnicki; B. Zarrouki; A. Gambi; J. F. Totz; K. Storms; S. Peters; A. Stocco; B. Alrifaee; M. Pavone; J. Betz","Foundation Models in Autonomous Driving: A Survey on Scenario Generation and Scenario Analysis","IEEE Open Journal of Intelligent Transportation Systems","","2687-7813","10.1109/OJITS.2026.3660686","https://www.scopus.com/inward/record.uri?eid=2-s2.0-105029463981&doi=10.1109%2FOJITS.2026.3660686&partnerID=40&md5=b292ba199bd19bf74f3d3910b77b4061","Ensuring the safety of autonomous vehicles in real-world environments requires handling a wide spectrum of diverse and rare driving scenarios. Scenario-based testing addresses this need by offering a scalable and controlled approach to develop and validate autonomous driving systems. However, traditional scenario generation methods relying on rule-based logic, knowledge-driven models, or data-driven synthesis often yield limited diversity and unrealistic cases. With the emergence of foundation models, which represent a new generation of pre-trained, general-purpose Artificial Intelligence (AI) models, developers can process heterogeneous inputs (e.g., natural language, sensor data, maps, and control actions), enabling the synthesis, interpretation, analysis of complex driving scenarios. In this paper, we review the use of foundation models for scenario generation and scenario analysis in autonomous driving. Our survey presents a unified taxonomy that includes large language models, vision language models, multimodal large language models, diffusion models, and world models for the generation and analysis of autonomous driving scenarios, outlining their fundamental principles, applications, and corresponding evaluation metrics. In addition, we review the methodologies, open-source datasets, simulation platforms, and benchmark challenges. Finally, the survey concludes by highlighting the open challenges, research questions and promising future directions in applying foundation models to scenario generation and analysis in autonomous driving. All reviewed papers are listed in a continuously maintained repository, which is publicly available and updated with new research: GitHub.com/TUM-AVS/FM-for-Scenario-Generation-Analysis.","2026","2026-03-10 15:06:19","2026-03-10 17:07:23","","1-1","","","","","IEEE Open Journal of Intelligent Transportation Systems","","","","","","","","","","","Scopus","","","","","","","","Adaptation models; Surveys; Reviews; Autonomous vehicles; Visualization; Foundation models; Computer vision; Autonomous Vehicles; Cognition; Frequency modulation; foundation model; Diffusion models; scenario analysis; scenario based testing; scenario generation; Scenario generation; Autonomous driving; Open source software; Language model; Open systems; Control system synthesis; Driving systems; Real world environments; Scenario-based testing; Scenarios analysis; Scenarios generation; Simulation platform; Visual languages; Wide spectrum","","","","","","","","","","","","","","","","","","","","","","","","","","","","","","","","","","","","","","","","","","","","","","",""
"K65LY6Y2","journalArticle","2025","A. Stefanidou; E. Politi; G. Dimitrakopoulos","Foundation Models in Autonomous Driving: A Review of Current Tasks and Applications","IEEE Open Journal of Intelligent Transportation Systems","","2687-7813","10.1109/OJITS.2025.3633871","https://www.scopus.com/inward/record.uri?eid=2-s2.0-105022606809&doi=10.1109%2FOJITS.2025.3633871&partnerID=40&md5=18f53a8e44d33d3f52f1e7637e5392be","Autonomous driving stands at the forefront of next-generation mobility, driven by advances in Artificial Intelligence (AI), deep learning, and real-time sensor data processing. While Foundation Models (FMs)–large, pre-trained neural networks capable of generalizing across tasks–have revolutionized fields such as natural language processing and computer vision, their integration into autonomous driving remains limited and fragmented. This paper addresses this critical gap by systematically reviewing the application of FMs across the autonomous driving pipeline, from perception and scene understanding to reasoning, planning, and synthetic dataset generation. We classify over 70 models by architecture, modality, task type, and input/output structure, and provide a unified framework for understanding their role in intelligent vehicle systems. Key contributions include: (i) a taxonomy of FMs deployed in perception, reasoning, and control; (ii) identification of current limitations in real-time deployment, interpretability, and safety assurance; and (iii) emerging trends such as prompt-based fine-tuning, multimodal grounding, and generative scenario synthesis. Our findings highlight both the opportunities and challenges of incorporating FMs into safety-critical autonomous systems and outline promising directions for future research in edge-efficient, robust, and explainable FM-based driving models.","2025","2026-03-10 15:06:19","2026-03-10 17:07:24","","1522-1538","","","6","","IEEE Open Journal of Intelligent Transportation Systems","","","","","","","","","","","Scopus","","","","","","","","Real-time systems; Computer architecture; Adaptation models; Computational modeling; Deep learning; Decision making; Autonomous vehicles; Systematic literature review; Foundation models; Computer vision; Intelligent systems; Frequency modulation; Learning systems; computer vision; large-scale models; multimodal learning; multitask learning; pretrained models; vision-language models; Autonomous driving; Multi-modal learning; Vision-language model; Safety engineering; Language model; Large datasets; 'current; Natural language processing systems; Large-scale modeling; Pretrained model; Multitask learning; Intelligent vehicle highway systems; Learning time","","","","","","","","","","","","","","","","","","","","","","","","","","","","","","","","","","","","","","","","","","","","","","",""
"CKD5P5RY","conferencePaper","2025","N. T. Vy Nguyen; Y. Yin","Reasoning in Signals: A Survey of Large Language Models for Sensor Data Understanding","2025 12th International Conference on Electrical and Electronics Engineering (ICEEE)","2694-3646","","10.1109/ICEEE67194.2025.11261933","https://www.scopus.com/inward/record.uri?eid=2-s2.0-105031554266&doi=10.1109%2FICEEE67194.2025.11261933&partnerID=40&md5=aa1a146259cfe43b43d47a424a3379ae","The application of Large Language Models (LLMs) to sensor data analysis is an emerging and impactful direction of research, which combines natural language reasoning with time-series and physical-world signals. This survey provides a comprehensive review of recent advances in applying LLMs to understand, reason about, and generate sensor data across domains such as health monitoring and Internet of Things (IoT). We categorize existing work by their input modalities, including raw signals, textual summaries, and visual prompts, as well as their application domains and technical strategies such as prompt engineering, sensor-text alignment, and hybrid frameworks. Despite encouraging results in low-dimensional and API-supported tasks, LLMs still struggle with complex signal processing and numerical reasoning, as well as multimodal sensor fusion. We also identify key challenges such as limited dataset availability, inadequate signal transformation, and the need for architectural adaptations. Future research directions are outlined to bridge these gaps. Our review emphasizes the potential of LLMs to serve as foundation models for analyzing sensor data, while also pointing out the importance of domainspecific knowledge and diverse modalities.","2025-09-24","2026-03-10 15:06:30","2026-03-10 17:07:27","","498-505","","","","","","","","","","","","","","","","Scopus","","","","Journal Abbreviation: 2025 12th International Conference on Electrical and Electronics Engineering (ICEEE)","","","","Artificial intelligence; Internet of Things; Surveys; Time series analysis; Reviews; Multimodal sensors; Signal processing; Visualization; Large language models; Cognition; Multimodal AI; Internet of things; large language models; Natural languages; multimodal AI; Prompt engineering; sensor data; Large language model; Multi-modal; Times series; Language model; Sensors data; Physical world; Natural language processing systems; Sensor data fusion; Data understanding; Sensor data analysis; Text processing","","","","","","","","","","","","","","","","","","","","","","","","","","","","","","","","2025 12th International Conference on Electrical and Electronics Engineering (ICEEE)","","","","","","","","","","","","","","",""
"8FWIMMZG","journalArticle","2025","C. Li; T. Denison; T. Zhu","A Survey of Few-Shot Learning for Biomedical Time Series","IEEE Reviews in Biomedical Engineering","","1941-1189","10.1109/RBME.2024.3492381","","Advancements in wearable sensor technologies and the digitization of medical records have contributed to the unprecedented ubiquity of biomedical time series data. Data-driven models have tremendous potential to assist clinical diagnosis and improve patient care by improving long-term monitoring capabilities, facilitating early disease detection and intervention, as well as promoting personalized healthcare delivery. However, accessing extensively labeled datasets to train data-hungry deep learning models encounters many barriers, such as long-tail distribution of rare diseases, cost of annotation, privacy and security concerns, data-sharing regulations, and ethical considerations. An emerging approach to overcome the scarcity of labeled data is to augment AI methods with human-like capabilities to leverage past experiences to learn new tasks with limited examples, called few-shot learning. This survey provides a comprehensive review and comparison of few-shot learning methods for biomedical time series applications. The clinical benefits and limitations of such methods are discussed in relation to traditional data-driven approaches. This paper aims to provide insights into the current landscape of few-shot learning for biomedical time series and its implications for future research and applications.","2025","2026-03-10 15:06:30","2026-03-10 15:06:30","","192-210","","","18","","IEEE Reviews in Biomedical Engineering","","","","","","","","","","","","","","","","","","","Training; Data models; Adaptation models; Surveys; Time series analysis; Generative adversarial networks; Biological system modeling; Taxonomy; Brain modeling; Few shot learning; Biomedical time series; few-shot learning","","","","","","","","","","","","","","","","","","","","","","","","","","","","","","","","","","","","","","","","","","","","","","",""
"6XAN4TMK","journalArticle","2024","R. Liu; Q. Zhang; T. Han; B. Yang; W. Zhang; S. Yin; D. Zhou","Survey on Foundation Models for Prognostics and Health Management in Industrial Cyber-Physical Systems","IEEE Transactions on Industrial Cyber-Physical Systems","","2832-7004","10.1109/TICPS.2024.3425326","","Industrial Cyber-Physical Systems (ICPS) integrating disciplines such as computer science, communication technology, and engineering, have become a crucial component of modern manufacturing and industry. However, ICPS faces numerous challenges during long-term operation, including equipment faults, performance degradation, and security threats, etc. To achieve efficient maintenance and management, prognostics and health management (PHM) has been widely applied in the critical tasks of ICPS such as fault prediction, health monitoring, and maintenance decision-making. The emergence of large-scale foundation models (LFMs) like BERT and GPT marks a significant advancement in artificial intelligence (AI) technology, demonstrating substantial application potential in multiple fields. The accumulation of AI technology, rapid development of LFMs, and the abundance of industrial data and industrial process knowledge provide the foundational conditions for the construction and advancement of industrial LFMs. However, there is currently a lack of consensus on applying LFMs of PHM in ICPS, necessitating a systematic review and roadmap to clarify future development directions. To bridge this gap, this survey provides a comprehensive survey and understanding of the recent advances in LFMs of PHM in ICPS. It provides valuable references for decision makers and researchers in the industry, and helps to further improve the reliability, availability and safety of ICPS.","2024","2026-03-10 15:06:30","2026-03-10 15:42:28","","264-280","","","2","","IEEE Transactions on Industrial Cyber-Physical Systems","","","","","","","","","","","","","","","","","","","Artificial intelligence; Fault diagnosis; Prognostics and health management; Sensors; Maintenance engineering; remaining useful life; Biological system modeling; Cyber-physical systems; fault diagnosis; Industrial engineering; Industrial cyber-physical systems; industrial process knowledge; large-scale foundation models; Life cycle assessment; prognostics and health management","","","","","","","","","","","","","","","","","","","","","","","","","","","","","","","","","","","","","","","","","","","","","","",""
"S88K5EEM","journalArticle","2026","P. Zhao; W. Hu; D. Cao; Z. Dong; Y. Zeng; Q. Huang; Z. Chen","A Review on Deep Learning-Based Electrical Load Forecasting: From Perspectives of Learning Paradigms and Foundation Models","Journal of Modern Power Systems and Clean Energy","","2196-5420","10.35833/MPCE.2025.000740","","Electrical load forecasting (ELF) plays a critical role in the planning and operation of modern power systems. As energy demand patterns grow more complex, deep learning (DL) techniques, and more recently, foundation models (FMs), have emerged as powerful tools for modeling temporal dynamics and integrating heterogeneous inputs. In practice, the effectiveness of these models depends not only on their architectures but also on the learning paradigms that determine how they are trained, adapted, and deployed. However, most existing surveys focus solely on network architectures, with limited attention to the underlying paradigms. To this end, this review maps the DL-based ELF approaches through the lens of learning paradigms. It organizes the literature into four orthogonal paradigms: task-tuned offline learning, adaptive learning, collaborative learning, and general-purpose learning. This paradigm-centric perspective enables a unified understanding of how DL methods evolve to meet the challenges of ELF. It also provides a natural framework to incorporate FMs as the latest advancement in this trajectory. Finally, key challenges are provided, and research opportunities are highlighted to inform future directions.","2026","2026-03-10 15:06:31","2026-03-10 15:42:29","","1-19","","","","","Journal of Modern Power Systems and Clean Energy","","","","","","","","","","","","","","","","","","","Data models; Predictive models; Adaptation models; Load modeling; Surveys; Reviews; Forecasting; deep learning; Frequency modulation; foundation model; Electrical load forecasting; Geophysical measurement techniques; Ground penetrating radar","","","","","","","","","","","","","","","","","","","","","","","","","","","","","","","","","","","","","","","","","","","","","","",""
"LJ466BVU","journalArticle","2026","Q. Long; S. Liu; N. Cao; Z. Ren; X. Luo; W. Ju; C. Fang; Z. Zhu; H. Zhu; Y. Zhou","A Survey of Large Language Models for Traffic Forecasting: Methods and Applications","IEEE Transactions on Big Data","","2332-7790","10.1109/TBDATA.2026.3668685","","Large Language Models (LLMs) have achieved prominent success in various applications, driven by their foundational capabilities and strong generalization potential. While their impact on natural language processing is well-established, recent works highlight their significant promise in other applications as well. One such area is traffic forecasting, where LLMs demonstrated the ability to generate powerful analytical insights, offering new opportunities for advancing Intelligent Transportation Systems (ITS). This survey summarizes 160 related works, providing a comprehensive review of methods, applications, and challenges. Specifically, we summarize the efforts to bridge the gap between time series data and language models, exploring their design principles and applications in various traffic scenarios, including traffic forecasting, traffic recommendation, mobility forecasting, urban management, signal control, and safety analysis. For deeper insights, we discuss existing challenges and highlight future research directions. This survey identifies three key limitations of current works: (1) LLM-based traffic models face practical deployment hurdles; (2) there lacks a unified benchmark across various applications; (3) resident privacy protection demands attention in their real-world applications. By providing a foundational understanding of LLMs for traffic forecasting, this survey aims to benefit not only the traffic mining community but also contribute to the broader advancement of Artificial General Intelligence (AGI).","2026","2026-03-10 15:06:31","2026-03-10 15:06:31","","1-20","","","","","IEEE Transactions on Big Data","","","","","","","","","","","","","","","","","","","Predictive models; Feature extraction; Surveys; Time series analysis; Computational modeling; Forecasting; Context modeling; Large Language Models; Foundation models; Encoding; Chatbots; Artificial General Intelligence; Traffic Forecasting","","","","","","","","","","","","","","","","","","","","","","","","","","","","","","","","","","","","","","","","","","","","","","",""
"FRJMM6PE","journalArticle","2025","W. Zheng; Y. Arakawa","A Review of Wearables-Based Activities of Daily Living Recognition With LLMs: Overview, Progress, and Trends","IEEE Access","","2169-3536","10.1109/ACCESS.2025.3598088","","Over the past few years, driven by advancements in wearable devices and intelligent algorithms, numerous works have emerged in the field of wearables-based activities of daily living recognition. However, most existing methods still face challenges in addressing activity recognition in complex scenarios and generalizing to different devices. Many recent methods use Large Language Models to address these challenges and have made significant progress. LLMs enhance complex scenario perception by capturing rich contextual knowledge and improve generalization across tasks, enabling better adaptability to diverse conditions. In this paper, we present a comprehensive review of wearables-based ADL recognition with LLMs, covering 204 related works. We firstly introduce the overall pipeline of adapting pretrained LLMs to the field of wearables-based ADL recognition. Then the progress on data processing, LLMs finetuning and inference, and ADL applications enabled by LLMs are reported systematically. In the end, we summarize current research trends and discuss the future directions towards effective and generalized activity recognition with different wearable devices.","2025","2026-03-10 15:06:31","2026-03-10 15:28:41","","143813-143830","","","13","","IEEE Access","","","","","","","","","","","","","","","","","","","Data models; Adaptation models; Sensors; Surveys; Reviews; Large language models; Tuning; large language models; Wearable sensors; Activities of daily living recognition; Data preprocessing; Legged locomotion; wearable devices","","","","","","","","","","","","","","","","","","","","","","","","","","","","","","","","","","","","","","","","","","","","","","",""
"S33A2AZB","journalArticle","2026","J. Zheng; Z. Ye; Y. Wen; J. Huang; Z. Zhang; Q. Li; Q. Hu; B. Xu; L. Zhao; H. Fu","A Comprehensive Review of Agricultural Parcel and Boundary Delineation From Remote Sensing Images: Recent progress and future perspectives","IEEE Geoscience and Remote Sensing Magazine","","2168-6831","10.1109/MGRS.2026.3658493","","Recent advances in diverse remote sensing sensors have enabled the acquisition of high-spatial-resolution imagery, offering unprecedented opportunities for cost-efficient and accurate agricultural inventory and analysis in an automated manner. Lots of studies that aim at providing an inventory of the level of each agricultural parcel have generated many methods for agricultural parcel and boundary delineation (APBD). This review article covers APBD methods for detecting and delineating agricultural parcels and systematically reviews the past and present of APBD-related research applied to remote sensing images. We conceptualize existing APBD studies as comprising three hierarchical levels: cropland identification (CI), boundary delineation (BD), and parcel segmentation (PS). With the goal to provide a clear knowledge map of existing APBD efforts, we conduct a comprehensive review of recent APBD papers to build a metadata analysis, including the algorithm, the study site, the crop type, the sensor type, the evaluation method, and so on. We categorize the methods into three classes: 1) traditional image processing methods (including pixel based, edge based, and region based), 2) traditional machine learning methods [such as random forests (RFs) and decision trees (DTs)], and 3) deep learning-based methods. With deep learning-oriented approaches contributing to a majority, we further discuss deep learning-based APBD methods, organizing them primarily by task into semantic segmentation-based and object detection-based approaches and, within each, distinguishing architectures based on convolutional neural networks (CNNs) and transformers. In addition, we discuss several APBD-related issues to further comprehend the APBD domain using remote sensing data, such as multisensor data in APBD tasks, comparisons between single-task learning and multitask learning in the APBD domain, comparisons among different algorithms and different APBD tasks, and so on. Finally, this article proposes some APBD-related applications and a few exciting prospects and potential hot topics in future APBD research. We hope this review helps researchers involved in the APBD domain to keep track of developments and trends.","2026","2026-03-10 15:06:31","2026-03-10 15:06:31","","2-33","","","","","IEEE Geoscience and Remote Sensing Magazine","","","","","","","","","","","","","","","","","","","Monitoring; Surveys; Deep learning; Reviews; Market research; Foundation models; Crops; Remote sensing; Image segmentation; Yield estimation","","","","","","","","","","","","","","","","","","","","","","","","","","","","","","","","","","","","","","","","","","","","","","",""
"CQFR8K9X","journalArticle","2023","B. Becote; B. P. Rimal","Complexity Science and Cyber Operations: A Literature Survey","Complex System Modeling and Simulation","","2097-3705","10.23919/CSMS.2023.0018","","Complexity science is an interdisciplinary scientific field that analyzes systems as holistic entities consisting of characteristics beyond the sum of a system's individual elements. This paper presents current research across the literature promoting cyber security as a complex adaptive system. We introduce complex systems concepts and fields of study, and deliver historical context, main themes, and current research relevant to cyber operations. Examples of cyber operations research leveraging agent-based modeling demonstrate the power of computational modeling grounded in complex systems principles. We discuss cyber operations as a scientific field, define current shortfalls for scientific rigor, and provide examples of how a complexity science foundation can further research and practice across a variety of cyber-based efforts. We propose standard definitions applicable to complex systems for cyber professionals and conclude with recommendations for future cyber operations research.","2023-12","2026-03-10 15:06:42","2026-03-10 15:06:42","","327-342","","4","3","","Complex System Modeling and Simulation","","","","","","","","","","","","","","","","","","","Predictive models; Surveys; Time series analysis; Measurement; Complexity theory; cybersecurity; simulation; modeling; Agent-based modeling; agent-based modeling (ABM); cyberwarfare; Operations research","","","","","","","","","","","","","","","","","","","","","","","","","","","","","","","","","","","","","","","","","","","","","","",""
"2NX6RCXN","conferencePaper","2024","P. Lamart; Y. Yu; C. Berger","Semantic-Aware Representation of Multi-Modal Data for Data Ingress: A Literature Review","2024 50th Euromicro Conference on Software Engineering and Advanced Applications (SEAA)","2376-9521","","10.1109/SEAA64295.2024.00026","https://www.scopus.com/inward/record.uri?eid=2-s2.0-85218643053&doi=10.1109%2FSEAA64295.2024.00026&partnerID=40&md5=38995bb65907f70c466d697ddaba0007","Machine Learning (ML) is continuously permeating a growing amount of application domains. Generative AI such as Large Language Models (LLMs) also sees broad adoption to process multi-modal data such as text, images, audio, and video. While the trend is to use ever-larger datasets for training, managing this data efficiently has become a significant practical challenge in the industry-double as much data is certainly not double as good. Rather the opposite is important since getting an understanding of the inherent quality and diversity of the underlying data lakes is a growing challenge for application-specific ML as well as for fine-tuning foundation models. Furthermore, information retrieval (IR) from expanding data lakes is complicated by the temporal dimension inherent in time-series data which must be considered to determine its semantic value. This study focuses on the different semantic-aware techniques to extract embeddings from mono-modal, multi-modal, and cross-modal data to enhance IR capabilities in a growing data lake. Articles were collected to summarize information about the state-of-the-art techniques focusing on applications of embedding for three different categories of data modalities.","2024-08-28","2026-03-10 15:06:43","2026-03-10 17:07:38","","122-125","","2024","","","","","","","","","","","","","","Scopus","","","","Journal Abbreviation: 2024 50th Euromicro Conference on Software Engineering and Advanced Applications (SEAA)","","","","Training; Reviews; Machine learning; Market research; Large language models; Semantics; Generative AI; Data centers; Spatio-temporal data; embedding; Big Data applications; data lake; data modality; information retrieval; Information retrieval; literature review; multi-modal data; Software engineering; Adversarial machine learning; Machine-learning; Language model; Embeddings; Applications domains; Data lake; Data modality; Literature reviews; Multi-modal data; Semantic-aware; Text images","","","","","","","","","","","","","","","","","","","","","","","","","","","","","","","","2024 50th Euromicro Conference on Software Engineering and Advanced Applications (SEAA)","","","","","","","","","","","","","","",""
"XJEPNNU7","journalArticle","2026","H. Zhang; M. Farzanullah; M. Ghassemi; A. Bin Sediq; A. Afana; M. Erol-Kantarci","Multi-Modal Data-Enhanced Foundation Models for Prediction and Control in Wireless Networks: A Survey","IEEE Communications Surveys & Tutorials","","1553-877X","10.1109/COMST.2025.3648785","","Foundation models (FMs) are recognized as a transformative breakthrough that has started to reshape the future of artificial intelligence (AI) across both academia and industry. The integration of FMs into wireless networks is expected to enable the development of general-purpose AI agents capable of handling diverse network management requests and highly complex wireless-related tasks involving multi-modal data. Inspired by these ideas, this work discusses the utilization of FMs, especially multi-modal FMs in wireless networks. We focus on two important types of tasks in wireless network management: prediction tasks and control tasks. In particular, we first discuss FMs-enabled multi-modal contextual information understanding in wireless networks. Then, we explain how FMs can be applied to prediction and control tasks, respectively. Following this, we introduce the development of wireless-specific FMs from two perspectives: available datasets for development and the methodologies used. Finally, we conclude with a discussion of the challenges and future directions for FM-enhanced wireless networks.","2026","2026-03-10 15:07:46","2026-03-10 15:07:46","","4359-4393","","","28","","IEEE Communications Surveys & Tutorials","","","","","","","","","","","","","","","","","","","Artificial intelligence; Data models; Adaptation models; Surveys; Computational modeling; Transformers; Foundation models; generative AI; Generative AI; Frequency modulation; large language models; Wireless networks; wireless networks; traffic prediction; B5G; Generative foundation models; multi-modal foundation models","","","","","","","","","","","","","","","","","","","","","","","","","","","","","","","","","","","","","","","","","","","","","","",""
"TTYRZDJH","journalArticle","2024","A. Rauniyar; D. H. Hagos; D. Jha; J. E. Håkegård; U. Bagci; D. B. Rawat; V. Vlassov","Federated Learning for Medical Applications: A Taxonomy, Current Trends, Challenges, and Future Research Directions","IEEE Internet of Things Journal","","2327-4662","10.1109/JIOT.2023.3329061","","With the advent of the Internet of Things (IoT), artificial intelligence (AI), machine learning (ML), and deep learning (DL) algorithms, the landscape of data-driven medical applications has emerged as a promising avenue for designing robust and scalable diagnostic and prognostic models from medical data. This has gained a lot of attention from both academia and industry, leading to significant improvements in healthcare quality. However, the adoption of AI-driven medical applications still faces tough challenges, including meeting security, privacy, and Quality-of-Service (QoS) standards. Recent developments in federated learning (FL) have made it possible to train complex machine-learned models in a distributed manner and have become an active research domain, particularly processing the medical data at the edge of the network in a decentralized way to preserve privacy and address security concerns. To this end, in this article, we explore the present and future of FL technology in medical applications where data sharing is a significant challenge. We delve into the current research trends and their outcomes, unraveling the complexities of designing reliable and scalable FL models. This article outlines the fundamental statistical issues in FL, tackles device-related problems, addresses security challenges, and navigates the complexity of privacy concerns, all while highlighting its transformative potential in the medical field. Our study primarily focuses on medical applications of FL, particularly in the context of global cancer diagnosis. We highlight the potential of FL to enable computer-aided diagnosis tools that address this challenge with greater effectiveness than traditional data-driven methods. Recent literature has shown that FL models are robust and generalize well to new data, which is essential for medical applications. We hope that this comprehensive review will serve as a checkpoint for the field, summarizing the current state of the art and identifying open problems and future research directions.","2024-03-01","2026-03-10 15:07:46","2026-03-10 15:07:46","","7374-7398","","5","11","","IEEE Internet of Things Journal","","","","","","","","","","","","","","","","","","","Artificial intelligence; Federated learning; Data privacy; Internet of Things; Artificial intelligence (AI); data privacy; Surveys; edge computing; Security; Medical services; federated learning (FL); security; Large language models; Foundation models; Biomedical equipment; Medical diagnostic imaging; large language model (LLM); Cancer; communication; foundational model (FMs); medical applications","","","","","","","","","","","","","","","","","","","","","","","","","","","","","","","","","","","","","","","","","","","","","","",""
"AGPG4U6B","journalArticle","2025","Y. Cheng; W. Zhang; Z. Zhang; C. Zhang; S. Wang; S. Mao","Toward Federated Large Language Models: Motivations, Methods, and Future Directions","IEEE Communications Surveys & Tutorials","","1553-877X","10.1109/COMST.2024.3503680","https://www.scopus.com/inward/record.uri?eid=2-s2.0-85210274085&doi=10.1109%2FCOMST.2024.3503680&partnerID=40&md5=dc6b0742fd0b8a376cab529b9160337d","Large Language Models (LLMs), such as LLaMA and GPT-4, have transformed the paradigm of natural language comprehension and generation. Despite their impressive performance, these models still face certain challenges, including the need for extensive data, high computational resources, and privacy concerns related to their data sources. Recently, Federated Learning (FL) has surfaced as a cooperative AI methodology that enables AI training across distributed computation entities while maintaining decentralized data. Integrating FL with LLMs presents an encouraging solution for privacy-preserving and collaborative LLM learning across multiple end-users, thus addressing the aforementioned challenges. In this paper, we provide an exhaustive review of federated Large Language Models, starting from an overview of the latest progress in FL and LLMs, and proceeding to a discourse on their motivation and challenges for integration. We then conduct a thorough review of the existing federated LLM research from the perspective of the entire lifespan, from pre-training to fine-tuning and practical applications. Moreover, we address the threats and issues arising from this integration, shedding light on the delicate balance between privacy and robustness, and introduce existing approaches and potential strategies for enhancing federated LLM privacy and resilience. Finally, we conclude this survey by outlining promising avenues for future research in this emerging field.","2025-08","2026-03-10 15:07:46","2026-03-10 17:07:56","","2733-2764","","4","27","","IEEE Communications Surveys & Tutorials","","","","","","","","","","","Scopus","","","","","","","","Artificial intelligence; Federated learning; Training; Data models; Privacy; Surveys; Robustness; Computational modeling; Security; Reviews; Differential privacy; privacy; Foundation models; Performance; foundation model; Natural languages; large language model; Collaborative learning; Large language model; Contrastive Learning; Privacy concerns; Language model; Computational resources; Language comprehensions; Language generation","","","","","","","","","","","","","","","","","","","","","","","","","","","","","","","","","","","","","","","","","","","","","","",""
"PDNW5QMH","conferencePaper","2024","M. R. Shoaib; Z. Wang; J. Zhao","The Convergence of Artificial Intelligence Foundation Models and 6G Wireless Communication Networks","2024 IEEE 99th Vehicular Technology Conference (VTC2024-Spring)","2577-2465","","10.1109/VTC2024-Spring62846.2024.10683090","https://www.scopus.com/inward/record.uri?eid=2-s2.0-85206194115&doi=10.1109%2FVTC2024-Spring62846.2024.10683090&partnerID=40&md5=156356ad531b3a776a1bc58ed8a7ba1c","This review paper explores the powerful convergence of AI foundation models and 6G wireless communication networks, emphasizing their symbiotic relationship and transformative potential. It investigates the advancements within 6G networks, highlighting key areas such as federated learning, blockchain integration, and mobile edge computing. The paper discusses how AI foundation models can enhance 6G communications and vice versa, outlining applications such as the Internet of Vehicles (IoVs) and the Metaverse, aiming to open challenges and future research directions, and underscoring the profound impact of integrating these technologies.","2024-06-24","2026-03-10 15:07:46","2026-03-10 17:07:56","","1-5","","","","","","","","","","","","","","","","Scopus","","","","Journal Abbreviation: 2024 IEEE 99th Vehicular Technology Conference (VTC2024-Spring)","","","","Artificial intelligence; Federated learning; Deep learning; Metaverse; Artificial Intelligence (AI); Wireless communication; 6G mobile communication; Deep Learning; Edge computing; Foundation models; Multi-access edge computing; Frequency modulation; Foundation Models; 6G Communications; Vehicular and wireless technologies; Wireless Networks; Metaverses; Block-chain; 6g communication; Review papers; Symbiotic relationship; Wireless communications networks","","","","","","","","","","","","","","","","","","","","","","","","","","","","","","","","2024 IEEE 99th Vehicular Technology Conference (VTC2024-Spring)","","","","","","","","","","","","","","",""
"M2XBEF4B","journalArticle","2025","A. Marengo; V. Santamato","A Novel Machine Learning-Optimized Framework for Systematic Analysis of Foundation Models in Healthcare: Comprehensive Algorithm Optimization With Governance-Driven Predictive Modeling","IEEE Access","","2169-3536","10.1109/ACCESS.2025.3636388","","This paper presents an innovative computational framework that combines systematic literature review methodology with machine learning techniques to analyze Foundation Models (FMs) deployment in healthcare systems. We developed a novel approach integrating PRISMA 2020 guidelines with Latent Dirichlet Allocation (LDA) topic modeling, analyzing 92 peer-reviewed studies (2021-2025). Through systematic benchmarking of eight optimization algorithms, Particle Swarm Optimization (PSO) emerged as optimal for LDA hyperparameter tuning, achieving superior topic coherence (fitness: −0.89546 on negative coherence scale, where lower values indicate better model performance). Our analysis revealed two dominant implementation paradigms: clinical practice applications (44.57%) and image-based diagnostic systems (55.43%). In the experimental extension, we developed a hybrid classification framework. This framework captures governance-related factors influencing FM adoption using both binary and multilabel approaches. Binary classification achieved AUC = 0.956 with Logistic Regression, while multilabel classification (10 thematic clusters) using Gradient Boosting achieved Hamming loss of 0.071, revealing that 71% of papers exhibit multi-domain characteristics, with an overall average of 3.12 thematic cluster assignments per document across the entire 92-paper corpus. LIME-based interpretability revealed distinct regulatory patterns across application domains. Notably, while safety and bias concerns appear in >70% of studies, critical dimensions like accountability (8.7%) and patient-centered design (12.0%) remain underrepresented. The framework demonstrates robust performance across multiple independent runs, providing a replicable methodology for analyzing emerging AI technologies. All code and annotation guidelines are available upon request, supporting reproducibility and extension of this interdisciplinary approach.","2025","2026-03-10 15:07:46","2026-03-10 15:07:46","","210040-210088","","","13","","IEEE Access","","","","","","","","","","","","","","","","","","","Artificial intelligence; Ethics; Data models; Adaptation models; Computational modeling; Medical services; Systematics; Foundation models; Frequency modulation; Medical diagnostic imaging; binary-multilabel classification; healthcare AI systems; interdisciplinary computational framework; machine learning-enhanced systematic review; particle swarm optimization","","","","","","","","","","","","","","","","","","","","","","","","","","","","","","","","","","","","","","","","","","","","","","",""
"HXSYMZW4","journalArticle","2024","M. Adam; U. Baroudi","Federated Learning for IoT: Applications, Trends, Taxonomy, Challenges, Current Solutions, and Future Directions","IEEE Open Journal of the Communications Society","","2644-125X","10.1109/OJCOMS.2024.3506214","","The rapid advancement of Internet of Things (IoT) technology has transformed the digital landscape, enabling unprecedented connectivity between devices, people, and services. Traditionally, IoT-generated data was processed through centralized, cloud-based machine learning (ML) systems, raising significant privacy, security, and network bandwidth concerns. Federated Learning (FL) presents a viable alternative by transmitting only model parameters while preserving local data privacy. Despite the growing body of research, there remains a gap in comprehensive studies on FL-enabled IoT systems. This review provides an in-depth examination of the integration of FL with IoT, highlighting how FL enhances the efficiency, robustness, and adaptability of IoT systems. The paper introduces the foundational principles of FL, followed by an exploration of its key benefits in decentralized IoT applications. It presents a comparative analysis of FL-IoT architectures using quantitative metrics and proposes a taxonomy that clarifies the complexities and variations in FL-enabled IoT systems. The challenges of deploying FL in IoT environments are discussed, along with current trends and solutions aimed at overcoming these hurdles. Furthermore, the review explores the integration of FL with emerging technologies, including foundational models (FMs), green and sustainable 6th-generation (6G) IoT networks, and deep reinforcement learning (DRL), emphasizing their role in enhancing FL’s efficiency and resilience. It also covers FL frameworks and benchmarks, providing a valuable resource for researchers and practitioners in the field The article concludes by identifying promising research directions that are expected to drive future advancements in this dynamic and expanding field.","2024","2026-03-10 15:07:47","2026-03-10 15:07:47","","7842-7877","","","5","","IEEE Open Journal of the Communications Society","","","","","","","","","","","","","","","","","","","Federated learning; Training; Data models; Internet of Things; Servers; Surveys; Smart cities; Market research; Taxonomy; 6G mobile communication; Frequency modulation; foundational models; FL-architecture; green and sustainability 6G IoT; intelligent IoT applications","","","","","","","","","","","","","","","","","","","","","","","","","","","","","","","","","","","","","","","","","","","","","","",""
"HJVVK9YV","journalArticle","2026","H. Jeong; S. Ma; A. Houmansadr","A Survey on Federated Unlearning: Challenges and Opportunities","IEEE Transactions on Big Data","","2332-7790","10.1109/TBDATA.2026.3668538","","Federated learning (FL), introduced in 2017, enables collaborative learning across mutually distrusting parties without sharing raw data, enabling privacy-preserving model training. However, emerging regulations and practical demands require models to be able to forget learned data, leading to growing interest in Machine Unlearning (MU). In the context of FL, many techniques developed for unlearning in centralized settings are not trivially applicable. This is due to interactivity, stochasticity, heterogeneity, and limited data accessibility. This has motivated a distinct research area of federated unlearning (FU). This survey provides the first practice-oriented synthesis of FU, foregrounding aspects often overlooked in prior surveys: data-distribution modeling (and non-IID simulation), dataset selection, and FL system configurations. We introduce a taxonomy that separates influence removal from performance recovery, and compare FU approaches across unlearning targets, aggregation assumptions, and reproducibility signals. By analyzing datasets, evaluation metrics, and code availability, we surface key trends that differentiate FU from centralized MU. We highlight challenges unique to FU, such as interactive training, stochastic client participation, and data isolation, and synthesize open problems around scalability, fairness, and unlearning in foundation models. Our survey aims to guide FU research by clarifying methodological gaps, system assumptions, and promising directions.","2026","2026-03-10 15:07:47","2026-03-10 15:07:47","","1-20","","","","","IEEE Transactions on Big Data","","","","","","","","","","","","","","","","","","","federated learning; Federated learning; Training; Data models; Servers; Surveys; Computational modeling; Taxonomy; Codes; Reproducibility of results; Stochastic processes; Federated unlearning; machine unlearning","","","","","","","","","","","","","","","","","","","","","","","","","","","","","","","","","","","","","","","","","","","","","","",""
"696MS64H","conferencePaper","2023","M. R. Shoaib; H. M. Emara; J. Zhao","A Survey on the Applications of Frontier AI, Foundation Models, and Large Language Models to Intelligent Transportation Systems","2023 International Conference on Computer and Applications (ICCA)","","","10.1109/ICCA59364.2023.10401518","","This survey paper explores the transformative influence of frontier AI, foundation models, and Large Language Models (LLMs) in the realm of Intelligent Transportation Systems (ITS), emphasizing their integral role in advancing transportation intelligence, optimizing traffic management, and contributing to the realization of smart cities. Frontier AI refers to the forefront of AI technology, encompassing the latest advancements, innovations, and experimental techniques in the field, especially AI foundation models and LLMs. Foundation models, like GPT-4, are large, general-purpose AI models that provide a base for a wide range of applications. They are characterized by their versatility and scalability. LLMs are obtained from fine-tuning foundation models with a specific focus on processing and generating natural language. They excel in tasks like language understanding, text generation, translation, and summarization. By leveraging vast textual data, including traffic reports and social media interactions, LLMs extract critical insights, fostering the evolution of ITS. The survey navigates the dynamic synergy between LLMs and ITS, delving into applications in traffic management, integration into autonomous vehicles, and their role in shaping smart cities. It provides insights into ongoing research, innovations, and emerging trends, aiming to inspire collaboration at the intersection of language, intelligence, and mobility for safer, more efficient, and sustainable transportation systems. The paper further surveys interactions between LLMs and various aspects of ITS, exploring roles in traffic management, facilitating autonomous vehicles, and contributing to smart city development, while addressing challenges brought by frontier AI and foundation models. This paper offers valuable inspiration for future research and innovation in the transformative domain of intelligent transportation.","2023-11-28","2026-03-10 15:07:47","2026-03-10 15:07:47","","1-7","","","","","","","","","","","","","","","","","","","","Journal Abbreviation: 2023 International Conference on Computer and Applications (ICCA)","","","","Artificial intelligence; Surveys; Computational modeling; Smart cities; Technological innovation; Transportation; Autonomous vehicles; Smart Cities; Large Language Models (LLMs); Foundation Models; 6G Wireless Communication; Frontier AI; Intelligent Transportation Systems (ITS); Internet of Vehicles (IoVs); Vehicular Technology","","","","","","","","","","","","","","","","","","","","","","","","","","","","","","","","2023 International Conference on Computer and Applications (ICCA)","","","","","","","","","","","","","","",""
"MM5JWK2C","journalArticle","2024","L. Yuan; Z. Wang; L. Sun; P. S. Yu; C. G. Brinton","Decentralized Federated Learning: A Survey and Perspective","IEEE Internet of Things Journal","","2327-4662","10.1109/JIOT.2024.3407584","","Federated learning (FL) has been gaining attention for its ability to share knowledge while maintaining user data, protecting privacy, increasing learning efficiency, and reducing communication overhead. Decentralized FL (DFL) is a decentralized network architecture that eliminates the need for a central server in contrast to centralized FL (CFL). DFL enables direct communication between clients, resulting in significant savings in communication resources. In this article, a comprehensive survey and profound perspective are provided for DFL. First, a review of the methodology, challenges, and variants of CFL is conducted, laying the background of DFL. Then, a systematic and detailed perspective on DFL is introduced, including iteration order, communication protocols, network topologies, paradigm proposals, and temporal variability. Next, based on the definition of DFL, several extended variants and categorizations are proposed with state-of-the-art (SOTA) technologies. Lastly, in addition to summarizing the current challenges in the DFL, some possible solutions and future research directions are also discussed.","2024-11-01","2026-03-10 15:07:47","2026-03-10 15:07:47","","34617-34638","","21","11","","IEEE Internet of Things Journal","","","","","","","","","","","","","","","","","","","Data models; Internet of Things; Adaptation models; Servers; Internet of Things (IoT); Surveys; privacy preservation; Taxonomy; federated learning (FL); Protocols; Decentralized learning; network","","","","","","","","","","","","","","","","","","","","","","","","","","","","","","","","","","","","","","","","","","","","","","",""
"LIKYD82P","journalArticle","2024","Z. Li; Z. Cui; H. Liao; J. Ash; G. Zhang; C. Xu; Y. Wang","Steering the Future: Redefining Intelligent Transportation Systems with Foundation Models","CHAIN","","2097-3489","10.23919/CHAIN.2024.100003","","At the intersection of artificial intelligence and urban development, this paper unveils the pivotal role of Foundation Models (FMs) in revolutionizing Intelligent Transportation Systems (ITS). Against the backdrop of escalating urbanization and environmental concerns, we rigorously assess how FMs—spanning large language models, vision-language models, large multimodal models, etc.—can redefine urban mobility paradigms. Our discussion extends to the potential of modular, scalable models and strategic public-private partnerships in facilitating seamless integration. Through a comprehensive literature review and theoretical framework, this paper underscores the significant role of FMs in steering the future of transportation towards unprecedented levels of intelligence and responsiveness. The insights offered aim to guide policymakers, engineers, and researchers in the ethical and effective adoption of FMs, paving the way for a new era in transportation systems.","2024-03","2026-03-10 15:07:54","2026-03-10 15:07:54","","46-53","","1","1","","CHAIN","","","","","","","","","","","","","","","","","","","artificial intelligence; intelligent transportation systems; foundation models; autonomous vehicles; urban mobility","","","","","","","","","","","","","","","","","","","","","","","","","","","","","","","","","","","","","","","","","","","","","","",""
"JTFH7VKZ","journalArticle","2026","A. S. Panayides; H. Chen; N. D. Filipovic; T. Geroski; J. Hou; K. Lekadir; K. Marias; G. K. Matsopoulos; G. Papanastasiou; P. Sarder; G. Tourassi; S. A. Tsaftaris; H. Fu; E. Kyriacou; C. P. Loizou; M. Zervakis; J. H. Saltz; F. E. Shamout; K. C. L. Wong; J. Yao; A. Amini; D. I. Fotiadis; C. S. Pattichis; M. S. Pattichis","Position Paper: Artificial Intelligence in Medical Image Analysis: Advances, Clinical Translation, and Emerging Frontiers","IEEE Journal of Biomedical and Health Informatics","","2168-2208","10.1109/JBHI.2025.3649496","https://www.scopus.com/inward/record.uri?eid=2-s2.0-105028303138&doi=10.1109%2FJBHI.2025.3649496&partnerID=40&md5=0b4e10087a5d76fb288da87b8d9ab6fa","Over the past five years, artificial intelligence (AI) has introduced new models and methods for addressing the challenges associated with the broader adoption of AI models and systems in medicine. This paper reviews recent advances in AI for medical image and video analysis, outlines emerging paradigms, highlights pathways for successful clinical translation, and provides recommendations for future work. Hybrid Convolutional Neural Network (CNN) Transformer architectures now deliver state-of-the-art results in segmentation, classification, reconstruction, synthesis, and registration. Foundation and generative AI models enable the use of transfer learning to smaller datasets with limited ground truth. Federated learning supports privacy-preserving collaboration across institutions. Explainable and trustworthy AI approaches have become essential to foster clinician trust, ensure regulatory compliance, and facilitate ethical deployment. Together, these developments pave the way for integrating AI into radiology, pathology, and wider healthcare workflows.","2026-02","2026-03-10 15:07:54","2026-03-10 17:08:05","","1187-1202","","2","30","","IEEE Journal of Biomedical and Health Informatics","","","","","","","","","","","Scopus","","","","","","","","Artificial intelligence; federated learning; Data models; Data privacy; Convolutional neural networks; Computer architecture; Artificial intelligence (AI); Artificial Intelligence; artificial intelligence; Transformers; privacy; Biological system modeling; Transfer learning; Foundation models; generative AI; Convolution; regulatory compliance; review; Transformer; foundation models; Videos; transformers; Medical diagnostic imaging; explainable AI; medical imaging; generative artificial intelligence; Image segmentation; Image analysis; Generative artificial intelligence; clinical workflow integration; computational pathology; Computed tomography; convolutional neural networks (CNNs); Electronic mail; ethics; medical video analysis; multimodal fusion; trustworthy AI; Pathology; explainable artificial intelligence; Convolutional neural network; Explainable artificial intelligence; human; artificial neural network; Humans; procedures; convolutional neural network; Regulatory compliance; Translation (languages); diagnosis; transfer of learning; Neural Networks, Computer; diagnostic imaging; image analysis; image processing; Image Processing, Computer-Assisted; Multi-modal fusion; computer assisted diagnosis; Image Interpretation, Computer-Assisted; videorecording; Medical image processing; Diagnostic Imaging; Video analysis; Clinical workflow; Clinical workflow integration; clinician; Computational pathology; Ethical aspects; Medical video; Medical video analyze; translational research; Translational Research, Biomedical; Trustworthy artificial intelligence; workflow; Workflow integration","","","","","","","","","","","","","","","","","","","","","","","","","","","","","","","","","","","","","","","","","","","","","","",""
"QAKB2VGY","journalArticle","2026","Y. Ye; M. Ding; Y. Chen; P. Cheng; D. Niyato","Federated Customization of Large Models: Approaches, Experiments, and Insights","IEEE Network","","1558-156X","10.1109/MNET.2025.3648812","","In this article, we explore federated customization of large models and highlight the key challenges it poses within the federated learning framework. We review several popular large model customization techniques, including full fine-tuning, efficient fine-tuning, prompt engineering, prefix-tuning, knowledge distillation, and retrieval-augmented generation. Then, we discuss how these techniques can be implemented within the federated learning framework. Moreover, we conduct experiments on federated prefix-tuning, which, to the best of our knowledge, is the first trial to apply prefix-tuning in the federated learning setting. The conducted experiments validate its feasibility with performance close to centralized approaches. Further comparison with three other federated customization methods demonstrated its competitive performance, satisfactory efficiency, and consistent robustness.","2026","2026-03-10 15:07:54","2026-03-10 15:07:54","","1-9","","","","","IEEE Network","","","","","","","","","","","","","","","","","","","Training; Data models; Costs; Adaptation models; Computational modeling; Transformers; Tuning; Vectors; Prompt engineering; Matrix decomposition","","","","","","","","","","","","","","","","","","","","","","","","","","","","","","","","","","","","","","","","","","","","","","",""
"GGQXCKBY","journalArticle","2025","Z. Wang; E. Yang; L. Shen; H. Huang","A Comprehensive Survey of Forgetting in Deep Learning Beyond Continual Learning","IEEE Transactions on Pattern Analysis and Machine Intelligence","","1939-3539","10.1109/TPAMI.2024.3498346","","Forgetting refers to the loss or deterioration of previously acquired knowledge. While existing surveys on forgetting have primarily focused on continual learning, forgetting is a prevalent phenomenon observed in various other research domains within deep learning. Forgetting manifests in research fields such as generative models due to generator shifts, and federated learning due to heterogeneous data distributions across clients. Addressing forgetting encompasses several challenges, including balancing the retention of old task knowledge with fast learning of new task, managing task interference with conflicting goals, and preventing privacy leakage, etc. Moreover, most existing surveys on continual learning implicitly assume that forgetting is always harmful. In contrast, our survey argues that forgetting is a double-edged sword and can be beneficial and desirable in certain cases, such as privacy-preserving scenarios. By exploring forgetting in a broader context, we present a more nuanced understanding of this phenomenon and highlight its potential advantages. Through this comprehensive survey, we aspire to uncover potential solutions by drawing upon ideas and approaches from various fields that have dealt with forgetting. By examining forgetting beyond its conventional boundaries, we hope to encourage the development of novel strategies for mitigating, harnessing, or even embracing forgetting in real applications.","2025-03","2026-03-10 15:07:55","2026-03-10 15:28:13","","1464-1483","","3","47","","IEEE Transactions on Pattern Analysis and Machine Intelligence","","","","","","","","","","","","","","","","","","","Federated learning; Training; Data models; Data privacy; Adaptation models; Training data; Reinforcement learning; Surveys; Continuing education; Metalearning; Beneficial forgetting; cross-disciplinary research; distribution shift; harmful forgetting; memorization","","","","","","","","","","","","","","","","","","","","","","","","","","","","","","","","","","","","","","","","","","","","","","",""
"EL8A6RF6","conferencePaper","2025","R. Meghatria; D. Gaceb; F. Touazi","Curriculum Learning in Medical Image Analysis","2025 International Conference on Artificial Intelligence and Innovative Applications (AIIA)","","","10.1109/AIIA68273.2025.11383658","","Deep learning has revolutionized medical image analysis (MIA), offering unprecedented capabilities in diagnostics, prognosis, and treatment planning. However, its full potential is constrained by inherent challenges of medical data, including scarcity of large-scale annotated datasets, significant class imbalance, and the lack of model robustness to data distribution shifts. Curriculum learning (CL), a training paradigm inspired by human pedagogy, addresses these challenges by systematically structuring the learning process from easy to hard examples. This study presents a domain-focused review of CL in MIA. We synthesize how CL has been applied across diverse medical imaging tasks such as lesion detection, segmentation, and disease staging, demonstrating consistent gains in efficiency, robustness, and predictive accuracy. To provide structure to this field, we compile a taxonomy that categorizes CL approaches by their underlying difficulty criteria and learning paradigms. We further discuss open challenges and highlight promising avenues for future research, including the use of large pre-trained models, multi-modal data integration, and federated learning. By consolidating current evidence and perspectives, this study offers researchers and practitioners a comprehensive resource on CL in medical imaging and underscores its potential to advance clinically reliable AI systems.","2025-12-02","2026-03-10 15:07:55","2026-03-10 15:07:55","","1-8","","","","","","","","","","","","","","","","","","","","Journal Abbreviation: 2025 International Conference on Artificial Intelligence and Innovative Applications (AIIA)","","","","Federated learning; Training; Data models; Surveys; Robustness; Reviews; Taxonomy; Learning (artificial intelligence); Medical diagnostic imaging; Curriculum Learning; Image analysis; Easy-to-hard Learning; Medical Diagnosis; Medical Image Analysis; Scheduled Learning","","","","","","","","","","","","","","","","","","","","","","","","","","","","","","","","2025 International Conference on Artificial Intelligence and Innovative Applications (AIIA)","","","","","","","","","","","","","","",""
"CUI2ETJW","journalArticle","2026","F. Harman","Incremental Learning in Medical Imaging: A Comprehensive Survey of Deep Neural Network Advances and Challenges","IEEE Access","","2169-3536","10.1109/ACCESS.2026.3659025","https://www.scopus.com/inward/record.uri?eid=2-s2.0-105028903046&doi=10.1109%2FACCESS.2026.3659025&partnerID=40&md5=91c00412c65d7b85a26e42646bbd0813","Deep neural networks (DNNs) have achieved remarkable success in medical image analysis; however, their deployment in real-world clinical environments remains constrained by the static nature of conventional training pipelines. In practice, medical data evolve continuously as new imaging modalities, institutions, and disease categories emerge, necessitating adaptive models capable of learning incrementally without catastrophic forgetting. While lifelong learning (LL) and continual learning (CL) frameworks broadly target continuous model adaptation, incremental learning (IL) emphasizes structured, phase-wise knowledge acquisition involving new classes, domains, or modalities. Despite increasing attention to CL in computer vision, IL-specific methodologies, evaluation protocols, and benchmarks tailored to medical imaging remain largely underexplored. This paper presents the first systematic survey dedicated to incremental learning in medical imaging. A unified taxonomy is proposed across three complementary axes: i) Learning Mechanisms — including regularization-, replay-, dynamic architecture-, parameter modulation-, and hybrid/meta-based methods; ii) Incremental Scenarios — covering class-, domain-, task-, modality-, and data/online-incremental settings; and iii) Application Dimensions — encompassing task types, imaging modalities, data-access constraints, and challenge-driven factors such as imbalance, forgetting, and privacy. For each axis, representative algorithms, evaluation protocols, and benchmark datasets are synthesized to illustrate how IL strategies extend continual learning principles toward clinically deployable AI systems. Finally, the survey highlights emerging research directions—such as privacy-preserving and federated IL, data-free adaptation, uncertainty calibration, and scalable integration with foundation models—laying the groundwork for robust and sustainable clinical AI development.","2026","2026-03-10 15:07:55","2026-03-10 17:08:08","","15812-15840","","","14","","IEEE Access","","","","","","","","","","","Scopus","","","","","","","","Artificial intelligence; federated learning; Training; Data models; Data privacy; Adaptation models; Surveys; Foundation models; Privacy-preserving AI; domain adaptation; Continuing education; Artificial neural networks; foundation models; Incremental learning; Learning systems; medical imaging; Domain adaptation; Biomedical imaging; catastrophic forgetting; continual learning; deep neural networks; lifelong learning; privacy-preserving AI; Continual learning; Benchmarking; Learning algorithms; Privacy preserving; Neural-networks; Privacy-preserving techniques; Deep neural networks; Catastrophic forgetting; Medical computing; Clinical research; Life long learning; Medical image processing; Imaging modality; Knowledge acquisition","","","","","","","","","","","","","","","","","","","","","","","","","","","","","","","","","","","","","","","","","","","","","","",""
"83LZJRRI","journalArticle","2025","X. Li; L. Zhao; L. Zhang; Z. Wu; Z. Liu; H. Jiang; C. Cao; S. Xu; Y. Li; H. Dai; Y. Yuan; J. Liu; G. Li; D. Zhu; P. Yan; Q. Li; W. Liu; T. Liu; D. Shen","Artificial General Intelligence for Medical Imaging Analysis","IEEE Reviews in Biomedical Engineering","","1941-1189","10.1109/RBME.2024.3493775","","Large-scale Artificial General Intelligence (AGI) models, including Large Language Models (LLMs) such as ChatGPT/GPT-4, have achieved unprecedented success in a variety of general domain tasks. Yet, when applied directly to specialized domains like medical imaging, which require in-depth expertise, these models face notable challenges arising from the medical field's inherent complexities and unique characteristics. In this review, we delve into the potential applications of AGI models in medical imaging and healthcare, with a primary focus on LLMs, Large Vision Models, and Large Multimodal Models. We provide a thorough overview of the key features and enabling techniques of LLMs and AGI, and further examine the roadmaps guiding the evolution and implementation of AGI models in the medical sector, summarizing their present applications, potentialities, and associated challenges. In addition, we highlight potential future research directions, offering a holistic view on upcoming ventures. This comprehensive review aims to offer insights into the future implications of AGI in medical imaging, healthcare, and beyond.","2025","2026-03-10 15:07:55","2026-03-10 15:28:36","","113-129","","","18","","IEEE Reviews in Biomedical Engineering","","","","","","","","","","","","","","","","","","","Training; Data models; Adaptation models; Reviews; Analytical models; Transformers; Biological system modeling; foundation model; Medical diagnostic imaging; medical imaging; large language model; Biomedical imaging; Artificial general intelligence; large vision model","","","","","","","","","","","","","","","","","","","","","","","","","","","","","","","","","","","","","","","","","","","","","","",""
"IHFHW4QB","journalArticle","2025","W. Li; Y. Peng; M. Zhang; L. Ding; H. Hu; L. Shen","Deep Model Fusion: A Survey","IEEE Transactions on Neural Networks and Learning Systems","","2162-2388","10.1109/TNNLS.2025.3628666","https://www.scopus.com/inward/record.uri?eid=2-s2.0-105023161830&doi=10.1109%2FTNNLS.2025.3628666&partnerID=40&md5=416b05a9f8c9436358ccfa8c8248a126","Deep model fusion/merging is an emerging technique that integrates parameters or predictions from multiple deep learning (DL) models into a unified framework. It combines the abilities of different models to compensate for the biases and errors of an individual model, improving overall performance. However, deep model fusion, especially on large-scale DL models such as large language models (LLMs) and foundation models, faces several challenges, including high computational cost and interference between different heterogeneous models. In order to understand it better, we present a comprehensive survey to summarize the recent progress. We categorize existing model fusion methods as fourfold: 1) weight average (WA) averages the parameters of multiple models to obtain results closer to the optimal solution; 2) considering that direct averaging of models often yields suboptimal results, “mode connectivity” connects networks via paths of nonincreasing loss in weight spaces before the fusion. Along these paths, initial models are transformed into forms with consistent functions and better fusion effects; 3) similarly, for models with poor direct fusion results, “alignment” matches the corresponding units and merges these models, thus fully exploiting the corresponding relationships between the models; and 4) in addition to the above-mentioned methods of parameter fusion, “ensemble learning” fuses the outputs of multiple models in the inference stage to improve the accuracy and robustness of networks. In addition, we analyze the challenges of deep model fusion and illuminate the possible research directions in the future.","2025","2026-03-10 15:07:55","2026-03-10 17:08:08","","1-17","","","","","IEEE Transactions on Neural Networks and Learning Systems","","","","","","","","","","","Scopus","","","","","","","","Federated learning; Training; Costs; Predictive models; Adaptation models; Surveys; Computational modeling; Deep learning; Optimization; federated learning (FL); Mathematical models; model aggregation; Modeling; large language models (LLMs); Learning systems; survey; Deep learning (DL); Ensemble learning; Model fusion; model fusion; Large language model; Language model; Model aggregations; Learning models; Individual modeling; Multiple-modeling; Systems analysis; Unified framework","","","","","","","","","","","","","","","","","","","","","","","","","","","","","","","","","","","","","","","","","","","","","","",""
"VV49HVEW","journalArticle","2026","A. Giuliano; A. McCafferty-Leroux; J. Yawney; S. Andrew Gadsden","Cognitive Internet of Things: A Review of Theory, Applications, and Recent Advances","IEEE Communications Surveys & Tutorials","","1553-877X","10.1109/COMST.2025.3615461","https://www.scopus.com/inward/record.uri?eid=2-s2.0-105018070947&doi=10.1109%2FCOMST.2025.3615461&partnerID=40&md5=4d5d8ffe2793f4a4efa91cdbf5edf77f","With the development of increasingly interconnected cyber-physical systems (CPSs), the Internet of Things (IoT) paradigm must be expanded further to account for the collection, transmission, and processing of unprecedented amounts of data in uncertain and changing environments. Cognitive Internet of Things (CIoT) introduces a paradigm shift in IoT systems by integrating the engineering perspective of cognition, as formulated in cognitive dynamic systems (CDS), into traditional IoT frameworks. This survey systematically examines how CIoT leverages the five pillars of cognition: perception, attention, memory, language, and intelligence, to enable context-aware, autonomous, and adaptive functionality. We trace the evolution from standard IoT architectures to this cognitively enriched model, detailing how data acquisition and storage, combined with enabling technologies such as data fusion, reinforcement learning, cognitive communications (via cognitive radios), and the integration of foundation models and large language models (LLMs), facilitate advanced data analytics and introduce a new intelligent layer for deeper contextual understanding and adaptation. By emphasizing the synergy between CDS principles and emerging technologies, the paper demonstrates how CIoT can address longstanding challenges in scalability, interoperability, and resource management. Through a critical evaluation of current limitations and lessons learned, we offer a forward-looking perspective on how these cognitively inspired frameworks can further enhance intelligent IoT ecosystems. Ultimately, this work serves as a foundational resource for aligning IoT systems with the engineering-driven notion of cognition, guiding future research and innovation in autonomous, scalable IoT environments.","2026","2026-03-10 15:07:55","2026-03-10 17:08:09","","446-484","","","28","","IEEE Communications Surveys & Tutorials","","","","","","","","","","","Scopus","","","","","","","","Artificial intelligence; federated learning; Internet of Things; IoT; Reinforcement learning; Resource management; Surveys; edge computing; Decision making; Cyber-physical systems; Edge computing; Cloud computing; Interoperability; Cognition; Internet of things; Data analysis; Embedded systems; Learning systems; Tutorials; cognitive computing; Cognitive systems; Dynamical systems; Data acquisition; Memory architecture; Cloud-computing; Advanced Analytics; Digital storage; Cybe-physical systems; Computation theory; Data fusion; Changing environment; Cognitive Computing; Cognitive dynamic systems; Cognitive internets; Cognitive radio; Data communication systems; Radio systems; Theory applications; Uncertain environments","","","","","","","","","","","","","","","","","","","","","","","","","","","","","","","","","","","","","","","","","","","","","","",""
"L9F9MGJY","journalArticle","2025","C. Zhang; G. Long; Z. Zhang; Z. Li; H. Zhang; Q. Yang; B. Yang","Personalized Recommendation Models in Federated Settings: A Survey","IEEE Transactions on Knowledge and Data Engineering","","1558-2191","10.1109/TKDE.2025.3606643","","Federated recommender systems (FedRecSys) have emerged as a pivotal solution for privacy-aware recommendations, balancing growing demands for data security and personalized experiences. Current research efforts predominantly concentrate on adapting traditional recommendation architectures to federated environments, optimizing communication efficiency, and mitigating security vulnerabilities. However, user personalization modeling, which is essential for capturing heterogeneous preferences in this decentralized and non-IID data setting, remains underexplored. This survey addresses this gap by systematically exploring personalization in FedRecSys, charting its evolution from centralized paradigms to federated-specific innovations. We establish a foundational definition of personalization in a federated setting, emphasizing personalized models as a critical solution for capturing fine-grained user preferences. The work critically examines the technical hurdles of building personalized FedRecSys and synthesizes promising methodologies to meet these challenges. As the first consolidated study in this domain, this survey serves as both a technical reference and a catalyst for advancing personalized FedRecSys research.","2025-11","2026-03-10 15:07:55","2026-03-10 15:07:55","","6562-6581","","11","37","","IEEE Transactions on Knowledge and Data Engineering","","","","","","","","","","","","","","","","","","","Federated learning; Training; Data models; Data privacy; Adaptation models; Servers; Surveys; Robustness; Security; Reviews; Optimization; federated recommender systems; user personalization modeling","","","","","","","","","","","","","","","","","","","","","","","","","","","","","","","","","","","","","","","","","","","","","","",""
"YNSN8BW7","journalArticle","2026","F. Wang; T. Zhang; W. Xi; H. Ding; G. Wang; D. Zhang; Y. Cui; F. Liu; J. Han; J. Xu; T. X. Han","A Survey on Wi-Fi Sensing Generalizability: Taxonomy, Techniques, Datasets, and Future Research Prospects","IEEE Communications Surveys & Tutorials","","1553-877X","10.1109/COMST.2026.3670854","","Wi-Fi sensing has emerged as a powerful non-intrusive technology for recognizing human activities, monitoring vital signs, and enabling context-aware applications using commercial wireless devices. However, the performance of Wi-Fi sensing often degrades when applied to new users, devices, or environments due to significant domain shifts. To address this challenge, researchers have proposed a wide range of generalization techniques aimed at enhancing the robustness and adaptability of Wi-Fi sensing systems. In this survey, we provide a comprehensive and structured review of over 200 papers published since 2015, categorizing them according to the Wi-Fi sensing pipeline: experimental setup, signal preprocessing, feature learning, and model deployment. We analyze key techniques, including signal preprocessing, domain adaptation, meta-learning, metric learning, data augmentation, cross-modal alignment, federated learning, and continual learning. Furthermore, we summarize publicly available datasets across various tasks, such as activity recognition, user identification, indoor localization, and pose estimation, and provide insights into their domain diversity. We also discuss emerging trends and future directions, including large-scale pretraining, integration with multimodal foundation models, and continual deployment. To foster community collaboration, we introduce the Sensing Dataset Platform (SDP) (http://www.sdp8.org/) for sharing datasets and models. This survey aims to serve as a valuable reference and practical guide for researchers and practitioners dedicated to improving the generalizability of Wi-Fi sensing systems. Notably, while this paper focuses on Wi-Fi sensing, it is important to emphasize that the methodologies discussed in the feature learning and model deployment stages, e.g., domain alignment, metric learning, meta-learning, federated learning, and continual learning, are equally applicable to a broader range of wireless sensing generalization challenges, such as those encountered in millimeter radar-based human sensing. Given the rapid evolution of this field, we will continuously maintain and update relevant resources at https://github.com/aiotgroup/ awesome-wireless-sensing-generalization.","2026","2026-03-10 15:07:55","2026-03-10 15:42:32","","1-1","","","","","IEEE Communications Surveys & Tutorials","","","","","","","","","","","","","","","","","","","Adaptation models; Sensors; Surveys; Representation learning; Performance evaluation; Transfer learning; Wireless sensor networks; Tutorials; Metalearning; Domain adaptation; Action recognition; Domain generalization; Few-shot learning; Human sensing; Indoor localization; Meta-learning; Received signal strength indicator; Wi-Fi sensing; Wireless fidelity","","","","","","","","","","","","","","","","","","","","","","","","","","","","","","","","","","","","","","","","","","","","","","",""
"5AK5Y5FN","conferencePaper","2025","A. Sedda; D. Gaceb; F. Touazi; T. Benzenati","A Comprehensive Review on Dataset Pruning for Medical Imaging","2025 International Conference on Artificial Intelligence and Innovative Applications (AIIA)","","","10.1109/AIIA68273.2025.11383583","","Dataset pruning has emerged as a critical data-centric approach to optimize deep learning training by identifying and retaining the most informative samples while reducing computational burden. This review presents a recent analysis of dataset pruning techniques applied to medical imaging published during the period from 2018 to 2025. The approaches presented have been divided into four distinct taxonomic categories: instance-based selection, coreset-based methods, difficulty-based pruning, and uncertainty-guided techniques. Our analysis reveals that dataset pruning can achieve 40-80% data reduction while maintaining diagnostic accuracy within 2-5% of full dataset performance. Key find- ings demonstrate computational savings of 50-75% in training time, improved model generalization, and enhanced handling of class imbalance. The review identifies emerging trends including foundation model integration, privacy-preserving approaches, and federated learning applications, while highlighting critical challenges in clinical validation and standardized evaluation frameworks.","2025-12-02","2026-03-10 15:07:55","2026-03-10 15:07:55","","1-7","","","","","","","","","","","","","","","","","","","","Journal Abbreviation: 2025 International Conference on Artificial Intelligence and Innovative Applications (AIIA)","","","","Training; Accuracy; Surveys; Deep learning; Reviews; Redundancy; Reliability; Solids; Diseases; Medical diagnostic imaging; Medical imaging; Clinical AI; Coreset selection; Data-centric AI; Dataset pruning; Deep learning optimization","","","","","","","","","","","","","","","","","","","","","","","","","","","","","","","","2025 International Conference on Artificial Intelligence and Innovative Applications (AIIA)","","","","","","","","","","","","","","",""
"43EY6HGA","journalArticle","2025","M. Aamir; Z. Rahman; N. Choudhry; J. Ahmed Bhutto; W. Ahmed Abro; Z. Zhu","From CNNs to Transformers: A Review of Evolving Deep Learning Architectures for Brain Tumor Classification","IEEE Access","","2169-3536","10.1109/ACCESS.2025.3625607","https://www.scopus.com/inward/record.uri?eid=2-s2.0-105020279632&doi=10.1109%2FACCESS.2025.3625607&partnerID=40&md5=050f3fa305afd65112ecf6e64e08633a","Accurate brain tumor classification is critical for patient prognosis and treatment planning, yet manual interpretation of medical images like MRI is subject to variability. Deep learning has emerged as a powerful tool for this task. This review charts the evolution of deep learning architectures for brain tumor classification. We conducted a comprehensive literature review, focusing on the architectural progression from foundational Convolutional Neural Networks (CNNs) to modern attention-based Transformer models. Key datasets, evaluation metrics, and clinical challenges are synthesized. The review details the trajectory from early CNNs (e.g., AlexNet, VGG), which excelled at local feature extraction, to advanced variants like ResNet, U-Net, and DenseNet that improved performance and enabled segmentation-classification workflows. The paradigm then shifted to Vision Transformers (ViT, Swin Transformer) and hybrid models, which explicitly model long-range dependencies and global context, often achieving state-of-the-art results. Challenges such as domain shift, data scarcity, and the need for explainability (XAI) are persistent themes. While both CNNs and Transformers have demonstrated high accuracy, the current state-of-the-art often involves hybrid architectures that leverage the strengths of both. Future progress lies in developing generalizable, efficient, and trustworthy models through techniques like self-supervised and federated learning, multimodal data fusion, and the development of large-scale medical foundation models, ultimately aiming to empower clinicians and improve patient outcomes.","2025","2026-03-10 15:07:55","2026-03-10 17:08:09","","184918-184936","","","13","","IEEE Access","","","","","","","","","","","Scopus","","","","","","","","Accuracy; Convolutional neural networks; Feature extraction; Deep learning; Reviews; Measurement; Transformers; deep learning; Convolution; Brain modeling; Architecture; Transformer; convolutional neural networks; transformers; medical imaging; Magnetic resonance imaging; Biomedical imaging; Network architecture; Vision Transformers; MRI; Brain tumor classification; Brain tumors; CNN; ViT; Tumors; Brain; Convolutional neural network; Deep neural networks; Large datasets; State of the art; Computer aided diagnosis; Data accuracy; Classification (of information); Transformer modeling; Learning architectures; Patient treatment; Medical image processing; Vision transformer; Brain tumor classifications","","","","","","","","","","","","","","","","","","","","","","","","","","","","","","","","","","","","","","","","","","","","","","",""
"WN2UJGID","journalArticle","2023","J. Yao; S. Zhang; Y. Yao; F. Wang; J. Ma; J. Zhang; Y. Chu; L. Ji; K. Jia; T. Shen; A. Wu; F. Zhang; Z. Tan; K. Kuang; C. Wu; F. Wu; J. Zhou; H. Yang","Edge-Cloud Polarization and Collaboration: A Comprehensive Survey for AI","IEEE Transactions on Knowledge and Data Engineering","","1558-2191","10.1109/TKDE.2022.3178211","","Influenced by the great success of deep learning via cloud computing and the rapid development of edge chips, research in artificial intelligence (AI) has shifted to both of the computing paradigms, i.e., cloud computing and edge computing. In recent years, we have witnessed significant progress in developing more advanced AI models on cloud servers that surpass traditional deep learning models owing to model innovations (e.g., Transformers, Pretrained families), explosion of training data and soaring computing capabilities. However, edge computing, especially edge and cloud collaborative computing, are still in its infancy to announce their success due to the resource-constrained IoT scenarios with very limited algorithms deployed. In this survey, we conduct a systematic review for both cloud and edge AI. Specifically, we are the first to set up the collaborative learning mechanism for cloud and edge modeling with a thorough review of the architectures that enable such mechanism. We also discuss potentials and practical experiences of some on-going advanced edge AI topics including pretraining models, graph neural networks and reinforcement learning. Finally, we discuss the promising directions and challenges in this field.","2023-07-01","2026-03-10 15:07:55","2026-03-10 15:42:33","","6866-6886","","7","35","","IEEE Transactions on Knowledge and Data Engineering","","","","","","","","","","","","","","","","","","","Artificial intelligence; Internet of Things; Collaboration; Hardware; Computational modeling; Edge computing; Cloud computing; edge AI; Cloud AI; edge-cloud collaboration; hardware","","","","","","","","","","","","","","","","","","","","","","","","","","","","","","","","","","","","","","","","","","","","","","",""
"3KSV67DC","conferencePaper","2025","Z. Hamid; K. Sutaria; M. Kumar","Generative Adversarial Networks for Synthetic Data Synthesis in Low-Resource Medical Imaging: A Comprehensive Review","2025 IEEE 5th International Conference on ICT in Business Industry & Government (ICTBIG)","","","10.1109/ICTBIG68706.2025.11323546","","Medical imaging is crucial for disease detection and monitoring, deep learning systems dependent on this data often encounter challenges in regions with insufficient labeled pictures. The time, knowledge, and money needed to build extensive medical databases can be hard to come by in areas with minimal resources. Generative Adversarial Networks (GANs) and other generative models can produce synthetic data, which could be one approach. Using GANs, as opposed to more conventional methods of augmentation like noise addition or image rotation, it is possible to produce images that seem very similar to real scans while yet collecting variations that are clinically relevant. Multiple GAN implementations in various imaging modalities are discussed in this article. These include X-ray, MRI, CT, ultrasound, and histology. We go over their pros and cons in comparison to other augmentation approaches, as well as some of the open questions around them, including training instability, increased processing costs, and problems with data governance and ethics. Finally, we go over some future developments, such as multimodal synthesis, federated learning integration, and self-supervised methods. Taken as a whole, the findings point to the fact that synthetic data based on GANs can greatly enhance medical imaging procedures even in settings with limited resources.","2025-12-12","2026-03-10 15:07:55","2026-03-10 15:28:16","","1-10","","","","","","","","","","","","","","","","","","","","Journal Abbreviation: 2025 IEEE 5th International Conference on ICT in Business Industry & Government (ICTBIG)","","","","Ethics; Training; Deep learning; Generative adversarial networks; Deep Learning; Synthetic data; Transfer learning; GANs; Translation; Biomedical imaging; X-ray imaging; Synthetic Data; Data Augmentation; Generative Adversarial Networks; Low-Resource Settings; Medical Imaging; Ultrasonic imaging","","","","","","","","","","","","","","","","","","","","","","","","","","","","","","","","2025 IEEE 5th International Conference on ICT in Business Industry & Government (ICTBIG)","","","","","","","","","","","","","","",""
"CW8KPCSH","journalArticle","2024","L. Wang; X. Zhang; H. Su; J. Zhu","A Comprehensive Survey of Continual Learning: Theory, Method and Application","IEEE Transactions on Pattern Analysis and Machine Intelligence","","1939-3539","10.1109/TPAMI.2024.3367329","","To cope with real-world dynamics, an intelligent system needs to incrementally acquire, update, accumulate, and exploit knowledge throughout its lifetime. This ability, known as continual learning, provides a foundation for AI systems to develop themselves adaptively. In a general sense, continual learning is explicitly limited by catastrophic forgetting, where learning a new task usually results in a dramatic performance drop of the old tasks. Beyond this, increasingly numerous advances have emerged in recent years that largely extend the understanding and application of continual learning. The growing and widespread interest in this direction demonstrates its realistic significance as well as complexity. In this work, we present a comprehensive survey of continual learning, seeking to bridge the basic settings, theoretical foundations, representative methods, and practical applications. Based on existing theoretical and empirical results, we summarize the general objectives of continual learning as ensuring a proper stability-plasticity trade-off and an adequate intra/inter-task generalizability in the context of resource efficiency. Then we provide a state-of-the-art and elaborated taxonomy, extensively analyzing how representative strategies address continual learning, and how they are adapted to particular challenges in various applications. Through an in-depth discussion of promising directions, we believe that such a holistic perspective can greatly facilitate subsequent exploration in this field and beyond.","2024-08","2026-03-10 15:07:55","2026-03-10 15:42:33","","5362-5383","","8","46","","IEEE Transactions on Pattern Analysis and Machine Intelligence","","","","","","","","","","","","","","","","","","","Stability analysis; Training; Surveys; Task analysis; Complexity theory; Visualization; Testing; incremental learning; catastrophic forgetting; lifelong learning; Continual learning","","","","","","","","","","","","","","","","","","","","","","","","","","","","","","","","","","","","","","","","","","","","","","",""
"5GEJ3JR9","journalArticle","2023","Y. Wang; Y. Pan; M. Yan; Z. Su; T. H. Luan","A Survey on ChatGPT: AI–Generated Contents, Challenges, and Solutions","IEEE Open Journal of the Computer Society","","2644-1268","10.1109/OJCS.2023.3300321","","With the widespread use of large artificial intelligence (AI) models such as ChatGPT, AI-generated content (AIGC) has garnered increasing attention and is leading a paradigm shift in content creation and knowledge representation. AIGC uses generative large AI algorithms to assist or replace humans in creating massive, high-quality, and human-like content at a faster pace and lower cost, based on user-provided prompts. Despite the recent significant progress in AIGC, security, privacy, ethical, and legal challenges still need to be addressed. This paper presents an in-depth survey of working principles, security and privacy threats, state-of-the-art solutions, and future challenges of the AIGC paradigm. Specifically, we first explore the enabling technologies, general architecture of AIGC, and discuss its working modes and key characteristics. Then, we investigate the taxonomy of security and privacy threats to AIGC and highlight the ethical and societal implications of GPT and AIGC technologies. Furthermore, we review the state-of-the-art AIGC watermarking approaches for regulatable AIGC paradigms regarding the AIGC model and its produced content. Finally, we identify future challenges and open research directions related to AIGC.","2023","2026-03-10 15:07:55","2026-03-10 15:07:55","","280-302","","","4","","IEEE Open Journal of the Computer Society","","","","","","","","","","","","","","","","","","","Artificial intelligence; Training; Privacy; Surveys; Computational modeling; Security; security; generative AI; AIGC; Chatbots; ChatGPT; and privacy","","","","","","","","","","","","","","","","","","","","","","","","","","","","","","","","","","","","","","","","","","","","","","",""
"C6PBXYCM","journalArticle","2024","S. Tang; Y. Yu; H. Wang; G. Wang; W. Chen; Z. Xu; S. Guo; W. Gao","A Survey on Scheduling Techniques in Computing and Network Convergence","IEEE Communications Surveys & Tutorials","","1553-877X","10.1109/COMST.2023.3329027","","The computing demand for massive applications has led to the ubiquitous deployment of computing power. This trend results in the urgent need for higher-level computing resource scheduling services. The Computing and Network Convergence (CNC), a new type of infrastructure, has become a hot topic. To realize the visions of CNC, such as computing-network integration, ubiquitous collaboration, latency-free, and ready-to-use, an intelligent scheduling strategy for CNC should integrate and collaborate with the network. However, the Computing and Network Convergence is built on the cloud, edge, and endless terminals, making the scheduling problem more difficult due to its wide-area requests, available flexibility arrangements, interconnections, and resource adaptations. In view of this, in this survey, we comprehensively review the literature on scheduling in various scenarios. We cover the scheduling problem of Computing and Network Convergence from heterogeneous resources, multiple-objective optimization, and diverse tasks. Possible explanations and implications are discussed. Finally, we point out important challenges for future work.","2024","2026-03-10 15:07:55","2026-03-10 15:07:55","","160-195","","1","26","","IEEE Communications Surveys & Tutorials","","","","","","","","","","","","","","","","","","","Surveys; Task analysis; Convergence; Cloud computing; resource allocation; Processor scheduling; Computing and network convergence; Internet technology; scheduling; Scheduling; Scheduling algorithms","","","","","","","","","","","","","","","","","","","","","","","","","","","","","","","","","","","","","","","","","","","","","","",""
"G8RP37RB","journalArticle","2026","M. Imran; Y. Lee","Multimodal Vision–Language Models in Medical Imaging: A Survey of Retrieval, Interpretability, and Trust","IEEE Access","","2169-3536","10.1109/ACCESS.2026.3656368","","Medical diagnosis requires synthesizing radiological images, laboratory results, clinical notes, and patient history—capabilities increasingly supported by multimodal vision–language models (VLMs). Yet despite rapid advances, no general-purpose medical VLM has achieved routine clinical deployment. Existing surveys typically examine retrieval-augmented generation (RAG), interpretability, and trustworthiness in isolation, leaving unclear how these components jointly determine real-world clinical readiness. This survey analyzes 183 studies and evaluates three pillars essential for deployment: 1) factual accuracy enabled by RAG, which grounds model outputs in clinically verified evidence; 2) interpretability aligned with clinician reasoning, ensuring explanations that support diagnostic decision-making; and 3) trustworthy operation encompassing safety, fairness, uncertainty handling, workflow integration, and regulatory alignment. We show that benchmark gains alone are insufficient, as current VLMs still face persistent challenges in multimodal alignment, temporal reasoning, retrieval latency and scalability, explanation fidelity, and regulatory and cost-effectiveness constraints. Our contributions include a deployment-oriented taxonomy of medical VLM architectures; a comparative analysis of RAG designs and their clinical implications; an evaluation of interpretability methods grounded in clinical workflows; and an integrated framework for trust, uncertainty reporting, and regulatory pathways. We also curate models, datasets, and benchmarks that support reproducible evaluation and outline a roadmap toward causal, temporally aware, and computationally efficient VLMs suitable for real-world clinical use. To the best of available literature, no prior survey has jointly analyzed retrieval, interpretability, and trust within a unified framework for evaluating the clinical viability of medical VLMs.","2026","2026-03-10 15:07:55","2026-03-10 15:07:55","","19511-19535","","","14","","IEEE Access","","","","","","","","","","","","","","","","","","","Accuracy; Surveys; Computational modeling; Uncertainty; Taxonomy; trustworthiness; Visualization; Solid modeling; Cognition; Retrieval augmented generation; Medical diagnostic imaging; interpretability; Medical imaging; clinical decision support; regulatory; retrieval-augmented generation (RAG); uncertainty quantification; vision–language models (VLMs)","","","","","","","","","","","","","","","","","","","","","","","","","","","","","","","","","","","","","","","","","","","","","","",""
"CC5UIFFJ","conferencePaper","2025","M. A. Awad; M. S. Mabrouk; A. F. Elnokrashy","Medical Image Segmentation Using Transformer Encoders and Prompt-Based Learning: A Systematic Review of Adaptation Strategies, Performance, and Challenges","2025 Twelfth International Conference on Intelligent Computing and Information Systems (ICICIS)","2831-5952","","10.1109/ICICIS66182.2025.11313186","","Medical image segmentation faces inherent challenges due to data heterogeneity, noise, and complex anatomical structures, demanding robust AI solutions. While the Segment Anything Model (SAM) has shown promise as a foundational vision model for generic segmentation, its generalization to medical imaging-particularly through transformer encoders and prompt-based adaptation-remains an active research frontier. This systematic review evaluates SAM-based approaches for multi-modality medical image segmentation, analyzing adaptation strategies (e.g., fine-tuning, prompt engineering) and benchmarking performance against conventional models like nnUNet. From an initial pool of 100 papers, we rigorously selected 15 peer-reviewed studies (2023-2025) sourced from PubMed, IEEE Xplore, and arXiv, based on inclusion criteria focusing exclusively on medical image segmentation using SAM's generalized architecture. Our findings reveal that fine-tuned SAM variants (e.g., MedSAM) achieve comparable performance to traditional models in 2D segmentation but exhibit limitations in 3D tasks. Prompt-based methods (e.g., TV-SAM) reduce annotation time by 40-60%, while architectural modifications (e.g., SAM-Att) improve accuracy by 8-15%. Beyond performance, we identify critical barriers to clinical adoption, including scalability and domain shift. This review synthesizes empirical evidence to highlight SAM's potential and constraints in medical imaging, offering actionable insights for future research in generalizable AI-driven segmentation.","2025-11-25","2026-03-10 15:07:55","2026-03-10 15:07:55","","281-288","","","","","","","","","","","","","","","","","","","","Journal Abbreviation: 2025 Twelfth International Conference on Intelligent Computing and Information Systems (ICICIS)","","","","Accuracy; Adaptation models; Computational modeling; Transformers; Systematic literature review; Protocols; Solid modeling; Medical diagnostic imaging; Image segmentation; Annotations; medical image segmentation; nuUNet; Prompt-Based Learning; Segment Anything Model (SAM); Transformer Encoders","","","","","","","","","","","","","","","","","","","","","","","","","","","","","","","","2025 Twelfth International Conference on Intelligent Computing and Information Systems (ICICIS)","","","","","","","","","","","","","","",""
"UDPT8AYY","journalArticle","2025","G. Qu; Q. Chen; W. Wei; Z. Lin; X. Chen; K. Huang","Mobile Edge Intelligence for Large Language Models: A Contemporary Survey","IEEE Communications Surveys & Tutorials","","1553-877X","10.1109/COMST.2025.3527641","","On-device large language models (LLMs), referring to running LLMs on edge devices, have raised considerable interest since they are more cost-effective, latency-efficient, and privacy-preserving compared with the cloud LLM paradigm. Nonetheless unlike cloud LLMs, the performance of on-device LLMs is intrinsically constrained by resource limitations on edge devices. Sitting between cloud and on-device AI, mobile edge intelligence (MEI) may address this dilemma by provisioning AI capabilities at the edge of mobile networks, e.g., on base stations. This article provides a contemporary survey on harnessing MEI for LLM deployment. We begin by illustrating several killer applications to demonstrate the urgent need for deploying LLMs at the network edge. Next, we present the preliminaries of LLMs, MEI, and resource-efficient LLM techniques. We then provide an architectural overview of MEI for LLMs (MEI4LLM), outlining its core components and how it supports LLM deployment. Subsequently, we delve into various aspects of MEI4LLM, extensively covering edge LLM caching and delivery, edge LLM training, and edge LLM inference. Finally, we identify future research opportunities. We hope this article inspires researchers in the field to leverage mobile edge computing to facilitate LLM deployment, thereby unleashing the potential of LLMs across various privacy- and delay-sensitive applications.","2025-12","2026-03-10 15:07:55","2026-03-10 15:07:55","","3820-3860","","6","27","","IEEE Communications Surveys & Tutorials","","","","","","","","","","","","","","","","","","","Artificial intelligence; Training; Servers; Internet; Surveys; Image edge detection; Reviews; 6G mobile communication; 6G; Bandwidth; Large language models; split learning; edge intelligence; mobile edge computing; foundation models; Tutorials","","","","","","","","","","","","","","","","","","","","","","","","","","","","","","","","","","","","","","","","","","","","","","",""
"DXWDMBBB","conferencePaper","2025","C. Chakravorty; N. S. Shaik Khaji; M. A. A Shaikh; D. T L","A Study on GANs for Data Augmentation in Machine Learning","2025 9th International Conference on Computational System and Information Technology for Sustainable Solutions (CSITSS)","2767-1097","","10.1109/CSITSS67709.2025.11294138","","Generative Adversarial Networks (GANs) have emerged as a trans formative framework in addressing the persistent challenge of data scarcity within machine learning. Unlike conventional augmentation methods, which mainly manipulate existing samples, GANs are capable of generating synthetic data that captures the true statistical structure of the training distribution. This study not only reviews their evolution and application across modalities such as images, natural language, and audio but also provides a synthesized comparison of empirical results reported in recent literature. A taxonomy of GAN approaches for augmentation is introduced, mapping different architectures to real-world data challenges such as imbalance, privacy, and fairness. The work highlights concrete contributions including a unified comparison framework, an evaluation of technical advancements, and identification of research gaps. In doing so, it positions GAN s as a critical enabler of scalable, ethical, and high-performing machine learning systems.","2025-11-20","2026-03-10 15:07:55","2026-03-10 15:42:33","","1-6","","","","","","","","","","","","","","","","","","","","Journal Abbreviation: 2025 9th International Conference on Computational System and Information Technology for Sustainable Solutions (CSITSS)","","","","Ethics; Stability analysis; Training; Data privacy; Federated Learning; Computer architecture; Generative adversarial networks; Data augmentation; Taxonomy; Deep Learning; Synthetic data; Privacy Preservation; Biomedical imaging; Synthetic Data; Data Augmentation; Medical Imaging; Conditional GAN; Disentangled Representation; Generative Adversarial Networks (GANs); Mode Collapse; Natural Language Processing; Semi -Supervised Learning; StyleGAN; Training Stability; Wasserstein Distance","","","","","","","","","","","","","","","","","","","","","","","","","","","","","","","","2025 9th International Conference on Computational System and Information Technology for Sustainable Solutions (CSITSS)","","","","","","","","","","","","","","",""
"JGEHMRBW","conferencePaper","2025","S. A. Ghazali; D. R. Rizvi; V. Thakur","Security Challenges in AI Systems: A Comprehensive Survey for Sustainable AI Development","2025 IEEE DELCON - International Conference on Recent Smart Technologies in Engineering for Sustainable Development","","","10.1109/DELCON68055.2025.11400347","","As artificial intelligence systems become increasingly integrated into critical infrastructure and decision-making processes, new security vulnerabilities have emerged that pose significant risks to both system integrity and sustainable development goals. This survey presents a comprehensive examination of AI security challenges through a structured four-tier taxonomy that categorizes threats across data, model, system, and governance levels. Through detailed analysis of existing defense mechanisms, including adversarial training, differential privacy, and secure federated learning-we identify fundamental trade-offs between security robustness, system performance, and long-term sustainability. Our investigation reveals substantial gaps in current governance frameworks and highlights the critical importance of interdisciplinary collaboration in addressing these challenges. The paper contributes: (1) a novel taxonomic framework for AI security threats, (2) comprehensive comparative analysis of defense strategies, (3) integration of security considerations with sustainability principles, and (4) identification of key research directions for trustworthy AI development. Our findings indicate that achieving both secure and sustainable AI systems requires coordinated efforts spanning technical innovation, regulatory development, and ethical implementation.","2025-11-31","2026-03-10 15:07:55","2026-03-10 15:07:55","","1-8","","","","","","","","","","","","","","","","","","","","Journal Abbreviation: 2025 IEEE DELCON - International Conference on Recent Smart Technologies in Engineering for Sustainable Development","","","","Artificial intelligence; Training; Sustainable development; Surveys; Security; Scalability; Technological innovation; Systematics; Taxonomy; System performance; cybersecurity; adversarial machine learning; AI security; governance; machine learning security; policy; sustainable AI; trust-worthy AI","","","","","","","","","","","","","","","","","","","","","","","","","","","","","","","","2025 IEEE DELCON - International Conference on Recent Smart Technologies in Engineering for Sustainable Development","","","","","","","","","","","","","","",""
"3XCQQBYA","journalArticle","2026","M. K. Saravana; M. S. Roopa; J. S. Arunalatha; K. R. Venugopal","Transformers for Multivariate Time Series Forecasting: Comprehensive Analysis, Challenges, Research Opportunities, and Future Prospects","IEEE Access","","2169-3536","10.1109/ACCESS.2026.3654408","https://www.scopus.com/inward/record.uri?eid=2-s2.0-105027654486&doi=10.1109%2FACCESS.2026.3654408&partnerID=40&md5=87073165ddd1cd6caf93f8651cf6fb30","Multivariate time series (MTS) forecasting appears in many applied settings, ranging from finance and healthcare to energy systems, climate analysis, and IoT-based platforms. In these fields, practitioners rely on forecasts not just for reporting, but for making everyday operational and planning decisions. Over the years, a variety of sequence-modeling methods such as RNNs, LSTMs, CNNs, and TCNs have been used for this purpose. In practice, however, these models often have difficulty dealing with long temporal dependencies, interactions across multiple variables, and the computational demands that arise when datasets grow large. As a result, their performance and scalability can be inconsistent when they are deployed in real applications. In recent years, Transformer-based models have gained attention as an alternative because their self-attention mechanism and parallel processing capabilities allow more flexible handling of long and complex sequences. This survey therefore reviews the main Transformer-based approaches developed for MTS forecasting, covering early architectures, efficient attention variants, decomposition-oriented designs, patch-based techniques, hybrid frameworks, and large-scale pretrained models. In addition, we organize the existing literature into a clear taxonomy that includes commonly used datasets and evaluation metrics, and we discuss the relative strengths and limitations of these methods. Additionally, we discuss key challenges such as computational complexity, interpretability, data sparsity, and generalization, and outline future research directions, including spatiotemporal modeling, self-supervised learning, physics-informed designs, explainable architectures, and federated learning. The survey consolidates existing knowledge and provides guidance for researchers and practitioners to select, adapt, and innovate Transformer-based models for effective MTS forecasting.","2026","2026-03-10 15:12:24","2026-03-10 17:08:13","","11424-11457","","","14","","IEEE Access","","","","","","","","","","","Scopus","","","","","","","","Data models; Predictive models; Computer architecture; Surveys; Time series analysis; Computational modeling; Deep learning; Analytical models; Attention mechanisms; Forecasting; Transformers; Decision making; Taxonomy; deep learning; Transformer; Multivariate time series; Time series forecasting; survey; forecasting; transformers; attention mechanism; MTS analysis; Knowledge management; Comprehensive analysis; Sequence models; Electric transformers; Future prospects; Multivariant analysis; Multivariate time series analysis; Research opportunities","","","","","","","","","","","","","","","","","","","","","","","","","","","","","","","","","","","","","","","","","","","","","","",""
"VFWADJJX","conferencePaper","2025","J. Nakrani; D. Nair; P. Gadekar; T. Dalvi; M. Tiwari","Artificial Intelligence - Driven Wealth Management: A Review of Reinforcement Learning, Time Series Forecasting, and Financial Decision Systems","2025 3rd DMIHER International Conference on Artificial Intelligence in Healthcare, Education and Industry (IDICAIHEI)","","","10.1109/IDICAIHEI65991.2025.11379045","","Artificial Intelligence (AI) is revolutionizing wealth management by enabling data- driven, real-time, and adaptive financial decision- making. This review investigates the role of advanced AI techniques, specifically Reinforcement Learning (RL), Long Short-Term Memory (LSTM), and Transformer-based models, in improving portfolio optimization, forecast accuracy, and risk mitigation. We provide a structured comparison of these approaches and examine their integration within scalable engineering frameworks such as robo-advisors and institutional trading platforms. Key challenges related to explainability, regulatory compliance, and deployment latency are also addressed through system-level design principles and risk governance strategies. The paper includes real-world use cases, performance benchmarks, and architectural insights. Conclusions identify research gaps in federated learning, sustainable AI, continual adaptation, and human-AI collaboration. This review serves as a comprehensive technical guide for practitioners and researchers looking to design AI-driven, compliant, and future-ready wealth management systems.","2025-11-28","2026-03-10 15:12:24","2026-03-10 15:12:24","","1-6","","","","","","","","","","","","","","","","","","","","Journal Abbreviation: 2025 3rd DMIHER International Conference on Artificial Intelligence in Healthcare, Education and Industry (IDICAIHEI)","","","","Artificial intelligence; Accuracy; Predictive models; Reinforcement learning; Time series analysis; Long short term memory; Reviews; Optimization; Forecasting; Portfolios; Artificial Intelligence in Finance; Deep Learning in Forecasting; Financial Risk Prediction; Reinforcement Learning for Portfolio Optimization; Robo-Advisory Engineering; Time Series Modeling; Wealth Management Systems","","","","","","","","","","","","","","","","","","","","","","","","","","","","","","","","2025 3rd DMIHER International Conference on Artificial Intelligence in Healthcare, Education and Industry (IDICAIHEI)","","","","","","","","","","","","","","",""
"IR2L532F","journalArticle","2024","M. Rashid; T. Elfouly; N. Chen","A Comprehensive Survey of Electric Vehicle Charging Demand Forecasting Techniques","IEEE Open Journal of Vehicular Technology","","2644-1330","10.1109/OJVT.2024.3457499","","The transition of the automotive sector to electric vehicles (EVs) necessitates research on charging demand forecasting for optimal station placement and capacity planning. In the literature, extensive studies have been conducted on model-based and probabilistic EV charging demand forecasting schemes. The studies provide a solid research foundation but result in complicated models with limited scalability. Meanwhile, emerging machine learning techniques bring promising prospects, yet exhibit suboptimal performance with insufficient data. Additionally, existing studies often overlook several critical areas such as overcoming data scarcity, security and privacy concerns, managing the inherent stochasticity of demand data, selecting forecasting methods for a specific feature, and developing standardized performance metrics. Considering the impact of the research topic, EV charging demand forecasting demands careful study. In this paper, we present a comprehensive survey of EV charging demand forecasting, focusing on both probabilistic and learning algorithms. First, we introduce the general procedure of EV charging demand forecasting, encompassing data sources, data pre-processing, and the key EV features. We then provide a taxonomy of existing EV charging demand forecasting techniques, followed by a critical analysis and comparative study of state-of-the-art research. Finally, we discuss open issues, which offer useful insights and future direction for various stakeholders.","2024","2026-03-10 15:12:46","2026-03-10 15:12:46","","1348-1373","","","5","","IEEE Open Journal of Vehicular Technology","","","","","","","","","","","","","","","","","","","Predictive models; Surveys; machine learning; Machine learning; Demand forecasting; Electric vehicle charging; Probabilistic logic; charging demand forecasting; Charging stations; Electric vehicle (EV); probabilistic model","","","","","","","","","","","","","","","","","","","","","","","","","","","","","","","","","","","","","","","","","","","","","","",""
"G5IFABN6","conferencePaper","2025","Arun; S. Arora; Nipun; S. Vasesi; K. Budhiraja","Predictive Analysis For Ecommerce Sales","2025 Seventh International Conference on Computational Intelligence andCommunication Technologies (CCICT)","","","10.1109/CCICT65753.2025.00027","","The growth of Online Shopping has been exponential, allowing organizations the ability to track customer data and utilize the data for predictive analysis towards strategic decision-making. In this study, machine learning approaches such as decision tree or random forest classifier will be employed to predict e-commerce sales and optimize inventory management for better targeting of customers. These analyses are conducted through actual analytics platforms, like Google Analytics, AWS Forecast, and Salesforce Einstein. A number of statistical validation techniques include cross-validation and residual analysis besides performance metrics RMSE and MAE is an effort to affirm the reliability of the model. Besides, the research also addresses the real-world feasibility through incorporation of predictive models in the e-commerce platform of Shopify, Magento, and WooCommerce. Data privacy and security issues are reviewed, including considerations of GDPR compliance and protocols for encryption. The results indicate that predictive analytics can have a very strong positive impact on business performance and provide a competitive advantage over time in the e-commerce sector.","2025-04-11","2026-03-10 15:12:46","2026-03-10 15:12:46","","110-115","","","","","","","","","","","","","","","","","","","","Journal Abbreviation: 2025 Seventh International Conference on Computational Intelligence andCommunication Technologies (CCICT)","","","","Predictive models; Neural networks; Predictive analytics; Security; Analytical models; Reliability; Machine learning; Deep Learning; Electronic commerce; Reproducibility of results; Target tracking; Neural Network; Performance metrics","","","","","","","","","","","","","","","","","","","","","","","","","","","","","","","","2025 Seventh International Conference on Computational Intelligence andCommunication Technologies (CCICT)","","","","","","","","","","","","","","",""
"HAKEGI4R","conferencePaper","2025","R. Keerthika; A. Sottarov; A. Deogaonkar; C. V. Kwatra; R. Rajapboyevich Rakhimov; A. Singhal","Graph neural networks for recommendation systems: A survey and future directions","2025 Modern Electronics Devices and Intelligent Communication Systems (MEDCOM)","","","10.1109/MEDCOM67532.2025.11404762","","Graph Neural Networks (GNNs) are now a powerful means of learning about data in a graph format, with special support of recommendation systems, where the interactions between users and items naturally form complex graphs. This survey provides a close-up view of the application of GNNs in recommendation systems. By highlighting their contribution to representation learning through the acquisition of context, user-item relations, and higher-order relations. In a broad sense, we categorize existing GNN-based recommendation models into four primary categories that are knowledge-aware recommendation, session-based recommendation, user-item bipartite graph methods, and social recommendation. The significant aspects of design, like graph building, aggregation methods, and scalability concerns, are discussed in detail. We also analyze the GNNs' performances in various areas and benchmarks, which are more advantageous than traditional deep learning and collaborative filtering methods. GNN-based recommenders have drawbacks in terms of explainability, dynamic modelling, and scalability, notwithstanding their potential. We list potential research avenues to solve issues, such as effective large-scale training, including temporal and heterogeneous data, and making recommendations that are interpretable. For scholars and practitioners looking to comprehend and progress the state-of-the-art in GNN-powered recommendation systems, this survey attempts to act as a fundamental resource.","2025-12-11","2026-03-10 15:12:56","2026-03-10 15:12:56","","314-319","","","","","","","","","","","","","","","","","","","","Journal Abbreviation: 2025 Modern Electronics Devices and Intelligent Communication Systems (MEDCOM)","","","","Federated learning; Training; Privacy; Surveys; Time series analysis; Scalability; Transformers; Graph neural networks; Protection; recommendation systems; Recommender systems","","","","","","","","","","","","","","","","","","","","","","","","","","","","","","","","2025 Modern Electronics Devices and Intelligent Communication Systems (MEDCOM)","","","","","","","","","","","","","","",""
"48T6KQ3M","conferencePaper","2025","M. Afaq; J. Rahmani; A. Sikora","A Comprehensive Review of Public Datasets for Machine Learning-Based Intrusion Detection in IoT and OT Networks","2025 IEEE 13th International Conference on Intelligent Data Acquisition and Advanced Computing Systems: Technology and Applications (IDAACS)","2770-4254","","10.1109/IDAACS68557.2025.11321996","","The rapid growth of networks for Operational Technology (OT) and the Internet of Things (IoT) has increased their susceptibility to cyberattacks. Since many years, traditional intrusion detection systems (IDS) are in place. However, they are falling short, as they are insufficient against dynamic threats. However, ML-based models are only as good as their training datasets, so these datasets are of paramount importance. Consequently, this paper reviews publicly accessible datasets for anomalies in OT- and IoTnetworks and evaluates their applicability to ML-based IDS. It discusses the strengths and weaknesses of the datasets, including data imbalance, oversimplified attack scenarios, and restrictions on protocol diversity. In order to increase the effectiveness of ML-based IDS and strengthen cybersecurity in OT and IoT environments, the paper suggests increasing dataset complexity and realism.","2025-09-04","2026-03-10 15:12:56","2026-03-10 15:12:56","","1-5","","","","","","","","","","","","","","","","","","","","Journal Abbreviation: 2025 IEEE 13th International Conference on Intelligent Data Acquisition and Advanced Computing Systems: Technology and Applications (IDAACS)","","","","Training; Real-time systems; IoT; Industrial Internet of Things; Feature extraction; Time series analysis; Reviews; Complexity theory; Intrusion detection; Protocols; IDS; Dataset; Diversity reception; Intrustion Detection Systems; Machine Learning ML; OT","","","","","","","","","","","","","","","","","","","","","","","","","","","","","","","","2025 IEEE 13th International Conference on Intelligent Data Acquisition and Advanced Computing Systems: Technology and Applications (IDAACS)","","","","","","","","","","","","","","",""
"369G9C2N","journalArticle","2021","M. Massaoudi; I. Chihi; H. Abu-Rub; S. S. Refaat; F. S. Oueslati","Convergence of Photovoltaic Power Forecasting and Deep Learning: State-of-Art Review","IEEE Access","","2169-3536","10.1109/ACCESS.2021.3117004","","Deep learning (DL)-based PV Power Forecasting (PVPF) emerged nowadays as a promising research direction to intelligentize energy systems. With the massive smart meter integration, DL takes advantage of the large-scale and multi-source data representations to achieve a spectacular performance and high PV forecastability potential compared to classical models. This review article taxonomically dives into the nitty-gritty of the mainstream DL-based PVPF methods while showcasing their strengths and weaknesses. Firstly, we draw connections between PVPF and DL approaches and show how this relation might cross-fertilize or extend both directions. Then, fruitful discussions are conducted based on three classes: discriminative learning, generative learning, and deep reinforcement learning. In addition, this review analyzes recent automatic architecture optimization algorithms for DL-based PVPF. Next, the notable DL technologies are thoroughly described. These technologies include federated learning, deep transfer learning, incremental learning, and big data DL. After that, DL methods are taxonomized into deterministic and probabilistic PVPF. Finally, this review concludes with some research gaps and hints about future challenges and research directions in driving the further success of DL techniques to PVPF applications. By compiling this study, we expect to help aspiring stakeholders widen their knowledge of the staggering potential of DL for PVPF.","2021","2026-03-10 15:12:56","2026-03-10 15:42:39","","136593-136615","","","9","","IEEE Access","","","","","","","","","","","","","","","","","","","Data models; Predictive models; Feature extraction; Deep learning; Generative adversarial networks; Forecasting; Biological system modeling; deep learning; big data; deep reinforcement learning; discriminative learning; generative learning; Photovoltaic power forecasting","","","","","","","","","","","","","","","","","","","","","","","","","","","","","","","","","","","","","","","","","","","","","","",""
"DWNWPIVG","conferencePaper","2024","A. P. A. Singh; N. Gameti","Improving Asset Information Management in the Oil & Gas Sector: A Comprehensive Review","2024 IEEE Pune Section International Conference (PuneCon)","2831-5022","","10.1109/PuneCon63413.2024.10895047","","Effective asset information management is essential in the oil and gas sector to support optimised decision-making, particularly in managing complex surface engineering processes. The technical demands of oilfield construction management affect the growth and utilisation rates of engineering resources, yet current data management systems face challenges such as high data acquisition costs, limited data sharing, and weak analytical capabilities. This paper addresses these gaps by proposing a core data management system powered by machine learning (ML) techniques to enhance data acquisition, sharing, and intelligent analysis. Using the publicly available 3W database from Petrobras, evaluated multiple ML models, including KNN, LSTM networks, Federated Learning (FL), DT, RF, and RNN, assessing performance on metrics like accuracy, precision, recall, and F1score. KNN with SMOTE achieved superior results, with 99.36% accuracy, 99.10% precision, 99.37% recall, and a 99.64% F1 score, effectively distinguishing normal from undesirable events. Our findings highlight the need for more advanced, real-time analytics in oilfield asset management, and future research will focus on deep learning architectures and expanding datasets with real-world data to further improve operational insights.","2024-12-13","2026-03-10 15:12:57","2026-03-10 15:12:57","","1-6","","","","","","","","","","","","","","","","","","","","Journal Abbreviation: 2024 IEEE Pune Section International Conference (PuneCon)","","","","Real-time systems; Accuracy; machine learning; Reviews; Measurement; Oils; management; Nearest neighbor methods; Radio frequency; 3W dataset; Data acquisition; data quality; Information management; oil and gas industry; Predictive analysis; Surface engineering","","","","","","","","","","","","","","","","","","","","","","","","","","","","","","","","2024 IEEE Pune Section International Conference (PuneCon)","","","","","","","","","","","","","","",""
"HR2TEV5V","journalArticle","2025","L. Zhen; N. Hafizah Kamarudin; V. Jyn Kok; F. Qamar","Anomaly Detection Model in Network Security Situational Awareness Based on Machine Learning: Limitation, Techniques, and Future Trends","IEEE Access","","2169-3536","10.1109/ACCESS.2025.3589620","https://www.scopus.com/inward/record.uri?eid=2-s2.0-105011083636&doi=10.1109%2FACCESS.2025.3589620&partnerID=40&md5=2eae0862fc880a5d3d8ac6eb54f1ba3d","This study focuses on the anomaly detection problem in Network Security Situational Awareness (NSSA). We systematically review traditional approaches and recent advancements based on Machine Learning (ML) and Deep Learning (DL), and assess the application status of various anomaly detection models within the context of NSSA. Building upon this comprehensive review, we identify and analyze the primary challenges currently faced by the field, including the technical complexity of multimodal ML data fusion, insufficient real-time adaptive detection capabilities, limited model interpretability, and bottlenecks in privacy protection and security collaboration. To address these issues, we propose an integrated conceptual model, AFEMAD, which incorporates multimodal ML data fusion, online adaptive detection, enhanced interpretability, Federated Learning (FL), and collaborative privacy-preserving mechanisms, thereby providing an innovative technical framework for anomaly detection in NSSA. Finally, this study deepens the understanding of the anomaly detection problem in NSSA and provides both theoretical and practical guidance for the development of efficient and scalable anomaly detection systems.","2025","2026-03-10 15:12:57","2026-03-10 17:09:24","","126084-126129","","","13","","IEEE Access","","","","","","","","","","","Scopus","","","","","","","","federated learning; Federated learning; Data privacy; Accuracy; Adaptation models; Anomaly detection; Deep learning; Generative adversarial networks; machine learning; Security; Machine learning; privacy protection; deep learning; Data integration; Telecommunication traffic; Network security; Knowledge based systems; Learning systems; autoencoder; Adversarial machine learning; Interpretability; Generative adversarial network; Complex networks; generative adversarial networks (GAN); interpretability enhancement; multi-modal data fusion; network security situational awareness; online adaptive detection; TCN); time series models (LSTM; Machine-learning; Times series models; Distributed computer systems; Privacy protection; Auto encoders; E-learning; Online systems; Networks security; Data fusion; Multi-modal data; Adversarial networks; Adaptive detection; Interpretability enhancement; Multi-modal data fusion; Network security situational awareness; Online adaptive detection; Security situational awareness; Time series model (LSTM, TCN); time series models (LSTM,TCN)","","","","","","","","","","","","","","","","","","","","","","","","","","","","","","","","","","","","","","","","","","","","","","",""
"TMTWN4WB","journalArticle","2020","A. Mashrur; W. Luo; N. A. Zaidi; A. Robles-Kelly","Machine Learning for Financial Risk Management: A Survey","IEEE Access","","2169-3536","10.1109/ACCESS.2020.3036322","","Financial risk management avoids losses and maximizes profits, and hence is vital to most businesses. As the task relies heavily on information-driven decision making, machine learning is a promising source for new methods and technologies. In recent years, we have seen increasing adoption of machine learning methods for various risk management tasks. Machine-learning researchers, however, often struggle to navigate the vast and complex domain knowledge and the fast-evolving literature. This paper fills this gap, by providing a systematic survey of the rapidly growing literature of machine learning research for financial risk management. The contributions of the paper are four-folds: First, we present a taxonomy of financial-risk-management tasks and connect them with relevant machine learning methods. Secondly, we highlight significant publications in the past decade. Thirdly, we identify major challenges being faced by researchers in this area. And finally, we point out emerging trends and promising research directions.","2020","2026-03-10 15:12:57","2026-03-10 15:12:57","","203203-203223","","","8","","IEEE Access","","","","","","","","","","","","","","","","","","","Predictive models; Computational modeling; Task analysis; Forecasting; Machine learning; Uncertainty; deep learning; Risk management; artificial intelligence in finance; financial risk management; financial risk management taxonomy; risk analysis","","","","","","","","","","","","","","","","","","","","","","","","","","","","","","","","","","","","","","","","","","","","","","",""
"MJNTQEQ2","conferencePaper","2025","E. A; B. A. J; M. I. M","Comprehensive Review of Electric Vehicle Energy Demand Forecasting Techniques","2025 3rd International Conference on Intelligent Data Communication Technologies and Internet of Things (IDCIoT)","","","10.1109/IDCIOT64235.2025.10914811","","This study tackles a significant problem in predicting the demand for electric vehicle charging in order to design charging infrastructure, manage energy efficiently, and maintain grid stability. A novel system that focuses on important temporal patterns and features is created by fusing LSTM networks with attention processes to improve predictive performance. Effective preprocessing ensures that the incoming data is of good quality, which helps the LSTMs identify temporal correlations and the attention mechanism to highlight important information. It outperforms conventional methods like ARIMA and linear regression by using metrics like Mean Absolute Error (MAE) and R-squared (R2). A scalable and precise real-time energy management solution for sustainable transportation infrastructure is offered by this hybrid approach.","2025-02-05","2026-03-10 15:12:57","2026-03-10 15:12:57","","1002-1007","","","","","","","","","","","","","","","","","","","","Journal Abbreviation: 2025 3rd International Conference on Intelligent Data Communication Technologies and Internet of Things (IDCIoT)","","","","Data models; Real-time systems; Predictive models; Machine Learning; Adaptation models; Computational modeling; Long short term memory; Attention mechanisms; Vehicle dynamics; Electric vehicle charging; Time Series; Linear regression; Electric Vehicle Charging Demand; Forecast; Nonlinear Modeling; Stochastic Models","","","","","","","","","","","","","","","","","","","","","","","","","","","","","","","","2025 3rd International Conference on Intelligent Data Communication Technologies and Internet of Things (IDCIoT)","","","","","","","","","","","","","","",""
"5XWPQK3Y","conferencePaper","2025","N. Mthethwa; J. Mwangama; M. Masonta","Review of Machine Learning Techniques that Enable Network Slicing in Open RAN","2025 IEEE 3rd Wireless Africa Conference (WAC)","","","10.1109/WAC63911.2025.10992597","https://www.scopus.com/inward/record.uri?eid=2-s2.0-105007295657&doi=10.1109%2FWAC63911.2025.10992597&partnerID=40&md5=a0ea61f1e38124ac60e9050e220d21e1","The evolution of 5G networks and the anticipated capabilities of 6G have placed significant emphasis on intelligent Radio Access Network (RAN) slicing to meet the diverse and stringent requirements of services such as enhanced mobile broadband (eMBB), ultra-reliable low-latency communications (URLLC), and massive machine-type communications (mMTC). This paper reviews state-of-the-art techniques, with a particular focus on the application of machine learning (ML) approaches in RAN slicing. The study categorises ML algorithms based on their primary functions: time series networks for traffic prediction, federated learning for security and privacy, supervised learning for slice admission control, and reinforcement learning for resource allocation and management. It also highlights the complementary nature of these techniques, as demonstrated by hybrid models such as federated deep RL and LSTM-integrated distributed deep RL.","2025-02-24","2026-03-10 15:12:57","2026-03-10 17:09:25","","1-6","","","","","","","","","","","","","","","","Scopus","","","","Journal Abbreviation: 2025 IEEE 3rd Wireless Africa Conference (WAC)","","","","Federated learning; Reinforcement learning; Resource management; Privacy; Deep learning; machine learning; Supervised learning; Security; Reviews; Self-supervised learning; 6G mobile communication; Network slicing; Machine learning algorithms; 5G; network slicing; Resource allocation; Support vector machines; Open RAN; Ultra reliable low latency communication; Deep reinforcement learning; Radio access networks; Semi-supervised learning; fifth-generation networks; open RAN; Machine-learning; Machine learning techniques; E-learning; 5g; Open radio access network; Fifth-generation network; Low-latency communication; Mobile broadband; Stringent requirement","","","","","","","","","","","","","","","","","","","","","","","","","","","","","","","","2025 IEEE 3rd Wireless Africa Conference (WAC)","","","","","","","","","","","","","","",""
"4TLPG6J2","conferencePaper","2025","A. Kumar; A. Tewary; A. Raj; Shruti; P. K. Samanta","Deep Learning in Healthcare","2025 2nd International Conference on Integration of Computational Intelligent System (ICICIS)","","","10.1109/ICICIS65613.2025.11371175","","Deep learning is reshaping healthcare across medical imaging, clinical text, time-series physiology, and genomics. This review synthesizes methods and applications with emphasis on model families (CNN/UNet/ViT; RNN/Transformers), datasets and evaluation practices (AUROC/AUPRC, Dice, calibration, external validation). We summarize benefits—earlier detection, consistent triage and personalized decision support—alongside persistent challenges including data quality and shift, fairness, interpretability, privacy and regulatory alignment. To support responsible translation, we propose a practical evaluation checklist covering robustness, calibration, subgroup performance and workflow integration. We conclude with near-term research priorities: self-supervised and federated learning for data efficiency and privacy, multimodal modeling for holistic patient state and prospective validation with post-deployment monitoring. This synthesis aims to guide researchers and practitioners toward clinically credible, trustworthy AI systems.","2025-09-09","2026-03-10 15:13:00","2026-03-10 15:13:00","","1-5","","","","","","","","","","","","","","","","","","","","Journal Abbreviation: 2025 2nd International Conference on Integration of Computational Intelligent System (ICICIS)","","","","Data models; Data privacy; Robustness; Deep learning; Medical services; Reviews; Deep Learning; Biomedical monitoring; Healthcare; Medical diagnostic imaging; Calibration; Medical Imaging; Clinical Text; Genomics; Physiological Signals; Responsible AI","","","","","","","","","","","","","","","","","","","","","","","","","","","","","","","","2025 2nd International Conference on Integration of Computational Intelligent System (ICICIS)","","","","","","","","","","","","","","",""
"ZD2D5CUW","conferencePaper","2025","M. R. F. Dias; Y. L. Martins; M. De Campos; J. P. Sausen","State of the Art Techniques for Flood Prediction Models - a Systematic Review","2025 17th Seminar on Power Electronics and Control (SEPOC)","","","10.1109/SEPOC67005.2025.11297645","","Floods represent a growing global challenge, exacerbated by urbanization and climate change, demanding more effective forecasting systems. This study presents a systematic literature review on flood prediction models, focusing on approaches based on artificial intelligence, statistical methods, and hydrological simulation. The methodology followed the PRISMA protocol, analyzing 32 studies from an initial pool of 433 records. The results highlight the superiority of hybrid Deep Learning models(CNN-LSTM, ConvLSTM), which achieve high predictive performance ($\mathbf{R}^{\mathbf{2}}>\mathbf{0. 9 0}$). Integration with IoT technologies and real-time early warning systems emerges as the frontier of current research. We discuss challenges such as data quality and model interpretability, and point to promising future directions, including adaptive models and federated learning. This review consolidates the state of the art, providing an essential guide for the development of robust and integrated computational solutions for flood risk management.","2025-11-09","2026-03-10 15:13:00","2026-03-10 15:13:00","","1-7","","","","","","","","","","","","","","","","","","","","Journal Abbreviation: 2025 17th Seminar on Power Electronics and Control (SEPOC)","","","","Data models; Predictive models; Machine Learning; Adaptation models; Computational modeling; Deep learning; Artificial Intelligence; Forecasting; Deep Learning; Systematic literature review; Urban areas; Floods; Flood Forecasting; Climate change; Systematic Review","","","","","","","","","","","","","","","","","","","","","","","","","","","","","","","","2025 17th Seminar on Power Electronics and Control (SEPOC)","","","","","","","","","","","","","","",""
"HDBX9BF4","conferencePaper","2024","K. V. Pawan; M. Singh","Liver Cancer Detection: A Review of Artificial Intelligence Techniques","2024 4th International Conference on Innovative Sustainable Computational Technologies (CISCT)","","","10.1109/CISCT62494.2024.11134175","","One of the most innovative ways to identify liver cancer is using deep learning. In medical image analysis, Convolutional Neural Networks (CNNs) reliably detect potential tumors in CT, MRI, and ultrasonography. The potential for improved patient outcomes and early detection is great with this research. The use of recurrent neural networks (RNNs) to interpret time-series data, including blood tests, offers an alternate method. RNNs may help with early risk prediction and personalized monitoring plan development. The interpretability of AI models, data quality, and seamless integration into healthcare processes are still problems, though. Advances in data synthesis, explainable AI (XAI), and userfriendly interfaces are addressing these challenges. Future prospects appear bright thanks to emerging technologies like Generative Adversarial Networks (GANs) and customized medical approaches that leverage several data sources. Collaboration between researchers, healthcare providers, and technology companies is necessary to accelerate innovation and ensure that it is more broadly available.","2024-12-27","2026-03-10 15:13:00","2026-03-10 15:13:00","","1-6","","","","","","","","","","","","","","","","","","","","Journal Abbreviation: 2024 4th International Conference on Innovative Sustainable Computational Technologies (CISCT)","","","","Convolutional neural networks; Deep learning; Generative adversarial networks; Medical services; Explainable AI; Recurrent neural networks; Biomedical imaging; Convolutional Neural Networks (CNNs); Medical Imaging; Tumors; Generative Adversarial Networks (GANs); Time-series Data; Explainable Artificial Intelligence (XAI); Individualized Medicine; Liver cancer; Recurrent Neural Networks (RNNs); Ultrasonography","","","","","","","","","","","","","","","","","","","","","","","","","","","","","","","","2024 4th International Conference on Innovative Sustainable Computational Technologies (CISCT)","","","","","","","","","","","","","","",""
"UQAVFWRM","conferencePaper","2024","G. Andronikidis; C. Eleftheriadis; Z. Batzos; K. Kyranou; N. Maropoulos; G. Sargsyan; P. R. Grammatikis; P. Sarigiannidis","AI-Driven Anomaly and Intrusion Detection in Energy Systems: Current Trends and Future Direction","2024 IEEE International Conference on Cyber Security and Resilience (CSR)","","","10.1109/CSR61664.2024.10679380","","The growing digitalization and interconnection of energy infrastructures have improved operational efficiency but also heightened the risk of exposure to cyber threats. Traditional electrical power and energy systems encompass all infrastructure and processes for generating, transmitting, distributing, and consuming electricity. Conversely, the smart grid represents an advanced paradigm, integrating cyber-physical components to optimize efficiency, reliability, and sustainability. However, this paradigm shift renders the energy sector more susceptible to cyber threats and attacks, necessitating proactive identification and mitigation. This survey provides a comprehensive analysis of the current state of anomaly and intrusion detection systems specifically designed for the energy sector. We review recent advancements in detection methodologies, including machine learning, artificial intelligence, and hybrid techniques, highlighting their effectiveness in identifying potential threats.","2024-09-02","2026-03-10 15:13:01","2026-03-10 15:13:01","","777-782","","","","","","","","","","","","","","","","","","","","Journal Abbreviation: 2024 IEEE International Conference on Cyber Security and Resilience (CSR)","","","","Surveys; Anomaly Detection; Artificial Intelligence; Reviews; Smart grids; Technological innovation; Market research; Cybersecurity; Intrusion detection; Smart Grid; Intrusion Detection; Critical infrastructure; Electrical Power & Energy System","","","","","","","","","","","","","","","","","","","","","","","","","","","","","","","","2024 IEEE International Conference on Cyber Security and Resilience (CSR)","","","","","","","","","","","","","","",""
"S7GFW7HR","conferencePaper","2025","O. Gurrapu; J. V. Suman","A Machine Learning Framework for Fault Detection in IoT Enabled Smart Sensor Networks","2025 Global Conference on Information Technology and Communication Networks (GITCON)","","","10.1109/GITCON65266.2025.11377003","","The growth of Internet-of-Things (IoT) devices and smart sensors has transformed the data collection and automated decision-making capabilities in various fields, from industrial automation to environmental monitoring. However, with this rapid growth comes considerable risk due to vulnerabilities where spoofed sensors can place false data into mission-critical systems. Most traditional fault detection techniques rely on rule based thresholds or human-defined heuristic rules that cannot adapt to changing attack vectors and complex, high-dimensional datasets in the same way that a human reviews a practical environment. The contribution of this work is a unified machine learning framework for real-time fault detection in IoT-enabled smart sensor networks, using ensemble and deep-learning models constructed for deployment in cloud environments. The framework will include feature extraction, model training, and real-time inference and automated response modules that will allow for fast isolation and mitigation of anomalies. Evaluation of the approach on a simulated smart factory dataset shows that this approach is able to detect both abrupt and gradual sensor faults with an F1-score of 0.94, which is 12% improvement over baseline methods. Finally, the integration with cloud orchestration tools, allows for a scalable solution for the deployment of multiple model instances along with dynamic resource management for the purpose of ensuring low-latency responses at varying loads.","2025-08-29","2026-03-10 15:13:01","2026-03-10 15:13:01","","1-6","","","","","","","","","","","","","","","","","","","","Journal Abbreviation: 2025 Global Conference on Information Technology and Communication Networks (GITCON)","","","","Training; Real-time systems; Internet of Things; IoT; Adaptation models; Fault detection; machine learning; Analytical models; Cloud computing; fault detection; Testing; Intelligent sensors; Vectors; cloud deployment; smart sensor networks","","","","","","","","","","","","","","","","","","","","","","","","","","","","","","","","2025 Global Conference on Information Technology and Communication Networks (GITCON)","","","","","","","","","","","","","","",""
"GSJ8VBCB","journalArticle","2025","H. Mirshekali; M. Reza Shadi; F. Ghanadi Ladani; H. Reza Shaker","A Review of Large Language Models for Energy Systems: Applications, Challenges, and Future Prospects","IEEE Access","","2169-3536","10.1109/ACCESS.2025.3610994","","Rapid developments in large language models (LLMs) have created new opportunities for their use in the energy sector, from forecasting renewable energy to power system operation and energy market analysis. These models help improve decision-making, anomaly detection, and optimization procedures in intricate energy systems by using vast amounts of structured and unstructured data. This study provides a comprehensive review of the LLM origins, evaluation, and fine-tuning techniques as well as their integration into energy systems, including their application in fault detection and diagnosis, energy forecasting, document automation, energy management, defect detection, and power system operation. Their performance in terms of explainability, generalization ability, and scalability for energy-related applications is critically examined in this paper. The report also emphasizes significant challenges to the adoption of LLMs, such as the need for computing power, the lack of data, and ethical issues like bias and false information. Power-efficient models, hybrid artificial intelligence (AI) platforms, and domain-specific fine-tuning are some of the solutions discussed. Future areas of interest include multi-modality to obtain maximal forecasting and operational intelligence, real-time adaptability, and explainable. This paper summarizes current developments and provides information on LLM-driven innovation in energy systems while maintaining transparency and dependability. Compared with prior LLM–energy surveys that either remain general-purpose or focus on a single subdomain, this review fills three concrete gaps: (i) a cross-domain synthesis of energy-specific LLM applications spanning power systems, buildings, and forecasting; (ii) a methods-oriented consolidation of evaluation and parameter-efficient fine-tuning practices tailored to energy tasks; and (iii) a deployment-centric analysis of real-time and edge constraints (energy, latency, hardware) with a practical reporting checklist for operational adoption.","2025","2026-03-10 15:15:36","2026-03-10 15:42:40","","163162-163188","","","13","","IEEE Access","","","","","","","","","","","","","","","","","","","Artificial intelligence; Real-time systems; Predictive models; Load modeling; Reviews; Scalability; Forecasting; Large language models; Renewable energy sources; Buildings; Power systems; energy forecasting; explainable artificial intelligence; energy systems; fault detection and diagnosis","","","","","","","","","","","","","","","","","","","","","","","","","","","","","","","","","","","","","","","","","","","","","","",""
"5ZFVIXTD","conferencePaper","2024","S. Hadish; V. Bojković; M. Aloqaily; M. Guizani","Language Models at the Edge: A Survey on Techniques, Challenges, and Applications","2024 2nd International Conference on Foundation and Large Language Models (FLLM)","","","10.1109/FLLM63129.2024.10852473","","The invention of the transformer architectures has spurred Large Language Models (LLMs) to the forefront of artificial intelligence, driving state-of-the-art advancements across various domains. However, the huge scale of these models, often comprising hundreds of billions of parameters, presents significant challenges in terms of computational resources for both training and deployment. Consequently, the development and implementation of LLMs have largely been confined to major technology corporations. Recent research has focused on addressing these limitations by developing compact LLMs capable of operating on edge devices, rather than relying on centralized server infrastructure. This approach offers numerous benefits, including reduced computational costs, lower latency, enhanced security, and the potential for task-specific, specialized models. This paper examines the latest research trends and developments in the field of compact LLMs, exploring their applications and discussing the challenges associated with their implementation. Our investigation aims to provide insights into the future landscape of accessible and efficient language models.","2024-11-26","2026-03-10 15:15:36","2026-03-10 15:15:36","","262-271","","","","","","","","","","","","","","","","","","","","Journal Abbreviation: 2024 2nd International Conference on Foundation and Large Language Models (FLLM)","","","","Training; Computer architecture; Edge Computing; Servers; Surveys; Computational modeling; Security; Edge AI; Technological innovation; Transformers; Market research; Large language models; AI; ML; LLM; Model Compression; EdgeLLM","","","","","","","","","","","","","","","","","","","","","","","","","","","","","","","","2024 2nd International Conference on Foundation and Large Language Models (FLLM)","","","","","","","","","","","","","","",""
"YJ3GIAMN","journalArticle","2023","R. Qureshi; M. Irfan; H. Ali; A. Khan; A. S. Nittala; S. Ali; A. Shah; T. M. Gondal; F. Sadak; Z. Shah; M. U. Hadi; S. Khan; Q. Al-Tashi; J. Wu; A. Bermak; T. Alam","Artificial Intelligence and Biosensors in Healthcare and Its Clinical Relevance: A Review","IEEE Access","","2169-3536","10.1109/ACCESS.2023.3285596","https://www.scopus.com/inward/record.uri?eid=2-s2.0-85163149746&doi=10.1109%2FACCESS.2023.3285596&partnerID=40&md5=f77c45354b40ed1ed93d948e970de2a7","Data generated from sources such as wearable sensors, medical imaging, personal health records, and public health organizations have resulted in a massive information increase in the medical sciences over the last decade. Advances in computational hardware, such as cloud computing, graphical processing units (GPUs), Field-programmable gate arrays (FPGAs) and tensor processing units (TPUs), provide the means to utilize these data. Consequently, an array of sophisticated Artificial Intelligence (AI) techniques have been devised to extract valuable insights from the extensive datasets in the healthcare industry. Here, we present an overview of recent progress in AI and biosensors in medical and life sciences. We discuss the role of machine learning in medical imaging, precision medicine, and biosensors for the Internet of Things (IoT). We review the latest advancements in wearable biosensing technologies. These innovative solutions employ AI to assist in monitoring of bodily electro-physiological and electro-chemical signals, as well as in disease diagnosis. These advancements exemplify the trend towards personalized medicine, delivering highly effective, cost-efficient, and precise point-of-care treatment.Furthermore, an overview of the advances in computing technologies, such as accelerated AI, edge computing, and federated learning for medical data, are also documented. Finally, we investigate challenges in data-driven AI approaches, the potential issues generated by biosensors and IoT-based healthcare, and the distribution shifts that occur among different data modalities, concluding with an overview of future prospects.","2023","2026-03-10 15:15:36","2026-03-10 17:09:32","","61600-61620","","","11","","IEEE Access","","","","","","","","","","","Scopus","","","","","","","","Artificial intelligence; federated learning; Federated learning; Data models; Predictive models; Medical services; Biological system modeling; Machine learning; Biosensors; domain adaptation; Internet of things; biosensors; Learning systems; large language models; Medical diagnostic imaging; explainable AI; medical imaging; Domain adaptation; Medical imaging; Program processors; Health care; big data analytics; Machine-learning; Explainable artificial intelligence; Diagnosis; Graphics processing unit; Biological systems; Medical science; Personal health record","","","","","","","","","","","","","","","","","","","","","","","","","","","","","","","","","","","","","","","","","","","","","","",""
"HFAKNJ2Y","conferencePaper","2025","A. Kumar; S. Gupta; A. Birwatkar; S. Mokal; B. Patil","A Survey on AI-Driven Techniques for Automated Medical Diagnosis and Consultation System","2025 International Conference on Future Technologies (ICFT)","","","10.1109/ICFT66708.2025.11336729","","The rapid evolution of large language models (LLMs) and multimodal artificial intelligence (AI) is transforming medical diagnosis, decision support, and clinical consultation in modern healthcare. This survey investigates recent advancements in intelligent diagnostic frameworks that combine natural language understanding, deep learning, and multimodal data fusion to interpret complex clinical information and enhance evidence-based decision-making. We examine key technologies such as optical character recognition (OCR) for digitizing handwritten medical records, domain-adapted LLMs for structured clinical summarization, and retrieval-augmented generation (RAG) architectures that improve accuracy and contextual reliability in conversational medical agents. The paper systematically reviews research across multimodal AI architectures, OCR-NLP pipelines, and hybrid retrieval-generation mechanisms, emphasizing design trends, performance comparisons, and limitations. Particular attention is given to multi-agent simulations that emulate clinical reasoning, along with privacy-preserving and federated learning approaches that ensure confidentiality and regulatory compliance. Furthermore, the study discusses interpretability and ethical challenges in integrating LLM-based diagnostic systems into clinical workflows. Future directions include enhanced multimodal fusion, continual learning, and adaptive domain transfer to improve scalability and generalization, serving as a comprehensive reference for building explainable, reliable, and patient-centered AI healthcare systems.","2025-11-07","2026-03-10 15:15:36","2026-03-10 15:15:36","","1-8","","","","","","","","","","","","","","","","","","","","Journal Abbreviation: 2025 International Conference on Future Technologies (ICFT)","","","","Artificial intelligence; Ethics; Federated learning; Surveys; Reliability; Large language models; Buildings; Medical diagnostic imaging; Medical diagnosis; Optical character recognition","","","","","","","","","","","","","","","","","","","","","","","","","","","","","","","","2025 International Conference on Future Technologies (ICFT)","","","","","","","","","","","","","","",""
"RPZETZFX","conferencePaper","2025","Y. Zhang; J. You; C. Yang; Z. Wang; X. Qiu; Y. Chen","Deep Learning in Depression Detection: A Comprehensive Survey and Critical Analysis","2025 IEEE 41st International Conference on Data Engineering Workshops (ICDEW)","2473-3490","","10.1109/ICDEW67478.2025.00028","https://www.scopus.com/inward/record.uri?eid=2-s2.0-105015515366&doi=10.1109%2FICDEW67478.2025.00028&partnerID=40&md5=5f9741d64cf8cebc2a6934f93ecf4c25","Depression is a significant global health challenge, affecting millions worldwide and contributing to severe disability. Recent advances in deep learning have enabled more effective detection of depressive symptoms across multiple modalities, including text, audio-visual, neurophysiological signals, and multimodal fusion. This survey systematically reviews the evolution from traditional machine learning (e.g., Support Vector Machines, Random Forests) to state-of-the-art deep learning architectures(e.g., CNNs, LSTMs, Transformers, and Graph Neural Networks) and Large Language Models. We analyze benchmark datasets, model architectures, and performance metrics while identifying key challenges such as data scarcity, domain adaptation, cross-subject variability, and real-world deployment barriers. Unlike previous surveys that focus on single modalities or lack technical depth, we provide a comprehensive synthesis of deep learning methodologies, architectural insights, and ethical considerations related to privacy, bias, and clinical trust. We conclude by outlining a research agenda that integrates cutting-edge LLM innovations (including autonomous reasoning chains and multimodal contextualization), quantum-enhanced learning architectures, and LLM - powered cognitive digital twins for personalized monitoring, while calling for specialized mental health LLMs, cultural adaptation benchmarks, and HIPAA-compliant federated learning frameworks. This survey serves as both a technical reference for researchers and a roadmap for advancing AI -driven depression detection toward scalable, ethical, and clinically relevant applications.","2025-05-19","2026-03-10 15:15:36","2026-03-10 17:09:32","","177-189","","","","","","","","","","","","","","","","Scopus","","","","Journal Abbreviation: 2025 IEEE 41st International Conference on Data Engineering Workshops (ICDEW)","","","","Ethics; Computer architecture; Random forests; Surveys; Deep learning; Technological innovation; Transformers; Biological system modeling; Deep Learning; Large Language Models (LLMs); Support vector machines; Human computer interaction; Learning systems; Depression; Mental health; Large language model; Clinical Trust & Bias Mitigation; Cultural differences; depression detection; multimodal machine learning; Multi-modal; Machine-learning; Benchmarking; Brain; Deep neural networks; Language model; Trees (mathematics); Learning architectures; Ethical aspects; Multimodal machine learning; Clinical trust & bias mitigation; Depression detection; Neurophysiology; Survey analysis","","","","","","","","","","","","","","","","","","","","","","","","","","","","","","","","2025 IEEE 41st International Conference on Data Engineering Workshops (ICDEW)","","","","","","","","","","","","","","",""
"LC2Y6RKR","journalArticle","2025","H. Luo; Y. Liu; R. Zhang; J. Wang; G. Sun; D. Niyato; H. Yu; Z. Xiong; X. Wang; X. Shen","Toward Edge General Intelligence With Multiple-Large Language Model (Multi-LLM): Architecture, Trust, and Orchestration","IEEE Transactions on Cognitive Communications and Networking","","2332-7731","10.1109/TCCN.2025.3612760","","Edge computing enables real-time data processing closer to its source, thus improving the latency and performance of edge-enabled AI applications. However, predictive AI models often fall short when dealing with complex, dynamic tasks that require advanced reasoning and multimodal data processing. This survey explores the integration of multi-LLMs (Large Language Models) to address these challenges in edge computing, where multiple specialized LLMs collaborate to enhance task performance and adaptability in resource-constrained environments. We review the transition from conventional edge AI models to single LLM deployment and, ultimately, to multi-LLM systems. The survey discusses enabling technologies such as dynamic orchestration, resource scheduling, and cross-domain knowledge transfer that are key for multi-LLM implementation. A central focus is on trusted multi-LLM systems, ensuring robust decision-making in environments where reliability and privacy are crucial. We also present multimodal multi-LLM architectures, where multiple LLMs specialize in handling different data modalities, such as text, images, and audio, by integrating their outputs for comprehensive analysis. Finally, we highlight future directions, including improving resource efficiency, trustworthy governance multi-LLM systems, while addressing privacy, trust, and robustness concerns. This survey provides a valuable reference for researchers and practitioners aiming to leverage multi-LLM systems in edge computing applications.","2025-12","2026-03-10 15:15:36","2026-03-10 15:15:36","","3563-3585","","6","11","","IEEE Transactions on Cognitive Communications and Networking","","","","","","","","","","","","","","","","","","","Artificial intelligence; Collaboration; Adaptation models; Privacy; Surveys; edge computing; Computational modeling; Reviews; Reliability; Cognition; Model compression; Large language model (LLM); multimodal LLM; multiple LLMs; trustworthy LLM system","","","","","","","","","","","","","","","","","","","","","","","","","","","","","","","","","","","","","","","","","","","","","","",""
"XGYCJDE3","conferencePaper","2025","F. Lan; J. Zhang; Y. Li; Q. Chen; M. Zhao; Y. Luo","Leveraging Large Language Models for Enhanced Design and Analysis in Power Engineering","2025 IEEE 3rd International Conference on Image Processing and Computer Applications (ICIPCA)","","","10.1109/ICIPCA65645.2025.11138120","https://www.scopus.com/inward/record.uri?eid=2-s2.0-105017005316&doi=10.1109%2FICIPCA65645.2025.11138120&partnerID=40&md5=ee5f2e514472a5d1e0a5ea6419c37f13","This review article examines the applications of Large Language Models (LLMs) in power engineering with new design and analysis techniques. The study addresses issues such as controlling complicated grid data, automating design activities, and improving maintenance checks. Using LLMs' sophisticated natural language understanding and language generation capabilities, power engineers automate simulations, optimize configurations, and manage risk evaluation processes more efficiently. The article cites successful applications of LLMs with CAD and simulation tools, for which qualitative studies have shown enhanced efficiency and precision in analysis. Other issues like data reliability, model trust, and ethics are discussed and balanced with proposed recommendations such as modifying some models and human oversight. Recommendations stress the need for cross-disciplinary approaches that can adapt to these frameworks safely and effectively. LLMs creates strong, enduring, yet flexible, intelligent power systems, clearly stating systems poised to change engineering approaches in new energy paradigms.","2025-06-28","2026-03-10 15:18:38","2026-03-10 17:09:38","","636-641","","","","","","","","","","","","","","","","Scopus","","","","Journal Abbreviation: 2025 IEEE 3rd International Conference on Image Processing and Computer Applications (ICIPCA)","","","","Artificial intelligence; Ethics; Predictive maintenance; Data models; Predictive Maintenance; Adaptation models; Data integrity; Predictive analytics; Stress; Technological innovation; Large language models; Transforms; Solid modeling; Risk management; LLMs; Large language model; Automated Design; Grid Data Analysis; Power engineering; Power Engineering; Grid computing; Language model; Data reliability; Computer aided design; Analysis techniques; Automated design; Design and analysis; Design technique; Grid data; Grid data analyze","","","","","","","","","","","","","","","","","","","","","","","","","","","","","","","","2025 IEEE 3rd International Conference on Image Processing and Computer Applications (ICIPCA)","","","","","","","","","","","","","","",""
"C65BB2C3","conferencePaper","2025","B. Vásquez-Pineda; M. Cardona","Harnessing Large Language Models Applications in Smart Manufacturing","2025 IEEE Latin American Electron Devices Conference (LAEDC)","2835-3471","","10.1109/LAEDC65721.2025.11288948","","This article presents a systematic review on the application of Large Language Models in smart manufacturing, highlighting their potential to transform key industrial processes such as predictive maintenance, human-machine interaction, automated documentation, and decision optimization. Recent cases across various domains, including electronic design, industrial programming, and decision support systems, are analyzed, demonstrating the versatility of LLMs in processing large volumes of data, enabling natural communication with operators, and generating proactive recommendations. The review also identifies significant barriers to adoption in Latin America, including limitations in technological infrastructure, insufficient investment, and limited availability of specialized AI personnel. This study emphasizes the need for public policies, professional training, and collaboration among academy, industry, and government to promote the effective and sustainable implementation of LLMs, adapted to local contexts and capable of closing existing gaps in the region.","2025-10-08","2026-03-10 15:18:39","2026-03-10 15:18:39","","1-6","","","","","","","","","","","","","","","","","","","","Journal Abbreviation: 2025 IEEE Latin American Electron Devices Conference (LAEDC)","","","","Predictive maintenance; Training; Predictive Maintenance; Industrial Automation; Industry 4.0; Artificial Intelligence; Optimization; Systematic literature review; Smart manufacturing; Process Optimization; Large language models; Large Language Models; Smart Manufacturing; Transforms; Human computer interaction; Programming profession; Digital Transformation; Human-Machine Interaction; Intelligent Manufacturing; Latin America; Public policy","","","","","","","","","","","","","","","","","","","","","","","","","","","","","","","","2025 IEEE Latin American Electron Devices Conference (LAEDC)","","","","","","","","","","","","","","",""
"ZMT7KJD5","conferencePaper","2025","Z. Qi; J. Ren; W. Gan; P. S. Yu","Large Language Models for Fault Diagnosis","2025 IEEE International Conference on Big Data (BigData)","2573-2978","","10.1109/BigData66926.2025.11402351","","With the rapid development of artificial intelligence (AI) and manufacturing, fault diagnosis (FD), as a critical technology for ensuring equipment safety and improving production efficiency, faces challenges such as increasing data complexity and higher requirements for diagnostic accuracy. Traditional FD methods primarily rely on expert experience and statistical learning, exhibiting limitations in handling multimodal data fusion, knowledge representation, and reasoning. Large language models (LLMs) have brought new opportunities to the field of FD. This review systematically examines the current applications, technical approaches, and development trends of LLMs in FD. Through comparative analysis of the advantages and disadvantages of different technical approaches, we summarize the main achievements and existing technical bottlenecks in current research. LLMs demonstrate clear advantages in FD, however, they also face challenges such as high data quality requirements, significant computational resource consumption, and limited domain adaptability. Future development trends are expected to focus on model lightweighting, domain specialization, multimodal fusion, and enhanced real-time diagnostic capabilities. This review offers systematic theoretical guidance and technical reference for researchers and engineering professionals.","2025-12-08","2026-03-10 15:18:39","2026-03-10 15:28:14","","6982-6991","","","","","","","","","","","","","","","","","","","","Journal Abbreviation: 2025 IEEE International Conference on Big Data (BigData)","","","","Training; Fault diagnosis; Computer architecture; Manufacturing; Reviews; Technological innovation; Systematics; Market research; Faces; Large language models; AI; fault diagnosis; manufacturing; LLMs","","","","","","","","","","","","","","","","","","","","","","","","","","","","","","","","2025 IEEE International Conference on Big Data (BigData)","","","","","","","","","","","","","","",""
"WB9HZIVG","conferencePaper","2025","S. Abdullahi; Umama; K. U. Danyaro; H. Chiroma; A. Zakari; M. Abdullahi; S. H. Muhammad; N. A. Wan Abdullah Zawawi","Large Language Models Applications in Oil and Gas: Case Studies and Insights","2025 International Conference on Artificial Intelligence for Sustainable Innovation (AI-SI)","","","10.1109/AI-SI66213.2025.11341041","","Large-scale language models (LLMs) are becoming increasingly common in the oil industry, where they are being applied to tasks such as seismic data interpretation, reservoir analysis, and predictive maintenance. This study examines the current state of LLM applications in the sector and highlights recent advances, practical implementations, and domain-specific adaptations. Despite the promising developments, problems such as limited domain-specific data, hallucination risks, and interpretation problems continue to impede widespread adoption of LLMs in the sector. To address these problems, the study proposes effective research directions tailored to oil and gas, including aligning LLM deployment with operational needs and promoting cross-disciplinary collaboration. This review provides concise but comprehensive resources for researchers and industry professionals to promote LLM-driven oil and gas innovation.","2025-08-26","2026-03-10 15:18:39","2026-03-10 15:42:41","","1-6","","","","","","","","","","","","","","","","","","","","Journal Abbreviation: 2025 International Conference on Artificial Intelligence for Sustainable Innovation (AI-SI)","","","","Predictive maintenance; Data models; Predictive Maintenance; Predictive models; Collaboration; Production; Technological innovation; Oils; Large language models; Large Language Models; Information retrieval; Reservoirs; Data Sparsity; Hallucinations; Petroleum industry","","","","","","","","","","","","","","","","","","","","","","","","","","","","","","","","2025 International Conference on Artificial Intelligence for Sustainable Innovation (AI-SI)","","","","","","","","","","","","","","",""
"SZR3PLWG","conferencePaper","2024","A. Russell-Gilbert; A. Sommers; A. Thompson; L. Cummins; S. Mittal; S. Rahimi; M. Seale; J. Jaboure; T. Arnold; J. Church","AAD-LLM: Adaptive Anomaly Detection Using Large Language Models","2024 IEEE International Conference on Big Data (BigData)","2573-2978","","10.1109/BigData62323.2024.10825679","https://www.scopus.com/inward/record.uri?eid=2-s2.0-85218075061&doi=10.1109%2FBigData62323.2024.10825679&partnerID=40&md5=6d15cf8b6bc8315211aad33bd8190952","For data-constrained, complex and dynamic industrial environments, there is a critical need for transferable and multimodal methodologies to enhance anomaly detection and therefore, prevent costs associated with system failures. Typically, traditional PdM approaches are not transferable or multimodal. This work examines the use of Large Language Models (LLMs) for anomaly detection in complex and dynamic manufacturing systems. The research aims to improve the transferability of anomaly detection models by leveraging Large Language Models (LLMs) and seeks to validate the enhanced effectiveness of the proposed approach in data-sparse industrial applications. The research also seeks to enable more collaborative decision-making between the model and plant operators by allowing for the enriching of input series data with semantics. Additionally, the research aims to address the issue of concept drift in dynamic industrial settings by integrating an adaptability mechanism. The literature review examines the latest developments in LLM time series tasks alongside associated adaptive anomaly detection methods to establish a robust theoretical framework for the proposed architecture. This paper presents a novel model framework (AAD-LLM) that doesn’t require any training or finetuning on the dataset it is applied to and is multimodal. Results suggest that anomaly detection can be converted into a ""language"" task to deliver effective, context-aware detection in data-constrained industrial applications. This work, therefore, contributes significantly to advancements in anomaly detection methodologies.","2024-12-15","2026-03-10 15:18:39","2026-03-10 17:09:43","","4194-4203","","","","","","","","","","","","","","","","Scopus","","","","Journal Abbreviation: 2024 IEEE International Conference on Big Data (BigData)","","","","Predictive maintenance; Training; Data models; Adaptation models; predictive maintenance; Anomaly detection; Time series analysis; Decision making; Systematic literature review; Large language models; Semantics; Manufacturing systems; large language models; Large language model; adaptive anomaly detection; LLMs for time series tasks; Multi-modal; Times series; Language model; Industrial environments; Adaptive anomaly detection; Large language model for time series task","","","","","","","","","","","","","","","","","","","","","","","","","","","","","","","","2024 IEEE International Conference on Big Data (BigData)","","","","","","","","","","","","","","",""
"D4RB8JVI","conferencePaper","2025","D. Li; Z. Pang; K. Yang; Y. Luo; Y. Zeng","FD-MLLM: Fault Diagnosis Framework Based on Multimodal Data and Large Language Model","2025 IEEE 23rd International Conference on Industrial Informatics (INDIN)","2378-363X","","10.1109/INDIN64977.2025.11278971","","As industrial equipment becomes increasingly complex and intelligent, fault diagnosis (FD) technology has emerged as a critical means to ensure system reliability and safety, spurring the development of various real-time online monitoring techniques. Traditional fault diagnosis methods primarily rely on single data sources and specific algorithms, which makes it challenging to effectively integrate the multimodal data captured by diverse sensors and often overlooks the vital role of human expertise in the diagnostic process. By leveraging a universal fault diagnosis framework that combines Large Language Models (LLMs) with multimodal data, existing methods can be seamlessly integrated. LLMs possess powerful capabilities in natural language understanding, knowledge integration, and reasoning, enabling them to analyze text, images, signals, and other types of multimodal information to facilitate zero-shot and few-shot knowledge reasoning and fault diagnosis. This paper systematically reviews the development of LLM- and multimodal data-based fault diagnosis technologies, outlines key techniques such as data-driven processing, feature extraction, and feature fusion within LLM frameworks, and analyzes the technological advancements fostered by these methods. It also summarizes the advantages and limitations of this approach in fault diagnosis and health state assessment, and offers an outlook on the future trends and challenges of applying LLMs in multimodal fault diagnosis. The aim is to provide technical guidance for researchers and engineers, thereby accelerating the innovation and application of intelligent fault diagnosis technologies.","2025-07-12","2026-03-10 15:18:39","2026-03-10 15:42:42","","1-7","","","","","","","","","","","","","","","","","","","","Journal Abbreviation: 2025 IEEE 23rd International Conference on Industrial Informatics (INDIN)","","","","Fault diagnosis; Monitoring; Feature extraction; Technological innovation; Safety; Large language models; Semantics; Soft sensors; Cognition; Natural language processing; LLM; multimodal data; bearing; generalized technical framework; Keywords—fault diagnosis","","","","","","","","","","","","","","","","","","","","","","","","","","","","","","","","2025 IEEE 23rd International Conference on Industrial Informatics (INDIN)","","","","","","","","","","","","","","",""
"IXARJZKY","conferencePaper","2025","T. Vafeiadis; A. Nizamis; T. Kotsiopoulos; D. Ioannidis; D. Tzovaras","A Short Survey on Large Language Models' Application in Manufacturing Domain","2025 IEEE International Conference on Engineering, Technology, and Innovation (ICE/ITMC)","2693-8855","","10.1109/ICE/ITMC65658.2025.11106602","https://www.scopus.com/inward/record.uri?eid=2-s2.0-105015424484&doi=10.1109%2FICE%2FITMC65658.2025.11106602&partnerID=40&md5=6e0afc95515ae083d468cb516f7ea01d","Large Language Models (LLMs) are able to process and generate textual and structured data to support and optimize an extremely wide variety of applications in various domains. One of the domains where Artificial Intelligence (AI) and LLMs are constantly gaining interest is manufacturing. LLMs promote the transformation of traditional manufacturing processes, improve efficiency, and enable optimal data-driven decision-making. This short survey explores the diverse applications of LLMs in manufacturing, including key application areas such as enhanced decision-making, predictive maintenance, additive manufacturing, industrial robotics applications, etc. In addition, key aspects of LLMs' applications such as the models used, the training methods, the use of Retrieval-Augmented Generation (RAG) frameworks, etc. are extracted and discussed. By high-lighting LLM application areas in manufacturing and their key aspects, the study supports faster understanding and promotes future research and development from industry professionals, researchers, and policy makers on LLM application for the manufacturing domain.","2025-06-16","2026-03-10 15:18:39","2026-03-10 17:09:45","","1-10","","","","","","","","","","","","","","","","Scopus","","","","Journal Abbreviation: 2025 IEEE International Conference on Engineering, Technology, and Innovation (ICE/ITMC)","","","","Predictive maintenance; Industry 4.0; Manufacturing; Production; Surveys; Optimization; Decision making; Large language models; Service robots; Tokenization; Robotics; Three-dimensional printing; Learning systems; Generative AI in Manufacturing; LLMs in Industry 4.0; LLMs' application; manufacturing applications; Industrial research; Manufacturing applications; Decisions makings; Language model; Application area; Model application; Generative artificial intelligence in manufacturing; Large language model in industry 4.0; Large language model' application; Manufacturing domains","","","","","","","","","","","","","","","","","","","","","","","","","","","","","","","","2025 IEEE International Conference on Engineering, Technology, and Innovation (ICE/ITMC)","","","","","","","","","","","","","","",""
"BMMCXRXS","conferencePaper","2025","S. Cho; S. Ruberto; V. Terragni","Metamorphic Testing of Large Language Models for Natural Language Processing","2025 IEEE International Conference on Software Maintenance and Evolution (ICSME)","2576-3148","","10.1109/ICSME64153.2025.00025","","Using Large Language Models (LLMs) to perform Natural Language Processing (NLP) tasks has been becoming increasingly pervasive in recent times. The versatile nature of LLMs makes them applicable to a wide range of such tasks. While the performance of recent LLMs is generally outstanding, several studies have shown that LLMs can often produce incorrect results. Automatically identifying these faulty behaviors is extremely useful for improving the effectiveness of LLMs. One obstacle to this is the limited availability of labeled datasets, necessitating an oracle to determine the correctness of LLM behaviors. Metamorphic Testing (MT) is a popular testing approach that alleviates this oracle problem. At the core of MT are Metamorphic Relations (MRs), defining the relationship between the outputs of related inputs. MT can expose faulty behaviors without the need for explicit oracles (e.g., labeled datasets). This paper presents the most comprehensive study of MT for LLMs to date. We conducted a literature review and collected 191 MRs for NLP tasks. We implemented a representative subset (36 MRs) to conduct a series of experiments with three popular LLMs, running $\sim 560 ~\mathrm{K}$ metamorphic tests. The results shed light on the capabilities and opportunities of MT for LLMs, as well as its limitations.","2025-09-07","2026-03-10 15:18:39","2026-03-10 15:18:39","","174-186","","","","","","","","","","","","","","","","","","","","Journal Abbreviation: 2025 IEEE International Conference on Software Maintenance and Evolution (ICSME)","","","","Fault diagnosis; Machine learning; Systematic literature review; Large language models; Testing; Natural language processing; large language models; Software engineering; NLP; machine learning testing; metamorphic testing; Software Engineering for AI; Software maintenance","","","","","","","","","","","","","","","","","","","","","","","","","","","","","","","","2025 IEEE International Conference on Software Maintenance and Evolution (ICSME)","","","","","","","","","","","","","","",""
"HY7VD2SM","journalArticle","2025","N. Moenks; P. Penava; R. Buettner","A Systematic Literature Review of Large Language Model Applications in Industry","IEEE Access","","2169-3536","10.1109/ACCESS.2025.3608650","","Large Language Models are rapidly transforming processes across industries by enabling advanced capabilities in natural language understanding, code generation, diagnostics, and decision support. Despite the growing adoption of this technology, a systematic understanding of their application across the industrial value creation processes remains lacking. This paper addresses this gap by conducting a systematic literature review of 96 peer-reviewed studies, following the PRISMA guidelines. Based on this foundation, large language model use cases across industries were identified, categorized, and structured using the primary and secondary activities of Porter’s value chain as a classification framework. The analysis reveals that LLM adoption is heavily concentrated in technology-focused and internal operational activities across industries, where they offer immediate benefits at lower risk. In contrast, areas such as logistics, procurement, and customer-facing functions remain largely unexplored, mainly due to challenges related to integration, data governance, and regulatory requirements. The analysis shows that current deployments are primarily limited to isolated, manageable use cases, leaving substantial innovation potential unrealized in underexplored value chain activities. These findings provide a foundation for further research and for the strategic adoption of large language models throughout the industrial value chain.","2025","2026-03-10 15:18:40","2026-03-10 15:18:40","","160010-160033","","","13","","IEEE Access","","","","","","","","","","","","","","","","","","","Ethics; Industries; Data models; Computer architecture; Internet; Surveys; Technological innovation; Transformers; Systematic literature review; Large language models; Large language model; industry; LLM application; LLM use cases; porter value chain; systematic literature review","","","","","","","","","","","","","","","","","","","","","","","","","","","","","","","","","","","","","","","","","","","","","","",""
"5VVWGRY7","conferencePaper","2025","H. Xu; Z. Li; P. Liang; Y. Hu","Instruction Fine-Tuning Optimization for Large Language Models in Power Customer Service Question Answering Systems","2025 6th International Conference on Power Engineering (ICPE)","","","10.1109/ICPE68635.2025.11407897","","The intelligent upgrade of power customer service systems places higher demands on natural language understanding, while general large language models (LLMs) often perform poorly in specific vertical field question answering (Q&A) tasks due to a lack of structured instruction data. To address this issue, this article proposes a large model instruction tuning method called EIPT (Electricity Instruction Prompt Tuning) for power customer service scenarios to improve the model's adaptability and accuracy in industry Q&A tasks. First, we design prompt templates with business logic based on multi-round question-and-answer business processes and typical customer service task corpora, and build a high-quality instruction set through a combination of automatic generation and expert review. Second, we introduce a task distribution balancing mechanism and use small sample clustering and interclass difference analysis to control the coverage of the training data. Finally, we adopt a low-rank adaptation (LoRA) parameter fine-tuning method to enhance model response consistency and inference accuracy while reducing costs. Experimental results on a power customer service question-answering dataset demonstrate that EIPT achieves significant improvements over unoptimized models in terms of answer quality, semantic matching, and execution stability, validating its feasibility and effectiveness in vertical-domain intelligent customer service systems.","2025-12-05","2026-03-10 15:18:43","2026-03-10 15:18:43","","598-604","","","","","","","","","","","","","","","","","","","","Journal Abbreviation: 2025 6th International Conference on Power Engineering (ICPE)","","","","Accuracy; Adaptation models; Training data; Large language models; Semantics; Business; Cognition; Tuning; LoRA; Question answering (information retrieval); large language model; Customer services; electric power customer service Q&A; instruction tuning; prompt design","","","","","","","","","","","","","","","","","","","","","","","","","","","","","","","","2025 6th International Conference on Power Engineering (ICPE)","","","","","","","","","","","","","","",""
"NEAXXXB7","journalArticle","2025","F. Amjad; T. Korõtko; A. Rosin","Review of LLMs Applications in Electrical Power and Energy Systems","IEEE Access","","2169-3536","10.1109/ACCESS.2025.3599922","https://www.scopus.com/inward/record.uri?eid=2-s2.0-105013765684&doi=10.1109%2FACCESS.2025.3599922&partnerID=40&md5=4c1666a0d9166645e65a18bd574b7fed","This paper presents a comprehensive review of the applications, challenges, and future directions of Large Language Models (LLMs) in the Electrical Power Domain (EPD). Leveraging transformer-based architectures such as GPT, BERT, and LLaMA, LLMs have shown transformative potential across power system applications including load forecasting, fault diagnosis, regulatory compliance, question answering, risk assessment, and intelligent data analysis. Through a systematic analysis of over 45 studies, the review highlights measurable benefits such as up to 20% improvement in load forecasting accuracy, 30% reduction in operational response time, and 40% decrease in manual workload for regulatory tasks. LLMs have demonstrated strong adaptability through zero-shot and few-shot learning and are capable of processing multimodal inputs for real-time decision-making. However, limitations such as high computational costs, lack of domain-specific datasets, limited explainability, and concerns around regulatory alignment hinder widespread deployment. To address these gaps, the paper outlines research opportunities including domain-specific fine-tuning, scalable deployment strategies, multimodal integration, and the development of unified benchmarks such as ElecBench. Overall, the integration of LLMs in power systems represents a significant step toward more intelligent, reliable, and sustainable energy management.","2025","2026-03-10 15:18:43","2026-03-10 17:09:49","","150951-150969","","","13","","IEEE Access","","","","","","","","","","","Scopus","","","","","","","","Artificial intelligence; Power system stability; Real-time systems; Fault diagnosis; Load modeling; Predictive analytics; Reviews; Transformers; Decision making; fault diagnosis; Load forecasting; Renewable energy sources; predictive analytics; Smart grid; Natural language processing; large language models; Natural languages; smart grids; Large language model; Power systems; load forecasting; Power; natural language processing; electrical power domain; grid management; power systems; renewable energy integration; transformer models; Risk analysis; Power system; Benchmarking; Smart power grids; Faults diagnosis; Language model; Electric power transmission networks; Regulatory compliance; Electric load forecasting; Behavioral research; Language processing; Transformer modeling; Electric transformer loads; Grid management; Electrical power; Electrical power domain; Powerdomains; Renewable energy integrations","","","","","","","","","","","","","","","","","","","","","","","","","","","","","","","","","","","","","","","","","","","","","","",""
"3DP5MZV9","journalArticle","2026","C. Cui; P. Zhang; Y. Sun; C. Zhang; M. Zhao; J. Zhang","Large language models: The outlook for next-generation AI applications in power grid","CSEE Journal of Power and Energy Systems","","3066-9308","10.17775/CSEEJPES.2025.01610","","As a core technology of next-generation artificial intelligence, Large Language Models (LLMs) provide breakthrough solutions for the intelligent transformation of power systems. This paper systematically reviews the key technologies, application scenarios, and development prospects of LLMs within the power industry. We particularly emphasize their innovative applications in grid planning, dispatch optimization, equipment operation and maintenance, customer service, and power markets. Utilizing self-attention mechanisms and multimodal learning capabilities, Transformer-based LLMs significantly enhance the efficiency of power grid data parsing, spatiotemporal pattern recognition, and dynamic decision-making. Furthermore, this study explores how language models, vision models, and multimodal models present new opportunities to advance power system intelligence. Finally, the paper highlights the future development of scientific LLMs and their expanding prospects in the power industry, alongside a discussion of implementation challenges, ethical considerations, and future research directions.","2026","2026-03-10 15:18:43","2026-03-10 15:18:43","","1-18","","","","","CSEE Journal of Power and Energy Systems","","","","","","","","","","","","","","","","","","","Data models; Predictive models; Load modeling; Computational modeling; artificial intelligence; Optimization; Biological system modeling; Large language models; Renewable energy; Parallel processing; Power systems; power grid; Power system dynamics; AI applications in power industry; intelligent power systems","","","","","","","","","","","","","","","","","","","","","","","","","","","","","","","","","","","","","","","","","","","","","","",""
"LFKKQMUY","conferencePaper","2024","M. Massaoudi; H. Abu-Rub; A. Ghrayeb","Toward Intelligent Communication and Optimization in EVs: : A tutorial on the Transformative Impact of Large Language Models","IECON 2024 - 50th Annual Conference of the IEEE Industrial Electronics Society","","","10.1109/IECON55916.2024.10905200","","The integration of the large language model (LLM) technology in electric vehicles (EVs) has sparked a significant leap forward in the evolution of intelligent transportation. LLM technology enables real-time, context-aware communication, thereby elevating the safety and convenience of driving experiences. LLMs play a pivotal role in refining human-vehicle interactions, offering an intuitive and responsive interface for vehicle controls and navigation systems. In addition, LLMs contribute to the sustainable development of EV technology by optimizing energy consumption patterns and supporting the integration of EVs into smart grid systems. To this end, this paper aims to review the essential elements of LLM-based EVs to emphasize their current capabilities toward smart transportation and infrastructure services. This paper explores the multifaceted contributions of LLMs in enhancing functionality, user experience, and technological development of EVs. This tutorial also addresses the challenges and future prospects of LLM applications in EVs, emphasizing their potential to transform EVs into intelligent companions on the road and pave the way for a more sustainable and user-centered future for personal transportation.","2024-11-03","2026-03-10 15:18:43","2026-03-10 15:18:43","","1-6","","","","","","","","","","","","","","","","","","","","Journal Abbreviation: IECON 2024 - 50th Annual Conference of the IEEE Industrial Electronics Society","","","","User experience; Electric vehicles; Sustainable development; Smart grids; Safety; Large language models; Transforms; language models; Tutorials; natural language processing; Human vehicle systems; human-vehicle interaction; Smart transportation; sustainable mobility","","","","","","","","","","","","","","","","","","","","","","","","","","","","","","","","IECON 2024 - 50th Annual Conference of the IEEE Industrial Electronics Society","","","","","","","","","","","","","","",""
"7YILHTVG","journalArticle","2026","K. Sun; Z. Zhao; H. Yang; J. Zhang; G. Q. Huang","Curriculum Engineering: Structured Learning for Large Language Models (LLMs) Through Curriculum Based Retrieval","IEEE Transactions on Industrial Informatics","","1941-0050","10.1109/TII.2025.3613372","","Social manufacturing integrates social resources with manufacturing, demanding rapid decision-making by processing specialized and complex data to adapt market changes. Leveraging multisource information as external knowledge bases, implementing Retrieval-Augmented Generation (RAG) to Large Language Models (LLMs) holds great potential to enhance the manufacturing efficiency. However, existing RAG methods often return excessive unstructured information, limiting LLMs’ ability to reason and solve complex question-and-answer (QA) tasks. Drawing inspiration from structured human learning, we propose a novel Curriculum Enhanced Retrieval-Augmented Generation (CE-RAG) framework. CE-RAG encompasses three stages: The syllabus setting phase for organizing subjects and study sequences for the knowledge base, the knowledge infilling phase for generating curriculum chain prompts for LLMs, and the curriculum review phase for memorizing the curriculum chains learned by LLMs to improve iterative retrieval. Experiments on public QA reasoning datasets and social manufacturing cases show CE-RAG can effectively improve the reasoning performance of LLMs in complex social manufacturing QA tasks.","2026-01","2026-03-10 15:18:43","2026-03-10 15:18:43","","555-566","","1","22","","IEEE Transactions on Industrial Informatics","","","","","","","","","","","","","","","","","","","Accuracy; Manufacturing; Production; Reviews; Complexity theory; Solid modeling; Cognition; large language models (LLMs); Knowledge based systems; retrieval augmented generation; Retrieval augmented generation; Social manufacturing; Curriculum learning; curriculum thought chain; memory graph; social manufacturing","","","","","","","","","","","","","","","","","","","","","","","","","","","","","","","","","","","","","","","","","","","","","","",""
"SFQZKJNQ","journalArticle","2025","M. Ghafari; A. Sami; H. Rezapour; S. Saravani Ghayour; F. Lin; K. Basaran; G. Cristian Lazaroiu; P. Siano","A Comprehensive Review on the Application of Large Language Models (LLMs) in Power Systems","IEEE Access","","2169-3536","10.1109/ACCESS.2025.3637226","","Nowadays, modern power systems are facing increasing complexity with the rapid growth of renewable energy sources (RESs), the expansion of small and distributed energy resources (DERs) and the evolution towards cyber-physical smart grids. These developments have made the need for intelligent and flexible systems to support the decision-making processes. Advanced large linguistic models (LLM), as a new generation of artificial intelligence (AI), can understand and process complex text data and have been proposed as an innovative solution in the energy industry. These technologies can create a fundamental transformation in power systems management and optimization. This paper analyzes in depth the application of LLM in power systems. The current research tracks the evolution of AI in this field from simple methods, based on basic rules, to more advanced technologies, such as deep learning and transformer models. Within the paper, the basic principles of transformer models are described, and three important capabilities of this technology are emphasized: the ability to interpret the results, the ability to expand for different applications, and the flexibility to face different conditions. The conducted analysis highlights how the new generation of AI can bring a fundamental transformation in the management of power systems.","2025","2026-03-10 15:18:43","2026-03-10 15:18:43","","209450-209486","","","13","","IEEE Access","","","","","","","","","","","","","","","","","","","Artificial intelligence; Power system stability; Data models; Real-time systems; Computer architecture; Artificial intelligence (AI); Transformers; Power system reliability; large language models (LLMs); Chatbots; energy management; smart grids; Power systems; Distributed power generation; transformer models; carbon footprint accounting; cybersecurity in power systems; demand response (DR); distributed energy resources (DERs); electric vehicles (EVs); energy transition; explainable AI (XAI); intrusion detection systems (IDS); multi-objective optimization (MOO); natural language processing (NLP); optimal power flow (OPF); renewable energy sources (RESs)","","","","","","","","","","","","","","","","","","","","","","","","","","","","","","","","","","","","","","","","","","","","","","",""
"6B95QGCJ","conferencePaper","2025","M. Meeus; I. Shilov; S. Jain; M. Faysse; M. Rei; Y. -A. de Montjoye","SoK: Membership Inference Attacks on LLMs are Rushing Nowhere (and How to Fix It)","2025 IEEE Conference on Secure and Trustworthy Machine Learning (SaTML)","","","10.1109/SaTML64287.2025.00028","","Whether Large Language models (LLMs) memorize their training data and what this means, from measuring privacy leakage to detecting copyright violations, has become a rapidly growing area of research. In the last few months, more than 10 new methods have been proposed to perform Membership Inference Attacks (MIAs) against LLMs. Contrary to traditional MIAs which rely on fixed-but randomized-records or models, these methods are mostly trained and tested on datasets collected post-hoc. Sets of members and non-members, used to evaluate the MIA, are constructed using informed guesses after the release of a model. This lack of randomization raises concerns of a distribution shift between members and non-members. In this work, we first extensively review the literature on MIAs against LLMs and show that, while most work focuses on sequence-level MIAs evaluated in post-hoc setups, a range of target models, motivations and units of interest are considered. We then quantify distribution shifts present in 6 datasets used in the literature, ranging from books to papers using a model-less bag of word classifier and compare the model-less results to the MIA. Our analysis shows that all of these datasets constructed post-hoc suffer from strong distribution shifts. These shifts invalidate the claims of LLMs memorizing strongly in real-world scenarios and, potentially, also the methodological contributions of the recent papers based on these datasets. Yet, all hope might not be lost. In the second part of this work, we introduce important considerations to properly evaluate MIAs against LLMs and discuss, in turn, potential ways forwards: randomized test splits, injections of randomized (unique) sequences, randomized finetuning, and several post-hoc control methods. While each option comes with its advantages and limitations, we believe they collectively provide solid grounds to guide the development of MIA methods and study LLM memorization. We conclude with an overview of recommended approaches to benchmark sequence-level and document-level MIAs against LLMs.","2025-04-09","2026-03-10 15:18:44","2026-03-10 15:18:44","","385-401","","","","","","","","","","","","","","","","","","","","Journal Abbreviation: 2025 IEEE Conference on Secure and Trustworthy Machine Learning (SaTML)","","","","Data privacy; Fault diagnosis; Training data; Privacy; Reviews; Benchmark testing; privacy; Machine learning; Solids; Large language models; large language models; Distance measurement; memorization; membership inference attacks","","","","","","","","","","","","","","","","","","","","","","","","","","","","","","","","2025 IEEE Conference on Secure and Trustworthy Machine Learning (SaTML)","","","","","","","","","","","","","","",""
"ZVVFRIPL","conferencePaper","2025","S. Kalari; G. Lenkala; V. Ashok; R. Mukkamala","Employing AI/ML/DL/RL/LLM Tools to Advance Aviation Maintenance Processes for Improved Safety and Reduced Costs: A Survey","2025 AIAA DATC/IEEE 44th Digital Avionics Systems Conference (DASC)","2155-7209","","10.1109/DASC66011.2025.11257316","","Aircraft maintenance is among the most safety-critical and cost-intensive operation in commercial aviation, where delayed fault detection and fragmented diagnostic workflows can lead to costly Aircraft-On-Ground events and elevated safety risks. In this paper, we review recent advancements across three key AI paradigms: classical machine learning and deep learning (ML/DL), large language models, and multimodal LLMs. These approaches collectively aim to unify visual inspections, high-rate sensor data, and acoustic diagnostics into an integrated decision-support framework. We begin by categorizing over 100 peer-reviewed studies using a generalized taxonomy. We then identify core limitations in existing systems. To address these gaps, we introduce a prototype system that employs Chain-of-Thought prompting with GPT-4o to process synchronized video frames, sensor telemetry, and audio spectrograms, generating per-frame condition labels and maintenance summaries. We evaluate its performance and highlight three key deployment challenges: data fidelity, memory footprint, and modality synchronization. Finally, we outline a roadmap for future research, including the development of standardized multimodal benchmarks, parameter-efficient adaptation techniques, blockchain-based provenance for explainability, and federated inference for privacy-preserving deployment.","2025-09-14","2026-03-10 15:18:44","2026-03-10 15:42:46","","1-10","","","","","","","","","","","","","","","","","","","","Journal Abbreviation: 2025 AIAA DATC/IEEE 44th Digital Avionics Systems Conference (DASC)","","","","Maintenance; Surveys; Synchronization; artificial intelligence; Taxonomy; Telemetry; Safety; Visualization; Large language models; safety; Videos; large language models; aviation; Spectrogram; maintenance; taxonomy","","","","","","","","","","","","","","","","","","","","","","","","","","","","","","","","2025 AIAA DATC/IEEE 44th Digital Avionics Systems Conference (DASC)","","","","","","","","","","","","","","",""
"8YRI5I89","journalArticle","2025","S. Long; J. Tan; B. Mao; F. Tang; Y. Li; M. Zhao; N. Kato","A Survey on Intelligent Network Operations and Performance Optimization Based on Large Language Models","IEEE Communications Surveys & Tutorials","","1553-877X","10.1109/COMST.2025.3526606","https://www.scopus.com/inward/record.uri?eid=2-s2.0-85214673736&doi=10.1109%2FCOMST.2025.3526606&partnerID=40&md5=316390a27b6ae4118ffde67bb2d2d336","As Large Language Models (LLMs) have achieved significant success in handling multi-modal tasks such as text, images, videos, and sounds, particularly showcasing emergent capabilities in natural language tasks, they hold great potential for network operations that similarly involve vast amounts of text data, fault data, and log files. This paper focuses on the development of LLMs, detailing their fundamental principles and application scenarios across different domains. It highlights the remarkable capabilities of LLMs in tasks such as fault diagnosis, causal inference, and intelligent question answering, and applies these abilities to the field of network operations. Moreover, the paper reviews some of the key issues and technical barriers faced by intelligent networks, such as efficiently monitoring networks in real-time and providing timely alerts when necessary. In addition to examining the utilization of LLM in network operations, this paper introduces a framework for intelligent network operations and performance optimization, leveraging LLM. The objective of this framework is to bolster network robustness and furnish users with exceptional, personalized network services. Ultimately, we conclude by delineating the challenges encountered in LLM-based intelligent network operations and performance optimization, while presenting potential solutions to overcome these hurdles and propel the comprehensive deployment of LLM-driven network intelligence.","2025-12","2026-03-10 15:18:44","2026-03-10 17:09:52","","3915-3949","","6","27","","IEEE Communications Surveys & Tutorials","","","","","","","","","","","Scopus","","","","","","","","Industries; Costs; Monitoring; Automation; Surveys; Optimization; 6G mobile communication; Complexity theory; Natural languages; Tutorials; Large language model; Intelligent networks; intelligent network; network operation; network performance optimization; Multi-modal; Language model; Modeling languages; Text images; Performance optimizations; Network operations; Network performance optimization; Operations optimization; Text data","","","","","","","","","","","","","","","","","","","","","","","","","","","","","","","","","","","","","","","","","","","","","","",""
"2YJ448II","conferencePaper","2025","A. Carvalho; F. Boyle; J. Daly; J. Walsh","Preliminary Review: Building AI Agents with LLMs for Autonomous Interpretation of Equipment Sensor Data","2025 International Conference on Electrical and Computer Engineering Researches (ICECER)","","","10.1109/ICECER65523.2025.11401194","","The increasing deployment of sensor-driven automation in industrial equipment has led in the collecting of huge volumes of operational data for monitoring and maintenance purposes. However, obtaining usable insights from this data remains difficult due to its complexity and unstructured nature. This study examines how recent cutting-edge research tackles the use of Large Language Models (LLMs) in the construction of AI-powered agents capable of autonomously reading telemetry data and maintenance records to facilitate predictive maintenance in industrial systems. The proposed architecture to be built along these series of 5 articles, shall combine LLMs with structured query techniques and domain-specific knowledge embeddings, allowing the AI agent to detect abnormalities, forecast failures, and produce technician-friendly reports. The AI agent improves decision-making processes by utilizing natural language understanding (NLU), pattern recognition, and real-time data synthesis, allowing for preventative maintenance and better equipment performance. We also investigate technical issues like data pretreatment, knowledge representation, and the alignment of LLM reasoning with domain-specific restrictions. This study emphasizes the transformative potential of AI-driven automation in industrial technologies and predictive maintenance by closing the gap between raw sensor data and actionable insights. It is the first of a five-part series that lays the framework for future research into real-time monitoring, adaptive learning models, and industrial AI deployment tactics.","2025-12-06","2026-03-10 15:18:44","2026-03-10 15:18:44","","1-6","","","","","","","","","","","","","","","","","","","","Journal Abbreviation: 2025 International Conference on Electrical and Computer Engineering Researches (ICECER)","","","","Predictive maintenance; Maintenance; Real-time systems; Predictive models; Monitoring; Adaptation models; Automation; predictive maintenance; Optimization; Telemetry; AI; Natural language processing; LLM; domain-specific constraints; Industrial Sensors Data","","","","","","","","","","","","","","","","","","","","","","","","","","","","","","","","2025 International Conference on Electrical and Computer Engineering Researches (ICECER)","","","","","","","","","","","","","","",""
"EECNXA3N","journalArticle","2025","L. Zhang; W. Ji; Y. Zhao; D. Huang; B. Qian","Review on Application and Challenges of Large Language Models in Power Grids","IEEE Access","","2169-3536","10.1109/ACCESS.2025.3580439","","Power grids are critical infrastructures that require real-time safe and reliable operation. Large Language Models (LLMs), have demonstrated significant potential in power grid applications. This paper presents a comprehensive review of the applications of LLMs in power grids, covering areas such as intelligent assistance for grid operation, generation and load forecasting, power system planning and operation, and power converter design. Additionally, the paper discusses key challenges associated with the integration of LLMs into power grids, including data quality issues, model explainability, cybersecurity risks, and real-time computational efficiency. Potential solutions are provided to enhance the reliability and applicability of LLMs in power grid applications. By leveraging the capabilities of LLMs, power system operators can enhance decision-making processes, improve operational efficiency, and foster a more resilient and adaptive power infrastructure.","2025","2026-03-10 15:18:44","2026-03-10 15:18:44","","106932-106941","","","13","","IEEE Access","","","","","","","","","","","","","","","","","","","Artificial intelligence; Real-time systems; Computer architecture; Reviews; Transformers; Power grids; Load forecasting; Power system reliability; power electronics; LLMs; Vectors; Power systems; Chatgpt; Power grid; power system operation","","","","","","","","","","","","","","","","","","","","","","","","","","","","","","","","","","","","","","","","","","","","","","",""
"RJK6Z3LL","conferencePaper","2025","C. -Y. Chen; Y. -S. Chen","An Integrated Online and Offline Multi-Agent AI Assistant for Network Management System Diagnosis","2025 25th Asia-Pacific Network Operations and Management Symposium (APNOMS)","2576-8565","","10.23919/APNOMS67058.2025.11181438","","In modern network management, efficient network data monitoring, such as connectivity and traffic, is essential. Traditional diagnostic methods often involve manual inspection of complex configurations, leading to time-consuming and error-prone processes. This study introduces an advanced AI-based network management assistant designed to overcome these challenges. The system employs Large Language Models (LLMs), Retrieval-Augmented Generation (RAG) technology, and a Multi-Agent framework to effectively manage user queries and deliver precise diagnostics and solutions. By integrating user manuals, FAQs, and Rule-Based AI (R-BAI) technologies, the system automatically detects issues and generates detailed reports. Tasks are distributed among specialized agents to optimize efficiency and accuracy. Furthermore, the system features both online and offline feedback mechanisms, allowing real-time user suggestions and expert reviews to enhance learning capabilities. This comprehensive approach aims to simplify network management tasks and significantly improve operational efficiency. Preliminary results demonstrate enhanced diagnostic accuracy and reduced error rates, underscoring the system’s potential to transform network management practices.","2025-09-22","2026-03-10 15:18:44","2026-03-10 15:18:44","","1-6","","","","","","","","","","","","","","","","","","","","Journal Abbreviation: 2025 25th Asia-Pacific Network Operations and Management Symposium (APNOMS)","","","","Training; Accuracy; Fault diagnosis; Reviews; Large language models; Large Language Models; Transforms; Multi-Agent Systems; Agentic AI; Manuals; Retrieval augmented generation; Complex networks; RetrievalAugmented Generation; Rule-Based AI; System validation","","","","","","","","","","","","","","","","","","","","","","","","","","","","","","","","2025 25th Asia-Pacific Network Operations and Management Symposium (APNOMS)","","","","","","","","","","","","","","",""
"XJYDJ6M5","conferencePaper","2025","F. S. Tee; L. Bee Theng; M. T. Kit Tsun; D. Foo Yijia","LLM-Based Hybrid Framework for Industrial Anomaly Detection for Smart Manufacturing","2025 IEEE International Conference on Artificial Intelligence in Engineering and Technology (IICAIET)","","","10.1109/IICAIET67254.2025.11265191","","Industrial Anomaly Detection (IAD) is increasingly critical in advanced manufacturing due to the high cost and operational disruptions caused by machine faults and process deviations. IAD supports early issue detection across the entire manufacturing lifecycle, from raw material handling to final assembly, thereby ensuring efficiency and minimizing unplanned downtime. However, the scarcity of labelled industrial anomaly data poses a major challenge, limiting the effectiveness and generalizability of traditional AI and machine learning models, which also tend to lack interpretability and delay critical decision-making. Recent advancements in Conversational AI, particularly Large Language Models (LLMs), offer promising opportunities to enhance explainability and operate under limited data conditions through their generative and reasoning capabilities. Despite this, LLMs still face notable challenges in object hallucination and limited comprehension of physical and temporal dynamics in complex industrial settings. This research explores the current landscape of IAD and proposes a conceptual hybrid anomaly detection architecture that integrates discriminative visual analysis models with LLMs. The proposed framework leverages scene understanding, anomaly feature detection, and motion abnormality analysis to produce enriched contextual embeddings, enhancing the interpretive capacity of the LLM for more human-readable explanations. While this paper focuses on reviewing existing methods and conceptualizing the proposed framework, future work will involve its implementation, experimentation, and validation to assess performance, interpretability, and practical applicability in real-world smart manufacturing environments.","2025-08-26","2026-03-10 15:18:44","2026-03-10 15:42:46","","1-6","","","","","","","","","","","","","","","","","","","","Journal Abbreviation: 2025 IEEE International Conference on Artificial Intelligence in Engineering and Technology (IICAIET)","","","","Anomaly detection; Machine learning; Smart manufacturing; Faces; Visualization; Large language models; Large Language Models; Smart Manufacturing; Limiting; Discriminative Models; Dynamics; Feature detection; Industrial Anomaly Detection; Raw materials","","","","","","","","","","","","","","","","","","","","","","","","","","","","","","","","2025 IEEE International Conference on Artificial Intelligence in Engineering and Technology (IICAIET)","","","","","","","","","","","","","","",""
"CKQUYWCD","conferencePaper","2025","C. Etheredge; H. Brown; T. Donatelli; S. Farrington","The Future of Availability: Integration of AI in RAM Operations","2025 Annual Reliability and Maintainability Symposium (RAMS)","2577-0993","","10.1109/RAMS48127.2025.10935146","","This paper explores the recent advancements in Artificial Intelligence (AI) technology and the application of these technologies within the Reliability, Availability, and Maintainability (RAM) domain. It includes a review of recent developments in AI research and literature, an overview of the current industry focus, and an outline of problems faced in RAM today. Our goal is to provide relevant explanations for RAM professionals on the significant improvements in reliability, efficiency, and cost-effectiveness that AI technologies provide and encourage the integration of these technologies to increase operational availability.","2025-01-27","2026-03-10 15:18:48","2026-03-10 15:18:48","","1-6","","","","","","","","","","","","","","","","","","","","Journal Abbreviation: 2025 Annual Reliability and Maintainability Symposium (RAMS)","","","","Artificial intelligence; Industries; Costs; Maintenance; Big Data; Artificial Intelligence; Reviews; Large language models; Large Language Models; Natural language processing; Random access memory; Natural Language Processing; Repairable Systems","","","","","","","","","","","","","","","","","","","","","","","","","","","","","","","","2025 Annual Reliability and Maintainability Symposium (RAMS)","","","","","","","","","","","","","","",""
"NKDVMF4R","journalArticle","2025","P. Sajjadi; F. Dinmohammadi; M. Shafiee","Machine Learning in Prognostics and Health Management of Cyber-Physical Systems: A Review","IEEE Access","","2169-3536","10.1109/ACCESS.2025.3605553","https://www.scopus.com/inward/record.uri?eid=2-s2.0-105015098571&doi=10.1109%2FACCESS.2025.3605553&partnerID=40&md5=5acaa4de23d92316a563b35310f7559c","The digital transformation of industries within the framework of Industry 4.0 has accelerated the adoption of Cyber-Physical Systems (CPS), which integrate physical processes with computational and communication technologies. While these systems offer numerous advantages in monitoring and control, their complexity creates challenges in ensuring reliability and resilience. To address these challenges, Prognostics and Health Management (PHM) frameworks use modern sensor technologies and machine learning (ML) to anticipate faults, extend asset life, and improve operational efficiency. This paper presents a comprehensive review of ML methodologies applied to PHM within the domain of CPS, while exploring key advancements, existing challenges, and future prospects. A novel taxonomy is proposed to classify existing research based on hardware and software fault types, PHM stages, data characteristics, ML techniques, and performance metrics, with the aim of guiding researchers and practitioners in selecting appropriate ML methods for end-to-end PHM tasks spanning data collection, preprocessing, model development, and validation. The review also identifies emerging trends, including the growing adoption of deep learning techniques such as transformers and large language models. Additionally, it underscores the need for more holistic approaches that address the deeper integration of physical and cyber systems, the complexity of cascading fault scenarios, and the persistent gap between academic research and industrial applications. The findings of this study provide a valuable foundation for advancing PHM strategies and supporting their effective implementation within the evolving landscape of CPS.","2025","2026-03-10 15:18:48","2026-03-10 17:09:59","","162320-162354","","","13","","IEEE Access","","","","","","","","","","","Scopus","","","","","","","","Industries; Predictive maintenance; Maintenance; Monitoring; Prognostics and health management; Fault detection; predictive maintenance; Deep learning; Reviews; Reliability; Cyber-physical systems; Machine learning; Taxonomy; Process control; machine learning (ML); Embedded systems; Learning systems; Metadata; fault detection and diagnosis; prognostics and health management (PHM); Cyber-physical systems (CPS); system resilience; Machine-learning; Industrial research; Prognostic and health management; Cybe-physical systems; Cyber Physical System; System resiliences; Fault detection and diagnosis; Cybe-physical system","","","","","","","","","","","","","","","","","","","","","","","","","","","","","","","","","","","","","","","","","","","","","","",""
"XRUQQ4W5","conferencePaper","2025","A. Skoczylas; A. Rot","Human-Computer Interaction in Decision Support Systems for Mining Operations","2025 15th International Conference on Advanced Computer Information Technologies (ACIT)","2770-5226","","10.1109/ACIT65614.2025.11185845","","Decision Support Solutions play a crucial role in navigating the complex environments of mining operations, with their effectiveness largely dependent on Human-Computer Interaction (HCI). This paper explores the HCI landscape within solutions designed for the mining sector. We identify and categorize six distinct HCI communication styles and use targeted Scopus queries to extract relevant literature. Through quantitative analysis and a review supported by large language models, we investigate prevailing trends as well as the common applications, benefits, and challenges of these solutions. This study offers a structured overview of current HCI practices and highlights emerging trends and research gaps in mining-focused DSS. A contribution of this paper lies in its systematic categorization and analysis of distinct Human-Computer Interaction styles within Decision Support Systems specific to the mining industry, based on a literature review.","2025-09-17","2026-03-10 15:18:48","2026-03-10 15:18:48","","255-260","","","","","","","","","","","","","","","","","","","","Journal Abbreviation: 2025 15th International Conference on Advanced Computer Information Technologies (ACIT)","","","","Training; User experience; Optimization; Systematics; Market research; Large language models; Trend analysis; Human computer interaction; LLM; Decision support systems; Communication Styles; DSS; HCI; Mining industry; Mining Industry; Operational Decision-Making; Trend Analysis","","","","","","","","","","","","","","","","","","","","","","","","","","","","","","","","2025 15th International Conference on Advanced Computer Information Technologies (ACIT)","","","","","","","","","","","","","","",""
"9L22W5X5","conferencePaper","2024","A. S; S. C; P. K. G; N. B; M. P. J; M. N. A","Generative AI in Focus : A Comprehensive Review of Leading Models Across Modalities","2024 4th International Conference on Ubiquitous Computing and Intelligent Information Systems (ICUIS)","","","10.1109/ICUIS64676.2024.10867014","","GenAI has revolutionized the generation of realistic and imaginative data in ways that were previously beyond the capabilities of other machine learning algorithms. This area is rapidly gaining traction, with extensive research currently underway to advance it further. The most recent EY Reimagining Industry Futures Study highlights the generative AI (GenAI) to be a pivotal technology. The surge in GenAI's prominence can largely be attributed to advancements in deep neural networks, hardware technology such as GPUs and increased availability of data. This research study reviews the most popular GenAI models, spanning text, image, and audio modalities. This study provides a comparative analysis of various models, serving as a comprehensive resource for understanding the functionality and efficiency of the top GenAI models available today.","2024-12-12","2026-03-10 15:18:48","2026-03-10 15:18:48","","1-9","","","","","","","","","","","","","","","","","","","","Journal Abbreviation: 2024 4th International Conference on Ubiquitous Computing and Intelligent Information Systems (ICUIS)","","","","Accuracy; Computer architecture; Machine Learning; Hardware; Computational modeling; Artificial Intelligence; Quantum computing; Reviews; Analytical models; Reliability; Generative Artificial Intelligence; Generative AI; Deep Neural Networks; Generative Adversarial Networks (GAN); Large Language Models (LLM); Quantum mechanics; Variational autoencoder (VAE)","","","","","","","","","","","","","","","","","","","","","","","","","","","","","","","","2024 4th International Conference on Ubiquitous Computing and Intelligent Information Systems (ICUIS)","","","","","","","","","","","","","","",""
"IUD2YV6N","journalArticle","2026","W. Li; G. Yang; J. Wu; C. Pan; L. Sheng; Q. Zhang","A Comprehensive Review on Humanoid Robots: Perspectives from Academia and Industry","ENGINEERING Information Technology & Electronic Engineering","","3069-8936","10.1631/ENG.ITEE.2025.0105","","Humanoid robotics represents a rapidly evolving research domain that integrates artificial intelligence and robotics. Despite significant advances, existing reviews have predominantly focused on narrow technical aspects and lack comprehensive analysis from academic and industrial perspectives. This paper presents a systematic dual-perspective survey, in which academic literature, commercial products, and industry reports are extensively analyzed. A comprehensive taxonomic framework and systematic review of key enabling technologies are established, including ontological structures, perception systems, locomotion control, intelligent decision-making algorithms, foundation model integration, and human-robot interaction (HRI) technologies. From academic and industrial perspectives, research progress across diverse applications is examined, and a detailed comparative analysis of commercial products from leading companies, including Tesla, Boston Dynamics, and UBTECH, is performed. Six major challenge categories are identified: hardware design limitations, control system complexities, perception constraints, HRI difficulties, application-specific requirements, and ethical considerations. In addition, the transformative impact and integration challenges of large language models are particularly discussed. Seven promising research directions are outlined, and a systematic academic-industrial gap analysis is conducted. Consequently, significant disparities and technology transfer bottlenecks are identified, and successful collaboration models are examined. This comprehensive survey provides the first systematic examination combining academic research insights with industrial development analysis. It thus offers valuable guidance for researchers, engineers, and policymakers working toward more capable, affordable, and socially integrated humanoid robots.","2026-02","2026-03-10 15:18:49","2026-03-10 15:18:49","","1-37","","2","27","","ENGINEERING Information Technology & Electronic Engineering","","","","","","","","","","","","","","","","","","","Ethics; Industries; Costs; Surveys; Hardware; Companies; Systematics; Control systems; Humanoid robots; Human-robot interaction; Dual-perspective analysis; Future directions; Industrial applications; Technical challenges","","","","","","","","","","","","","","","","","","","","","","","","","","","","","","","","","","","","","","","","","","","","","","",""
"RFXFS7KN","journalArticle","2026","X. Zhou; Y. Xu; J. Zhao; R. Zhang","Large Language Model Applications in Power Systems: A Comprehensive Review and Outlook","Journal of Modern Power Systems and Clean Energy","","2196-5420","10.35833/MPCE.2025.000760","","Modern power systems are evolving due to increasing penetration of renewable energy sources, deeper participation of the demand side, and widespread deployment of advanced information and digital technologies. As a result, system operation and control are becoming increasingly challenging. Large language models (LLMs), with their advanced capabilities in semantic understanding and knowledge reasoning, offer a promising tool to support the operation, control, analysis, and decision-making of power systems. This paper provides a comprehensive review of LLM applications in power systems, encompassing four representative application domains: power grid, power equipment, demand side, and electricity market and policy-making. Based on the functional roles and implementations of LLMs, four major application strategies are identified—model adaptation, capability enhancement, multimodality integration, and multi-agent coordination. In addition, the core functions, representative methods, and evolving trends of LLM applications are reviewed across different domains. Finally, key challenges in applying LLMs to power systems are discussed, and future research directions are outlined with regard to ensuring physical feasibility, enhancing data efficiency and privacy, and improving interpretability and rationality.","2026","2026-03-10 15:18:49","2026-03-10 15:18:49","","1-18","","","","","Journal of Modern Power Systems and Clean Energy","","","","","","","","","","","","","","","","","","","Power system stability; Adaptation models; Load modeling; multi-agent system; Decision making; Reliability; Uncertainty; Power system reliability; Cognition; artificial intelligence (AI); Power systems; Large language model (LLM); Electricity supply industry; power system","","","","","","","","","","","","","","","","","","","","","","","","","","","","","","","","","","","","","","","","","","","","","","",""
"6IKJWZ7A","journalArticle","2025","A. Leiva-Araos; V. S. Kalasapudi; A. Jiang; H. Kaushal","Evaluating Smart Building Features for Fire, Electrical, and Life Safety: A Rapid Human-LLM Framework for Literature Review and Research Mapping","IEEE Access","","2169-3536","10.1109/ACCESS.2025.3613246","","The rapid integration of smart technologies into modern buildings is fundamentally transforming fire, electrical, and life safety (FELS) systems. This paper introduces a hybrid Human–Large Language Model (LLM) framework designed to efficiently conduct large-scale literature reviews, systematically map existing research, and identify critical knowledge gaps in smart building safety. Leveraging advanced LLMs for high-throughput summarization, topic modeling, and gap analysis, combined with expert validation, this method ensures both scalability and domain-specific rigor. The study analyzes 1,409 publications retrieved from Scopus, culminating in a refined corpus of 83 high-quality articles categorized into nine thematic clusters, including advanced sensing technologies, automation, enhanced connectivity, digital twins, cybersecurity, standard compliance, sustainability, specialized applications, and decision-making in disaster response. Detailed gap analyses reveal significant challenges related to real-world validation of AI-based systems, interoperability among IoT devices, cybersecurity vulnerabilities, and the need for dynamic evacuation and hazard modeling. The resulting knowledge map and research roadmap provide actionable insights for researchers, practitioners, and policymakers aiming to advance safer, smarter, and more resilient built environments. The proposed framework demonstrates how AI-assisted methodologies can accelerate knowledge synthesis while preserving analytical depth, offering a scalable solution for rapidly evolving interdisciplinary research domains.","2025","2026-03-10 15:18:49","2026-03-10 15:18:49","","173312-173333","","","13","","IEEE Access","","","","","","","","","","","","","","","","","","","Internet of Things; Sensors; Safety; Systematic literature review; Computer security; Sensor phenomena and characterization; Smart buildings; Sensor systems; Intelligent sensors; AI-assisted literature review; disaster response systems; fire safety; Fire safety; knowledge map; large language models (LLM); research gap analysis","","","","","","","","","","","","","","","","","","","","","","","","","","","","","","","","","","","","","","","","","","","","","","",""
"VMWUUQPC","journalArticle","2024","X. Wang; Y. Wang; J. Yang; X. Wang; Z. Meng; Z. Liu; F. -Y. Wang","A Paradigm Shift for Modeling and Operation of Oil and Gas: From Industry 4.0 in CPS to Industry 5.0 in CPSS","IEEE Transactions on Industrial Informatics","","1941-0050","10.1109/TII.2024.3378848","https://www.scopus.com/inward/record.uri?eid=2-s2.0-85190333162&doi=10.1109%2FTII.2024.3378848&partnerID=40&md5=d9744128c2f17ebc9128ccd54f5dcd12","Under the impetus of Industry 4.0, oil and gas is undergoing an unprecedented digital transformation, and many innovative ideas are proposed. However, the achieved higher efficiency comes at the expense of reduced social consideration, which necessitates more society-related research and calls for a technological paradigm shift. To meet this challenge, this article introduces parallel oil and gas within the framework of parallel intelligence-based Industry 5.0, providing a pivotal transition from cyber–physical systems (CPS) to cyber–physical–social systems (CPSS). A comprehensive review of oil and gas industrial chain that covers upstream, midstream, and downstream is first outlined. Grounded in Industry 5.0, the main principles of parallel oil and gas are then provided, where three kinds of workers (biological workers, digital workers, and robotic workers) and three operation modes (autonomous modes, parallel modes, and expert/emergency modes) collaborate to develop more human-oriented and resilient systems. To realize the desired vision, some enabling technologies, including blockchain, smart contracts, and industrial foundation models, are thereafter listed. Furthermore, computational experiments on fault diagnosis of sucker rod pumps are conducted to illustrate the feasibility and effectiveness of our proposed mechanism. Finally, the future trend toward imaginative intelligence is envisaged.","2024-07","2026-03-10 15:18:49","2026-03-10 17:10:03","","9186-9193","","7","20","","IEEE Transactions on Industrial Informatics","","","","","","","","","","","Scopus","","","","","","","","Fault detection; Fourth Industrial Revolution; Industry 4.0; Production; Fifth Industrial Revolution; Industry 5.0; Cyber-physical systems; Transportation; Service robots; Embedded systems; Intelligent robots; parallel intelligence; Biology; Petroleum industry; Cyber-physical systems (CPS); cyber–physical–social systems (CPSS); Gas industry; parallel oil and gas; Social factors; Fourth industrial revolution; Industrial revolutions; Cybe-physical systems; Cyber Physical System; Cyber physicals; Gases; Petroleum transportation; Oil and gas; Social systems; Cybe-physical system; Cybe–physical–social system; Fifth industrial revolution; gas; Oil; Parallel intelligence; parallel oil; Parallel oil and gas","","","","","","","","","","","","","","","","","","","","","","","","","","","","","","","","","","","","","","","","","","","","","","",""
"Z2VQRUF9","journalArticle","2025","U. Krishnan Vadakkum Vadukkal; A. Cardellicchio; M. Nitti; M. Fiume; V. Renó","Recent Advances and Innovative Approaches to Railway Safety Based on Applications, Sensors and Algorithms: A Systematic Review","IEEE Access","","2169-3536","10.1109/ACCESS.2025.3634804","","The safety of railway infrastructure needs utmost attention as even minor faults can lead to catastrophic consequences. With recent advancements in deep learning and computer vision, the railway sector has seen significant innovations aimed at enhancing safety through more efficient anomaly detection and infrastructure inspection. This review systematically explores these advancements by analysing research articles published in Q1 journals between 2022 and 2024. Utilising the PRISMA protocol, the review categorises selected articles based on three major factors: 1) the application areas with the inspection and anomaly detection within railway infrastructure, 2) the sensing equipment utilised for data acquisition, and 3) the algorithms deployed to process the collected data. The review reveals a growing reliance on deep learning techniques, adopting convolutional neural networks to process complex and heterogeneous datasets. It highlights the widespread use of 1D and 2D sensors for data collection, with almost balanced usage of sequential data and independent and identically distributed data in safety-related applications. Still, significant challenges are posed by the requirements in terms of compliance for safety standards and explainability, along with the integration of several vertical systems into a coherent, holistic approach to railway safety. Therefore, the outcome of this review provides valuable insights into current trends in the railway sector and offers a comprehensive understanding of promising methodologies and technologies, along with their current limitations, that are essential for researchers, policymakers, and industry stakeholders aiming to enhance the safety and reliability of railway infrastructure.","2025","2026-03-10 15:18:49","2026-03-10 15:18:49","","200271-200289","","","13","","IEEE Access","","","","","","","","","","","","","","","","","","","Monitoring; Sensors; Standards; Anomaly detection; anomaly detection; Deep learning; Inspection; Safety; Systematic literature review; Rail transportation; deep-learning; object detection; Railway infrastructure; railway safety; Railway safety","","","","","","","","","","","","","","","","","","","","","","","","","","","","","","","","","","","","","","","","","","","","","","",""
"QKARVS3S","conferencePaper","2015","G. Zucker; U. Habib; M. Blöchle; A. Wendt; S. Schaat; L. C. Siafara","Building energy management and data analytics","2015 International Symposium on Smart Electric Distribution Systems and Technologies (EDST)","","","10.1109/SEDST.2015.7315253","","Energy efficiency in buildings depends on the way the building is operated. Therefore energy management is the key component for efficient operation. Data analysis of operation data helps to better understand the systems and detect faults and inefficiencies. The facility manager benefits from smart analysis that makes use of machine learning algorithms and innovative visualizations. This analysis is part of a bigger review of the current structure of building automation as it is used in today's buildings. The operation targets in energy efficiency are complex, ambiguous and contradictory: indoor comfort, energy efficiency, high availability and low costs cannot be met at the same time. In order to improve building operation, a novel model of automation is discussed. The foundation of this model is in cognitive automation, since each building is unique in its selection of energy sources, architecture, usage and location, which implies that the building's control system has to be adapted individually. This paper connects the data-driven analysis of operation data with a cognitive concept to be used for operating the energy systems in a building and regarding goals on how to optimally operate while considering constraints about the limits of operation, using the complex, dynamic data from building automation.","2015-09-08","2026-03-10 15:18:49","2026-03-10 15:18:49","","462-467","","","","","","","","","","","","","","","","","","","","Journal Abbreviation: 2015 International Symposium on Smart Electric Distribution Systems and Technologies (EDST)","","","","artificial intelligence; Energy efficiency; Data mining; Architecture; Control systems; Data analysis; data analytics; bionics; building automation; Building automation; cognitive systems; energy-efficient systems","","","","","","","","","","","","","","","","","","","","","","","","","","","","","","","","2015 International Symposium on Smart Electric Distribution Systems and Technologies (EDST)","","","","","","","","","","","","","","",""
"Q78GXBZY","journalArticle","2024","M. Andreoni; W. T. Lunardi; G. Lawton; S. Thakkar","Enhancing Autonomous System Security and Resilience With Generative AI: A Comprehensive Survey","IEEE Access","","2169-3536","10.1109/ACCESS.2024.3439363","https://www.scopus.com/inward/record.uri?eid=2-s2.0-85200826697&doi=10.1109%2FACCESS.2024.3439363&partnerID=40&md5=7776d1dc269d83bce90505afe1c81da4","This survey explores the transformative role of Generative Artificial Intelligence (GenAI) in enhancing the trustworthiness, reliability, and security of autonomous systems such as Unmanned Aerial Vehicles (UAVs), self-driving cars, and robotic arms. As edge robots become increasingly integrated into daily life and critical infrastructure, the complexity and connectivity of these systems introduce formidable challenges in ensuring security, resilience, and safety. GenAI advances from mere data interpretation to autonomously generating new data, proving critical in complex, context-aware environments like edge robotics. Our survey delves into the impact of GenAI technologies—including Generative Adversarial Networks (GANs), Variational Autoencoders (VAEs), Transformer-based models, and Large Language Models (LLMs)—on cybersecurity, decision-making, and the development of resilient architectures. We categorize existing research to highlight how these technologies address operational challenges and innovate predictive maintenance, anomaly detection, and adaptive threat response. Our comprehensive analysis distinguishes this work from existing reviews by mapping out the applications, challenges, and technological advancements of GenAI and their impact on creating secure frameworks for autonomous systems. We discuss significant challenges and future directions for integrating these technologies within security frameworks to address the evolving landscape of cyber-physical threats, underscoring the potential of GenAI to make autonomous systems more adaptive, secure, and efficient.","2024","2026-03-10 15:18:53","2026-03-10 17:10:04","","109470-109493","","","12","","IEEE Access","","","","","","","","","","","Scopus","","","","","","","","Artificial intelligence; Surveys; Generative adversarial networks; Task analysis; Security; artificial intelligence; Decision making; Safety; security; Computer security; Cybersecurity; Robots; autonomous systems; Network security; Intelligent robots; Complex networks; GenerativeAI; UxV; Aerial vehicle; Antennas; Job analysis; Daily lives; System resiliences; System security; Autonomous system; Generativeai","","","","","","","","","","","","","","","","","","","","","","","","","","","","","","","","","","","","","","","","","","","","","","",""
"WM7LA8FB","journalArticle","2026","Z. Guo; F. Tang; L. Luo; M. Zhao; N. Kato","A Survey on Applications of Large Language Model-Driven Digital Twins for Intelligent Network Optimization","IEEE Communications Surveys & Tutorials","","1553-877X","10.1109/COMST.2025.3568637","https://www.scopus.com/inward/record.uri?eid=2-s2.0-105004935069&doi=10.1109%2FCOMST.2025.3568637&partnerID=40&md5=b65a553b44d47d83908d756a2c0648ba","With the widespread application of digital twin (DT) technology in network optimization and intelligent management, its integration with large language models (LLMs) presents immense potential. LLMs excel in natural language processing, multimodal analysis, and real-time optimization, enabling innovative solutions for intelligent monitoring, resource allocation, and decision-making in complex network environments. This paper systematically reviews the development of DTs and LLMs, elaborates on their core principles and application scenarios, and examines the capabilities of LLM-driven DTs in key network optimization tasks, including traffic prediction, fault diagnosis, resource allocation, and multi-objective optimization. By leveraging real-time data from DTs, LLMs can dynamically generate optimization strategies, enabling precise monitoring and intelligent tuning. Furthermore, this paper explores the potential of integrating LLMs and DTs to address complex challenges such as data quality, latency sensitivity, and energy consumption demands, while summarizing existing technical bottlenecks. Finally, the paper proposes several potential research directions to address these challenges, offering a comprehensive perspective for advancing the efficiency and automation of next-generation intelligent networks.","2026","2026-03-10 15:18:53","2026-03-10 17:10:04","","3388-3411","","","28","","IEEE Communications Surveys & Tutorials","","","","","","","","","","","Scopus","","","","","","","","Training; Real-time systems; Monitoring; Resource management; Fourth Industrial Revolution; Surveys; Optimization; Decision making; 6G mobile communication; Digital twin; Resource allocation; real-time optimization; large language model; Large language model; network optimization; Intelligent networks; intelligent management; multi-objective optimization; Language model; Network optimization; Resources allocation; Model-driven; Data accuracy; Natural language processing systems; In networks; Data reliability; Multi-objectives optimization; Intelligent management; Optimization managements; Realtime optimizations (RTO)","","","","","","","","","","","","","","","","","","","","","","","","","","","","","","","","","","","","","","","","","","","","","","",""
"Y6NWSMCR","journalArticle","2025","J. Wang; H. Mokhlis; N. Nadzirah Mansor; H. Azil Illias; A. K. Ramasamy; X. Wu; S. Wang","Smart Fault Detection, Classification, and Localization in Distribution Networks: AI-Driven Approaches and Emerging Technologies","IEEE Access","","2169-3536","10.1109/ACCESS.2025.3596791","https://www.scopus.com/inward/record.uri?eid=2-s2.0-105013213396&doi=10.1109%2FACCESS.2025.3596791&partnerID=40&md5=6620f41706c9dfad001668e107acecaf","Distribution networks play a vital role in bridging transmission systems and end users, offering enhanced flexibility, decentralization, and the capacity to integrate distributed generation. However, with nations worldwide actively pursuing carbon neutrality and emission peak goals, sustainable energy sources such as solar and wind are increasingly penetrating distribution networks, posing significant challenges to conventional fault detection, classification, and localization techniques due to bidirectional power flows, dynamic fault currents, and rising network complexity. These challenges manifest as reduced sensitivity of protection systems in distribution networks, increased difficulty in identifying high impedance faults, and frequent misclassification or mislocation of faults under dynamic network conditions. To address these limitations, this paper presents a comprehensive review of artificial intelligence-driven approaches and emerging technologies that are specifically tailored for fault analysis in distribution networks, to enhance diagnostic accuracy, adaptability, and real-time decision-making efficiency. Following the chronological development of artificial intelligence, the review systematically investigates smart fault detection methods applied to fault scenarios in distribution networks, with a particular emphasis on presenting fault type classification and fault localization separately to facilitate a logically structured understanding. In addition, common types of distribution network faults are examined, and the impact of distributed generation on fault behavior, electrical characteristics, and protection coordination is critically assessed. The review further distinguishes between artificial intelligence-based smart approaches that directly process raw distribution networks signal data and those that rely on advanced feature extraction techniques to enhance functional performance. This review also explores the emerging potential of large language models to enhance the explainability of diagnostics, support multi-agent coordination, and enable natural language-based fault reasoning. The insights offered herein are expected to provide practical guidance for engineers and researchers for selecting and deploying intelligent fault diagnosis strategies in future distribution networks with high distributed generation penetration.","2025","2026-03-10 15:18:53","2026-03-10 17:10:04","","141664-141693","","","13","","IEEE Access","","","","","","","","","","","Scopus","","","","","","","","Artificial intelligence; Real-time systems; Fault detection; Reviews; Signal processing; Decision making; Circuit faults; Phasor measurement units; Location awareness; Distribution networks; Distributed power generation; Fault localization; distributed generation; distribution networks; fault location; fault type classification; Transient analysis; Multi agent systems; Faults detection; Intelligent agents; Failure analysis; Emerging technologies; Behavioral research; Decentralisation; Transmissions; Natural language processing systems; Electric power transmission; End-users; Fault classification; Electric fault location; Type classifications; Electric power system protection; Fault type classification; Fault types; Power distribution faults; Power distribution networks; Transmission systems","","","","","","","","","","","","","","","","","","","","","","","","","","","","","","","","","","","","","","","","","","","","","","",""
"LW5UZWDB","conferencePaper","2025","Y. Wang; W. Gan; P. S. Yu","AI-Driven Log Analysis: Advances and Challenges","2025 IEEE International Conference on Big Data (BigData)","2573-2978","","10.1109/BigData66926.2025.11401507","","Logs serve as critical records of computer system operational states and are essential for system monitoring, fault diagnosis, and security auditing. This comprehensive survey provides an in-depth exploration of artificial intelligence-driven log analysis technologies, encompassing key components including log parsing and preprocessing, log anomaly detection, and root cause analysis (RCA). First, we systematically outline the types, characteristics, and preprocessing steps of logs. Building upon this foundation, we provide detailed descriptions of four categories of log parsing methods—heuristic-based, frequency-based, clustering-based, and semantic-based—along with their representative algorithms, aimed at transforming unstructured logs into structured data. We elaborate on mainstream techniques for log anomaly detection across different categories. These techniques include traditional rule engines and statistical analysis methods that rely on expert experience, machine learning methods based on feature engineering, and advanced techniques utilizing deep learning models to capture complex patterns in logs. Following this, we thoroughly review log anomaly root cause localization strategies based on correlation inference, machine learning, and deep learning approaches. We systematically highlight key challenges currently facing AI-driven log analysis, including multi-source heterogeneous log integration, real-time requirements, semantic understanding difficulties, label scarcity, massive data volumes, and dynamic system adaptability. Finally, this paper provides prospects for future research directions, covering applications of large language models (LLMs), federated learning, edge computing, self-supervised learning, explainable AI, and ethics and reliability aspects, aiming to guide further development in intelligent log analysis.","2025-12-08","2026-03-10 15:18:53","2026-03-10 15:18:53","","7728-7743","","","","","","","","","","","","","","","","","","","","Journal Abbreviation: 2025 IEEE International Conference on Big Data (BigData)","","","","Ethics; Federated learning; Real-time systems; Anomaly detection; Surveys; anomaly detection; Reviews; artificial intelligence; Explainable AI; Edge computing; Semantics; LLMs; log analysis; Root cause analysis; RCA","","","","","","","","","","","","","","","","","","","","","","","","","","","","","","","","2025 IEEE International Conference on Big Data (BigData)","","","","","","","","","","","","","","",""
"8D7B6S54","journalArticle","2025","I. Guven; M. Parlak; D. Lederer; C. De Vleeschouwer","AI-Driven Integrated Circuit Design: A Survey of Techniques, Challenges, and Opportunities","IEEE Access","","2169-3536","10.1109/ACCESS.2025.3607865","https://www.scopus.com/inward/record.uri?eid=2-s2.0-105015368448&doi=10.1109%2FACCESS.2025.3607865&partnerID=40&md5=ed8b3cb71660b05e384b3db28a9f2e14","Analog and radio-frequency integrated circuit (RFIC) design has traditionally been defined by inherent complexity, reliance on manual iterations, and dependence on domain-specific heuristics. Recently, however, this landscape has undergone a transformative shift driven by advances in Artificial Intelligence (AI) and Machine Learning (ML). This survey provides a systematic and forward-looking review of AI-enabled methodologies—including evolutionary algorithms, Bayesian optimization, reinforcement learning, deep learning, and large language models—applied to key design and measurement stages: circuit topology and structure synthesis, circuit optimization, layout automation, and post-silicon calibration and fault diagnosis. By mapping these techniques to each phase of the analog and RFIC development pipeline, we identify emerging trends, persistent challenges such as generalization and data efficiency, and the trajectory toward fully autonomous, scalable, and innovation-driven analog/RFIC design. Beyond circuit design, this evolving ecosystem is also expected to reshape the broader Electronic Design Automation (EDA) landscape. This article serves as a comprehensive reference for academic researchers and industry practitioners seeking to leverage AI in next-generation circuit and system design.","2025","2026-03-10 15:18:53","2026-03-10 17:10:05","","167364-167389","","","13","","IEEE Access","","","","","","","","","","","Scopus","","","","","","","","Artificial intelligence; Automation; Surveys; Deep learning; Reviews; Optimization; Machine learning; Pipelines; reinforcement learning; machine learning (ML); Deep reinforcement learning; Learning systems; Layout; Metaheuristics; Radio frequency; Network topology; Analog circuits; Analog circuit design; Circuit synthesis; electronic design automation; millimeter-wave (mmWave) circuits; radio frequency integrated circuits (RFIC); Radiofrequency integrated circuits; Machine-learning; Learning algorithms; Bayesian networks; Reinforcement learnings; Evolutionary algorithms; Structural optimization; Timing circuits; Systems analysis; Inherent complexity; Integrated circuits; Circuit designs; Printed circuit design; Analog Circuit Design; Electric network topology; Electronic design automation; Electronics design automation; Integrated circuit layout; Integrated circuit manufacture; Machine design; Millimeter wave circuits; Millimeter waves; Radio frequency integrated circuit; Radio frequency integrated circuits; Radio waves","","","","","","","","","","","","","","","","","","","","","","","","","","","","","","","","","","","","","","","","","","","","","","",""
"6MTZ4GKE","conferencePaper","2025","A. Ballari; O. Souissi","A Modular Architecture for Agentic Decision-Making in Industrial Analytics","2025 International Conference on Intelligent Systems: Theories and Applications (SITA)","","","10.1109/SITA67914.2025.11273548","","Business intelligence went from static reports to real time analytics, while agentic artificial intelligence evolved to autonomous agents able to use call tools. Yet these parallel advancements rarely found a common ground in order to converge: today's business intelligence dashboards still depend on analysts to interpret insights and trigger actions. Also, agentic artificial intelligence flows rarely integrate with enterprise business intelligence pipelines. This paper reviews and attempts to dig into this persistent gap. Building on our proof of concept internet of things decision support framework, we propose results that show that we can build architectures adapted for a business intelligence centric context. Sensor data is streamed via Message Queuing Telemetry Transport, then an agentic layer is implemented with Langchain and local large language models subscribes to the same data, enriches it through retrieval augmented generation for a domain specific vector store, and issues autonomously decisions back into the business intelligence ecosystem. In addition, we highlight the urge to examine if artificial intelligence agents can act like business analysts deciding which plots or visualizations are most appropriate for each use case to maximize insight delivery. Thus, dashboards transition from passive monitors to actionable control panels. The results show that merging advanced business intelligence with agentic artificial intelligence is technically feasible and operationally beneficial, it raises at the same time questions about security, governance, explainability and ethics. This study provides a concrete blueprint for closing the gap between business intelligence and agentic artificial intelligence and it outlines a research agenda for truly autonomous business analytics in industry settings.","2025-10-20","2026-03-10 15:18:53","2026-03-10 15:18:53","","1-8","","","","","","","","","","","","","","","","","","","","Journal Abbreviation: 2025 International Conference on Intelligent Systems: Theories and Applications (SITA)","","","","Industries; Real-time systems; Internet of Things; Monitoring; Security; Reviews; Telemetry; Retrieval augmented generation; Vectors; Agentic Artificial Intelligence; Autonomous Analytics; Business intelligence; Business Intelligence","","","","","","","","","","","","","","","","","","","","","","","","","","","","","","","","2025 International Conference on Intelligent Systems: Theories and Applications (SITA)","","","","","","","","","","","","","","",""
"CFL27MFN","conferencePaper","2025","K. Kadi; L. El Abbadi","INDUSTRY X.0: Technologies, Methods, and Sectoral Transformations","2025 IEEE 8th Congress on Information Science and Technology (CiSt)","2327-1884","","10.1109/CiSt65886.2025.11224137","","Industry X.0 represents a profound transformation in the nature of the industrial sectors whereby it goes beyond the automation-centric paradigms of Industry 4.0 to intelligence, connectivity, and adaptiveness. It harnesses the most essential technologies including AI, IIoT, digital twins, blockchain, edge computing, and advanced cybersecurity to facilitate more intelligent, sustainable, and efficient operations. This paper attempts to survey the academic literature on the theme of Industry X.0 and critically reflects on the key enabling technologies, the sectoral applications, and the gaps of the research. We employ the PRISMA method and VOSviewer-based co-occurrence analysis to explore and synthesize the academic literature from the manufacturing, agrifood, energy, and innovation policy sectors on Industry X.0. The review uncovers great technology gatherings and identifying the conceptual networks between them as well as the tracks of future research including servitization, human-centred approaches integration, and real-time decision-making. Nonetheless, Industry X.0 still has needs in terms of digital maturity and human resistance, and also it has a fragmented implementation strategy, which poses a challenge to its transformation potential. This research thus, provides a more comprehensive view of Industry X.0 and opens up new avenues for researchers, practitioners, and policymakers who are intending to direct the change of this industrial revolution. *CRITICAL: Multi-Criteria Decision Making (MCDM), Large Language Models (LLMs), Digital Twin Networks (DTN), Mobile Edge Computing (MEC), Augmented Reality(AR), Virtual Reality(VR),M2M (Machine-to-Machine)","2025-10-04","2026-03-10 15:18:53","2026-03-10 15:18:53","","626-630","","","","","","","","","","","","","","","","","","","","Journal Abbreviation: 2025 IEEE 8th Congress on Information Science and Technology (CiSt)","","","","Industries; Blockchains; Real-time systems; Digital twins; Surveys; Reviews; Technological innovation; Biological system modeling; Rendering (computer graphics); Digital transformation; Industry X.0; MCDM; Technologies","","","","","","","","","","","","","","","","","","","","","","","","","","","","","","","","2025 IEEE 8th Congress on Information Science and Technology (CiSt)","","","","","","","","","","","","","","",""
"CBN9INND","journalArticle","2026","M. Liang; Q. Luo; T. Yu; P. Kuang; Z. Li; Z. Pan","LLM-Based Exploitation of Edge Data in Modern Power Systems","Journal of Modern Power Systems and Clean Energy","","2196-5420","10.35833/MPCE.2025.000794","","The modern power systems face challenges, including high proportions of uncertain renewable energy, rapid dynamics of power electronics, and decentralized control among multiple entities. Digital development has enabled power grids to integrate numerous edge devices equipped with sensing and computing capabilities, aiming to exploit edge data to enhance grid observability, controllability, and resilience. However, much of potential value of edge data remains unexploited with traditional architecture and methods. Therefore, we explore the potential of leveraging large language models (LLMs) to fully exploit edge data in modern power systems. An intelligent, sealable, and efficient three-layer architecture is proposed to align the capabilities of LLMs with the constraints of edge scenarios. Supporting technologies are reviewed for each layer, including multimodal data fusion, lightweight collaborative inference, and closed-loop control. To validate the proposed architecture, we provide three representative scenarios for preliminary exploration: virtual power plant (VPP) dispatch, intelligent substation inspection, and contingency management, illustrating how LLMs can unlock the value of edge data. We conclude by identifying key technical challenges and outlining future research directions for building modern power systems by LLM-based exploitation of edge data.","2026-01","2026-03-10 15:18:53","2026-03-10 15:18:53","","63-81","","1","14","","Journal of Modern Power Systems and Clean Energy","","","","","","","","","","","","","","","","","","","Power system stability; Real-time systems; Computer architecture; Monitoring; Decision making; Inspection; Soft sensors; Intelligent sensors; large language model (LLM); Substations; Power systems; contigency management; Edge data; intelligent inspection; modern power system; resilence; virtual power plant (VPP)","","","","","","","","","","","","","","","","","","","","","","","","","","","","","","","","","","","","","","","","","","","","","","",""
"8ELURF6A","journalArticle","2025","Younes, B.; Ramadan, A.A.","Production Optimization and Integrated Planning in the Textile Industry: A Concise Critical Review","Journal of Textile and Apparel, Technology and Management","","","","https://www.scopus.com/inward/record.uri?eid=2-s2.0-105028932540&partnerID=40&md5=fd5e68a00d55f8b475b0f67fe5a57169","The textile industry faces a fundamental challlenge: optimizing cost, speed, quality, and sustainability simultaneously. While artificial intelligence (AI) and advanced technologies offer transformative potential in predictive maintenance, defect detection, and resource optimization, significant adoption barriers persist. Key limitations include poor scalability of lab-developed AI models to real production environments, data scarcity among SMEs, and economic conflicts between sustainable practices and fast-fashion demands. Despite achieving 85-95% accuracy in controlled settings, less than 15% of manufacturers have successfully implemented AI solutions at scale. Digital twins and predictive analytics show promise but face high adoption costs and workforce resistance. Similarly, sustainable materials struggle with 20-50% higher costs and slower processing speeds. This review highlights the critical need to shift research focus from theoretical advances to practical deploy-ability. Emerging solutions like federated learning and Blockchain traceability offer pathways forward, but success requires hybrid human-AI systems that balance automation with workforce adaptability. The future of textile manufacturing depends on bridging the innovation-adoption gap through collaborative efforts prioritizing scale-able and economically viable solutions. © (2025), (Journal of Textile and Apparel). All rights reserved.","2025","2026-03-10 16:54:11","2026-03-10 16:54:11","","1-28","","2","13","","","","","","","","","","","","","Scopus","","","","","","","","Industry 4.0; digital twins; AI in manufacturing; sustainable textiles; Textile optimization","","","","","","","","","","","","","","","","","","","","","","","","","","","","","","","","","","","","","","","","","","","","","","",""
"GREYBWEZ","journalArticle","2025","Sanjalawe, Y.; Fraihat, S.; Al-E'mari, S.; Abualhaj, M.; Makhadmeh, S.; Alzubi, E.","A Review of 6G and AI Convergence: Enhancing Communication Networks With Artificial Intelligence","IEEE Open Journal of the Communications Society","","2644-125X","10.1109/OJCOMS.2025.3553302","https://www.scopus.com/inward/record.uri?eid=2-s2.0-105003042461&doi=10.1109%2FOJCOMS.2025.3553302&partnerID=40&md5=77371e26b1cd2f7a706856255bb6c725","This paper explores the integration of Artificial Intelligence into 6G networks, focusing on optimizing communication, resource allocation, and enhancing security. As communication systems transition from 5G to 6G, Artificial Intelligence's role in addressing the increasing complexity of network management becomes pivotal. The paper reviews key AI technologies such as machine learning, deep learning, and reinforcement learning, demonstrating their applications in predictive maintenance, traffic management, and energy efficiency optimization. It also highlights how Artificial Intelligence enables intelligent network slicing, spectrum management, and resource allocation through dynamic algorithms. Furthermore, Artificial Intelligence-driven solutions are presented for addressing security concerns in 6G networks, focusing on intrusion detection, anomaly detection, and blockchain-based decentralized security. Challenges such as computational overhead, data privacy, and ethical concerns in implementing Artificial Intelligence in 6G systems are also discussed, along with future directions, including quantum AI and federated learning. This paper provides a comprehensive analysis of how Artificial Intelligence can enhance the capabilities of 6G networks, ensuring improved performance, security, and scalability for future communication technologies.  © 2020 IEEE.","2025","2026-03-10 15:04:38","2026-03-10 17:03:41","","2308-2355","","","6","","IEEE Open Journal of the Communications Society","","","","","","","","","","","Scopus","","","","","","","","Artificial intelligence; Federated learning; Real-time systems; Reinforcement learning; Resource management; Surveys; Deep learning; Security; Optimization; 6G mobile communication; 5G mobile communication; Resource allocation; AI in 6G; AI-driven communication optimization; decentralized security; Information technology; network resource allocation; reinforcement learning; spectrum management; Deep reinforcement learning; Decentralised; 5G mobile communication systems; AI in 6g; Communication optimization; Communication resource allocation; Communications networks; Decentralized security; Network intrusion; Network resource allocations; Reinforcement learnings; Spectrum management","","","","","","","","","","","","","","","","","","","","","","","","","","","","","","","","","","","","","","","","","","","","","","",""
"TLR6XKSM","journalArticle","2026","Magara, T.; Phahlane, M.","Unlocking IIoT Potential: A Systematic Review of AI Applications, Adoption Drivers, and Implementation Barriers","Applied AI Letters","","","10.1002/ail2.70017","https://www.scopus.com/inward/record.uri?eid=2-s2.0-105027154687&doi=10.1002%2Fail2.70017&partnerID=40&md5=4b1fc1bd6a5e670a5999f7aab6a57edf","Artificial Intelligence (AI) is playing an increasingly vital role in the Industrial Internet of Things (IIoT), enabling predictive analytics, real-time monitoring, and autonomous operations across industries such as manufacturing, logistics, and energy. However, widespread adoption is hindered by technological, organizational, and infrastructural challenges. This paper examines the adoption, application, and challenges of AI–IIoT environments, focusing on implementation domains, adoption drivers, enabling technologies, and key barriers. We conducted a Systematic Literature Review (SLR using PRISMA). Peer-reviewed English-language journal articles published between 2018 and 2025 were sourced from ScienceDirect, Web of Science (WoS), Scopus, IEEE Xplore, Springer, Google Scholar, Elsevier, and Taylor & Francis. After applying inclusion criteria and screening procedures, 46 relevant journal articles were included for analysis. Key AI applications identified include predictive maintenance, anomaly detection, real-time monitoring, autonomous process control, and smart supply chains. Adoption is facilitated by external enablers 5G infrastructure, regulatory support, and internal factors, organizational readiness, and workforce skills. Challenges include data quality issues, cybersecurity risks, legacy system integration, and limited model scalability. Technologies such as edge computing, cloud platforms, and federated learning are instrumental in mitigating these challenges. While adoption is growing, significant barriers remain. AI has the potential to drive operational efficiency and innovation in IIoT, provided these constraints are addressed. This paper offers a comprehensive taxonomy of AI applications and proposes a framework of adoption factors, offering valuable insights for researchers, practitioners, and policymakers involved in AI-driven industrial transformation. © 2026 The Author(s). Applied AI Letters published by John Wiley & Sons Ltd.","2026","2026-03-10 16:54:11","2026-03-10 17:10:09","","","","1","7","","","","","","","","","","","","","Scopus","","","","","","","","federated learning; cybersecurity; artificial intelligence (AI); AI adoption; AI taxonomy; industrial internet of things (IIoT); technology","","","","","","","","","","","","","","","","","","","","","","","","","","","","","","","","","","","","","","","","","","","","","","",""
"RVZ2FE2I","journalArticle","2026","Vellaiyan, S.; Aljohani, K.; Aljohani, B.S.; Kuppusamy, S.; Minh, N.V.","A comprehensive review of AI-enabled predictive maintenance for hydrogen-powered transport: Advancing process safety and sustainability","Journal of Loss Prevention in the Process Industries","","","10.1016/j.jlp.2026.105953","https://www.scopus.com/inward/record.uri?eid=2-s2.0-105029086176&doi=10.1016%2Fj.jlp.2026.105953&partnerID=40&md5=3f4c869061905bb3ff97a5b78bb2ed4b","Hydrogen-powered transportation represents a critical pathway toward decarbonized mobility. However, the reliability and safety of key subsystems, such as high-pressure hydrogen storage, fuel cells, and Balance of Plant (BoP) components, remain major barriers to large-scale deployment. This review evaluates the emerging role of Artificial Intelligence (AI)-driven Predictive Maintenance (PdM) in overcoming these challenges and advancing the sustainability of hydrogen mobility systems. Integrating Internet of Things sensing, digital twin modeling, and advanced data analytics, AI-based PdM enables early fault detection, anomaly diagnosis, and accurate estimation of component remaining useful life, thereby minimizing unplanned downtime and extending service life. Moreover, prescriptive maintenance approaches, which provide actionable recommendations in addition to failure prediction, are discussed as a next step toward autonomous maintenance management. The review also examines enabling technologies such as edge computing, federated learning, and human–machine interfaces that enhance data security, responsiveness, and operator interaction. Persistent challenges, including data heterogeneity, algorithm interpretability, cybersecurity threats, and the absence of regulatory frameworks, are critically analyzed. Finally, future perspectives highlight the need for standardized assessment protocols and cross-disciplinary collaboration to ensure safe, scalable, and intelligent adoption of AI-based PdM in hydrogen-powered transport. Overall, this review provides a comprehensive assessment framework connecting predictive intelligence, system resilience, and sustainability in next-generation hydrogen mobility. © 2026 Elsevier Ltd","2026","2026-03-10 16:54:11","2026-03-10 16:54:11","","","","","101","","","","","","","","","","","","","Scopus","","","","","","","","Artificial intelligence; Predictive maintenance; Fault detection; Anomaly detection; Digital twin; Internet of things; Learning systems; Safety engineering; Advanced Analytics; Balance of plant; Digital storage; Digital twin and IoT; High pressure hydrogen storage; Hydrogen mobility; Hydrogen production; Hydrogen storage; Hydrogen-powered transportation; Process safety; Process sustainability; Reliability and safeties; Sustainable energy","","","","","","","","","","","","","","","","","","","","","","","","","","","","","","","","","","","","","","","","","","","","","","",""
"3P6ADJ4V","journalArticle","2025","Akbulut, L.; Taşdelen, K.; Atılgan, A.; Malinowski, M.; Coşgun, A.; Şenol, R.; Akbulut, A.; Petryk, A.","A Systematic Review of Building Energy Management Systems (BEMSs): Sensors, IoT, and AI Integration","Energies","","","10.3390/en18246522","https://www.scopus.com/inward/record.uri?eid=2-s2.0-105026120797&doi=10.3390%2Fen18246522&partnerID=40&md5=bebfdb844a381974b8595e63cd28a3d1","The escalating global demand for energy-efficient and sustainable built environments has catalyzed the advancement of Building Energy Management Systems (BEMSs), particularly through their integration with cutting-edge technologies. This review presents a comprehensive and critical synthesis of the convergence between BEMSs and enabling tools such as the Internet of Things (IoT), wireless sensor networks (WSNs), and artificial intelligence (AI)-based decision-making architectures. Drawing upon 89 peer-reviewed publications spanning from 2019 to 2025, the study systematically categorizes recent developments in HVAC optimization, occupancy-driven lighting control, predictive maintenance, and fault detection systems. It further investigates the role of communication protocols (e.g., ZigBee, LoRaWAN), machine learning-based energy forecasting, and multi-agent control mechanisms within residential, commercial, and institutional building contexts. Findings across multiple case studies indicate that hybrid AI–IoT systems have achieved energy efficiency improvements ranging from 20% to 40%, depending on building typology and control granularity. Nevertheless, the widespread adoption of such intelligent BEMSs is hindered by critical challenges, including data security vulnerabilities, lack of standardized interoperability frameworks, and the complexity of integrating heterogeneous legacy infrastructure. Additionally, there remain pronounced gaps in the literature related to real-time adaptive control strategies, trust-aware federated learning, and seamless interoperability with smart grid platforms. By offering a rigorous and forward-looking review of current technologies and implementation barriers, this paper aims to serve as a strategic roadmap for researchers, system designers, and policymakers seeking to deploy the next generation of intelligent, sustainable, and scalable building energy management solutions. © 2025 by the authors.","2025","2026-03-10 16:54:11","2026-03-10 16:54:11","","","","24","18","","","","","","","","","","","","","Scopus","","","","","","","","Artificial intelligence; Energy management; Predictive maintenance; Energy; Decision making; Energy efficiency; fault detection; Interoperability; energy efficiency; smart buildings; Internet of things; Smart grid; artificial intelligence (AI); smart grids; Energy management systems; Multi agent systems; Intelligent buildings; Faults detection; Adaptive control systems; Building energy management system; Building energy management systems; building energy management systems (BEMS); HVAC optimization; Intelligent agents; Internet of thing; internet of things (IoT); occupancy sensing; Occupancy sensing; Optimisations; Sensors network; Smart power grids; Sustainable building; Wireless sensor; Wireless sensor network; wireless sensor networks (WSNs)","","","","","","","","","","","","","","","","","","","","","","","","","","","","","","","","","","","","","","","","","","","","","","",""
"7XIQ2Y76","journalArticle","2025","Hadi, M.; Elbouchikhi, E.; Zhou, Z.; Saim, A.; Shafie-khah, M.; Siano, P.; Rahbarimagham, H.; Colom, P.M.","Artificial intelligence for microgrids design, control, and maintenance: A comprehensive review and prospects","Energy Conversion and Management: X","","","10.1016/j.ecmx.2025.101056","https://www.scopus.com/inward/record.uri?eid=2-s2.0-105006556761&doi=10.1016%2Fj.ecmx.2025.101056&partnerID=40&md5=1aa9d94eec1b9f175a5870b04a2961e5","The rising use of renewable energy sources in today's landscape underscores the growing significance of microgrids. As the deployment of microgrids continues to grow, there is a pressing need to develop advanced control and management strategies to overcome the challenges associated with their integration and operation. Notably, Artificial Intelligence (AI) is a rapidly developing field that is well-positioned to effectively address these challenges. This paper begins by exploring the fundamentals of microgrids, emphasizing their structure, components, and control aspects. After introducing essential AI techniques, it analyzes their role in various microgrid domains, such as design, control, and maintenance. (1) In the design realm, the focus is on optimal sizing. (2) In the realm of control, a hierarchical framework comprising primary, secondary, and tertiary levels is introduced. Within the tertiary control level, the focus is directed toward energy management systems. (3) Maintenance involves activities such as condition monitoring, diagnosis, and prognosis. In this context, focusing on power quality (PQ) issues underscores the role of AI in fault detection and classification as an integral part of the diagnostic process. Finally, the paper explores cutting-edge technologies and future advancements in microgrids. It highlights the integration of IoT for improved connectivity and data exchange, emphasizes the role of federated learning and blockchain in bolstering cybersecurity, and explores the transformative potential of digital twins in optimizing microgrid operations. © 2025 The Authors","2025","2026-03-10 16:54:11","2026-03-10 16:54:11","","","","","27","","","","","","","","","","","","","Scopus","","","","","","","","Artificial intelligence; Energy; Microgrids; Control and energy management system; Design control; Distributed energy resources; Distributed Energy Resources; Distributed Wind; Management systems; Microgrid; Power management (telecommunication); Pressung; Renewable energy source; Sizing; Solar fuels; Use of renewable energies","","","","","","","","","","","","","","","","","","","","","","","","","","","","","","","","","","","","","","","","","","","","","","",""
"RWHZT7QL","conferencePaper","2025","Gote, P.M.; Kumar, P.; Verma, P.; Yesankar, P.; Pawar, A.; Saratkar, S.","From 5G to 6G: The Role of AI, Machine Learning, and Deep Learning in Wireless Systems","","","","10.1109/ICSADL65848.2025.10933016","https://www.scopus.com/inward/record.uri?eid=2-s2.0-105002433113&doi=10.1109%2FICSADL65848.2025.10933016&partnerID=40&md5=335ddca3983bd08749d4eb8de5433c02","The swift progression of wireless communication technologies-specifically from 5G to 6G is an approach that could be the most significant revolutionary leap towards changing connectivity and data transmission forever. Additionally, algorithms of machine learning (ML) and deep learning (DL) in 5G and 6G can offer promising advancements toward predictive maintenance, dynamic spectrum management, and enhanced security. The review of the potentially transformative nature of these technologies underlines the need for future directions of research efforts called for in circumventing challenges towards making full capability exploitation of 6G possible.  © 2025 IEEE.","2025","2026-03-10 16:54:11","2026-03-10 16:54:11","","447-452","","","","","","","","","","","","","","","","Scopus","","","","","","","","Federated learning; Predictive maintenance; Deep learning; Machine learning; 6G technology; Contrastive Learning; Adversarial machine learning; Machine-learning; 5G mobile communication systems; 5g technology; 5G technology; 6g technology; AI integration; AI RAN alliance (NVIDIA); Cellular communication; Cellulars; Data-transmission; Wireless communication technology; Wireless systems","","","","","","","","","","","","","","","","","","","","","","","","","","","","","","","","4th International Conference on Sentiment Analysis and Deep Learning, ICSADL 2025 - Proceedings","","","","","","","","","","","","","","",""
"9PDMDSCY","journalArticle","2023","Berghout, T.; Benbouzid, M.; Bentrcia, T.; Lim, W.H.; Amirat, Y.","Federated Learning for Condition Monitoring of Industrial Processes: A Review on Fault Diagnosis Methods, Challenges, and Prospects","Electronics (Switzerland)","","","10.3390/electronics12010158","https://www.scopus.com/inward/record.uri?eid=2-s2.0-85145851627&doi=10.3390%2Felectronics12010158&partnerID=40&md5=3002e7a4cee796ec0996aaf7554487d0","Condition monitoring (CM) of industrial processes is essential for reducing downtime and increasing productivity through accurate Condition-Based Maintenance (CBM) scheduling. Indeed, advanced intelligent learning systems for Fault Diagnosis (FD) make it possible to effectively isolate and identify the origins of faults. Proven smart industrial infrastructure technology enables FD to be a fully decentralized distributed computing task. To this end, such distribution among different regions/institutions, often subject to so-called data islanding, is limited to privacy, security risks, and industry competition due to the limitation of legal regulations or conflicts of interest. Therefore, Federated Learning (FL) is considered an efficient process of separating data from multiple participants to collaboratively train an intelligent and reliable FD model. As no comprehensive study has been introduced on this subject to date, as far as we know, such a review-based study is urgently needed. Within this scope, our work is devoted to reviewing recent advances in FL applications for process diagnostics, while FD methods, challenges, and future prospects are given special attention. © 2022 by the authors.","2023","2026-03-10 16:54:11","2026-03-10 16:54:11","","","","1","12","","","","","","","","","","","","","Scopus","","","","","","","","federated learning; condition monitoring; fault detection; fault diagnosis","","","","","","","","","","","","","","","","","","","","","","","","","","","","","","","","","","","","","","","","","","","","","","",""
"48I6GVTS","journalArticle","2021","","2021 IEEE World AI IoT Congress, AIIoT 2021","2021 IEEE World AI IoT Congress, AIIoT 2021","","","","https://www.scopus.com/inward/record.uri?eid=2-s2.0-85113388338&partnerID=40&md5=e1e8ddd750319835ebbe15c6cb5994a4","oab The proceedings contain 82 papers. The topics discussed include: zero-effort indoor continuous social distancing monitoring system; bistable-triplet STDP circuit without external memory for integrating with silicon neurons; an adaptive deep-ensemble anomaly-based intrusion detection system for the Internet of things; a survey on concept-level sentiment analysis techniques of textual data; differentially-private federated learning with long-term budget constraints using online Lagrangian descent; improved noise filtering technique for wake detection In SAR image under rough sea condition; recent challenges for haptic interface and control for robotic assisted surgical training system: a review; and predictive maintenance â€“ bridging artificial intelligence and IoT.","2021","2026-03-10 16:54:11","2026-03-10 16:54:11","","","","","","","","","","","","","","","","","","Scopus","","","","","","","","","","","","","","","","","","","","","","","","","","","","","","","","","","","","","","","","","","","","","","","","","","","","","","",""
"SY93A9DV","journalArticle","2025","Allahloh, A.S.; Sarfraz, M.; Mohammed, D.Y.; Ibrahim, N.K.; Thary, H.H.","From Industrial Automation to Intelligent Automation: The Impact of IIoT on Process Control - A Review","Iraqi Journal for Computer Science and Mathematics","","","10.52866/2788-7421.1281","https://www.scopus.com/inward/record.uri?eid=2-s2.0-105011514752&doi=10.52866%2F2788-7421.1281&partnerID=40&md5=307ebb0c89766c8f3bd88271c9af482a","The Industrial Internet of Things (IIoT) is reshaping process control, turning torrents of plant data into near-instant insight. Field evidence already shows unplanned-downtime cuts of 55%, maintenance-budget savings of 40%, and gains in overall-equipment-effectiveness of roughly 15%; nevertheless, fewer than 30% of facilities have pushed beyond pilot scale to full, always-on predictive maintenance. To clarify why, this review screens 312 Scopus records published between 2010 and 2023, then subjects 62 peer-reviewed studies and a broad set of industry reports to deep content analysis, bibliometric mapping, and thematic clustering. The results reveal four tightly connected research fronts—IIoT/Industry 4.0 core technologies, classical process-control theory, data-driven intelligence, and enabling infrastructure—with cybersecurity emerging as the fastest-growing theme. Across the surveyed literature, the synergistic use of edge computing, artificial intelligence, blockchain, and advanced wireless sensor networks demonstrably sharpens anomaly detection, accelerates control-loop response, and improves energy efficiency. At the same time, persistent obstacles—expanded attack surfaces, legacy-system interoperability, data-management overload, and fragmented standards—continue to throttle large-scale adoption. Drawing on comparative case studies from manufacturing, oil and gas, power generation, and water treatment, the paper distils actionable design rules: adopt zero-trust architectures with lightweight authentication at the edge; pair federated-learning filters with certified robust inference to resist data poisoning; and deploy delay-aware computation-offloading schemes that trade cloud muscle for millisecond-class responsiveness and extended battery life. A forward-looking agenda highlights open questions around sub-100 ms secure aggregation, benchmark metrics for energy-aware offloading, and cross-vendor interoperability for 5G-and-beyond networks. By unifying quantitative trends with hard-won field lessons, this synthesis provides researchers, control engineers, and plant managers a clear playbook for building robust, secure, and high-performance intelligent-automation systems—and charts the research paths most likely to unlock IIoT’s full industrial promise. © 2025 The Author(s)","2025","2026-03-10 16:54:11","2026-03-10 17:10:12","","134-159","","3","6","","","","","","","","","","","","","Scopus","","","","","","","","Predictive maintenance; Automation; Internet of Things (IoT); Anomaly detection; Industrial Internet of Things (IIoT); Security; Cyber-physical systems; Smart manufacturing; Edge computing; Smart factories; Interoperability; Network security; Embedded systems; Benchmarking; Green computing; Industrial internet of thing; Industrial internet of things (IIoT); Internet of thing; Sensors network; Wireless sensor; Wireless sensor network; Budget control; Cybe-physical systems; Cyber Physical System; Industrial control system; Industrial control systems; Industrial Control Systems (ICS); Industrial management; Intelligent process control; Intelligent Process Control (IPC); Legacy systems; Real-time information; Wireless Sensor Networks (WSN)","","","","","","","","","","","","","","","","","","","","","","","","","","","","","","","","","","","","","","","","","","","","","","",""
"QPEUJDBS","conferencePaper","2024","Pavitha, N.; Savithramma, R.M.; Ashwini, B.P.; Mankawade, A.; Naik, Y.; Bedmutha, Y.","Intelligent Predictive Maintenance for Smart Building Systems","2024 2nd International Conference on Self Sustainable Artificial Intelligence Systems (ICSSAS)","","","10.1109/ICSSAS64001.2024.10760900","https://www.scopus.com/inward/record.uri?eid=2-s2.0-85213323573&doi=10.1109%2FICSSAS64001.2024.10760900&partnerID=40&md5=3955692f452578e0b328de583ccb507b","An innovative method for streamlining building maintenance and operations in smart buildings is intelligent predictive maintenance, or IPM. This thorough analysis looks at the main advantages, difficulties, and cutting-edge methods for integrating IPM in smart building settings. Early failure identification, decreased downtime, longer equipment lifespans, and optimised maintenance plans are among the main advantages of IPM. These benefits have the potential to significantly reduce costs while also enhancing building performance and occupant comfort. IPM must also overcome a number of significant obstacles, including issues with data quality, security and privacy, complexity of the model, and interpretability. The paper examines the most recent cuttingedge methods and algorithms being created and used for IPM in smart buildings in order to address these issues. These encompass machine learning, deep learning, statistical techniques, and hybrid methodologies. The assessment, for example, emphasises the potential use of federated learning-a machine learning technique that protects privacy-for anomaly detection in smart buildings. The review also explores the particular difficulties associated with maintaining smart buildings, such as system complexity, occupant behaviour, and maintenance strategy and costs. To overcome these obstacles, IPM implementation must take a deliberate and comprehensive approach. Through the development and implementation of efficient IPM solutions to optimise building operations and maintenance, practitioners and researchers can benefit from the deep understanding gained from this thorough assessment, which will ultimately progress sustainability and smart building technologies. © 2024 IEEE.","2024","2026-03-10 15:04:17","2026-03-10 17:04:02","","1178-1183","","","","","","","","","","","","","","","","Scopus","","","","Journal Abbreviation: 2024 2nd International Conference on Self Sustainable Artificial Intelligence Systems (ICSSAS)","","","","Federated learning; Predictive maintenance; Predictive Maintenance; Costs; Maintenance; Machine Learning; Sustainable development; Anomaly detection; Anomaly Detection; Deep learning; Security; Reviews; Optimization; Deep Learning; Complexity theory; Sensor fusion; Sensor Fusion; Data Analysis; Machine learning algorithms; Maintenance Optimization; Smart buildings; Smart homes; Adversarial machine learning; Maintenance optimization; Machine-learning; Intelligent buildings; Building maintenance; Building operations; Building systems; Innovative method","","","","","","","","","","","","","","","","","","","","","","","","","","","","","","","","2nd International Conference on Self Sustainable Artificial Intelligence Systems, ICSSAS 2024 - Proceedings","","","","","","","","","","","","","","",""
"8U7XTGHD","journalArticle","2023","Xu, H.; Wu, J.; Pan, Q.; Guan, X.; Guizani, M.","A Survey on Digital Twin for Industrial Internet of Things: Applications, Technologies and Tools","IEEE Communications Surveys and Tutorials","","1553-877X","10.1109/COMST.2023.3297395","https://www.scopus.com/inward/record.uri?eid=2-s2.0-85178095641&doi=10.1109%2FCOMST.2023.3297395&partnerID=40&md5=39ec04a3d5b373b92655448001281815","Digital twin for the industrial Internet of Things (DT-IIoT) creates a high-fidelity, fine-grained, low-cost digital replica of the cyber-physical integrated Internet for industry. Powered by artificial intelligence (AI) and security technologies, DT-IIoT provides advanced features such as real-time monitoring, predictive maintenance, remote diagnostics, and rapid response for smart IIoT systems. A systematic review of key enabling technologies such as digital twin, AI, and blockchain is essential to develop DT-IIoT and reveal pitfalls. This paper reviews the preliminaries, real-world applications, architectures and models of digital twin-driven IIoT. In addition, advanced technologies for intelligent and secure DT-IIoT are investigated, including state-of-the-art AI solutions such as transfer learning and federated learning, as well as blockchain-based security solutions. Moreover, software tools for high-fidelity digital twin modeling are proposed. A case study on reinforcement learning-based integrated-control, communication, and computing (3C) design is developed to demonstrate the AI-driven intelligent DT-IIoT. Finally, this paper outlines the prospective applications, challenges, and integrations with ABCDE (i.e., AI, Blockchain, cloud computing, big data, edge computing) as the future directions.  © ; 2023 IEEE.","2023","2026-03-10 15:04:38","2026-03-10 17:10:12","","2569-2598","","4","25","","IEEE Communications Surveys & Tutorials","","","","","","","","","","","Scopus","","","","","","","","Artificial intelligence; Blockchains; Costs; Industrial Internet of Things; Reinforcement learning; Digital twins; Surveys; Blockchain; Security; artificial intelligence; Digital twin; blockchain; industrial Internet of Things; integrated design; Software tools; Internet of things; Learning systems; Block-chain; Industrial internet of thing; Real time systems; Application technologies; Artificial intelligence technologies; Cyber physicals; Digital replicas; Fine grained; High-fidelity; Integrated designs; Low-costs","","","","","","","","","","","","","","","","","","","","","","","","","","","","","","","","","","","","","","","","","","","","","","",""
"YYLTEPFH","journalArticle","2025","","Proceedings of ASME 2025 19th International Conference on Energy Sustainability, ES 2025","Proceedings of ASME 2025 19th International Conference on Energy Sustainability, ES 2025","","","","https://www.scopus.com/inward/record.uri?eid=2-s2.0-105018605859&partnerID=40&md5=13d9894f433a09cafa2c56e2c53afe9f","The proceedings contain 60 papers. The topics discussed include: optimizing the performance of liquid-based medium-temperature volumetric solar thermal receivers using genetic algorithms; evaluating neural network-based energy forecasting with mixed variables and limited data; an enhanced federated learning framework for condition monitoring of distributed wind systems; clustering buildings energy consumption for personalized lightweight forecasting; quantifying and zoning urban heat island effects using unsupervised machine learning; time-series ai forecasting of wind-to-hydrogen production; time-series ai forecasting of wind-to-hydrogen production; digital twins for smart grid connected buildings: a systematic literature review; and carbon dioxide hydrate formation from a binary mixture of carbon dioxide and nitrogen.","2025","2026-03-10 16:54:11","2026-03-10 17:10:13","","","","","","","","","","","","","","","","","","Scopus","","","","","","","","","","","","","","","","","","","","","","","","","","","","","","","","","","","","","","","","","","","","","","","","","","","","","","",""
"46SGGW2I","journalArticle","2026","Rojek, I.; Prokopowicz, P.; Piechowiak, M.; Kotlarz, P.; Náprstková, N.; Mikołajewski, D.","The Impact of Data Analytics Based on Internet of Things, Edge Computing, and Artificial Intelligence on Energy Efficiency in Smart Environment","Applied Sciences (Switzerland)","","","10.3390/app16010225","https://www.scopus.com/inward/record.uri?eid=2-s2.0-105027338432&doi=10.3390%2Fapp16010225&partnerID=40&md5=2e75813d1236ed64a40f8d7f2a7bd2e8","This review examines the impact of data analytics powered by the Internet of Things (IoT), edge computing, and artificial intelligence (AI) on improving energy efficiency in smart environments, with a focus on smart factories, smart cities, and smart territories. Advanced AI, machine learning (ML), and deep learning (DL) techniques enable real-time energy optimization and intelligent decision-making in complex, data-intensive systems. Integrating edge computing reduces latency and improves responsiveness in IoT and Industrial Internet of Things (IIoT) networks, enabling local energy management and reducing grid load. Federated learning further enhances data privacy and efficiency by enabling decentralized model training across distributed smart nodes without exposing sensitive information or personal data. Emerging 5G and 6G technologies provide the necessary bandwidth and speed for seamless data exchange and control across energy-intensive, connected infrastructures. Blockchain increases transparency, security, and trust in energy transactions and decentralized energy trading in smart grids. Together, these technologies support dynamic demand response mechanisms, predictive maintenance, and self-regulating systems, leading to significant improvements in energy sustainability. Case studies of smart cities and industrial ecosystems within Industry 4.0/5.0/6.0 demonstrate measurable reductions in energy consumption and carbon emissions through these synergistic approaches. Despite significant progress, challenges remain in interoperability, scalability, and regulatory frameworks. This review demonstrates that AI-based edge computing, supported by robust connectivity and secure IoT and IIoT architectures, has a transformative potential for creating energy-efficient and sustainable smart environments. © 2025 by the authors.","2026","2026-03-10 16:54:12","2026-03-10 17:10:14","","","","1","16","","","","","","","","","","","","","Scopus","","","","","","","","federated learning; Predictive maintenance; Data privacy; Automation; Industry 4.0; data privacy; edge computing; Deep learning; machine learning; artificial intelligence; Energy; Machine learning; Smart manufacturing; Energy efficiency; Edge computing; deep learning; energy efficiency; generative AI; decision making; blockchain; Internet of things; Smart homes; Smart city; data analytics; review; Network security; Learning systems; Data analytics; generative artificial intelligence; Generative artificial intelligence; infrastructure; energy; energy consumption; internet of things; Machine-learning; Green computing; Intelligent buildings; Smart power grids; sustainability; Grid computing; bandwidth; carbon emission; ecosystem; electric potential; Electronic data interchange; energy conservation; human; identifiable information; Learning techniques; productivity; self concept; Smart environment; smart home; smart territory; Smart territory; velocity","","","","","","","","","","","","","","","","","","","","","","","","","","","","","","","","","","","","","","","","","","","","","","",""
"8RKR92D4","journalArticle","2024","Vijayalakshmi, K.; Rajakannu, A.; Ramachandran, K.P.; Sri Rajkavin, A.V.","Federated Learning-Based Futuristic Fault Diagnosis and Standardization in Rotating Machinery","SSRG International Journal of Electronics and Communication Engineering","","","10.14445/23488549/IJECE-V11I9P120","https://www.scopus.com/inward/record.uri?eid=2-s2.0-85206434208&doi=10.14445%2F23488549%2FIJECE-V11I9P120&partnerID=40&md5=d8a7fcd1b286018971bbf53467f59c51","In the industrial sector, intelligent sensors in fault diagnosis are becoming more critical in recent technological improvements. The prediction accuracy can be enhanced in fault diagnosis using 3-dimensional, sequential, real-time, and image data. Sensors that capture the vibration, sound, and image data are more critical in predicting unbalancing, tool wear, crack, misalignment, etc, in the rotating machinery to increase productivity and to provide an effective maintenance management system. Due to the fast development of industry 4.0 techniques, monitoring of mechanical machinery is experiencing explosive growth and getting more attention in the area of Fault Diagnosis (FD). Machine learning and Deep learning methods give promising results and accuracy in predicting faults in rotating machinery on shop floors. The success of AI-based models is due to the availability of comprehensive labeled data. Federated Learning (FL) is the machine learning subfield aiming to train an algorithm with a heterogeneous dataset. Data transmission from local facilities to a central server in AI models creates data privacy and security issues. Heterogeneous data analysis is a complicated process in predicting the machine fault in the central server because of millions of data during real-time condition monitoring. Decentralized data handling and analysis is mandatory in condition monitoring because of heterogeneity in data processing, data privacy, and security advantages. The application of federated learning in fault diagnosis has been getting more attention in recent days, and this study is a review of FL applications that address fault diagnosis in rotating machinery in the first phase. A comparison between the types of FL approaches in FD, and the use of aggregation algorithms and their applications will also be discussed in Phase 1. In phase 2, a novel methodology has been proposed using Federated learning to diagnose rotating machinery faults. The proposed method, FLOACOS, addresses how prediction challenges are solved using federated learning approaches by optimizing and standardizing the data at local facilities. This work will be helpful for future condition monitoring researchers and gives an overview of a novel method of the FL technique used in predicting faults and the progress made in the maintenance management of rotating machinery. © 2024 Seventh Sense Research Group®.","2024","2026-03-10 16:54:12","2026-03-10 16:54:12","","223-236","","9","11","","","","","","","","","","","","","Scopus","","","","","","","","Federated Learning; Fault diagnosis; Internet of Things; Condition monitoring; Machine learning; Rotating machinery","","","","","","","","","","","","","","","","","","","","","","","","","","","","","","","","","","","","","","","","","","","","","","",""
"9HH4Q3VA","conferencePaper","2025","Prakalya, S.B.; Muthu, S.; Pandi, V.S.; Al-Assaf, K.T.; Jain, A.; Dinesh, M.","Big Data Analytics and Deep Learning: Technologies for Scalable Information Processing and Extracting Awareness","2025 International Conference on Information, Implementation, and Innovation in Technology (I2ITCON)","","","10.1109/I2ITCON65200.2025.11210740","https://www.scopus.com/inward/record.uri?eid=2-s2.0-105026308198&doi=10.1109%2FI2ITCON65200.2025.11210740&partnerID=40&md5=79741cb8dc82c4457181af9acffd2a29","Big Data has emerged as an essential tool for decision-making and innovation due to the exponential growth of data in various industries, such as healthcare, banking, manufacturing, and social media. However, there are substantial obstacles to obtaining useful insights and practical information from the massive amount, speed, and diversity of data. An effective strategy for dealing with these issues is to use Big Data analytics in conjunction with Deep Learning methods. Scalable solutions for processing massive datasets and deriving meaningful insights from complicated data are the focus of this research, which investigates the potential integration of Big Data analytics with Deep Learning technology. Data storage, administration, and processing approaches like distributed computing and parallel processing-that allow the handling of large-scale datasets-are reviewed in the first part of the research as important Big Data topics. The article continues by discussing various Deep Learning designs that can better handle and learn from large, unstructured datasets. These architectures include Convolutional Neural Networks (CNNs), Recurrent Neural Networks (RNNs), and Generative Adversarial Networks (GANs). Predictive analytics, automated decision systems, and real-time decision-making are just a few areas that can benefit from the combined use of these technologies, which the study investigates. Anomaly detection in healthcare, predictive maintenance in manufacturing, and consumer behavior research in e-commerce are just a few of the many industries highlighted by the paper's integration of these technologies. Data quality, model interpretability, computational resources, and scalability are some of the limitations and obstacles that the article explores when integrating Big Data analytics with Deep Learning. It also talks on how important it is to protect people's personal information, especially when dealing with sensitive data in industries like healthcare and banking. In the last section of the research, we go over some of the upcoming developments in these technologies that could make Big Data analytics and Deep Learning even more efficient and scalable. These include things like federated learning, quantum computing, and edge computing. In the end, this study hopes to give a complete framework for companies that want to use Big Data and Deep Learning to analyze information rapidly and get meaningful insights to drive innovation and informed decisions. © 2025 IEEE.","2025","2026-03-10 15:04:38","2026-03-10 17:04:22","","1-6","","","","","","","","","","","","","","","","Scopus","","","","Journal Abbreviation: 2025 International Conference on Information, Implementation, and Innovation in Technology (I2ITCON)","","","","Federated learning; Industries; Predictive maintenance; Real-time systems; Convolutional neural networks; Big Data; Manufacturing; Anomaly detection; Anomaly Detection; Computational modeling; Deep learning; Data integrity; Predictive analytics; Medical services; Technological innovation; Decision making; Data Quality; Predictive Analytics; Data mining; Data integration; Distributed Computing; Parallel Processing; Real-time Decision-making; Learning systems; Data analytics; Parallel processing; Digital storage; Data quality; Decisions makings; Consumer behavior; Data reduction; Exponential growth; Large datasets; Learning technology; Real time decision-making; Real-time decision making; Social media","","","","","","","","","","","","","","","","","","","","","","","","","","","","","","","","2025 International Conference on Information, Implementation, and Innovation in Technology, I2ITCON 2025","","","","","","","","","","","","","","",""
"ELH38AKQ","journalArticle","2025","Miller, T.; Durlik, I.; Kostecka, E.; Kozlovska, P.; Nowak, A.","Federated Learning for Decentralized Electricity Market Optimization: A Review and Research Agenda","Energies","","","10.3390/en18174682","https://www.scopus.com/inward/record.uri?eid=2-s2.0-105015674786&doi=10.3390%2Fen18174682&partnerID=40&md5=bbb5ea2b208c1eb7622aec6ab70a5b79","Decentralized electricity markets are increasingly shaped by the proliferation of distributed energy resources, the rise of prosumers, and growing demands for privacy-aware analytics. In this context, federated learning (FL) emerges as a promising paradigm that enables collaborative model training without centralized data aggregation. This review systematically explores the application of FL in energy systems, with particular attention to architectures, heterogeneity management, optimization tasks, and real-world use cases such as load forecasting, market bidding, congestion control, and predictive maintenance. The article critically examines evaluation practices, reproducibility issues, regulatory ambiguities, ethical implications, and interoperability barriers. It highlights the limitations of current benchmarking approaches and calls for domain-specific FL simulation environments. By mapping the intersection of technical design, market dynamics, and institutional constraints, the article formulates a pluralistic research agenda for scalable, fair, and secure FL deployments in modern electricity systems. This work positions FL not merely as a technical innovation but as a socio-technical intervention, requiring co-design across engineering, policy, and human factors. © 2025 by the authors.","2025","2026-03-10 16:54:12","2026-03-10 16:54:12","","","","17","18","","","","","","","","","","","","","Scopus","","","","","","","","federated learning; Predictive maintenance; smart grid; Interoperability; Load forecasting; Smart grid; Power markets; load forecasting; Optimisations; Distributed Energy Resources; bidding strategies; Bidding strategy; Decentralized electricity; Decentralized electricity market; decentralized electricity markets; Energy resources; Growing demand; Human engineering; Market Research; Prosumer; Research agenda","","","","","","","","","","","","","","","","","","","","","","","","","","","","","","","","","","","","","","","","","","","","","","",""
"B8QI6MB2","journalArticle","2025","Kumar, G.; Verma, P.K.","Quantum-Federated Learning: A review of frameworks and applications for Sustainable Development Goals (SDGs)","Sciences des Structures et de la Matiere","","","10.70974/mat09225054","https://www.scopus.com/inward/record.uri?eid=2-s2.0-105029683742&doi=10.70974%2Fmat09225054&partnerID=40&md5=63c19be68f6275b513d6b4d2145a4552","The United Nations Sustainable Development Goals (SDGs) demand intelligent, inclusive, and ethically driven solutions. Artificial Intelligence (AI) is a disruptive technology in this space, but its application must be efficient and privacy-preserving. This review explores the integration of Quantum Computing (QC) with Federated Learning (FL) into a novel architecture: Quantum-Federated Learning (QFL). QFL facilitates decentralized, secure model training across clients like hospitals or smart grids without centralizing sensitive data. While FL alone faces computational limitations, QC addresses these through parallelism and high-speed optimization. The proposed QFL framework enables edge nodes to train quantum-enhanced models locally and share only encrypted updates with a central quantum aggregation server. We detail the QFL architecture—comprising quantum-enabled clients, a secure communication layer leveraging quantum cryptography, and a quantum server—and its workflow. The review critically analyzes how QFL can develop applications supporting specific SDGs: SDG 3 (privacy-preserving collaborative healthcare diagnostics), SDG 7 (optimized demand forecasting in decentralized smart grids), SDG 9 (secure predictive maintenance in industry), and SDG 13 (collaborative climate modeling without infringing data sovereignty). Major challenges such as hardware limitations, standardization, and quantum-security issues are discussed. The paper concludes that QFL represents a strategic milestone towards creating AI systems that are not only intelligent and high-performing but also ethical, reliable, and sustainable. © 2025, CRUFAOCI. All rights reserved.","2025","2026-03-10 16:54:12","2026-03-10 16:54:12","","54-69","","2","9","","","","","","","","","","","","","Scopus","","","","","","","","Federated Learning; Smart Healthcare; Privacy-Preserving AI; Climate Action; Quantum Computing; Sustainable Development Goals","","","","","","","","","","","","","","","","","","","","","","","","","","","","","","","","","","","","","","","","","","","","","","",""
"LE4I2X33","journalArticle","2025","Nguyen, T.-X.-H.; Dao, T.-K.; Nguyen, T.-D.; Nguyen, T.-T.; Ngo, T.-G.","AI-Driven Security Solutions for Industrial IoT: Challenges and Future Directions","Journal of Information Hiding and Multimedia Signal Processing","","","","https://www.scopus.com/inward/record.uri?eid=2-s2.0-105021962493&partnerID=40&md5=984ba08847bf7a42251c2ca9dc66c79d","The Industrial Internet of Things (IIoT) is a cornerstone of Industry 4.0, enabling smart manufacturing, predictive maintenance, and autonomous industrial systems. However, the increasing connectivity of IIoT devices introduces significant cybersecurity risks, including data breaches, Distributed Denial of Service (DDoS) attacks, and malicious intrusions. Traditional security mechanisms often fall short in addressing these dynamic threats, necessitating adaptive and intelligent solutions. Artificial Intelligence (AI), particularly Machine Learning (ML) and Deep Learning (DL), has emerged as a powerful tool for enhancing IIoT security by enabling real-time threat detection, anomaly identification, and automated response systems. This paper reviews state-of-the-art AI-driven security solutions for IIoT, focusing on their applications across the perception, network, and application layers. We analyze key challenges, including adversarial attacks, model interpretability, data privacy, and computational constraints. Finally, we outline future research directions, such as federated learning for privacy preservation, lightweight AI models for edge deployment, and hybrid AI-blockchain security frameworks. © 2025","2025","2026-03-10 16:54:12","2026-03-10 17:10:17","","1002-1011","","2","16","","","","","","","","","","","","","Scopus","","","","","","","","Industrial IoT (IIoT); Artificial Intelligence (AI); Machine Learning (ML); Cybersecurity; Deep Learning (DL); Threat Detection","","","","","","","","","","","","","","","","","","","","","","","","","","","","","","","","","","","","","","","","","","","","","","",""
"RP6WSRH9","journalArticle","2026","Asadi, Y.","Paving the Future of Intelligent Pavement Defect Detection with Machine Learning: A Comprehensive Survey of Techniques and Applications","International Journal of Pavement Research and Technology","","","10.1007/s42947-026-00711-y","https://www.scopus.com/inward/record.uri?eid=2-s2.0-105029259258&doi=10.1007%2Fs42947-026-00711-y&partnerID=40&md5=ebb5dfea0acb1664ca3a57821ff0bcfb","The automated detection of pavement distress has undergone a paradigm shift, transitioning from manual inspections to data-driven machine learning (ML) frameworks that enable proactive infrastructure management. This review synthesizes recent advancements in ML paradigms applied to pavement defect detection and maintenance planning, structured around four interconnected objectives: analyzing supervised methodologies from classical feature-based classifiers to deep convolutional neural networks (CNNs) and hybrid CNN–recurrent neural network (RNN) architectures; evaluating edge-computing and federated learning deployment strategies for real-time, distributed monitoring; surveying reinforcement learning and metaheuristic optimization techniques for predictive maintenance scheduling; and identifying critical research gaps and future directions. We present a unified taxonomy spanning sensing modalities (RGB, thermal, LiDAR, IMU, GPR) and ML model families, emphasizing multimodal fusion and domain adaptation challenges. Particular focus is given to subsurface sensing integration such as ground-penetrating radar and infrared thermography which enables early detection of latent structural degradation often invisible to surface-level imaging alone. Additionally, we highlight emerging trends in AutoML, explainable artificial intelligence (AI), and neural architecture search, which enhance model interpretability and deployment efficiency. Despite significant progress, challenges remain, including dataset scarcity, limited generalizability across geographic domains, and computational constraints in real-time edge deployment. We conclude with practical recommendations for benchmarking, open dataset development, and the integration of end-to-end pipelines that link defect detection with maintenance optimization. This survey provides a comprehensive reference for advancing intelligent pavement management systems through machine learning. © Chinese Society of Pavement Engineering 2026.","2026","2026-03-10 16:54:12","2026-03-10 16:54:12","","","","","","","","","","","","","","","","","","Scopus","","","","","","","","Predictive maintenance; Convolutional neural networks; Supervised learning; Predictive analytics; Machine learning; Edge computing; Defect detection; Learning systems; Machine-learning; Benchmarking; Edge detection; Convolutional neural network; Real- time; Defects; Deep neural networks; Asphalt maintenance; Asphalt pavements; Automated detection; Concrete pavements; Geological surveys; Highway administration; Highway planning; Pavement management; Pavement overlays; Road pavement management; Road pavements; Sustainable management","","","","","","","","","","","","","","","","","","","","","","","","","","","","","","","","","","","","","","","","","","","","","","",""
"YGN8CX39","conferencePaper","2025","Shi, J.; Gao, Y.; Guo, H.","Research Progress on the Reliability of Aircraft Emergency Hatch Ejection Drive Mechanisms Integrated with Artificial Intelligence","","","","10.1145/3756423.3756543","https://www.scopus.com/inward/record.uri?eid=2-s2.0-105021376534&doi=10.1145%2F3756423.3756543&partnerID=40&md5=cad7857e2deea4da29cdcc2d7d11e00d","Artificial intelligence (AI) and advanced sensor technologies have developed into maintenance, reliability, and optimized aircraft emergency hatch ejection drive mechanisms. The review study narrates research on AI-driven approaches: machine learning, deep learning, federated learning, and generative algorithms (GAs) for fault diagnosis. Internet of Things (IoT) enabled real-time monitoring and intelligence maintenance techniques. Recurrent neural networks particularly long short-term memory (LSTM) models and ML techniques analyse the sensor data for prediction of stress, wear, and failure modes of components, achieving high accuracy and enabling proactive interventions. The results reveal that IoT networks coupled with AI approaches continuously monitor critical parameters including vibration and temperature. This study reveals that optimization techniques, genetic algorithms, and particle swarm optimization play significant roles in enhancing the structural design of components like gears and connecting rods that achieve weight reductions without compromising safety. This study identifies challenges of model interpretability, data scarcity, and regulatory compliance. These issues are addressed by proposing hybrid AI models and federated learning. Emerging trends include self-healing materials, quantum ML approaches, and automated maintenance systems, which could transform safety in the aviation industry. By bridging research gaps between engineering practices and data-driven insights, this study shows that AI can play a vital role in advancing the efficiency and reliability of drive mechanisms in next-generation aircraft, compliance with aviation protocols, and paving the way for adaptive and autonomous systems.  © 2025 Copyright held by the owner/author(s).","2025","2026-03-10 16:54:13","2026-03-10 16:54:13","","729-734","","","","","","","","","","","","","","","","Scopus","","","","","","","","Artificial intelligence; Federated learning; Predictive maintenance; IoT; predictive maintenance; fault diagnosis; safety; Learning systems; aviation; Machine-learning; Long short-term memory; Fighter aircraft; Advanced sensor technologies; Faults diagnosis; Real time monitoring; Failure analysis; Accident prevention; Aviation; Compliant mechanisms; Drive mechanism; Generative algorithms; Intelligence sensors; Maintenance reliability; Real-time intelligence; Regulatory compliance; Self-healing materials","","","","","","","","","","","","","","","","","","","","","","","","","","","","","","","","Proceedings of 2025 International Conference on Artificial Intelligence and Smart Manufacturing, ICAISM 2025","","","","","","","","","","","","","","",""
"U9VIBJ9N","journalArticle","2026","Haseeb, S.; Javed, S.; Mokayed, H.; Martin-del-Campo, S.; Sandin, F.; Liwicki, M.; Delsing, J.","Local Cloud-Based Collaborative Learning vs Other IIoT Decentralized AI Solutions: A Systematic Literature Review","Journal of Network and Systems Management","","","10.1007/s10922-025-10029-y","https://www.scopus.com/inward/record.uri?eid=2-s2.0-105030028851&doi=10.1007%2Fs10922-025-10029-y&partnerID=40&md5=500edeeae7c0bb2fee7fe4931e5aa0a7","The increasing complexity and dynamic nature of Industrial Internet of Things (IIoT) demand scalable, adaptive, intuitive, and real-time automation frameworks. This paper presents a systematic literature review (SLR) of edge- and cloud-based collaborative learning frameworks for predictive maintenance and smart manufacturing tasks. In this SLR, we highlight the under-utilization of distributed computational architectures that provide complete automation support (design and run-time), flexibility, scalability, and inter- & intra-cloud service exchange while adhering to security management and integrity principles for solving IIoT tasks using modern artificial intelligence (AI) models at the edge/cloud. Recently, many IIoT applications have been designed using AI models that require robust, low-latency, and data-secure frameworks. This demand drives a trend toward distributed computational architectures in which data storage and processing are partially or fully decentralized. Common paradigms addressing this resource distribution include edge computing, federated learning, and private or hybrid clouds. We analyze 50 recent studies against IoT characteristics, AI performance metrics, and network/system management requirements. Our findings reveal underutilization of distributed architectures that support automation, interoperability, and security. While most solutions rely on centralized or hybrid clouds, fewer than 5% adopt federated or transfer learning, and over 60% remain dependent on supervised models. We also introduce a comparative perspective on network and security management, showing that local/private cloud implementations can reduce control-plane overhead and synchronization latency, though gaps persist in dynamic bandwidth allocation and zero-trust adoption. Finally, we benchmark our previously proposed local cloud-based collaborative learning (CCL) model against state-of-the-art solutions, highlighting its strengths in automation and interoperability, as well as limitations in adaptive computation and intelligent offloading. This review identifies the research gaps and opportunities for integrating collaborative AI, secure automation, and hybrid architectures to meet Industry 5.0 objectives of resilience, sustainability, and human-centricity. © The Author(s) 2025.","2026","2026-03-10 16:54:13","2026-03-10 17:10:20","","","","2","34","","","","","","","","","","","","","Scopus","","","","","","","","Federated learning; Predictive maintenance; Automation; Unsupervised learning; Edge AI; Systematic literature review; Smart manufacturing; Edge computing; Internet of things; Network security; Collaborative learning; Network architecture; Cloud AI; Memory architecture; Industrial internet of thing; Industrial internet of things (IIoT); Digital storage; Industrial management; Distributed database systems; Cloud-based architectures; Cloud artificial intelligence; Cloud computing architecture; Distributed cloud; Edge artificial intelligence; Local cloud; Systematic literature review (SLR)","","","","","","","","","","","","","","","","","","","","","","","","","","","","","","","","","","","","","","","","","","","","","","",""
"HRJL66QG","journalArticle","2026","Hassija, V.; Majumder, T.; Roy, D.; Piyush, R.; Chamola, V.","The role of large language models (LLMs) in enhancing intelligent transportation systems: A survey","Vehicular Communications","","","10.1016/j.vehcom.2025.100996","https://www.scopus.com/inward/record.uri?eid=2-s2.0-105027203400&doi=10.1016%2Fj.vehcom.2025.100996&partnerID=40&md5=4fca6e5931cd267de11b79f0ca5e4d4b","Large Language Models (LLMs) are transforming Intelligent Transportation Systems (ITS) by shifting operations from static, rule based systems toward adaptive, data-driven decision-making. This paper presents a comprehensive methodological and application-focused survey of LLMs in ITS, grounded in transformer-based architectures like GPT-4, BERT, and LlaMa. We analyze the technical challenge of integrating diverse multimodal data including sensor logs, visual inputs, and textual reports via cross-modal fusion strategies. The survey examines key applications such as traffic signal optimization, predictive maintenance, V2X communication, public transport scheduling, and route personalization. Furthermore, we detail core methodologies (e.g., fine- tuning, Chain-of-Thought prompting, federated learning, RLHF) used to enhance LLM performance under real-time conditions and assess explainability frameworks (SHAP, LIME) to foster trust. We also identify critical challenges, including model hallucination, privacy risks, resource demands, and latency constraints. By synthesizing insights from over 200 primary research contributions, this work offers a foundational reference for designing scalable, intelligent, and ethically aligned ITS architectures. © 2025","2026","2026-03-10 16:54:13","2026-03-10 17:10:20","","","","","58","","","","","","","","","","","","","Scopus","","","","","","","","Anomaly detection; Edge AI; Autonomous vehicles; Computer vision; V2X Communication; Dynamic scheduling; Speech recognition; Ethical AI; AI-Driven decision-Making; Cybersecurity in ITS; ITS (Intelligent transportation systems); LLMs (Large language models); Multimodal capabilities; Multimodal LLM; Natural language processing (NLP); Reinforcement learning (RL); Smart mobility; Smart sensors; Traffic management","","","","","","","","","","","","","","","","","","","","","","","","","","","","","","","","","","","","","","","","","","","","","","",""
"A3HKTTYY","conferencePaper","2024","Amirkhanova, G.; Amirkhanov, B.; Tyulepberdinova, G.; Ishmurzin, T.","Application of Machine Learning Algorithms in Digital Twin Monitoring Systems: An Overview of Approaches, Methods, and Prospects","","","","10.1109/ICNGN63705.2024.10871832","https://www.scopus.com/inward/record.uri?eid=2-s2.0-86000027985&doi=10.1109%2FICNGN63705.2024.10871832&partnerID=40&md5=d4686a79c7a25c8629713a5e5a4ef4d7","Digital Twins represent virtual replicas of real-world objects, processes, or systems, enabling continuous real-time monitoring, dynamic adaptation, and predictive analytics. Their integration has become central in industrial, urban, and transportation domains under the paradigms of Industry 4.0, the Industrial Internet of Things (IIoT), and smart cities. However, effectively harnessing the torrents of time-series data and complex system states integral to Digital Twins (DTs) requires advanced analytical tools. Machine learning (ML) methods—ranging from classical ensemble models to deep learning architectures and reinforcement learning—provide powerful mechanisms for anomaly detection, failure prediction, operational optimization, and scenario modeling. This review explores the essential ML algorithms, their application contexts, and the supportive infrastructures required for implementing ML-driven DT solutions. We also discuss interpretability techniques, address security and concept drift challenges, examine the role of MLOps in ensuring reliable deployment, and highlight future research directions, including physics-informed ML, multimodal data integration, and advanced transformers for time-series forecasting. ©2024 IEEE.","2024","2026-03-10 16:54:13","2026-03-10 17:10:20","","","","","","","","","","","","","","","","","","Scopus","","","","","","","","Federated learning; Predictive maintenance; Predictive Maintenance; Machine Learning; Reinforcement learning; IIoT; Industry 4.0; Anomaly detection; Anomaly Detection; Deep learning; Predictive analytics; Digital Twin; Process Optimization; Reinforcement Learning; Machine learning algorithms; Deep reinforcement learning; Time-series analysis; Time-Series Analysis; Time series; Contrastive Learning; Machine-learning; Industrial internet of thing; Reinforcement learnings; Process optimisation; Continuous time systems; Crushed stone plants; Monitoring system; Scenario Modeling; Scenario models; Solar power plants; Urban transportation","","","","","","","","","","","","","","","","","","","","","","","","","","","","","","","","Proceedings of the 3rd International Conference on Intelligent Computing and Next Generation Networks, ICNGN 2024","","","","","","","","","","","","","","",""
"6NN8DDVH","journalArticle","2025","Banad, Y.M.; Sharif, S.S.; Rezaei, Z.","Artificial intelligence and machine learning for smart grids: from foundational paradigms to emerging technologies with digital twin and large language model-driven intelligence","Energy Conversion and Management: X","","","10.1016/j.ecmx.2025.101329","https://www.scopus.com/inward/record.uri?eid=2-s2.0-105018174809&doi=10.1016%2Fj.ecmx.2025.101329&partnerID=40&md5=d6902469dfa27ed733e7b126b5a6ca5c","The evolution of modern power systems into smart grids is increasingly powered by Artificial Intelligence (AI) and Machine Learning (ML), which provide effective solutions for managing renewable intermittency, dynamic demand, and cybersecurity challenges. This paper presents a comprehensive review of AI/ML applications in smart grids, tracing their development from foundational paradigms to cutting-edge technologies such as Federated Learning (FL), Generative AI (GenAI), Large Language Models (LLMs), the Artificial Intelligence of Things (AIoT), and Digital Twin (DT)-driven intelligence. Enabling infrastructures, including IoT, 5G, edge–cloud ecosystems, and ML-based smart sensors, are discussed alongside advanced approaches such as multi-agent systems. Key applications explored include load forecasting, predictive maintenance, anomaly and cyber-attack detection, demand-side management, and electric vehicle integration. Special emphasis is placed on Digital Twin and LLM architectures, which enable real-time cyber-physical replicas and context-aware reasoning, thus improving predictive analytics, resilience, and autonomous decision-making. Despite notable advancements, challenges remain in interoperability, data privacy, computational scalability, adversarial robustness, and ethical constraints. By synthesizing these insights, the study highlights the transformative role of AI in creating resilient, sustainable, and intelligent energy systems, and outlines future research trajectories toward standardized DT frameworks, active learning paradigms, and LLM-driven energy intelligence. © 2025","2025","2026-03-10 16:54:13","2026-03-10 17:10:21","","","","","28","","","","","","","","","","","","","Scopus","","","","","","","","Artificial intelligence; Energy management; Federated learning; Predictive maintenance; Data privacy; Predictive analytics; Smart grids; Energy; Decision making; Machine learning; Large language models; Interoperability; Renewable energy; Digital twin; Generative AI; Smart grid; Learning systems; Generative artificial intelligence; Large language model; Multi agent systems; Machine-learning; Intelligent agents; Smart power grids; Electric utilities; Language model; Artificial intelligence learning; Electric load forecasting; Emerging technologies; Model-driven; Renewable energies","","","","","","","","","","","","","","","","","","","","","","","","","","","","","","","","","","","","","","","","","","","","","","",""
"A9IUPZW3","journalArticle","2025","Bitam, T.; Yahiaoui, A.; Boubiche, D.E.; Martínez-Peláez, R.; Toral-Cruz, H.; Velarde-Alvarado, P.","Artificial Intelligence of Things for Next-Generation Predictive Maintenance","Sensors","","","10.3390/s25247636","https://www.scopus.com/inward/record.uri?eid=2-s2.0-105026046380&doi=10.3390%2Fs25247636&partnerID=40&md5=33ebaadbe31e3276911d452600590256","Industry 5.0 introduces a shift toward human-centric, sustainable, and resilient industrial ecosystems, emphasizing intelligent automation, collaboration, and adaptive operations. Predictive Maintenance (PdM) plays a critical role in this transition, addressing the limitations of traditional maintenance approaches in increasingly complex and data-driven environments. The convergence of Artificial Intelligence and the Industrial Internet of Things, referred to as the Artificial Intelligence of Things (AIoT), enables real-time sensing, learning, and decision-making for advanced fault detection, Remaining Useful Life estimation, and prescriptive maintenance actions. This study provides a systematic and structured review of AIoT-enabled PdM aligned with Industry 5.0 objectives. It presents a unified taxonomy integrating AI models, Industrial Internet of Things (IIoT) infrastructures, and AIoT architectures; reviews AI-driven techniques, sector-specific implementations in manufacturing, transportation, and energy; and analyzes emerging paradigms such as Edge–Cloud collaboration, federated learning, self-supervised learning, and digital twins for autonomous and privacy-preserving maintenance. Furthermore, this paper synthesizes strengths, limitations, and cross-industry challenges, and outlines future research directions centered on explainability, data quality and heterogeneity, resource-constrained intelligence, cybersecurity, and human–AI collaboration. By bridging technological advancements with Industry 5.0 principles, this review contributes a comprehensive foundation for the development of scalable, trustworthy, and next-generation AIoT-based predictive maintenance systems. © 2025 by the authors.","2025","2026-03-10 16:54:13","2026-03-10 17:10:21","","","","24","25","","","","","","","","","","","","","Scopus","","","","","","","","Artificial intelligence; federated learning; Federated learning; Predictive maintenance; Data privacy; Industry 4.0; predictive maintenance; Industry 5.0; artificial intelligence; Decision making; privacy; digital twin; Self-supervised learning; Smart manufacturing; automation; smart manufacturing; Intelligent automation; decision making; Internet of things; review; infrastructure; internet of things; data quality; taxonomy; Industrial research; Maintenance approaches; Data driven; human; Artificial intelligence of thing; Artificial Intelligence of Things; computer security; Human-centric; Industrial ecosystems; intelligence; Real time sensing; traffic and transport","","","","","","","","","","","","","","","","","","","","","","","","","","","","","","","","","","","","","","","","","","","","","","",""
"Q543Y2Z7","journalArticle","2026","Soomro, S.A.; Mirjat, N.H.; Arshad, N.; Uqaili, M.A.; Khatri, S.A.","Machine learning applications in wind energy production: Current status, challenges, and future directions","Wind Engineering","","","10.1177/0309524X261423723","https://www.scopus.com/inward/record.uri?eid=2-s2.0-105029921110&doi=10.1177%2F0309524X261423723&partnerID=40&md5=5c0a57f156396663a89036874184ca7d","As wind energy capacity surpasses 1136 GW globally, ML technologies prove essential for achieving renewable energy targets and grid stability requirements. Machine learning (ML) has emerged as a transformative technology for wind energy systems, revolutionizing forecasting accuracy, operational efficiency, and system reliability. This comprehensive review synthesizes recent advances across 500+ peer-reviewed studies from 2020 to 2025, revealing 15–40% performance improvements over traditional methods across all major applications. Deep learning approaches achieve up to 99% accuracy in fault detection while optimized forecasting systems reduce Mean Absolute Percentage Error (MAPE) to 5–12% and demonstrate 20% increases in energy value through advanced prediction capabilities. The review examines ML applications spanning wind power forecasting, turbine control optimization, predictive maintenance, and emerging technologies including digital twins and physics-informed neural networks. Critical challenges including data availability, model interpretability, and cross-site generalization are addressed, while future research directions emphasize physics-informed ML, federated learning, and explainable AI approaches. © The Author(s) 2026","2026","2026-03-10 16:54:13","2026-03-10 16:54:13","","","","","","","","","","","","","","","","","","Scopus","","","","","","","","Federated learning; Predictive maintenance; Condition monitoring; wind energy; Reinforcement learning; Fault detection; predictive maintenance; condition monitoring; Deep learning; Predictive analytics; Energy; deep learning; reinforcement learning; systematic review; Learning systems; Data analytics; physics-informed neural networks; Systematic Review; Wind power; Condition; Reinforcement learnings; Neural-networks; Deep neural networks; Physic-informed neural network; SCADA data analytic; SCADA data analytics; Technological forecasting; wind power forecasting; Wind power forecasting","","","","","","","","","","","","","","","","","","","","","","","","","","","","","","","","","","","","","","","","","","","","","","",""
"S8E7NGEP","conferencePaper","2025","Kaur, T.; Bag, A.; Mohamed Imtiaz, N.; Soni, M.; Gantayat, P.K.; Jena, U.K.","Towards Robust Federated Learning in IoT Systems: A Review of Fault-Tolerance Strategies","2025 International Conference on Modern Sustainable Systems (CMSS)","","","10.1109/CMSS66566.2025.11182576","https://www.scopus.com/inward/record.uri?eid=2-s2.0-105022003623&doi=10.1109%2FCMSS66566.2025.11182576&partnerID=40&md5=8fa7697aae48c605a30afea528674601","With the increasing number of devices being connected to the internet, the Internet of Things (IoT) has emerged as a promising technology to enhance the efficiency of various domains, including healthcare, transportation, and manufacturing. However, the reliability of IoT systems poses a significant challenge due to their distributed nature, heterogeneous devices, and dynamic environments. In this context, computational intelligence techniques have been employed to address the reliability issues of IoT systems. This article presents a comprehensive review of recent research on the application of computational intelligence techniques for enhancing the reliability of IoT systems. It provides an overview of IoT systems and the challenges they face concerning reliability. Also, discusses the principles and methodologies of computational intelligence techniques, including machine learning, deep learning, and evolutionary algorithms, and their potential applications in IoT reliability. Furthermore, this review work highlights several case studies that demonstrate the effectiveness of computational intelligence techniques in addressing various reliability issues in IoT systems, such as fault diagnosis, fault tolerance, and fault prediction. The case studies include the use of machine learning for fault detection in smart grids, deep learning for predictive maintenance in manufacturing, and the evolutionary algorithms for optimization of sensor placement in structural health monitoring. © 2025 IEEE.","2025","2026-03-10 15:03:45","2026-03-10 17:05:04","","193-197","","","","","","","","","","","","","","","","Scopus","","","","Journal Abbreviation: 2025 International Conference on Modern Sustainable Systems (CMSS)","","","","Federated learning; Predictive maintenance; Training; Internet of Things; Fault detection; Manufacturing; Deep learning; Reviews; Energy; Fault tolerant systems; Federated; IOT; Learning; Optimization; Evolutionary computation; Fault tolerance; Reliability; Internet of things; Learning systems; Machine-learning; Case-studies; Learning algorithms; Heterogeneous devices; Optimisations; Computational intelligence techniques; Electric fault currents; Evolutionary algorithms; Fault tolerant computer systems; Heterogeneous dynamics; Structural optimization","","","","","","","","","","","","","","","","","","","","","","","","","","","","","","","","Proceedings of International Conference on Modern Sustainable Systems, CMSS 2025","","","","","","","","","","","","","","",""
"FEF78H2X","journalArticle","2025","Ali, A.; Jianjun, H.; Jabbar, A.","Recent Advances in Federated Learning for Connected Autonomous Vehicles: Addressing Privacy, Performance, and Scalability Challenges","IEEE Access","","2169-3536","10.1109/ACCESS.2025.3562128","https://www.scopus.com/inward/record.uri?eid=2-s2.0-105002842902&doi=10.1109%2FACCESS.2025.3562128&partnerID=40&md5=79f85861fa5b4ed1bca2d0341d9ccc2e","This review paper systematically explores the use of Federated Learning (FL) in Connected Autonomous Vehicles (CAVs) to improve vehicle performance, safety and user experience. FL presents a decentralized infrastructure that allows collaborative learning, while also ensuring data privacy, as CAVs increasingly rely on machine learning to process large amounts of sensor data. FL has been demonstrated to contribute to cooperative perception, vehicle trajectory prediction, traffic flow optimization, predictive maintenance, personalized in vehicle experiences, and advanced driver assistance systems (ADAS) through recent advances. Secondly, FL speeds up anomaly and intrusion detection, critical safety and security matters in CAV ecosystems. However, despite all these advancements, there are still challenges of data heterogeneity, communication overhead, security vulnerabilities, model convergence as well as regulatory compliance that constitute major barriers to FL deployment. This paper synthesizes recent contributions on this topic, identifies some gaps in the current research, and proposes future directions to fill those gaps. Federated Learning is a promising technology path towards driving innovations and improving the power and effectiveness of Autonomous Transportation Systems. © 2013 IEEE.","2025","2026-03-10 15:03:45","2026-03-10 17:05:07","","80637-80665","","","13","","IEEE Access","","","","","","","","","","","Scopus","","","","","","","","Federated learning; Data models; Data privacy; data privacy; Computational modeling; Convergence; Differential privacy; Autonomous vehicles; connected and autonomous vehicles; Context modeling; decentralized model training; intelligent transportation systems; privacy preserving; Safety; Systematic literature review; traffic flow optimization; Vehicle dynamics; Autonomous Vehicles; Intelligent transportation systems; Traffic flow; Privacy preserving; Model training; Advanced driver assistance systems; Connected and autonomous vehicle; Decentralized model training; Decentralized models; Flow optimization; Traffic flow optimization","","","","","","","","","","","","","","","","","","","","","","","","","","","","","","","","","","","","","","","","","","","","","","",""
"KDCF86UX","journalArticle","2025","Pawlik, L.; Wilk-Jakubowski, J.L.; Podosek, K.; Wilk-Jakubowski, G.","Machine Learning-Driven Advancements in Electric Motorcycles: A Systematic Review of Electric Motors, Energy Storage, Charging Technologies, and Electronic Components","Energies","","","10.3390/en18174529","https://www.scopus.com/inward/record.uri?eid=2-s2.0-105015442690&doi=10.3390%2Fen18174529&partnerID=40&md5=f3df8c62d38773cbc2c2731cb10680d0","The integration of artificial intelligence (AI) and machine learning (ML) technologies is rapidly transforming the design, operation, and optimization of electric motorcycles. This review analyzes research published between 2015 and 2024, focusing on how ML algorithms enhance performance, energy efficiency, diagnostics, and charging strategies across four key domains: electric motors, energy storage, charging systems, and electronic components. The review highlights state-of-the-art solutions such as torque and range prediction using LSTM/GRU models, predictive maintenance via CNNs and autoencoders, energy flow control in hybrid battery–supercapacitor systems using reinforcement learning, and federated learning for privacy-preserving embedded applications. Comparative insights reveal quantifiable performance gains over traditional methods, while integrated frameworks are proposed for linking ML diagnostics, Vehicle-to-Grid (V2G) functionalities, and renewable energy integration. The paper concludes with targeted recommendations for future research, including lightweight edge-deployable models, Explainable AI for safety-critical applications, and the fusion of intelligent charging with eco-design principles, aiming to enable intelligent, sustainable, and high-performance electric motorcycle systems. © 2025 by the authors.","2025","2026-03-10 16:54:14","2026-03-10 16:54:14","","","","17","18","","","","","","","","","","","","","Scopus","","","","","","","","Predictive maintenance; Reinforcement learning; Energy; Energy efficiency; Electric motors; energy efficiency; Battery management systems; Learning systems; Systematic Review; Energy storage; Machine-learning; sustainability; Charging (batteries); Secondary batteries; Machine components; Model predictive control; Predictive control systems; Artificial intelligence learning; E-learning; battery charging; Design optimization; Electric motorcycle; electric motorcycles; electric motors; electrical components; Electrical components; Electronic component; Electronic equipment; energy storage; Machine learning technology; Network components; System stability; Vehicle performance","","","","","","","","","","","","","","","","","","","","","","","","","","","","","","","","","","","","","","","","","","","","","","",""
"Q7W4XUWM","conferencePaper","2024","Purkayastha, A.A.; Aggarwal, S.","Federated Learning for Predictive Maintenance: A Survey of Methods, Applications, and Challenges","2024 IEEE 67th International Midwest Symposium on Circuits and Systems (MWSCAS)","1558-3899","","10.1109/MWSCAS60917.2024.10658900","https://www.scopus.com/inward/record.uri?eid=2-s2.0-85204965784&doi=10.1109%2FMWSCAS60917.2024.10658900&partnerID=40&md5=991f9047bd6417353ac9fe52847267d4","Predictive maintenance plays a crucial role across diverse domains, ensuring operational efficiency and reliability. However, the increasing need for securing predictive maintenance, coupled with system vulnerabilities presents significant challenges. This paper explores the application of federated learning (FL) in predictive maintenance, focusing on its advantages in bandwidth efficiency, privacy preservation, reduced power consumption, lower latency and faster training times. We further investigate the potential and challenges of FL in predictive maintenance practices.  © 2024 IEEE.","2024","2026-03-10 15:03:45","2026-03-10 17:05:20","","238-242","","","","","","","","","","","","","","","","Scopus","","","","Journal Abbreviation: 2024 IEEE 67th International Midwest Symposium on Circuits and Systems (MWSCAS)","","","","Federated learning; Predictive maintenance; Training; Privacy; Anomaly detection; Circuits and systems; Power demand; Spectral efficiency; Surveys; Contrastive Learning; Adversarial machine learning; Scheduled maintenance; Privacy preservation; Operational efficiencies; Bandwidth efficiency; Diverse domains; Efficiency and reliability; Operational reliability; Reduced power consumption; System vulnerability","","","","","","","","","","","","","","","","","","","","","","","","","","","","","","","","Midwest Symposium on Circuits and Systems","","","","","","","","","","","","","","",""
"MJNC3C5A","conferencePaper","2025","Kumar, L.; Kumar, A.","Securing Digital Twins in Autonomous Vehicles: Cyber Threats, Mitigation Strategies, and Innovative Security Solutions","2025 Second International Conference on Cognitive Robotics and Intelligent Systems (ICC - ROBINS)","","","10.1109/ICC-ROBINS64345.2025.11086226","https://www.scopus.com/inward/record.uri?eid=2-s2.0-105013456466&doi=10.1109%2FICC-ROBINS64345.2025.11086226&partnerID=40&md5=8f5dcedab3eae8f4eefd1b32b563b32b","Digital Twin (DT) technology in the Autonomous Vehicles (AVs) has revolutionized vehicle design, predictive maintenance, and real-time decision-making. For instance, by virtualizing physical assets, Digital Twins allow for optimization based on data, and learning in a simulation context. However, integration poses risks such as cyber-attacks in various forms: a data breach, sensor spoofing, adversarial attack, ransomware, and even model poisoning. These vulnerabilities would lead to the unauthorized access of systems, operational failure, and decision-making compromise, with a threat to the safety and reliability of the AV ecosystems. This review work provides a comprehensive analysis of the challenges in DT-enabled AVs from the cybersecurity standpoint, focusing on key attack surfaces such as cloud-based DT platforms, AI-driven analytics, and vehicle-to-everything (V2X) communications. In fact, it further advances cutting-edge mitigation strategies such as blockchain-based authentication, federated learning for secure model training, AI-driven intrusion detection, and quantumresistant cryptographic techniques.  © 2025 IEEE.","2025","2026-03-10 15:04:18","2026-03-10 17:05:26","","146-151","","","","","","","","","","","","","","","","Scopus","","","","Journal Abbreviation: 2025 Second International Conference on Cognitive Robotics and Intelligent Systems (ICC - ROBINS)","","","","Federated learning; Predictive maintenance; Federated Learning; Real-time systems; Digital twins; Blockchain; Data integrity; Data Integrity; Digital Twin; Reviews; Decision making; Big data; Reliability; Autonomous vehicles; Computer security; Cybersecurity; Intrusion detection; Cryptography; Vehicle-to-everything; Adversarial Attacks; AI Security; Autonomous Vehicles; Cyber Threats; Digital Twin Cloning; Intrusion Detection; Model Poisoning; Prevention and mitigation; Quantum Cryptography; Sensor Spoofing; V2X Communication; Digital twin; Network security; Cyber security; AI security; Malware; Block-chain; Cyber threats; Crime; Digital twin cloning; Intrusion-Detection; Model poisoning; Sensor spoofing; V2X communication","","","","","","","","","","","","","","","","","","","","","","","","","","","","","","","","Proceedings of 2025 2nd International Conference on Cognitive Robotics and Intelligent Systems, ICC - ROBINS 2025","","","","","","","","","","","","","","",""
"WPD6UAZM","journalArticle","2025","Mahesa, G.; Tajri, A.; Pujito, E.A.; Rizal, M.; Bagaskara, D.A.; Efgivia, M.G.","Integration of Artificial Intelligence in Network Technology: A Literature Review","International Journal of Emerging Research in Engineering, Science, and Management","","","10.58482/ijeresm.v4i2.4","https://www.scopus.com/inward/record.uri?eid=2-s2.0-105029720799&doi=10.58482%2Fijeresm.v4i2.4&partnerID=40&md5=f15c12f6cb0b767c9460831fc05e7418","Integrating Artificial Intelligence (AI) and network technology represents a transformative advancement in modern networks' protection, management, and optimisation. This literature review presents a comprehensive overview of current developments, existing challenges, and future directions for AI applications in computer networking. The primary aim is synthesising recent research to illustrate how AI-driven technologies reshape traditional network models and drive the shift toward more intelligent, autonomous, and resilient infrastructures, particularly in emerging 5G and forthcoming 6G networks. Network systems have evolved from simple analogue designs into complex digital ecosystems that support high-speed communication, intelligent devices, and data-intensive applications. However, this rapid growth has outpaced the capabilities of traditional rule-based network management approaches, highlighting the need for adaptive, real-time solutions. AI through machine learning (ML) and deep learning (DL) offers powerful data processing, pattern recognition, and autonomous decision-making capabilities, positioning it as a key enabler for managing growing complexity, enhancing security, and supporting autonomous operations. A systematic review was employed to ensure methodological rigour, focusing on peer-reviewed journal articles, leading conference papers, and expert analyses related to AI use in network security, administration, and optimisation. Thematic and comparative analyses were conducted to identify key trends, performance indicators, and innovative developments across various network layers, particularly emerging AI paradigms such as dynamic graph learning, federated learning, and explainable AI (XAI). The review finds that AI significantly improves network performance, including enhanced intrusion detection, advanced threat analysis, intelligent traffic routing, predictive maintenance, and autonomous resource allocation. Furthermore, AI is instrumental in enabling the full potential of 5G and future 6G technologies, supporting features like network slicing, ultra-low latency communication, and novel use cases such as real-time remote healthcare and immersive extended reality (XR) experiences. Despite these advancements, several research gaps remain. These include the lack of standardisation, challenges balancing model interpretability with accuracy, real-time explainability, developing lightweight AI models suited for constrained networking hardware, and concerns around privacy and ethical use. This review ultimately underscores the importance of continued interdisciplinary collaboration to ensure responsible, effective, and sustainable integration of AI into networking. As the digital landscape continues to grow, AI will be essential in driving the development of faster, more intelligent, and more secure network environments. © 2025, JPM Publishers. All rights reserved.","2025","2026-03-10 16:54:14","2026-03-10 16:54:14","","23-31","","2","4","","","","","","","","","","","","","Scopus","","","","","","","","Machine Learning; Artificial Intelligence; Deep Learning; Network Automation; Network Optimization; Smart Networks","","","","","","","","","","","","","","","","","","","","","","","","","","","","","","","","","","","","","","","","","","","","","","",""
"FZPJ9VXY","conferencePaper","2025","Cherradi, H.; Elasri, A.; Lamrani, D.; Hamida, S.; Cherradi, B.; Rebbani, A.","Modeling in Industry 4.0: Key Tools and Techniques for Optimization","2025 5th International Conference on Innovative Research in Applied Science, Engineering and Technology (IRASET)","","","10.1109/IRASET64571.2025.11008046","https://www.scopus.com/inward/record.uri?eid=2-s2.0-105007808526&doi=10.1109%2FIRASET64571.2025.11008046&partnerID=40&md5=8f4c0c2e45cfaa6fd8fff54d19e33e0f","The advent of Industry 4.0 has revolutionized production and maintenance systems, driving unprecedented levels of efficiency, sustainability, and reliability. However, this review also considers the evolving landscape with the emergence of Industry 5.0, where human ingenuity and machine capabilities collaborate more seamlessly. This review examines the transformative tools and technologies integral to Industry 4.0, including digital twins, federated learning, agent AI, and cyber-physical systems. By synthesizing insights from peer-reviewed articles, technical reports, and case studies, the study provides a comprehensive exploration of these advanced methodologies, emphasizing their practical applications in intelligent manufacturing. The analysis highlights the significant benefits - such as enhanced operational performance, predictive maintenance, and real-time decision-making - while addressing challenges like data privacy, computational demands, and system scalability. It offers insights into solutions that can pave the way for smoother transitions into Industry 5.0. The findings aim to establish a foundation for the development of innovative, adaptive models tailored to the dynamic, interconnected ecosystems of Industry 4.0. © 2025 IEEE.","2025","2026-03-10 15:04:18","2026-03-10 17:05:36","","1-11","","","","","","","","","","","","","","","","Scopus","","","","Journal Abbreviation: 2025 5th International Conference on Innovative Research in Applied Science, Engineering and Technology (IRASET)","","","","Federated learning; Predictive maintenance; Real-time systems; Adaptation models; Sustainable development; Fourth Industrial Revolution; Industry 4.0; Digital twins; Fifth Industrial Revolution; Computational modeling; Reviews; Cyber-physical systems; Machine learning; Ecosystems; Agent AI; Cyber Physical Systems; Digital twin; Modeling and Simulation; Intelligent systems; Optimisations; Maintenance systems; Cybe-physical systems; Artificial life; Machine capabilities; Model and simulation; Production system; Tools and techniques; Tools and technologies","","","","","","","","","","","","","","","","","","","","","","","","","","","","","","","","2025 5th International Conference on Innovative Research in Applied Science, Engineering and Technology, IRASET 2025","","","","","","","","","","","","","","",""
"8Q4P5A5M","conferencePaper","2025","Zhao, Q.; Lolli, F.; Balugani, E.; Gamberini, R.","A tertiary review of condition-based maintenance literature: insights and future directions","","","","","https://www.scopus.com/inward/record.uri?eid=2-s2.0-105018611115&partnerID=40&md5=a9bdfdcfb91bb8c474bd7edd96f65cc0","Condition-Based Maintenance (CBM) optimizes asset management by integrating multisensor data, advanced analytics, and decision-making. This tertiary review analyzes CBM’s evolving architecture across sensing, analytics, and decision layers. It highlights mature vibration sensing, challenges in applying deep learning models industrially, and complexities in edge-cloud integration and digital twin deployment. Multimodal sensor fusion improves fault diagnosis but faces practical issues like synchronization and cost. Despite academic progress, gaps remain between research and industrial use due to data variability and lack of standardization. Future work should focus on physics-informed learning, federated learning, autonomous sensing, and scalable digital twins. This review identifies key challenges and paths for broader CBM adoption. © 2025, AIDI-Italian Association of Industrial Operations Professors. All rights reserved.","2025","2026-03-10 16:54:14","2026-03-10 16:54:14","","","","","","","","","","","","","","","","","","Scopus","","","","","","","","Predictive Maintenance; Digital Twin; Deep Learning; Multimodal Sensor Fusion; Condition-Based Maintenance","","","","","","","","","","","","","","","","","","","","","","","","","","","","","","","","Proceedings of the Summer School Francesco Turco","","","","","","","","","","","","","","",""
"UVPZYYK6","journalArticle","2025","Agrawal, K.; Goktas, P.; Kumar, N.; Leung, M.-F.","Artificial intelligence in personalized nutrition and food manufacturing: a comprehensive review of methods, applications, and future directions","Frontiers in Nutrition","","","10.3389/fnut.2025.1636980","https://www.scopus.com/inward/record.uri?eid=2-s2.0-105012588011&doi=10.3389%2Ffnut.2025.1636980&partnerID=40&md5=d323b1fc056a67fd8dddb1ff813a7e60","Artificial Intelligence (AI) is emerging as a key driver at the intersection of nutrition and food systems, offering scalable solutions for precision health, smart manufacturing, and sustainable development. This study aims to present a comprehensive review of AI-driven innovations that enable precision nutrition through real-time dietary recommendations, meal planning informed by individual biological markers (e.g., blood glucose or cholesterol levels), and adaptive feedback systems. It further examines the integration of AI technologies in food production, such as machine learning–based quality control, predictive maintenance, and waste minimization, to support circular economy goals and enhance food system resilience. Drawing on advances in deep learning, federated learning, and computer vision, the review outlines how AI transforms static, population-level dietary models into dynamic, data-informed frameworks tailored to individual needs. The paper also addresses critical challenges related to algorithmic transparency, data privacy, and equitable access, and proposes actionable pathways for ethical and scalable implementation. By bridging healthcare, nutrition, and industrial domains, this study offers a forward-looking roadmap for leveraging AI to build intelligent, inclusive, and sustainable food–health ecosystems. Copyright © 2025 Agrawal, Goktas, Kumar and Leung.","2025","2026-03-10 16:54:14","2026-03-10 17:10:29","","","","","12","","","","","","","","","","","","","Scopus","","","","","","","","federated learning; machine learning; artificial intelligence; predictive analytics; food manufacturing; personalized nutrition","","","","","","","","","","","","","","","","","","","","","","","","","","","","","","","","","","","","","","","","","","","","","","",""
"CCQDWYGZ","journalArticle","2025","Vashishtha, G.; Chauhan, S.; Sehri, M.; Zimroz, R.; Dumond, P.; Kumar, R.; Gupta, M.K.","A roadmap to fault diagnosis of industrial machines via machine learning: A brief review","Measurement: Journal of the International Measurement Confederation","","","10.1016/j.measurement.2024.116216","https://www.scopus.com/inward/record.uri?eid=2-s2.0-85209254329&doi=10.1016%2Fj.measurement.2024.116216&partnerID=40&md5=3492799753f3c93826f4d3ccf04825f1","In fault diagnosis, machine learning theories are gaining popularity as they proved to be an efficient tool that not only reduces human effort but also identifies the health conditions of the machines automatically. In this work, an attempt has been made to systematically review the progress of machine learning theories in fault diagnosis from scratch to future perspectives. Initially, artificial intelligence came into the picture which started to weaken the human effort whose efficiency relies on feature extraction which depends on expert knowledge. The introduction of deep learning theories has reformed the fault diagnosis process by realising the artificial aid, encouraging end-to-end encryption in the diagnostic procedure. The deep learning theories have also filled the gap between the large amount of monitoring data and the health conditions of industrial machines. The future of deep learning theories i.e. transfer learning which uses the knowledge of one domain to another related domain during fault diagnosis has been reviewed. In last, the research trends of the machine learning theories have been briefly discussed along with their challenges in fault diagnostics. © 2024 Elsevier Ltd","2025","2026-03-10 16:54:14","2026-03-10 16:54:14","","","","","242","","","","","","","","","","","","","Scopus","","","","","","","","Federated learning; Condition monitoring; Deep learning; Machine learning; Contrastive Learning; Adversarial machine learning; Machine-learning; Condition; Features extraction; Faults diagnosis; Industrial machines; Health condition; Future perspectives; Learning Theory; Roadmap","","","","","","","","","","","","","","","","","","","","","","","","","","","","","","","","","","","","","","","","","","","","","","",""
"97TCIEFS","journalArticle","2025","Parvathareddy, S.; Yahya, A.; Amuhaya, L.; Samikannu, R.; Suglo, R.S.","Transforming mining energy optimization: a review of machine learning techniques and challenges","Frontiers in Energy Research","","","10.3389/fenrg.2025.1569716","https://www.scopus.com/inward/record.uri?eid=2-s2.0-105007533455&doi=10.3389%2Ffenrg.2025.1569716&partnerID=40&md5=93d0d87bfd0da31ed95e4d6b83f06ce6","Mining is among the most energy-intensive industrial sectors, with processes such as drilling, crushing,and ore processing driving substantial operational costs and environmental impacts. Effective energymanagement is critical to addressing these challenges, particularly in the context of decarbonizationtargets and the complexities of remote site operations. Machine Learning (ML) offers domain-specificopportunities for optimizing energy usage through predictive maintenance, demand forecasting, and realtime process control. This study presents a Scoping Systematic Literature Review (SSLR) of over 75recent publications focused on ML applications within mining energy systems. Techniques such as Random Forests, Neural Networks, and Long Short-Term Memory (LSTM) models demonstrate significant potential in enhancing operational efficiency, minimizing unplanned downtime, and reducing energy consumption. Advanced frameworks—including Reinforcement Learning and Digital Twins—further address mining-specific requirements such as fluctuating ore loads, harsh environmental conditions, and limited communication infrastructure. Despite increasing adoption, key challenges persist, including high implementation costs, limited interpretability, and the complexity of deploying ML in off-grid environments. The review identifies practical strategies to overcome these barriers, such as model compression for edge computing, federated learning for secure multi-site collaboration, and explainable AI for decision traceability. These findings provide targeted guidance for developing scalable, resilient, and energy-aware machine learning (ML) systems tailored to the unique operational demands of the mining sector and aligned with global sustainability goals. Copyright © 2025 Parvathareddy, Yahya, Amuhaya, Samikannu and Suglo.","2025","2026-03-10 16:54:14","2026-03-10 16:54:14","","","","","13","","","","","","","","","","","","","Scopus","","","","","","","","Predictive maintenance; predictive maintenance; Deep learning; machine learning; Energy; deep learning; Deep reinforcement learning; energy management; Mining industry; Machine-learning; Machine learning techniques; Process optimisation; Power management (telecommunication); sustainability; Energy optimization; Industrial sector; Crushing; energy demand forecasting; Energy demand forecasting; mining industry; process optimization; Remote sites","","","","","","","","","","","","","","","","","","","","","","","","","","","","","","","","","","","","","","","","","","","","","","",""
"W9JDM5AM","conferencePaper","2024","Shehata, A.; Mohammed, O.D.","Machine Learning Techniques for Vibration-Based Condition Monitoring-A Review","","","","10.1109/PHM61473.2024.00049","https://www.scopus.com/inward/record.uri?eid=2-s2.0-85214699806&doi=10.1109%2FPHM61473.2024.00049&partnerID=40&md5=192bb487368b79ac76fb0a0114c7977b","Applying Health Management (HM) and specifically Condition Monitoring (CM) techniques is necessary to maintain the healthy condition of the system. Machine Learning (ML), which is a subset of Artificial Intelligence (AI) where a computerized program is learned to perform a task by finding patterns in data, can be useful for this purpose. Recently ML has been applied for CM, and due to the huge development in cloud computing and high-performance computers, the ability of the machine to learn patterns in a huge amount of data becomes possible. The advantage is that computers can now process big data in real time and suggest some possible actions to overcome challenges. One of the challenges is the application of ML for Vibration-based CM. Unwanted vibrations in mechanical systems may harm the system's structural integrity and diminish the equipment's efficiency. In the current article, the application and significant influence of ML algorithms on the CM of mechanical systems are reviewed and discussed. The review gives a good understanding of the application of the recent ML techniques in the HM strategies of mechanical vibrations in different engineering applications.  © 2024 IEEE.","2024","2026-03-10 16:54:15","2026-03-10 16:54:15","","229-234","","","","","","","","","","","","","","","","Scopus","","","","","","","","Federated learning; Machine Learning; Supervised learning; Self-supervised learning; AI; Supervised Learning; Condition Monitoring; Mechanical systems; Adversarial machine learning; Machine-learning; Monitoring techniques; Machine learning techniques; Condition; Cloud-computing; Machine vibrations; Computerised programs; Health management; Health Management; High performance computers; Mechanical; Mechanical Vibrations","","","","","","","","","","","","","","","","","","","","","","","","","","","","","","","","Proceedings - 2024 Prognostics and System Health Management Conference, PHM 2024","","","","","","","","","","","","","","",""
"AB58X3J8","journalArticle","2025","Daraio, C.; Di Leo, S.; Orsini, J.","An Integrated and Flexible Review Framework to Evaluate the Evolution and Barriers of Digital-Twin Technologies in Industrial and Healthcare Domains","Global Journal of Flexible Systems Management","","","10.1007/s40171-025-00447-x","https://www.scopus.com/inward/record.uri?eid=2-s2.0-105007145165&doi=10.1007%2Fs40171-025-00447-x&partnerID=40&md5=c0b07736a23427bea7de5c1c294e38c5","Digital-twin (DT) technologies are revolutionizing both industrial and healthcare domains, albeit at different stages of maturity and application complexity. This paper presents a novel Integrated Flexible Systematic Review (IFSR) framework to analyse the DTs adoption across these two sectors. Through two domain-specific systematic literature reviews comprising 133 rigorously selected articles, we identify key trends, enablers, and sector-specific barriers. Our findings reveal that while industrial DTs are widely applied in predictive maintenance, supply chain resilience, and smart manufacturing, healthcare DTs are still emerging, showing promise in personalized medicine, surgical simulation, and patient-specific diagnostics. A critical result is the identification of cross-domain spillover effects, where industrial innovations like real-time analytics, Augmented Reality/Virtual Reality (AR/VR), and federated learning are beginning to influence healthcare practices. Conversely, healthcare’s high demands for precision and ethics are enhancing DTs development in industry. The analysis uncovers interoperability gaps, regulatory constraints, and computational challenges as primary adoption barriers, particularly in healthcare. This study contributes both methodologically, by proposing a dynamic, cross-sectoral review model, and substantively, by highlighting how DTs flexibility, when aligned with flexible system management principles, can foster adaptive, secure, and interoperable solutions. Future research directions are proposed to enhance DTs autonomy, privacy, and integration in both fields. © The Author(s) under exclusive licence to Global Institute of Flexible Systems Management 2025.","2025","2026-03-10 16:54:15","2026-03-10 17:10:30","","625-648","","3","26","","","","","","","","","","","","","Scopus","","","","","","","","Digital twins; Healthcare; Industrial applications; Flexible review; Systematic review","","","","","","","","","","","","","","","","","","","","","","","","","","","","","","","","","","","","","","","","","","","","","","",""
"537LB3A2","journalArticle","2026","Mokrzan, D.; Nowakowski, T.; Szymański, G.M.","Vibroacoustic Methods for Wheel-Flat Detection: Toward Safer and More Energy-Efficient Rail Transport—A Review","Applied Sciences (Switzerland)","","","10.3390/app16042017","https://www.scopus.com/inward/record.uri?eid=2-s2.0-105031412354&doi=10.3390%2Fapp16042017&partnerID=40&md5=fcac25b5a07a86c3686a7a42514b9bf9","Flat spots on railway wheels critically threaten operational safety, accelerating track damage, noise pollution, and energy waste. Their repetitive, high-magnitude impacts dissipate mechanical energy as ground vibration and noise, directly reducing traction efficiency. This paper presents a comprehensive review of recent vibration and acoustic detection methods, comparing onboard and stationary wayside systems. The literature from 2019 to 2025 shows a trend toward machine learning and deep learning, often reaching nearly 100% accuracy in laboratory or simulated settings. However, most studies lack real-world validation with naturally occurring defects. Bridging this gap requires industry–academic collaboration for operational data and testing. Crucially, systems must classify defect severity in line with maintenance thresholds rather than focus on minor, non-actionable faults. Integrating these technologies into condition-based maintenance and predictive digital twins will enable optimization of scheduling and work orders. Future efforts should leverage edge computing for real-time analysis, federated learning for data scarcity, and energy harvesting for sensor autonomy. The goal is to develop field-validated, integrated systems that enhance safety, reduce energy loss, and improve reliability. © 2026 by the authors.","2026","2026-03-10 16:54:15","2026-03-10 16:54:15","","","","4","16","","","","","","","","","","","","","Scopus","","","","","","","","federated learning; Predictive maintenance; Condition monitoring; predictive maintenance; Deep learning; machine learning; Predictive analytics; Energy; digital twin; Energy efficiency; deep learning; Rails; simulation; review; Learning systems; Acoustic noise; sensor; energy; reliability; Machine-learning; Condition based maintenance; Condition; Defects; human; vibration; noise; Railroad transportation; Railroads; Energy dissipation; fatigue; harvesting; noise pollution; On-board systems; onboard systems; railway; railway condition monitoring; Railway condition monitoring; traction therapy; Vehicle wheels; Vibrations (mechanical); Vibro-acoustics analysis; vibroacoustic analysis; Wayside system; wayside systems; Wheel flat; wheel-flat detection; Wheel-flat detection","","","","","","","","","","","","","","","","","","","","","","","","","","","","","","","","","","","","","","","","","","","","","","",""
"3BUJUAZX","conferencePaper","2024","Chandu, H.S.","Leveraging IoT for Enhanced Industrial Automation: Innovations and Applications","2024 2nd International Conference on Advances in Computation, Communication and Information Technology (ICAICCIT)","","","10.1109/ICAICCIT64383.2024.10912136","https://www.scopus.com/inward/record.uri?eid=2-s2.0-105001377669&doi=10.1109%2FICAICCIT64383.2024.10912136&partnerID=40&md5=aefa97045c8bbcfc4fcc07b81a97252d","The IoT is a relatively new and exciting field in computer science that is expanding rapidly worldwide. Background: IoT has seen substantial growth due to advancements in wireless networking, enhanced sensors, and IoT platforms, as well as the convergence of cloud and edge computing. Objective: The paper aims to assess the innovations in IoT, evaluate their applications in industrial automation, and identify key challenges and opportunities for further research. Methods: The review covers recent advancements, such as the application of Federated Learning for enhancing IoT security, the use of large-scale blockchains for data integrity, and the integration of digital twins and containerisation in robotics. Key areas of industrial application, including predictive maintenance, supply chain management, and real-time environmental control, are explored. Results: The findings highlight significant improvements in cost savings, reliability, and safety through IoT in industrial automation. However, challenges such as network generalization, real-world applicability, and efficient resource usage remain. Conclusion: More effective and dependable systems might be the result of future research that tackles these issues and increases the influence of IoT technology in industrial automation. © 2024 IEEE.","2024","2026-03-10 15:04:18","2026-03-10 17:05:57","","536-541","","","1","","","","","","","","","","","","","Scopus","","","","Journal Abbreviation: 2024 2nd International Conference on Advances in Computation, Communication and Information Technology (ICAICCIT)","","","","Predictive maintenance; IoT; Automation; Sensors; predictive maintenance; edge computing; Technological innovation; Wireless communication; Edge computing; industrial automation; Industrial automation; Service robots; Wireless sensor networks; 5G; Supply chain management; supply chain optimization; Supply chains; Mobile edge computing; 5G mobile communication systems; Cloud-computing; Large-scales; 5g; Exciting field; Supply chain optimization; Wireless networking","","","","","","","","","","","","","","","","","","","","","","","","","","","","","","","","2024 2nd International Conference on Advances in Computation, Communication and Information Technology, ICAICCIT 2024","","","","","","","","","","","","","","",""
"EUP3U5CJ","journalArticle","2026","Mohammed, B.","The sentient infrastructure paradigm: a review of novel sensors, digital twins, and AI for civil structural health monitoring","Sensor Review","","","10.1108/SR-10-2025-0822","https://www.scopus.com/inward/record.uri?eid=2-s2.0-105028989161&doi=10.1108%2FSR-10-2025-0822&partnerID=40&md5=2678c404858c9e18044be02e97d56a7d","Purpose – This study aims to synthesize the “Sentient Infrastructure” paradigm, a transformative shift from reactive to proactive civil infrastructure management. The author critically analyze the synergistic integration of a sensor “Nervous System, ” a dynamic “Digital Brain” (Digital Twins) and an artificial intelligence (AI) “Cognition Engine, ” supported by a secure Internet of Things “Circulatory System.” By framing these technologies into a bio-inspired, closed-loop architecture, this work provides a holistic blueprint for creating intelligent, self-aware cyber-physical infrastructure capable of autonomous diagnosis, prognosis and adaptive resilience, ultimately paving the way for safer and more sustainable infrastructure management. Design/methodology/approach – This review adopts a systematic, multidisciplinary approach integrating civil engineering, materials science and AI. It synthesizes over 100 recent studies on novel sensors, dynamic digital twins and AI-driven diagnostics to construct a unified *Sentient Infrastructure* framework. The methodology includes comparative analyses of sensing technologies, mathematical modeling of data assimilation using Ensemble Kalman Filters, and evaluation of AI models such as physics-informed and generative neural networks. Additionally, real-world case studies illustrate practical implementations and performance metrics, validating how the integration of sensing, modeling and cognition enables adaptive, real-time and resilient infrastructure management. Findings – The study reveals that integrating advanced sensors, dynamic digital twins and AI-driven cognition transforms infrastructure from passive systems into adaptive, self-aware entities. Novel sensors like TENGs and distributed fiber optics enable dense, continuous monitoring; data assimilation through Ensemble Kalman Filters ensures real-time model fidelity; and physics-informed AI enhances diagnostic accuracy and remaining useful life prediction. Case studies confirm up to 80% improvement in model precision and 99% reduction in damage detection time. Collectively, these technologies establish a closed-loop framework that enables predictive maintenance, operational efficiency and resilient infrastructure management across diverse civil applications. Research limitations/implications – While the Sentient Infrastructure paradigm shows transformative potential, its large-scale deployment faces several limitations. High implementation costs, lack of interoperability standards and uncertainties in long-term sensor durability pose practical challenges. Additionally, the complexity and opacity of AI models raise trust and explainability issues for safety-critical decisions. Data governance, privacy and cybersecurity concerns also remain unresolved. These limitations imply a strong need for interdisciplinary research in federated learning, neuromorphic edge computing and explainable AI to ensure scalable, transparent and secure adoption of sentient infrastructure systems in real-world civil engineering and smart city environments. Practical implications – The Sentient Infrastructure paradigm offers significant practical benefits for engineers, asset managers and policymakers. By integrating self-powered sensors, dynamic digital twins and AI-driven analytics, it enables real-time condition assessment, predictive maintenance and optimized resource allocation. This reduces inspection costs, minimizes downtime and enhances public safety. Case studies demonstrate measurable improvements in model accuracy, early fault detection and lifecycle management. The framework also supports smart city development through system-of-systems integration, allowing coordinated management of bridges, tunnels and utilities. Overall, it provides a scalable pathway toward resilient, data-driven and self-adaptive civil infrastructure systems. Social implications – The Sentient Infrastructure paradigm holds profound social benefits by enhancing the safety, reliability and sustainability of critical public assets. Continuous, intelligent monitoring reduces the risk of catastrophic failures, protecting lives and communities. Predictive maintenance optimizes public spending, freeing resources for social development. Moreover, resilient infrastructure strengthens disaster preparedness and climate adaptability, ensuring uninterrupted mobility and essential services. The integration of explainable AI fosters transparency and public trust in automated decision-making. Ultimately, this paradigm contributes to building smarter, safer and more sustainable cities that improve quality of life and societal resilience. Originality/value – This paper introduces the *Sentient Infrastructure* paradigm as a novel, integrative framework that redefines civil infrastructure as a self-aware cyber-physical system. Unlike prior studies focusing separately on sensors, digital twins or AI, it unifies these domains into a cohesive architecture comprising a “nervous system, ” “digital brain, ” and “cognition engine.” The work’s originality lies in its systems-level synthesis, the introduction of bioinspired analogies for infrastructure intelligence and the use of physics-informed and generative AI for real-time diagnosis and prognosis. It provides a visionary yet practical roadmap for transforming infrastructure management from reactive to predictive and autonomous. © 2026 Emerald Publishing Limited","2026","2026-03-10 16:54:15","2026-03-10 16:54:15","","1-19","","","","","","","","","","","","","","","","Scopus","","","","","","","","Predictive maintenance; Interoperability; Digital twin; Integration; Self-aware; Real time systems; Advanced sensor technologies; Health monitoring; Damage detection; Diagnosis; Fiber optic sensors; Infrastructure managements; Infrastructure resilience; Infrastructure resiliences; Physic-informed artificial intelligence; Physics-informed artificial intelligence; Sensor dynamic; Sentient infrastructure; Structural health; Structural health monitoring; Structural health monitoring (SHM)","","","","","","","","","","","","","","","","","","","","","","","","","","","","","","","","","","","","","","","","","","","","","","",""
"9E4RLEL7","journalArticle","2025","Tatiya, M.; Darade, M.M.; Shinde, B.A.; Kumbhare, M.P.; Taware, R.D.; Chougule, S.M.; Dixit, S.M.; Kurhade, A.S.","AI Applications in Tailings and Waste Management: Improving Safety, Recycling, and Water Utilization","Applied Chemical Engineering","","","10.59429/ace.v8i4.5789","https://www.scopus.com/inward/record.uri?eid=2-s2.0-105023056125&doi=10.59429%2Face.v8i4.5789&partnerID=40&md5=a1d4d9daf8c42ee4b09575eab54d0e1d","Artificial Intelligence (AI) is transforming tailings and waste management in the mining sector by improving safety, enhancing recycling efficiency, and optimizing water utilization. Traditional monitoring and waste handling approaches often lack scalability, real-time responsiveness, and predictive accuracy, limiting their effectiveness in preventing environmental and operational failures. This review systematically examines AI-driven applications across tailings dam safety, waste recycling, and intelligent water management, drawing insights from over 80 recent studies. Quantitative evidence indicates that AI-based monitoring systems can detect potential dam failures up to 30–40% earlier than conventional methods, while reinforcement learning and neural-network models improve mineral recovery by 10–25% with reduced chemical consumption. In water reuse operations, machine learning optimization achieves up to 35% savings in freshwater demand through closed-loop control. The paper highlights emerging integrations of AI with Explainable AI (XAI), Federated Learning (FL), and Circular Economy (CE) models that collectively support sustainable and transparent mining practices. Persistent barriers such as poor data quality, inadequate infrastructure, and lack of regulatory clarity are also discussed, along with future research directions. The findings demonstrate AI’s potential to transition mining operations toward safer, more efficient, and environmentally responsible systems. © 2025 by author(s).","2025","2026-03-10 16:54:15","2026-03-10 16:54:15","","","","4","8","","","","","","","","","","","","","Scopus","","","","","","","","Artificial intelligence; predictive maintenance; machine learning; computer vision; sustainable mining; tailings management; waste valorization; water reuse optimization","","","","","","","","","","","","","","","","","","","","","","","","","","","","","","","","","","","","","","","","","","","","","","",""
"KPHB6J3T","journalArticle","2026","Ferdaus, M.M.; Dam, T.; Sarkar, M.R.; Uddin, M.; Anavatti, S.G.","Foundation models for clean energy forecasting: A comprehensive review","Renewable and Sustainable Energy Reviews","","","10.1016/j.rser.2025.116452","https://www.scopus.com/inward/record.uri?eid=2-s2.0-105020812595&doi=10.1016%2Fj.rser.2025.116452&partnerID=40&md5=f471648600b31b0ddde884bc20700b6a","As global energy systems transition to clean energy, accurate renewable generation forecasting is imperative for effective grid management. Foundation Models (FMs), which are large-scale, pre-trained neural networks capable of learning adaptable representations from large datasets, possess transformative potential for renewable energy forecasting by effectively analyzing intricate, high-dimensional time-series data and adapting to a variety of downstream tasks. This review examines FMs in renewable energy forecasting, with primary emphasis on wind and solar power generation. We systematically analyze how FMs address diverse forecasting scenarios spanning multiple temporal scales (ultra-short to long-term), spatial resolutions (individual installations to system-wide), data modalities (univariate to multi-modal), and operational contexts (zero-shot to supervised learning). The focus on generation forecasting rather than demand forecasting is motivated by the unique challenges of renewable generation, including weather dependency, spatial-temporal variability, and intermittency, which necessitate specialized multi-modal data integration (satellite imagery, numerical weather prediction, atmospheric modeling) distinct from the socioeconomic and behavioral patterns characterizing load prediction. An overview of FM architectures, pre-training strategies, fine-tuning methods, and data modalities used in renewable energy forecasting is presented. Particular emphasis is placed on large-scale, domain-specific Transformer architectures that capture spatial-temporal correlations, embed domain knowledge, and address the intermittent nature of renewable generation. Recent FM-based advancements in forecast accuracy are assessed, including multi-scale temporal prediction reconciliation and uncertainty quantification methods. Existing challenges and areas for improvement in long-term and multi-variate time series forecasting are reviewed. A distinction between theoretical developments and practical deployment considerations is established throughout the survey. The strengths and weaknesses of FMs are critically assessed, and future research directions in this rapidly emerging area are advanced. © 2025 Elsevier Ltd","2026","2026-03-10 16:56:12","2026-03-10 16:56:12","","","","","226","","","","","","","","","","","","","Scopus","","","","","","","","Neural networks; Deep learning; Transformers; Foundation models; Renewable energy; Solar energy; Data integration; Frequency modulation; Transformer; Weather forecasting; Time series; Time series forecasting; Energy forecasting; Energy prediction; Wind power; Large datasets; Renewable energies; Wind power forecasting; Modal analysis; Renewable generation; Solar energy prediction","","","","","","","","","","","","","","","","","","","","","","","","","","","","","","","","","","","","","","","","","","","","","","",""
"P8L36GSS","journalArticle","2026","Chen, Z.; Zhang, G.; Zhang, F.","Multimodal AI for Real-Time Food Safety and Quality: From Sensors to Foundation Models, Edge Deployment, and Regulation","Food Science and Nutrition","","","10.1002/fsn3.71534","https://www.scopus.com/inward/record.uri?eid=2-s2.0-105030577781&doi=10.1002%2Ffsn3.71534&partnerID=40&md5=78ed2e5739c9508c7f95497e73a42aff","Real-time assurance of food safety and quality requires decisions at line speed, from farm to retail, using signals that span vision, spectroscopy, volatiles, biosensing, and process telemetry. This review investigates and summarizes evidence on multimodal artificial intelligence that fuses such heterogeneous data to detect hazards, verify authenticity, and predict freshness within seconds. We outline sensing coverage along the chain, typical response times, and reported limits of detection, then detail data engineering practices that make disparate streams analysis-ready, including time synchronization, co-registration to ground truth, and robust sampling for multisite and multiseason generalization. We appraise fusion strategies, from early and late schemes to attention-based hybrids that learn joint embeddings across images, spectra, and gas sensor time series, and we summarize head-to-head studies where multimodality improves accuracy or reduces error against unimodal baselines. We discuss the maturation of foundation scale encoders and vision language systems for food tasks, together with efficient adaptation, knowledge infusion from HACCP, and bias control. Finally, we examine edge deployment and validation in industrial settings, including hardware constraints, latency budgets, repeatability and reproducibility, documentation for audits, and perspectives on regulatory alignment in EU and US contexts, extended to China's standards-driven framework where the National Health Commission (NHC) and the State Administration for Market Regulation (SAMR) jointly issue and update National Food Safety Standards (GB) that govern key compliance requirements for labelling and contaminant limits. Evidence gaps persist, notably few multisite deployments over long durations, limited public benchmarks for hyperspectral and e-nose fusion, and sparse cost–benefit analyses in the scholarly record. Addressing these gaps will enable trustworthy, auditable multimodal AI that complements existing controls and reduces waste while protecting consumers. © 2026 The Author(s). Food Science & Nutrition published by Wiley Periodicals LLC.","2026","2026-03-10 16:56:13","2026-03-10 16:56:13","","","","2","14","","","","","","","","","","","","","Scopus","","","","","","","","machine learning; sensors; biosensing; food quality; food safety; near-infrared; spectroscopy","","","","","","","","","","","","","","","","","","","","","","","","","","","","","","","","","","","","","","","","","","","","","","",""
"PGZTLFDN","conferencePaper","2025","Ploennigs, J.; Berger, M.; Wortmann, T.; Kirchner, J.; Beetz, J.; Roitberg, A.; Menzel, K.; Ommer, B.","BUILDING FOUNDATION MODELS-POTENTIALS, CHALLENGES AND RESEARCH DIRECTIONS FOR USING LLM AND LVM IN AEC","","","","10.35490/EC3.2025.268","https://www.scopus.com/inward/record.uri?eid=2-s2.0-105029443102&doi=10.35490%2FEC3.2025.268&partnerID=40&md5=3255ac5ba236b103216ea93802e02dfb","Foundation Models like Large Language Models (LLM) and Large Vision Models (LVM) show huge potential in automating processes in building design, construction, and operation. However, there are concerns about their capa-bility to create coherent, usable, sustainable, and safe ar-chitecture. This paper analyzes the challenges and poten-tials of LLMs and LVMs in the architecture, engineering, and construction (AEC) sector by executing a systematic literature review of research papers. We discuss a col-lection of relevant AEC modalities like Computer Aided Design (CAD) models, semantic graphs, and time series and how they could integrate into the current landscape of models. From the analysis we derive research direc-tions toward the development of domain-specific ""Build-ing Foundation Models"" which are in the fields of reli-able and consistent foundation models, explainable tools and collaborative workflows, and benchmark methods and datasets. © 2025, European Council on Computing in Construction (EC3). All rights reserved.","2025","2026-03-10 16:56:13","2026-03-10 16:56:13","","","","","","","","","","","","","","","","","","Scopus","","","","","","","","Large Language Models; Foundation Models; Large Vision Models","","","","","","","","","","","","","","","","","","","","","","","","","","","","","","","","Proceedings of the European Conference on Computing in Construction","","","","","","","","","","","","","","",""
"9LDKMD5R","journalArticle","2025","Fuse, Y.; Murphy, S.N.; Ikari, H.; Takahashi, A.; Fuse, K.; Kawakami, E.","Artificial intelligence in clinical data analysis: A review of large language models, foundation models, digital twins, and allergy applications","Allergology International","","","10.1016/j.alit.2025.06.005","https://www.scopus.com/inward/record.uri?eid=2-s2.0-105013677635&doi=10.1016%2Fj.alit.2025.06.005&partnerID=40&md5=d5bd7b9dcecc26012bc7bf38c8e2909e","Recent advances in computing technology and the development of data utilization environments have rapidly accelerated the application of artificial intelligence in clinical research and healthcare. This review provides a comprehensive overview of current machine learning techniques for analyzing clinical data, with illustrative examples from the field of allergic diseases. In addition to conventional methods for clinical data analysis, we discuss emerging approaches including medical image analysis and time-series modeling of electronic health record data. Recent developments such as large language models and foundation models trained on massive datasets are also discussed. Looking ahead, we explore future directions in analytical methodology, including mathematical modeling, interpretable artificial intelligence, and multimodal learning that integrates various data types. We also introduce the concept of the digital twin—a virtual representation of an individual patient that simulates disease progression and treatment response—as a promising concept for advancing precision medicine. Finally, we discuss the essential role of physicians in the development and implementation of machine learning tools and discuss emerging ethical issues such as fairness, privacy, and patient autonomy. By synthesizing recent technical advances with clinical relevance, this review aims to provide clinicians and researchers with a practical and forward-looking guide to machine learning in clinical medicine, including its growing application in the field of allergy. © 2025 Japanese Society of Allergology","2025","2026-03-10 16:56:13","2026-03-10 16:56:13","","499-513","","4","74","","","","","","","","","","","","","Scopus","","","","","","","","Artificial intelligence; Machine Learning; machine learning; Artificial Intelligence; artificial intelligence; privacy; digital twin; Machine learning; Large language models; Large Language Models; Data Analysis; Digital twin; systematic review; simulation; time series analysis; large language model; data analysis; prediction; personalized medicine; support vector machine; random forest; Precision medicine; Precision Medicine; explainable artificial intelligence; survival analysis; human; algorithm; logistic regression analysis; Humans; convolutional neural network; diagnosis; allergic conjunctivitis; allergic disease; allergy; area under the curve; asthma; atopic dermatitis; awareness; clinical practice guideline; clinical research; clinical significance; clinical study; corticosteroid; diagnostic imaging; drug hypersensitivity; electronic health record; fairness; food allergy; hypersensitivity; Hypersensitivity; image analysis; Japan; language; Language; mathematical model; medical ethics; methacholine; patient autonomy; physician; prospective study; randomized controlled trial (topic); retrospective study; Review; therapy; treatment response","","","","","","","","","","","","","","","","","","","","","","","","","","","","","","","","","","","","","","","","","","","","","","",""
"ENWSNZX6","journalArticle","2025","Bourriz, M.; Hajji, H.; Laamrani, A.; Elbouanani, N.; Abdelali, H.A.; Bourzeix, F.; El-Battay, A.; Amazirh, A.; Chehbouni, A.","Integration of Hyperspectral Imaging and AI Techniques for Crop Type Mapping: Present Status, Trends, and Challenges","Remote Sensing","","","10.3390/rs17091574","https://www.scopus.com/inward/record.uri?eid=2-s2.0-105005406490&doi=10.3390%2Frs17091574&partnerID=40&md5=78e32d4e29833d13c71cda68aa67e011","Accurate and efficient crop maps are essential for decision-makers to improve agricultural monitoring and management, thereby ensuring food security. The integration of advanced artificial intelligence (AI) models with hyperspectral remote sensing data, which provide richer spectral information than multispectral imaging, has proven highly effective in the precise discrimination of crop types. This systematic review examines the evolution of hyperspectral platforms, from Unmanned Aerial Vehicle (UAV)-mounted sensors to space-borne satellites (e.g., EnMAP, PRISMA), and explores recent scientific advances in AI methodologies for crop mapping. A review protocol was applied to identify 47 studies from databases of peer-reviewed scientific publications, focusing on hyperspectral sensors, input features, and classification architectures. The analysis highlights the significant contributions of Deep Learning (DL) models, particularly Vision Transformers (ViTs) and hybrid architectures, in improving classification accuracy. However, the review also identifies critical gaps, including the under-utilization of hyperspectral space-borne imaging, the limited integration of multi-sensor data, and the need for advanced modeling approaches such as Graph Neural Networks (GNNs)-based methods and geospatial foundation models (GFMs) for large-scale crop type mapping. Furthermore, the findings highlight the importance of developing scalable, interpretable, and transparent models to maximize the potential of hyperspectral imaging (HSI), particularly in underrepresented regions such as Africa, where research remains limited. This review provides valuable insights to guide future researchers in adopting HSI and advanced AI models for reliable large-scale crop mapping, contributing to sustainable agriculture and global food security. © 2025 by the authors.","2025","2026-03-10 16:56:13","2026-03-10 16:56:13","","","","9","17","","","","","","","","","","","","","Scopus","","","","","","","","Deep learning; machine learning; Decision making; Foundation models; deep learning; geospatial foundation models; Precision Agriculture; Machine-learning; Crop mapping; crop mapping; Crop type mappings; Discriminant analysis; Geo-spatial; Geospatial foundation model; HyperSpectral; hyperspectral imaging; hyperspectral remote sensing; Hyperspectral remote sensing; Photomapping; precision agriculture","","","","","","","","","","","","","","","","","","","","","","","","","","","","","","","","","","","","","","","","","","","","","","",""
"CEQY4G85","journalArticle","2026","Jeong, J.; Oh, Y.; Kim, D.; Yoon, H.","From benchmarks to interpretability: A holistic survey of deep learning for time series classification","Knowledge-Based Systems","","","10.1016/j.knosys.2025.115251","https://www.scopus.com/inward/record.uri?eid=2-s2.0-105028789336&doi=10.1016%2Fj.knosys.2025.115251&partnerID=40&md5=8152ce0a6efca274fce80c15b0252b64","Time Series Classification (TSC) is a critical task in machine learning, with wide-ranging applications in healthcare, finance, human activity recognition, and industrial monitoring. Traditional methods based on handcrafted features often struggle with scalability, robustness, and the modeling of complex temporal dependencies. This survey presents a comprehensive and task-centric review of recent deep learning-based approaches for TSC. We systematically cover the full pipeline, from data characteristics and preprocessing strategies to architectural design and learning paradigms. The review encompasses core model families such as Convolutional Neural Networks (CNNs), Recurrent Neural Networks (RNNs), Transformers, Graph Neural Networks (GNNs), and hybrid variants. We also explore emerging paradigms including self-supervised learning, multiple-instance learning, and foundation models tailored to time series data. Unlike prior reviews, our work systematically integrates model architectures and learning strategies into a unified taxonomy, highlighting their structural relationships while emphasizing interpretability, scalability, and domain applicability. We further outline open challenges and future directions toward building generalizable, efficient, and explainable TSC systems. This work aims to serve as a foundational reference for researchers and practitioners developing next-generation deep learning models for time series classification. © 2026 Elsevier B.V.","2026","2026-03-10 16:56:14","2026-03-10 16:56:14","","","","","336","","","","","","","","","","","","","Scopus","","","","","","","","Convolutional neural networks; Feature extraction; Supervised learning; Scalability; Self-supervised learning; Human activity recognition; Data mining; Learning systems; Time series; Data preprocessing; Time series classification; Interpretability; Machine-learning; Features extraction; Deep neural networks; Architectural design; Learning models; Classification (of information); Time series classifications; Critical tasks; Learning paradigms; Wide-ranging applications","","","","","","","","","","","","","","","","","","","","","","","","","","","","","","","","","","","","","","","","","","","","","","",""
"ZR6IXTHD","journalArticle","2025","Li, Y.; Xiao, X.","Deep Learning-Based Fusion of Optical, Radar, and LiDAR Data for Advancing Land Monitoring","Sensors","","","10.3390/s25164991","https://www.scopus.com/inward/record.uri?eid=2-s2.0-105014293688&doi=10.3390%2Fs25164991&partnerID=40&md5=7917a5b46cd6764bbcf1280abc35edc5","Accurate and timely land monitoring is crucial for addressing global environmental, economic, and societal challenges, including climate change, sustainable development, and disaster mitigation. While single-source remote sensing data offers significant capabilities, inherent limitations such as cloud cover interference (optical), speckle noise (radar), or limited spectral information (LiDAR) often hinder comprehensive and robust characterization of land surfaces. Recent advancements in synergistic harmonization technology for land monitoring, along with enhanced signal processing techniques and the integration of machine learning algorithms, have significantly broadened the scope and depth of geosciences. Therefore, it is essential to summarize the comprehensive applications of synergistic harmonization technology for geosciences, with a particular focus on recent advancements. Most of the existing review papers focus on the application of a single technology in a specific area, highlighting the need for a comprehensive review that integrates synergistic harmonization technology. This review provides a comprehensive review of advancements in land monitoring achieved through the synergistic harmonization of optical, radar, and LiDAR satellite technologies. It details the unique strengths and weaknesses of each sensor type, highlighting how their integration overcomes individual limitations by leveraging complementary information. This review analyzes current data harmonization and preprocessing techniques, various data fusion levels, and the transformative role of machine learning and deep learning algorithms, including emerging foundation models. Key applications across diverse domains such as land cover/land use mapping, change detection, forest monitoring, urban monitoring, agricultural monitoring, and natural hazard assessment are discussed, demonstrating enhanced accuracy and scope. Finally, this review identifies persistent challenges such as technical complexities in data integration, issues with data availability and accessibility, validation hurdles, and the need for standardization. It proposes future research directions focusing on advanced AI, novel fusion techniques, improved data infrastructure, integrated “space–air–ground” systems, and interdisciplinary collaboration to realize the full potential of multi-sensor satellite data for robust and timely land surface monitoring. Supported by deep learning, this synergy will improve our ability to monitor land surface conditions more accurately and reliably. © 2025 by the authors.","2025","2026-03-10 16:56:14","2026-03-10 16:56:14","","","","16","25","","","","","","","","","","","","","Scopus","","","","","","","","Sustainable development; Forestry; machine learning; Machine learning; deep learning; Environmental monitoring; Integration; Data integration; systematic review; data integration; review; Land surface; remote sensing; Remote sensing; Learning systems; signal processing; infrastructure; sensor; Climate change; Machine-learning; Learning algorithms; human; noise; nonhuman; Optical radar; learning algorithm; Geosciences; data availability; Agricultural machinery; climate change; disaster mitigation; forest; Harmonisation; hazard assessment; land monitoring; Land monitoring; land use; machine learning algorithm; optical remote sensing; Optical remote sensing; Optical-; optics; radar (SAR); Radar (SAR); Radar/SAR; Sensor data fusion; Space optics; standardization; Surface measurement; sustainable development; synergistic harmonization; Synergistic harmonization; telecommunication","","","","","","","","","","","","","","","","","","","","","","","","","","","","","","","","","","","","","","","","","","","","","","",""
"GEDA66EH","journalArticle","2026","Kalogeropoulos, C.; Theofilatos, K.; Mavroudi, S.","From Neurons to Networks: A Holistic Review of Electroencephalography (EEG) from Neurophysiological Foundations to AI Techniques","Signals","","","10.3390/signals7010017","https://www.scopus.com/inward/record.uri?eid=2-s2.0-105031215280&doi=10.3390%2Fsignals7010017&partnerID=40&md5=35c6f18dde68f62c306839cf4801724f","Electroencephalography (EEG) has transitioned from a subjective observational method into a data-intensive analytical field that utilises sophisticated algorithms and mathematical models. This review provides a holistic foundation by detailing the neurophysiological basis, recording techniques, and applications of EEG before providing a rigorous examination of traditional and modern analytical pillars. Statistical and Time-Series Analysis, Spectral and Time-Frequency Analysis, Spatial Analysis and Source Modelling, Connectivity and Network Analysis, and Nonlinear and Chaotic Analysis are explored. Afterwards, while acknowledging the historical role of Machine Learning (ML) and Deep Learning (DL) architectures, such as Support Vector Machines (SVMs) and Convolutional Neural Networks (CNNs), this review shifts the primary focus toward current state-of-the-art Artificial Intelligence (AI) trends. We place emphasis on the emergence of Foundation Models, including Large Language Models (LLMs) and Large Vision Models (LVMs), adapted for high-dimensional neural sequences. Finally, we explore the integration of Generative AI for data augmentation and review Explainable AI (XAI) frameworks designed to bridge the gap between “black-box” decoding and clinical interpretability. We conclude that the next generation of EEG analysis will likely converge into Neuro-Symbolic architectures, synergising the massive generative power of foundation models with the rigorous, rule-based interpretability of classical signal theory. © 2026 by the authors.","2026","2026-03-10 16:56:14","2026-03-10 16:56:14","","","","1","7","","","","","","","","","","","","","Scopus","","","","","","","","machine learning; deep learning; signal processing; biomedical signals; computational models; electroencephalography (EEG); mathematical tools","","","","","","","","","","","","","","","","","","","","","","","","","","","","","","","","","","","","","","","","","","","","","","",""
"TEC5KBCU","conferencePaper","2024","Gao, S.; Gao, B.; Wei, P.; Guo, J.; Yuan, M.; Han, C.; Xu, Y.","Application of foundation models for autonomous driving: a survey of data synthesis","","","","10.1117/12.3054764","https://www.scopus.com/inward/record.uri?eid=2-s2.0-85214713320&doi=10.1117%2F12.3054764&partnerID=40&md5=f5a7a8c211151239dedf8f009baf03e5","With the evolution of data-driven autonomous driving technology, transferring driving responsibility from humans to machines is now feasible. Addressing the long-tail distribution problem in autonomous driving data is crucial for enhancing safety. Recent advances in foundational models, including large language models (LLMs) and generative AI models, have significantly improved data synthesis capabilities. This paper reviews the application of foundation models in three key areas: sensor data synthesis, traffic flow synthesis, and world models. © 2024 SPIE.","2024","2026-03-10 16:56:14","2026-03-10 16:56:14","","","","","13421","","","","","","","","","","","","","Scopus","","","","","","","","Autonomous vehicles; Foundation models; Foundation Model; Autonomous driving; Autonomous Driving; Data driven; Language model; Sensors data; Area sensors; Data synthesis; Data Synthesis; Distribution problem; Long-tail distribution; World model; World Model","","","","","","","","","","","","","","","","","","","","","","","","","","","","","","","","Proceedings of SPIE - The International Society for Optical Engineering","","","","","","","","","","","","","","",""
"ZIXUGV8Y","journalArticle","2024","Spathis, D.; Kawsar, F.","The first step is the hardest: Pitfalls of representing and tokenizing temporal data for large language models","Journal of the American Medical Informatics Association","","","10.1093/jamia/ocae090","https://www.scopus.com/inward/record.uri?eid=2-s2.0-85201785614&doi=10.1093%2Fjamia%2Focae090&partnerID=40&md5=0b68505f20777a4f76c9bd5bb8fbfc33","Objectives: Large language models (LLMs) have demonstrated remarkable generalization and across diverse tasks, leading individuals to increasingly use them as personal assistants due to their emerging reasoning capabilities. Nevertheless, a notable obstacle emerges when including numerical/temporal data into these prompts, such as data sourced from wearables or electronic health records. LLMs employ tokenizers in their input that break down text into smaller units. However, tokenizers are not designed to represent numerical values and might struggle to understand repetitive patterns and context, treating consecutive values as separate tokens and disregarding their temporal relationships. This article discusses the challenges of representing and tokenizing temporal data. It argues that naively passing timeseries to LLMs can be ineffective due to the modality gap between numbers and text. Materials and methods: We conduct a case study by tokenizing a sample mobile sensing dataset using the OpenAI tokenizer. We also review recent works that feed timeseries data into LLMs for human-centric tasks, outlining common experimental setups like zero-shot prompting and few-shot learning. Results: The case study shows that popular LLMs split timestamps and sensor values into multiple nonmeaningful tokens, indicating they struggle with temporal data. We find that preliminary works rely heavily on prompt engineering and timeseries aggregation to ""ground""LLMs, hinting that the ""modality gap""hampers progress. The literature was critically analyzed through the lens of models optimizing for expressiveness versus parameter efficiency. On one end of the spectrum, training large domain-specific models from scratch is expressive but not parameter-efficient. On the other end, zero-shot prompting of LLMs is parameter-efficient but lacks expressiveness for temporal data. Discussion: We argue tokenizers are not optimized for numerical data, while the scarcity of timeseries examples in training corpora exacerbates difficulties. We advocate balancing model expressiveness and computational efficiency when integrating temporal data. Prompt tuning, model grafting, and improved tokenizers are highlighted as promising directions. Conclusion: We underscore that despite promising capabilities, LLMs cannot meaningfully process temporal data unless the input representation is addressed. We argue that this paradigm shift in how we leverage pretrained models will particularly affect the area of biomedical signals, given the lack of modality-specific foundation models. © 2024 The Author(s). Published by Oxford University Press on behalf of the American Medical Informatics Association. All rights reserved.","2024","2026-03-10 16:56:14","2026-03-10 16:56:14","","2151-2158","","9","31","","","","","","","","","","","","","Scopus","","","","","","","","large language models; time series analysis; timeseries; large language model; Natural Language Processing; natural language processing; learning; human; Humans; Article; electronic health record; temporal analysis; arithmetic; digital technology; Electronic Health Records; tokenization","","","","","","","","","","","","","","","","","","","","","","","","","","","","","","","","","","","","","","","","","","","","","","",""
"NYXRK5SC","journalArticle","2026","Okamoto, Y.","Transformers for time-series forecasting: A comprehensive survey through 2024","Nonlinear Theory and its Applications, IEICE","","","10.1587/nolta.17.260","https://www.scopus.com/inward/record.uri?eid=2-s2.0-105027778492&doi=10.1587%2Fnolta.17.260&partnerID=40&md5=dcd8c5e5254469039c444b1e76afc930","Time-series forecasting is directly linked to the operational optimization of social infrastructure, including electric power, transportation, weather, and infectious disease control. Various physical, statistical, and deep learning models have been developed, but all face a trade-off among interpretability, expressive power, and computational load. The Transformer, introduced in 2017, was initially hailed as a definitive solution for time-series forecasting due to its ability to capture long-term dependencies in parallel. However, a report at AAAI 2023 revealed cases where it failed to outperform even simple linear regression, casting significant doubt on its superiority. Since then, various improvements have been proposed, such as patching, channel independence, frequency decomposition, and Decoder-only foundation models. Nevertheless, as of 2025, fundamental challenges remain, including the sharpness of the loss function and the interpretability of attention. As a result, non-attention-based architectures, exemplified by GraphCast, are returning to the mainstream. This survey systematically organizes major research published from early 2023, when skepticism toward time-series Transformers grew, to the end of 2024. It formulates the basic structure of the Transformer and the task of time-series forecasting, and introduces the research progress of time-series forecasting methods using Transformers. We hope this paper will serve as a valuable reference not only for Transformer researchers but also for the broader research community engaged in the study of complex and dynamical systems. © IEICE 2026.","2026","2026-03-10 16:56:15","2026-03-10 16:56:15","","260-278","","1","17","","","","","","","","","","","","","Scopus","","","","","","","","transformer; time-series forecasting","","","","","","","","","","","","","","","","","","","","","","","","","","","","","","","","","","","","","","","","","","","","","","",""
"G9BE3L3Y","journalArticle","2026","Yang, C.; Zhang, W.; Zhou, Y.","An Overview of Spatiotemporal Network Forecasting: Current Research Status and Methodological Evolution","Mathematics","","","10.3390/math14010018","https://www.scopus.com/inward/record.uri?eid=2-s2.0-105028011955&doi=10.3390%2Fmath14010018&partnerID=40&md5=6086fa02da804c19afa23d3562364a43","Time series and spatio-temporal forecasting are fundamental tasks for complex system modeling and intelligent decision-making, with broad applications in transportation, meteorology, finance, healthcare, and public safety. Compared with simple univariate time series, real-world spatio-temporal data exhibit rich temporal dynamics and intricate spatial interactions, leading to heterogeneity, non-stationarity, and evolving topologies. Addressing these challenges requires modeling frameworks that can simultaneously capture temporal evolution, spatial correlations, and cross-domain regularities. This survey provides a comprehensive synthesis of forecasting methods, spanning statistical algorithms, traditional machine learning approaches, neural architectures, and recent generative and causal paradigms. We review the methodological evolution from classical linear models to deep learning–based temporal modules and emphasize the role of attention-based Transformers as general-purpose sequence architectures. In parallel, we distinguish these architectural advances from pre-trained foundation models for time series and spatio-temporal data (e.g., large models trained across diverse domains), which leverage self-supervised objectives and exhibit strong zero-/few-shot transfer capabilities. We organize the review along both data-type and architectural dimensions—single long-term time series, Euclidean-structured spatio-temporal data, and graph-structured spatio-temporal data—while also examining advanced paradigms such as diffusion models, causal modeling, multimodal-driven frameworks, and pre-trained foundation models. Through this taxonomy, we highlight common strengths and limitations across approaches, including issues of scalability, robustness, real-time efficiency, and interpretability. Finally, we summarize open challenges and future directions, with a particular focus on the joint evolution of graph-based, causal, diffusion, and foundation-model paradigms for next-generation spatio-temporal forecasting. © 2025 by the authors.","2026","2026-03-10 16:56:15","2026-03-10 16:56:15","","","","1","14","","","","","","","","","","","","","Scopus","","","","","","","","deep learning; time series forecasting; spatio-temporal modeling; transformer architecture","","","","","","","","","","","","","","","","","","","","","","","","","","","","","","","","","","","","","","","","","","","","","","",""
"QK6JIS28","journalArticle","2025","Wang, Q.; Yan, H.; Yang, Y.; Zhao, X.; Huang, H.; Huang, Z.; Zhu, Z.; Liu, S.; Yi, B.; Huang, G.; Yang, J.","Review of Fault Detection Approaches for Large-Scale Lithium-Ion Battery Systems: A Spatio-Temporal Perspective","Batteries","","","10.3390/batteries11110414","https://www.scopus.com/inward/record.uri?eid=2-s2.0-105023057973&doi=10.3390%2Fbatteries11110414&partnerID=40&md5=90c0bd3db88ac701aac3a7f002f1822e","Battery fault detection is crucial for maintaining the safety and reliability of large-scale lithium-ion battery systems, especially in demanding applications like electric vehicles and energy storage power stations. However, existing research primarily addresses either temporal patterns or spatial variations in isolation. This paper presents a comprehensive review of fault detection from a spatio-temporal perspective, with a specific focus on AI-driven methods that integrate temporal dynamics with spatial sensor data. The contributions of this review include an in-depth analysis of advanced techniques such as transfer learning, foundation models, and physics-informed neural networks, emphasizing their potential for modeling complex spatio-temporal dependencies. On the engineering side, this review surveys the practical application of these methods for early fault detection and diagnostics in large-scale battery systems, supported by case studies and real-world deployment examples. The findings of this review provide a unified perspective to guide the development of robust and scalable spatio-temporal fault detection methods for EV batteries, highlighting key challenges, promising solutions, and future research directions. © 2025 by the authors.","2025","2026-03-10 16:56:15","2026-03-10 16:56:15","","","","11","11","","","","","","","","","","","","","Scopus","","","","","","","","Electric vehicles; Fault detection; Deep learning; electric vehicles; Transfer learning; Graph neural networks; Battery Management; graph neural networks; deep learning; Battery management systems; Learning systems; Lithium-ion batteries; spatio-temporal modeling; transformer networks; Faults detection; Digital storage; Management systems; Deep neural networks; Spatio-temporal models; battery fault detection; Battery fault detection; Hybrid diagnostic; hybrid diagnostics; Intelligent battery management system; intelligent battery management systems; Transformer network; Vehicle detection","","","","","","","","","","","","","","","","","","","","","","","","","","","","","","","","","","","","","","","","","","","","","","",""
"FSNCY7XK","journalArticle","2026","Zhao, J.; Chu, F.; Xie, L.; Che, Y.; Wu, Y.; Burke, A.F.","A survey of transformer networks for time series forecasting","Computer Science Review","","","10.1016/j.cosrev.2025.100883","https://www.scopus.com/inward/record.uri?eid=2-s2.0-105025361074&doi=10.1016%2Fj.cosrev.2025.100883&partnerID=40&md5=c5125bd87a89d95cb3073b3429b0453b","Time-series data support critical functions in forecasting, anomaly detection, resource optimization, and real-time decision making across finance, healthcare, energy systems, and networked computing. Classical statistical approaches and early deep-learning architectures (RNNs, LSTMs, CNNs) have achieved notable progress, yet they exhibit structural limitations: recurrent models struggle with long-range dependencies, convolutional models require deep stacking to enlarge receptive fields, and both scale suboptimally to high-dimensional and high-volume data. Transformer architectures—characterized by global attention mechanisms, flexible temporal receptive fields, and growing adoption within foundation-model paradigms—have consequently gained increasing prominence for modern time-series analysis. Drawing on a systematic review of IEEE Xplore, ACM Digital Library, and Scopus (2020–2025), this survey offers a unified, theoretically grounded synthesis of Transformer-based methods for time-series learning. The survey summarizes defining characteristics of time-series data and analyzes core architectural elements, including attention formulations, encoder–decoder structures, hyperparameter design, and domain-specific adaptations. An architecture-centered and task-aware taxonomy is presented to organize recent advances across forecasting, representation learning, anomaly detection, and multimodal fusion. Persistent challenges—spanning computational scalability, data-efficiency constraints, distributional heterogeneity, overfitting risks, hyperparameter instability, interpretability, and reproducibility—are examined in depth. A forward-looking research agenda is outlined, highlighting opportunities in physics-informed architectural design, hybrid neural–mechanistic modeling, resource-efficient real-time inference, multi-resolution spatiotemporal learning, and emerging human–AI collaborative paradigms. By consolidating these methodological developments, this survey aims to provide a structured reference point for ongoing research on Transformer models for time-series machine learning. © 2025 The Author(s).","2026","2026-03-10 16:56:15","2026-03-10 16:56:15","","","","","60","","","","","","","","","","","","","Scopus","","","","","","","","Computer architecture; Anomaly detection; Time series analysis; Deep learning; Attention mechanisms; Transformers; Representation learning; Convolution; Time-series analysis; Transformer; Learning systems; Time series; Network architecture; Neural Networks; Times series; Neural-networks; Time-series data; Architectural design; Sequence models; Digital libraries; Electric transformers; Receptive fields; Sequence modeling; Survey; Surveying","","","","","","","","","","","","","","","","","","","","","","","","","","","","","","","","","","","","","","","","","","","","","","",""
"YUVENWTQ","journalArticle","2025","Jia, X.; Xun, P.; Peng, W.; Zhao, B.; Li, H.; Shen, C.","Deep anomaly detection for time series: A survey","Computer Science Review","","","10.1016/j.cosrev.2025.100787","https://www.scopus.com/inward/record.uri?eid=2-s2.0-105022703938&doi=10.1016%2Fj.cosrev.2025.100787&partnerID=40&md5=91b15152ba4ce557d7f596b6b4e76cc0","The cyberspace environment has evolved into a complex ecosystem, generating vast amounts of diverse time series data from various devices, systems, and software. Detecting anomalies in these massive, multi-source datasets is critical for ensuring system reliability and security. This paper provides a comprehensive review of deep learning approaches for time series anomaly detection. We systematically classify existing methods into six categories based on their objective functions: forecasting models, reconstruction models, generative models, density models, contrastive models, and hybrid models. For each category, we analyze their advantages, disadvantages, and architectural variations to guide researchers in selecting appropriate approaches for specific problems. We further summarize applications across multiple domains including network services, cyber–physical systems, smart grids, smart cities, and healthcare, providing valuable insights into practical implementations. The paper also organizes commonly used public datasets with their key characteristics and examines evaluation metrics ranging from traditional point-level assessments to advanced sequence-adaptive frameworks. Finally, we discuss emerging challenges and promising research directions, including data augmentation strategies, model robustness improvements, generalization capabilities, applications of foundation models and large language models, autoML frameworks, and lightweight model designs. This survey offers a systematic framework for understanding the current landscape of deep time series anomaly detection and provides clear pathways for advancing the field to address real-world challenges. © 2025 Elsevier Inc.","2025","2026-03-10 16:56:15","2026-03-10 16:56:15","","","","","58","","","","","","","","","","","","","Scopus","","","","","","","","Anomaly detection; Deep learning; Data mining; Embedded systems; Time series; Times series; Time-series data; Complex ecosystems; Cyberspaces; Device system; Novelty point; Outlier point; Systems and software","","","","","","","","","","","","","","","","","","","","","","","","","","","","","","","","","","","","","","","","","","","","","","",""
"SYWQAAGN","journalArticle","2026","Munikoti, S.; Stewart, I.; Horawalavithana, S.; Kvinge, H.; Emerson, T.; Thompson, S.; Pazdernik, K.","Generalist multimodal AI: A review of architectures, challenges and opportunities","Neurocomputing","","","10.1016/j.neucom.2026.132933","https://www.scopus.com/inward/record.uri?eid=2-s2.0-105030478985&doi=10.1016%2Fj.neucom.2026.132933&partnerID=40&md5=fa10d80846c8d713ad0911d57a1d3a79","Multimodal models are expected of be a critical component to future advances in artificial intelligence. This field is starting to grow rapidly with a surge of new design elements motivated by the success of foundation models in natural language processing (NLP) and vision. It is widely hoped that further extending the foundation models to multiple modalities (e.g., text, image, video, sensor, time series, graph, etc.) will ultimately lead to generalist multimodal models, i.e., one model across different data modalities and tasks. However, there is little research that systematically analyzes recent multimodal models (particularly the ones that work beyond text and vision) with respect to the underlying architecture proposed. Therefore, this work provides a fresh perspective on generalist multimodal models (GMMs) via a novel architecture and training configuration specific taxonomy. This includes factors such as Unifiability, Modularity, and Adaptability that are pertinent and essential to the wide adoption and application of GMMs. The review further highlights key challenges and prospects for the field and guides researchers into the new advancements. © 2026 Elsevier B.V.","2026","2026-03-10 16:56:15","2026-03-10 16:56:15","","","","","676","","","","","","","","","","","","","Scopus","","","","","","","","Artificial intelligence; artificial intelligence; Foundation models; Architecture; review; Transformer; Natural languages; time series analysis; Multimodal; natural language processing; taxonomy; Multi-modal; Interactive computer systems; human; Natural language processing systems; Critical component; Design elements; drug analysis; Multimodal models; Multitask; Software architecture; Unified architecture; Unified architectures; videorecording; Zero shot","","","","","","","","","","","","","","","","","","","","","","","","","","","","","","","","","","","","","","","","","","","","","","",""
"V7DNM8KA","journalArticle","2026","Toqeer, A.; Hall, A.; Horta, A.; Wassens, S.","Remote Sensing of Woody Plant Encroachment: A Global Systematic Review of Drivers, Ecological Impacts, Methods, and Emerging Innovations","Remote Sensing","","","10.3390/rs18030390","https://www.scopus.com/inward/record.uri?eid=2-s2.0-105030193720&doi=10.3390%2Frs18030390&partnerID=40&md5=67f899872efa518b493232d25ff99eb6","Highlights: What are the main findings? A PRISMA-guided synthesis of 159 studies shows that woody plant encroachment (WPE) is driven by complex environmental and human-induced interactions and produces substantial impacts on land cover, ecosystem functioning, and landscape resilience, as reflected by changes in vegetation structure and stability. Remote sensing monitoring of WPE is still dominated by multispectral sensors such as Landsat and Sentinel-2 but exhibits substantial methodological diversity with increasing use of machine learning, deep learning, and multi-sensor fusion integrating optical, SAR, and LiDAR data. What are the implications of the main findings? Scalable monitoring requires broader adoption of Analysis-Ready Data, cloud-based geospatial platforms, and emerging geospatial foundation models to improve reproducibility and automation. Future research should address early-stage and subcanopy detection challenges, increase the use of SAR, standardize accuracy assessment practices, and better integrate socio-ecological data into remote sensing frameworks. Globally, grasslands, savannas, and wetlands are degrading rapidly and increasingly being replaced by woody vegetation. Woody Plant Encroachment (WPE) disrupts natural landscapes and has significant consequences for biodiversity, ecosystem functioning, and key ecosystem services. This review synthesizes findings from 159 peer-reviewed studies identified through a PRISMA-guided systematic literature review to evaluate the drivers of WPE, its ecological impacts, and the remote sensing (RS) approaches used to monitor it. The drivers of WPE are multifaceted, involving interactions among climate variability, topographic and edaphic conditions, hydrological change, land use transitions, and altered fire and grazing regimes, while its impacts are similarly diverse, influencing land cover structure, water and nutrient cycles, carbon and nitrogen dynamics, and broader implications for ecosystem resilience. Over the past two decades, RS has become central to WPE monitoring, with studies employing classification techniques, spectral mixture analysis, object-based image analysis, change detection, thresholding, landscape pattern and fragmentation metrics, and increasingly, machine learning and deep learning methods. Looking forward, emerging advances such as multi-sensor fusion (optical– synthetic aperture radar (SAR), Light Detection and Ranging (LiDAR)–hyperspectral), cloud-based platforms including Google Earth Engine, Microsoft Planetary Computer, and Digital Earth, and geospatial foundation models offer new opportunities for scalable, automated, and long-term monitoring. Despite these innovations, challenges remain in detecting early-stage encroachment, subcanopy woody growth, and species-specific patterns across heterogeneous landscapes. Key knowledge gaps highlighted in this review include the need for long-term monitoring frameworks, improved socio-ecological integration, species- and ecosystem-specific RS approaches, better utilization of SAR, and broader adoption of analysis-ready data and open-source platforms. Addressing these gaps will enable more effective, context-specific strategies to monitor, manage, and mitigate WPE in rapidly changing environments. © 2026 by the authors.","2026","2026-03-10 16:56:15","2026-03-10 16:56:15","","","","3","18","","","","","","","","","","","","","Scopus","","","","","","","","Deep learning; Forestry; machine learning; Systematic literature review; Ecosystems; Data integration; remote sensing; Remote sensing; Learning systems; Radar imaging; Object detection; Climate change; systematic literature review; Machine-learning; multi-sensor fusion; Multi-sensor fusion; Cloud-based; Optical radar; Remote-sensing; Synthetic aperture radar; Geo-spatial; Sensor data fusion; Vegetation; Land use; biodiversity; Biodiversity; Climate models; Cloud-based geospatial platform; cloud-based geospatial platforms; Ecological driver; ecological drivers; land use and land cover change; Land use and land cover change; Prisms; synthetic aperture radar (SAR); Wetlands; woody plant encroachment; Woody-plant encroachments","","","","","","","","","","","","","","","","","","","","","","","","","","","","","","","","","","","","","","","","","","","","","","",""
"TYCBJQUU","conferencePaper","2024","Liang, Y.; Wen, H.; Nie, Y.; Jiang, Y.; Jin, M.; Song, D.; Pan, S.; Wen, Q.","Foundation Models for Time Series Analysis: A Tutorial and Survey","","","","10.1145/3637528.3671451","https://www.scopus.com/inward/record.uri?eid=2-s2.0-85198945944&doi=10.1145%2F3637528.3671451&partnerID=40&md5=baaa7cd4e2e68aba5bdab2374110f0c5","Time series analysis stands as a focal point within the data mining community, serving as a cornerstone for extracting valuable insights crucial to a myriad of real-world applications. Recent advances in Foundation Models (FMs) have fundamentally reshaped the paradigm of model design for time series analysis, boosting various downstream tasks in practice. These innovative approaches often leverage pre-trained or fine-tuned FMs to harness generalized knowledge tailored for time series analysis. This survey aims to furnish a comprehensive and up-to-date overview of FMs for time series analysis. While prior surveys have predominantly focused on either application or pipeline aspects of FMs in time series analysis, they have often lacked an in-depth understanding of the underlying mechanisms that elucidate why and how FMs benefit time series analysis. To address this gap, our survey adopts a methodology-centric classification, delineating various pivotal elements of time-series FMs, including model architectures, pre-training techniques, adaptation methods, and data modalities. Overall, this survey serves to consolidate the latest advancements in FMs pertinent to time series analysis, accentuating their theoretical underpinnings, recent strides in development, and avenues for future exploration.  © 2024 Copyright held by the owner/author(s). Publication rights licensed to ACM.","2024","2026-03-10 16:56:16","2026-03-10 16:56:16","","6555-6565","","","","","","","","","","","","","","","","Scopus","","","","","","","","Deep learning; Foundation models; deep learning; Time-series analysis; foundation model; time series; Times series; Real-world; Innovative approaches; Down-stream; Modeling designs; Data mining community; Focal points; Underpinnings","","","","","","","","","","","","","","","","","","","","","","","","","","","","","","","","Proceedings of the ACM SIGKDD International Conference on Knowledge Discovery and Data Mining","","","","","","","","","","","","","","",""
"NNDVCWWP","journalArticle","2025","Kim, J.; Kim, H.; Kim, H.; Lee, D.; Yoon, S.","A comprehensive survey of deep learning for time series forecasting: architectural diversity and open challenges","Artificial Intelligence Review","","","10.1007/s10462-025-11223-9","https://www.scopus.com/inward/record.uri?eid=2-s2.0-105003105655&doi=10.1007%2Fs10462-025-11223-9&partnerID=40&md5=009132a14319a330f1567735d88bb475","Time series forecasting is a critical task that provides key information for decision-making across various fields, such as economic planning, supply chain management, and medical diagnosis. After the use of traditional statistical methodologies and machine learning in the past, various fundamental deep learning architectures such as MLPs, CNNs, RNNs, and GNNs have been developed and applied to solve time series forecasting problems. However, the structural limitations caused by the inductive biases of each deep learning architecture constrained their performance. Transformer models, which excel at handling long-term dependencies, have become significant architectural components for time series forecasting. However, recent research has shown that alternatives such as simple linear layers can outperform Transformers. These findings have opened up new possibilities for using diverse architectures, ranging from fundamental deep learning models to emerging architectures and hybrid approaches. In this context of exploration into various models, the architectural modeling of time series forecasting has now entered a renaissance. This survey not only provides a historical context for time series forecasting but also offers comprehensive and timely analysis of the movement toward architectural diversification. By comparing and re-examining various deep learning models, we uncover new perspectives and present the latest trends in time series forecasting, including the emergence of hybrid models, diffusion models, Mamba models, and foundation models. By focusing on the inherent characteristics of time series data, we also address open challenges that have gained attention in time series forecasting, such as channel dependency, distribution shift, causality, and feature extraction. This survey explores vital elements that can enhance forecasting performance through diverse approaches. These contributions help lower entry barriers for newcomers by providing a systematic understanding of the diverse research areas in time series forecasting (TSF), while offering seasoned researchers broader perspectives and new opportunities through in-depth exploration of TSF challenges. © The Author(s) 2025.","2025","2026-03-10 16:56:17","2026-03-10 16:56:17","","","","7","58","","","","","","","","","","","","","Scopus","","","","","","","","Deep learning; Decision making; Foundation models; Supply chain management; Foundation model; Time series; Time series forecasting; Information management; Prediction models; Decisions makings; Learning models; Critical tasks; Learning architectures; Causality; Distribution shift; Distribution transformers; Economic planning","","","","","","","","","","","","","","","","","","","","","","","","","","","","","","","","","","","","","","","","","","","","","","",""
"39XMY5R2","journalArticle","2024","Fang, H.; Liang, S.; Chen, Y.; Ma, H.; Li, W.; He, T.; Tian, F.; Zhang, F.","A comprehensive review of rice mapping from satellite data: Algorithms, product characteristics and consistency assessment","Science of Remote Sensing","","","10.1016/j.srs.2024.100172","https://www.scopus.com/inward/record.uri?eid=2-s2.0-85207579902&doi=10.1016%2Fj.srs.2024.100172&partnerID=40&md5=e4ae90b564b8691a5b70ca92c132d415","With a growing global population and intensifying regional conflicts, the need for food is more urgent than ever. Rice, as one of the world's major staple crops especially in Asia, sustains over 50 percent of the global population. Accurate rice mapping is fundamental to ensuring global food security and sustainable agricultural development. Remote sensing has become an essential tool for mapping rice cultivation due to its ability to cover large areas and provide timely observation. Existing reviews mainly focus on the paddy rice mapping methods. However, it lacks a comprehensive understanding on the quality of different paddy rice maps from regional to global scales. This paper provides a comprehensive review of existing satellite-based rice mapping methods and products. Firstly, we categorized all previous methods into four classes: 1) spatial statistical method; 2) traditional machine learning method; 3) phenology-based method; and 4) deep learning method. Secondly, we summarized 25 products, including 3 global products and 22 regional products. Furthermore, we examined the consistency and discrepancy among different products in China, Heilongjiang China and Vietnam respectively and explored the underlying reasons. We found that 1) rice fields with simple cropping patterns and intensive cultivation can be correctly recognized using various algorithms; 2) different products share low consistency in fragmented rice fields 3) the prevalence of clouds and complicated rice cropping patterns or diverse growing environments in subtropical and tropical regions poses challenges to accurate rice mapping. Due to these challenges, currently it still lacks paddy rice maps with both large spatial coverage, high spatial resolution, and long time series. Moreover, deficiency of ground-truth samples impedes product development and validation. For improved paddy rice mapping at large scale, we suggest to apply sample-free rice mapping techniques and remote sensing foundation models to leverage the strengths of phenology-based methods and deep learning methods. © 2024","2024","2026-03-10 16:56:17","2026-03-10 16:56:17","","","","","10","","","","","","","","","","","","","Scopus","","","","","","","","Consistency assessment of existing products; Rice mapping; Satellite remote sensing; Summary of existing algorithms","","","","","","","","","","","","","","","","","","","","","","","","","","","","","","","","","","","","","","","","","","","","","","",""
"AMI7J6Y5","conferencePaper","2025","Liu, Q.; Lee, S.; Paparrizos, J.","TSB-AutoAD: Towards Automated Solutions for Time-Series Anomaly Detection","","","","10.14778/3749646.3749699","https://www.scopus.com/inward/record.uri?eid=2-s2.0-105016671530&doi=10.14778%2F3749646.3749699&partnerID=40&md5=ed549ab83280233e7f08d29980a1c6ec","Despite decades of research on time-series anomaly detection, the effectiveness of existing anomaly detectors remains constrained to specific domains-a model that performs well on one dataset may fail on another. Consequently, developing automated solutions for anomaly detection remains a pressing challenge. However, the AutoML community has predominantly focused on supervised learning solutions, which are impractical for anomaly detection due to the lack of labeled data and the absence of a well-defened objective function for model evaluation. While recent studies have evaluated standalone anomaly detectors, no study has ever evaluated automated solutions for selecting or generating scores in an automated manner. In this study, we (i) provide a systematic review and taxonomy of automated solutions for time-series anomaly detection, categorizing them into selection, ensembling, and generation methods; (ii) introduce TSB-AutoAD, a comprehensive benchmark encompassing 20 standalone methods and 70 variants; and (iii) conduct the most extensive evaluation in this area to date. Our benchmark includes state-of-the-art methods across all three categories, evaluated on TSB-AD, a recently curated heterogeneous testbed from nine domains. Our findings reveal a significant gap, where over half of the existing solutions do not statistically outperform a simple random choice. Foundation models that claim to offer generalized, one-size-fits-all solutions have yet to deliver on this promise. While naive ensembling achieves high accuracy, it comes at a substantial computational overhead. Conversely, methods leveraging historical datasets enable fast inference but suffer under out-of-distribution conditions. To address this trade-off, we propose a selective ensembling solution, which combines model selection with ensembling to oer a lightweight, practical balance between accuracy and efficiency. We open-source TSB-AutoAD and highlight the need for more robust and efficient solutions. © 2025, VLDB Endowment. All rights reserved.","2025","2026-03-10 16:56:17","2026-03-10 16:56:17","","4364-4379","","11","18","","","","","","","","","","","","","Scopus","","","","","","","","Automation; Anomaly detection; Time series; Systematic Review; Times series; Economic and social effects; Pressung; Open systems; Labeled data; Generation method; Anomaly detector; Automated solutions; Model evaluation; Objective functions","","","","","","","","","","","","","","","","","","","","","","","","","","","","","","","","Proceedings of the VLDB Endowment","","","","","","","","","","","","","","",""
"QNS3V7WY","journalArticle","2026","Kumar Yadav, A.","Artificial Intelligence in Accelerating Materials Discovery: Opportunities and Challenges","ChemistrySelect","","","10.1002/slct.202507191","https://www.scopus.com/inward/record.uri?eid=2-s2.0-105029980270&doi=10.1002%2Fslct.202507191&partnerID=40&md5=cebadd996a59461a37701f7e367019f8","Artificial Intelligence integration in materials science has revolutionized discovery processes, accelerating timelines by 10–100× and identifying over 2.2 million stable inorganic materials through machine learning frameworks. This review examines current AI paradigms—foundation models, quantum machine learning, and autonomous laboratories—while addressing implementation challenges. Four transformative innovations are reshaping materials discovery: graph neural networks achieving >90% accuracy in thermoelectric predictions, generative models enabling inverse design, natural language processing extracting protocols from 100,000+ papers, and autonomous laboratories with 71% synthesis validation success rates. These advances leverage large-scale databases (Materials Project, NOMAD, OQMD), computational infrastructure, and algorithms spanning supervised learning, reinforcement learning, and deep generative models. Critical case studies include DeepMind's GNoME discovering 380,000 stable materials and Microsoft's MatterGen platform for crystal structure generation. However, persistent challenges remain: data scarcity affects 60% of materials classes, algorithmic bias exists in training datasets, and black-box limitations restrict scientific insight. Emerging trends—physics-informed machine learning, multimodal AI, federated learning, and human-AI collaboration—promise further acceleration. This review provides state-of-the-art assessment and actionable insights for navigating AI-driven materials discovery transformation, emphasizing the paradigm shift from traditional trial-and-error approaches to predictive, autonomous research methodologies that fundamentally reshape scientific investigation and innovation processes. © 2026 Wiley-VCH GmbH.","2026","2026-03-10 16:57:40","2026-03-10 16:57:40","","","","7","11","","","","","","","","","","","","","Scopus","","","","","","","","machine learning; artificial intelligence; foundation models; quantum machine learning; uncertainty quantification; data-driven design; inverse materials design; materials discovery","","","","","","","","","","","","","","","","","","","","","","","","","","","","","","","","","","","","","","","","","","","","","","",""
"JV9ZKABH","conferencePaper","2025","Xie, T.","Federated Continual Learning: A Survey on Mitigating Spatial-Temporal Catastrophic Forgetting","","","","10.1145/3778450.3778530","https://www.scopus.com/inward/record.uri?eid=2-s2.0-105026441568&doi=10.1145%2F3778450.3778530&partnerID=40&md5=b33e6b98fee35be72f2e079f416a43ad","Federated Continual Learning (FCL) aims to build intelligent systems capable of lifelong learning in distributed and dynamic environments, representing a key step toward large-scale AI deployment. FCL faces a fundamental challenge arising from its spatial-temporal nature: Spatial-Temporal Catastrophic Forgetting (ST-CF), where temporal forgetting occurs as new tasks overwrite previous knowledge, and spatial forgetting arises from the dilution of client-specific knowledge during model aggregation due to data heterogeneity. This survey systematically reviews the FCL field with a focus on ST-CF, analyzing its underlying mechanisms and proposing a unified methodological framework that categorizes existing works into replay-based, regularization-based, architecture-based, and prompt-based methods, while providing a critical evaluation of representative approaches. Our analysis highlights trade-offs among model performance, privacy preservation, and resource efficiency, and identifies integration with foundation models as a key pathway for advancing the field, offering deep insights and a clear roadmap for designing scalable, efficient, and trustworthy distributed intelligent systems. © 2025 Copyright held by the owner/author(s).","2025","2026-03-10 16:57:40","2026-03-10 16:57:40","","514-518","","","","","","","","","","","","","","","","Scopus","","","","","","","","federated learning; Computer aided instruction; Intelligent systems; Learning systems; continual learning; Continual learning; Data aggregation; Economic and social effects; Large-scales; Catastrophic forgetting; Distributed environments; Client specific; Dynamic environments; Life long learning; Spatial temporals; spatial-temporal catastrophic forgetting; Spatial-temporal catastrophic forgetting; Specific knowledge","","","","","","","","","","","","","","","","","","","","","","","","","","","","","","","","Proceedings of 2025 International Symposium on Machine Learning and Social Computing, MLSC 2025","","","","","","","","","","","","","","",""
"6SHZNMFK","conferencePaper","2025","Zhang, Z.; Han, X.; Zhao, X.; Guo, C.; Yang, B.","Learning from Spatio-Temporal Data in the LLM Era: Foundations, Models, and Emerging Trends","","","","10.1145/3748777.3748812","https://www.scopus.com/inward/record.uri?eid=2-s2.0-105022015446&doi=10.1145%2F3748777.3748812&partnerID=40&md5=ccbb7337c05a5e4e5d80142ef31252b1","Spatio-temporal data are foundational to understanding and modeling dynamic real-world phenomena such as human mobility, traffic flow, epidemic spread, and urban dynamics. With the growing availability of location-aware web data and the rise of intelligent urban infrastructures, analyzing spatio-temporal patterns has become both highly valuable and technically challenging. This tutorial provides a comprehensive overview of spatio-temporal data analytics, unifying perspectives from data management, research methodology, and emerging foundation models. We begin with a review of spatio-temporal data management systems, introducing the core data models, spatial-temporal indexing techniques, and scalable architectures for storing and querying large-scale mobility data. We then delve into trajectory learning, covering methods for prediction, generation, and reconstruction of movement sequences at the individual level. Next, we explore spatio-temporal graph learning, which focuses on forecasting region-level dynamics using dynamic graph neural networks. Multi-region, multi-task, and multi-domain spatio-temporal learning will be identified and introduced in detail. Finally, we present advanced learning frameworks that integrate federated learning, continual learning, and LLM-based approaches to build privacy-preserving, scalable, and adaptive spatio-temporal models. Through the lens of recent methodological and system-level advances, this tutorial bridges algorithmic design and practical deployment of spatio-temporal learning systems. It is suitable for researchers and practitioners working in machine learning, data mining, geospatial analysis, and intelligent systems. © 2025 Copyright held by the owner/author(s)","2025","2026-03-10 16:57:40","2026-03-10 17:10:34","","107-110","","","","","","","","","","","","","","","","Scopus","","","","","","","","Data privacy; Machine learning; Foundation models; Intelligent systems; Data mining; Learning systems; Spatio-temporal data; Traffic flow; Information management; Data management; Real-world; Spatio-temporal graphs; Emerging trends; Human mobility; Model dynamics; Spatio-temporal graph; Spatio-temporal learning; Trajectory learning","","","","","","","","","","","","","","","","","","","","","","","","","","","","","","","","SSTD 2025 - Proceedings of the 19th International Symposium on Spatial and Temporal Data","","","","","","","","","","","","","","",""
"8AYPFEJ5","journalArticle","2025","Hu, F.; Shao, Y.; Liu, J.; Liu, J.; Xiao, X.; Shi, K.; Zheng, Y.; Zhang, J.; Wang, X.","Advances in intelligent recognition and diagnosis of skin scar images: concepts, methods, challenges, and future trends","Frontiers in Medicine","","","10.3389/fmed.2025.1667087","https://www.scopus.com/inward/record.uri?eid=2-s2.0-105016648478&doi=10.3389%2Ffmed.2025.1667087&partnerID=40&md5=ab1278689a20d8393225dde832318070","Skin scars, resulting from the natural healing cascade following cutaneous injury, impose enduring physiological and psychological burdens on patients. This review first summarizes the biological classification of scars, their formation mechanisms, and conventional clinical assessment techniques. We then introduce core concepts of artificial intelligence, contrasting traditional machine learning algorithms with modern deep learning architectures, and review publicly available dermatology datasets. Standardized quantitative evaluation metrics and benchmarking protocols are presented to enable fair comparisons across studies. In the Methods Review section, we employ a systematic literature search strategy. Traditional machine learning methods are classified into unsupervised and supervised approaches. We examine convolutional neural networks (CNNs) as an independent category. We also explore advanced algorithms, including multimodal fusion, attention mechanisms, and self-supervised and generative models. For each category, we outline the technical approach, emphasize performance benefits, and discuss inherent limitations. Throughout, we also highlight key challenges related to data scarcity, domain shifts, and privacy legislation, and propose recommendations to enhance robustness, generalizability, and clinical interpretability. By aligning current capabilities with unmet clinical needs, this review offers a coherent roadmap for future research and the translational deployment of intelligent scar diagnosis systems. Copyright © 2025 Hu, Shao, Liu, Liu, Xiao, Shi, Zheng, Zhang and Wang.","2025","2026-03-10 16:57:40","2026-03-10 16:57:40","","","","","12","","","","","","","","","","","","","Scopus","","","","","","","","federated learning; data privacy; supervised machine learning; deep learning; generative model; remote sensing; dataset; human; encryption; convolutional neural network; unsupervised machine learning; medical ethics; Review; benchmarking; information processing; three-dimensional imaging; metadata; adversarial learning; artificial intelligence in dermatology; artificial intelligence-assisted diagnosis; clinical evaluation; computer vision for skin analysis; decentralization; dermatoscopy; disease classification; follow up; health equity; large scale production; large-scale foundation model; medical image process; multimodal imaging; quantitative diagnosis; semi supervised machine learning; skin scar; synthetic data augmentation","","","","","","","","","","","","","","","","","","","","","","","","","","","","","","","","","","","","","","","","","","","","","","",""
"TG5R3YGY","journalArticle","2025","Rahim, T.; Bollipo, L.M.; Verma, P.","Personalizing Federated Learning Models: Methods, Applications, and Challenges in Healthcare 5.0","IEEE Communications Standards Magazine","","","10.1109/MCOMSTD.2025.3610620","https://www.scopus.com/inward/record.uri?eid=2-s2.0-105017696672&doi=10.1109%2FMCOMSTD.2025.3610620&partnerID=40&md5=ebe155a9c6da4bc96010cc3f4319f56a","Personalized Federated Learning (PFL) revolutionizes healthcare by enabling collaborative model training across decentralized institutions while preserving patient confidentiality. The integration of Foundation Models (FMs) such as Generative Pretrained Transformer (GPT), Vision Transformer (ViT), and Contrastive Language Image Pretraining (CLIP) further enhances personalization in federated settings by addressing challenges such as data heterogeneity and local resource limitations. This paper comprehensively reviews FM driven PFL, including its systematic classification, mathematical foundations, and applications in medical imaging. It also outlines key research challenges and proposes future directions to advance PFL within the framework of Healthcare 5.0. The synergy between PFL and FMs enables the development of more robust and universal AI solutions suitable for diverse clinical environments. Moreover, multimodal personalization paves the way for precision diagnosis by integrating imaging, genomics, and clinical narratives. These innovations are foundation to building secure, equitable, and intelligent healthcare systems. © 2017 IEEE.","2025","2026-03-10 16:57:40","2026-03-10 16:57:40","","","","","","","","","","","","","","","","","","Scopus","","","","","","","","Foundation models; Learning systems; Pre-training; Medical imaging; Contrastive Learning; Health care; Data heterogeneity; Collaborative modeling; Decentralised; Model training; Learning models; Diagnosis; Image enhancement; Clinical research; Model method; Patient confidentiality; Personalizations","","","","","","","","","","","","","","","","","","","","","","","","","","","","","","","","","","","","","","","","","","","","","","",""
"ZW9Q8CD5","journalArticle","2026","Li, H.; Hou, L.; Cui, J.; Wang, Y.; Tao, Y.; Wang, H.; Savic, D.; Wang, A.; Ren, N.","Spatiotemporal Graph Learning on Urban Environments","Environmental Science and Technology","","","10.1021/acs.est.5c12640","https://www.scopus.com/inward/record.uri?eid=2-s2.0-105030931516&doi=10.1021%2Facs.est.5c12640&partnerID=40&md5=27d2ca0504914286a43d39574363bbec","Urban environments are shaped by intricate interactions among water, soil, air, and infrastructure, where traditional models often fail to capture nonlinear, non-Euclidean dynamics. Spatiotemporal graph learning (STGL) has emerged as a powerful framework to represent such complexity, enabling accurate forecasting and real-time decision support from urban districts to national and even global scales. This review provides the first comprehensive synthesis of STGL tailored to urban environments. We summarize advances in graph construction, spatial and temporal modeling, and fusion strategies, and examine applications across urban water systems, soil and agriculture, air quality, and urban risk. Landmark case studies, including Microsoft’s Aurora, NVIDIA’s Earth-2, and Google’s GraphCast/GenCast, demonstrate STGL’s potential as a foundation model for environmental intelligence. We conclude by identifying key limitations and outlining future directions, emphasizing federated learning, machine unlearning, and meta-learning to enhance next-generation STGL frameworks that ultimately support resilient and adaptive urban environments. © 2026 American Chemical Society","2026","2026-03-10 16:57:41","2026-03-10 16:57:41","","5191-5207","","7","60","","","","","","","","","","","","","Scopus","","","","","","","","machine learning; Decision making; Agriculture; decision making; Air quality; Urban planning; intelligent decision-making; spatiotemporal analysis; Decision support systems; Real time decisions; Traditional models; Spatio-temporal graphs; Decision supports; agriculture; Cities; city; decision support system; Global scale; Graph construction; Intelligent decision-making; Non-Euclidean; spatiotemporal graph learning; Spatiotemporal graph learning; urban area; urban environments; Urban environments","","","","","","","","","","","","","","","","","","","","","","","","","","","","","","","","","","","","","","","","","","","","","","",""
"C7GRBE4X","conferencePaper","2024","Tramèr, F.; Kamath, G.; Carlini, N.","Position: Considerations for Differentially Private Learning with Large-Scale Public Pretraining","","","","","https://www.scopus.com/inward/record.uri?eid=2-s2.0-85203820695&partnerID=40&md5=8b34a3fff039c43ee04e22618abac221","The performance of differentially private machine learning can be boosted significantly by leveraging the transfer learning capabilities of non-private models pretrained on large public datasets. We critically review this approach. We primarily question whether the use of large Web-scraped datasets should be viewed as differential-privacy-preserving. We further scrutinize whether existing machine learning benchmarks are appropriate for measuring the ability of pretrained models to generalize to sensitive domains. Finally, we observe that reliance on large pretrained models may lose other forms of privacy, requiring data to be outsourced to a more compute-powerful third party. Copyright 2024 by the author(s)","2024","2026-03-10 16:57:41","2026-03-10 16:57:41","","48453-48467","","","235","","","","","","","","","","","","","Scopus","","","","","","","","Federated learning; Differential privacy; Self-supervised learning; Transfer learning; Performance; Pre-training; Contrastive Learning; Adversarial machine learning; Machine-learning; Privacy preserving; Differential privacies; Large-scales; Public dataset; Learning capabilities; Third parties","","","","","","","","","","","","","","","","","","","","","","","","","","","","","","","","Proceedings of Machine Learning Research","","","","","","","","","","","","","","",""
"W9AC7K7U","journalArticle","2025","Lepcha, D.C.; Goyal, B.; Dogra, A.; Alkhayyat, A.; Sahu, P.K.; Ali, A.; Kukreja, V.","Deep Learning in Medical Image Analysis: A Comprehensive Review of Algorithms, Trends, Applications, and Challenges","CMES - Computer Modeling in Engineering and Sciences","","","10.32604/cmes.2025.070964","https://www.scopus.com/inward/record.uri?eid=2-s2.0-105023097284&doi=10.32604%2Fcmes.2025.070964&partnerID=40&md5=e6c7ecab12ed443376449c781fcb2b7c","Medical image analysis has become a cornerstone of modern healthcare, driven by the exponential growth of data from imaging modalities such as MRI, CT, PET, ultrasound, and X-ray. Traditional machine learning methods have made early contributions; however, recent advancements in deep learning (DL) have revolutionized the field, offering state-of-the-art performance in image classification, segmentation, detection, fusion, registration, and enhancement. This comprehensive review presents an in-depth analysis of deep learning methodologies applied across medical image analysis tasks, highlighting both foundational models and recent innovations. The article begins by introducing conventional techniques and their limitations, setting the stage for DL-based solutions. Core DL architectures, including Convolutional Neural Networks (CNNs), Recurrent Neural Networks (RNNs), Generative Adversarial Networks (GANs), Vision Transformers (ViTs), and hybrid models, are discussed in detail, including their advantages and domain-specific adaptations. Advanced learning paradigms such as semi-supervised learning, self-supervised learning, and few-shot learning are explored for their potential to mitigate data annotation challenges in clinical datasets. This review further categorizes major tasks in medical image analysis, elaborating on how DL techniques have enabled precise tumor segmentation, lesion detection, modality fusion, super-resolution, and robust classification across diverse clinical settings. Emphasis is placed on applications in oncology, cardiology, neurology, and infectious diseases, including COVID-19. Challenges such as data scarcity, label imbalance, model generalizability, interpretability, and integration into clinical workflows are critically examined. Ethical considerations, explainable AI (XAI), federated learning, and regulatory compliance are discussed as essential components of real-world deployment. Benchmark datasets, evaluation metrics, and comparative performance analyses are presented to support future research. The article concludes with a forward-looking perspective on the role of foundation models, multimodal learning, edge AI, and bio-inspired computing in the future of medical imaging. Overall, this review serves as a valuable resource for researchers, clinicians, and developers aiming to harness deep learning for intelligent, efficient, and clinically viable medical image analysis. Copyright © 2025 The Authors.","2025","2026-03-10 16:57:41","2026-03-10 16:57:41","","1487-1573","","2","145","","","","","","","","","","","","","Scopus","","","","","","","","Artificial intelligence; Convolutional neural networks; Deep learning; Self-supervised learning; Diseases; Convolution; Natural language processing; artificial intelligence (AI); Transformer; Learning systems; Natural languages; transformers; neural networks; Neurology; Image segmentation; convolutional neural networks (CNNs); Semi-supervised learning; Tumors; Generative adversarial network; deep learning (DL); natural language processing (NLP); Learning algorithms; Convolutional neural network; Neural-networks; Deep neural networks; Regulatory compliance; Comprehensive analysis; Diagnosis; Language processing; Arts computing; Adversarial networks; Medical image processing; comprehensive analysis; computational applications; Computational applications; generative adversarial networks (GANs); Medical image analysis","","","","","","","","","","","","","","","","","","","","","","","","","","","","","","","","","","","","","","","","","","","","","","",""
"P77AMDFB","journalArticle","2025","Awais, M.; Naseer, M.; Khan, S.; Anwer, R.M.; Cholakkal, H.; Shah, M.; Yang, M.-H.; Khan, F.S.","Foundation Models Defining a New Era in Vision: A Survey and Outlook","IEEE Transactions on Pattern Analysis and Machine Intelligence","","","10.1109/TPAMI.2024.3506283","https://www.scopus.com/inward/record.uri?eid=2-s2.0-86000433677&doi=10.1109%2FTPAMI.2024.3506283&partnerID=40&md5=ee3921715fa12aac253e9176059e7b73","Vision systems that see and reason about the compositional nature of visual scenes are fundamental to understanding our world. The complex relations between objects and their locations, ambiguities, and variations in the real-world environment can be better described in human language, naturally governed by grammatical rules and other modalities such as audio and depth. The models learned to bridge the gap between such modalities and large-scale training data facilitate contextual reasoning, generalization, and prompt capabilities at test time. These models are referred to as foundation models. The output of such models can be modified through human-provided prompts without retraining, e.g., segmenting a particular object by providing a bounding box, having interactive dialogues by asking questions about an image or video scene or manipulating the robot's behavior through language instructions. In this survey, we provide a comprehensive review of such emerging foundation models, including typical architecture designs to combine different modalities (vision, text, audio, etc.), training objectives (contrastive, generative), pre-training datasets, fine-tuning mechanisms, and the common prompting patterns; textual, visual, and heterogeneous. We discuss the open challenges and research directions for foundation models in computer vision, including difficulties in their evaluations and benchmarking, gaps in their real-world understanding, limitations of contextual understanding, biases, vulnerability to adversarial attacks, and interpretability issues. We review recent developments in this field, covering a wide range of applications of foundation models systematically and comprehensively.  © 1979-2012 IEEE.","2025","2026-03-10 16:57:41","2026-03-10 16:57:41","","2245-2264","","4","47","","","","","","","","","","","","","Scopus","","","","","","","","Federated learning; Supervised learning; self-supervised learning; Self-supervised learning; Foundation models; Contrastive learning; large language models; computer vision; Large language model; Contrastive Learning; Adversarial machine learning; Benchmarking; Vision systems; Personnel training; Large-scales; human; article; Language model; Real world environments; Visual languages; therapy; benchmarking; videorecording; vision; ambiguity; And masked modeling; Human language; language and vision; Language and vision; masked modeling; reasoning; Visual scene; vulnerability","","","","","","","","","","","","","","","","","","","","","","","","","","","","","","","","","","","","","","","","","","","","","","",""
"WDGDBR9E","journalArticle","2024","Guetschel, P.; Ahmadi, S.; Tangermann, M.","Review of deep representation learning techniques for brain-computer interfaces","Journal of Neural Engineering","","","10.1088/1741-2552/ad8962","https://www.scopus.com/inward/record.uri?eid=2-s2.0-85208286998&doi=10.1088%2F1741-2552%2Fad8962&partnerID=40&md5=0b50c6d6fc8766b7ee2e576676bc53bf","In the field of brain-computer interfaces (BCIs), the potential for leveraging deep learning techniques for representing electroencephalogram (EEG) signals has gained substantial interest. Objective: This review synthesizes empirical findings from a collection of articles using deep representation learning techniques for BCI decoding, to provide a comprehensive analysis of the current state-of-the-art. Approach: Each article was scrutinized based on three criteria: (1) the deep representation learning technique employed, (2) the underlying motivation for its utilization, and (3) the approaches adopted for characterizing the learned representations. Main results: Among the 81 articles finally reviewed in depth, our analysis reveals a predominance of 31 articles using autoencoders. We identified 13 studies employing self-supervised learning (SSL) techniques, among which ten were published in 2022 or later, attesting to the relative youth of the field. However, at the time being, none of these have led to standard foundation models that are picked up by the BCI community. Likewise, only a few studies have introspected their learned representations. We observed that the motivation in most studies for using representation learning techniques is for solving transfer learning tasks, but we also found more specific motivations such as to learn robustness or invariances, as an algorithmic bridge, or finally to uncover the structure of the data. Significance: Given the potential of foundation models to effectively tackle these challenges, we advocate for a continued dedication to the advancement of foundation models specifically designed for EEG signal decoding by using SSL techniques. We also underline the imperative of establishing specialized benchmarks and datasets to facilitate the development and continuous improvement of such foundation models. © 2024 The Author(s). Published by IOP Publishing Ltd.","2024","2026-03-10 16:57:41","2026-03-10 17:10:37","","","","6","21","","","","","","","","","","","","","Scopus","","","","","","","","Federated learning; Deep learning; Supervised learning; Self-supervised learning; Deep Learning; Transfer learning; Foundation models; deep learning; review; Deep reinforcement learning; EEG; Electroencephalography; embedding; electroencephalogram; Contrastive Learning; autoencoder; Adversarial machine learning; feature extraction; entropy; Benchmarking; human; Learning techniques; algorithm; controlled study; Humans; procedures; State of the art; 'current; transfer of learning; Comprehensive analysis; Embeddings; unsupervised machine learning; feature learning (machine learning); Review; information processing; Brain computer interface; Electroencephalogram signals; electroencephalography; adversarial learning; BCI; brain computer interface; Brain-Computer Interfaces; Bridge approaches; calibration; community; deep metric learning; denoising autoencoder; Empirical findings; facial recognition; feed forward neural network; generative adversarial networks; motivation; representation; Representation; task performance","","","","","","","","","","","","","","","","","","","","","","","","","","","","","","","","","","","","","","","","","","","","","","",""
"Q8KT88BG","conferencePaper","2024","Woisetschläger, H.; Erben, A.; Wang, S.; Mayer, R.; Jacobsen, H.-A.","A Survey on Efficient Federated Learning Methods for Foundation Model Training","","","","","https://www.scopus.com/inward/record.uri?eid=2-s2.0-85204299995&partnerID=40&md5=0e183f6915069f0f1c43f534d2ae5895","Federated Learning (FL) has become an established technique to facilitate privacy-preserving collaborative training across a multitude of clients. However, new approaches to FL often discuss their contributions involving small deep-learning models only and focus on training full models on clients. In the wake of Foundation Models (FM), the reality is different for many deep learning applications. Typically, FMs have already been pre-trained across a wide variety of tasks and can be fine-tuned to specific downstream tasks over significantly smaller datasets than required for full model training. However, access to such datasets is often challenging. By its design, FL can help to open data silos. With this survey, we introduce a novel taxonomy focused on computational and communication efficiency, the vital elements to make use of FMs in FL systems. We discuss the benefits and drawbacks of parameter-efficient fine-tuning (PEFT) for FL applications, elaborate on the readiness of FL frameworks to work with FMs and provide future research opportunities on how to evaluate generative models in FL as well as the interplay of privacy and PEFT. © 2024 International Joint Conferences on Artificial Intelligence. All rights reserved.","2024","2026-03-10 16:57:42","2026-03-10 16:57:42","","8317-8325","","","","","","","","","","","","","","","","Scopus","","","","","","","","Federated learning; Deep learning; Differential privacy; Foundation models; Deep reinforcement learning; Contrastive Learning; Adversarial machine learning; Privacy by design; Privacy preserving; Learning methods; Model training; Collaborative training; New approaches; Learning models; Down-stream; Fine tuning; Open Data; Full model","","","","","","","","","","","","","","","","","","","","","","","","","","","","","","","","IJCAI International Joint Conference on Artificial Intelligence","","","","","","","","","","","","","","",""
"GMBUU9QW","journalArticle","2025","Soni, N.; Ora, M.; Agarwal, A.; Yang, T.; Bathla, G.","A Review of the Opportunities and Challenges with Large Language Models in Radiology: The Road Ahead","American Journal of Neuroradiology","","","10.3174/ajnr.A8589","https://www.scopus.com/inward/record.uri?eid=2-s2.0-105009646777&doi=10.3174%2Fajnr.A8589&partnerID=40&md5=f8920ab1ce40f5fdec44ce8ab4716480","SUMMARY: In recent years, generative artificial intelligence (AI), particularly large language models (LLMs) and their multimodal counterparts, multimodal large language models, including vision language models, have generated considerable interest in the global AI discourse. LLMs, or pre-trained language models (such as ChatGPT, Med-PaLM, LLaMA), are neural network architectures trained on extensive text data, excelling in language comprehension and generation. Multimodal LLMs, a subset of foundation models, are trained on multimodal data sets, integrating text with another modality, such as images, to learn universal representations akin to human cognition better. This versatility enables them to excel in tasks like chatbots, translation, and creative writing while facilitating knowledge sharing through transfer learning, federated learning, and synthetic data creation. Several of these models can have potentially appealing applications in the medical domain, including, but not limited to, enhancing patient care by processing patient data; summarizing reports and relevant literature; providing diagnostic, treatment, and follow-up recommendations; and ancillary tasks like coding and billing. As radiologists enter this promising but uncharted territory, it is imperative for them to be familiar with the basic terminology and processes of LLMs. Herein, we present an overview of the LLMs and their potential applications and challenges in the imaging domain. © 2025 American Society of Neuroradiology. All rights reserved.","2025","2026-03-10 16:57:42","2026-03-10 17:10:38","","1292-1299","","7","46","","","","","","","","","","","","","Scopus","","","","","","","","federated learning; Artificial Intelligence; artificial intelligence; Large Language Models; review; generative artificial intelligence; ChatGPT; large language model; radiology; human; artificial neural network; Humans; procedures; diagnosis; transfer of learning; Neural Networks, Computer; language; Language; patient care; follow up; chatbot; language model; llama; nerve cell network; patient coding; radiologist; Radiology","","","","","","","","","","","","","","","","","","","","","","","","","","","","","","","","","","","","","","","","","","","","","","",""
"X4UUDWVB","journalArticle","2026","Chu, F.; Li, H.; Xie, L.; Zhao, J.","A survey of transformer architectures for autonomous driving","Expert Systems with Applications","","","10.1016/j.eswa.2025.130338","https://www.scopus.com/inward/record.uri?eid=2-s2.0-105023828709&doi=10.1016%2Fj.eswa.2025.130338&partnerID=40&md5=4dd3411e3d7b7762547b2f073fe85268","Transformers have emerged as a foundational paradigm in autonomous driving, enabling high-capacity modeling of complex, multimodal, and dynamic environments. Their self-attention mechanisms, scalability, and sequence modeling capabilities support spatial–temporal reasoning and long-range dependency capture. Although increasingly adopted in core modules—such as perception, trajectory prediction, decision-making, and anomaly detection—a system-level survey of their architectural evolution and deployment challenges remains lacking. This paper presents a structured survey of Transformer models in autonomous driving, introducing a task-oriented taxonomy that spans object detection, sensor fusion, trajectory forecasting, motion planning, and intent prediction. We compare Transformer architectures with traditional deep learning models (e.g., CNNs, RNNs), highlighting advantages in global context modeling, multimodal alignment, and unified representations across heterogeneous inputs (camera, LiDAR, radar, HD maps). Beyond current applications, this work examines large-scale, end-to-end Transformer systems and their potential as foundation models for autonomous driving. We analyze design patterns involving chain-of-thought reasoning, neuro-symbolic integration, federated learning, and privacy-preserving edge deployment. Case studies from industry leaders (e.g., Tesla, Baidu, NVIDIA, Aurora) illustrate practical trade-offs and architectural adaptations. Despite progress, challenges remain in achieving real-time efficiency, robustness in open-world scenarios, interpretability in sequential decision-making, and integration with cost-sensitive sensors. We identify research gaps and propose directions in scalable Transformer design, explainable AI, and policy-aware planning. This survey aims to guide researchers and practitioners at the intersection of AI and intelligent transportation, supporting the development of interpretable, efficient, and generalizable Transformer-based autonomous driving systems. © 2025 The Author(s). Published by Elsevier Ltd. This is an open access article under the CC BY license. http://creativecommons.org/licenses/by/4.0/","2026","2026-03-10 16:57:42","2026-03-10 16:57:42","","","","","299","","","","","","","","","","","","","Scopus","","","","","","","","Data privacy; Computer architecture; Anomaly detection; Deep learning; Attention mechanisms; Decision making; Autonomous vehicles; Traffic control; Architecture; Transformer; Multimodal; Autonomous driving; Multi-modal; Economic and social effects; Decisions makings; Behavioral research; Dynamic environments; Capacity modeling; Complex environments; Decision-making; High capacity; High-capacity; Motion planning; Perception","","","","","","","","","","","","","","","","","","","","","","","","","","","","","","","","","","","","","","","","","","","","","","",""
"9RM3DF2F","journalArticle","2026","Saito, K.; Walston, S.L.; Takita, H.; Mitsuyama, Y.; Arita, Y.; Ueda, D.","AI for screening in healthcare: promise and challenges","Abdominal Radiology","","","10.1007/s00261-025-05370-4","https://www.scopus.com/inward/record.uri?eid=2-s2.0-105027336842&doi=10.1007%2Fs00261-025-05370-4&partnerID=40&md5=da2671246e51bdd1d93b48787bb50151","Artificial intelligence (AI) is reshaping population screening, yet the translation from laboratory performance to population benefit remains limited. This narrative review describes current uses of AI across major screening pathways. Prospective trials in mammography demonstrate non‑inferior cancer detection with large reductions in radiologist workload. In diabetic retinopathy, the first FDA‑authorized autonomous system extends specialist‑level screening into primary care and improves uptake. During colonoscopy, real‑time computer vision improves adenoma detection without increasing removal of non‑neoplastic tissue. Emerging multimodal approaches, including transformer‑based and large language model-enabled systems, integrate images, clinical variables, and molecular signals and underpin multi‑cancer early detection tests. Despite these gains, three constraints currently limit impact: the base‑rate problem in low‑prevalence cohorts, which magnifies the burden of false positives; limited generalizability and potential bias across institutions and populations; and practical barriers in workflow, regulation, and trust. Opportunities ahead include foundation models pre‑trained on diverse data, uncertainty‑aware “decision referral,” federated learning, larger representative datasets, and prospective trials that track interval cancers, stage shift, and cost‑effectiveness. The overarching conclusion is cautious optimism: when validated and invisibly integrated, AI augments physicians, expands access, and improves efficiency; realizing durable public‑health benefits will depend on equity‑focused design, rigorous evaluation, and sustained human oversight. © The Author(s), under exclusive licence to Springer Science+Business Media, LLC, part of Springer Nature 2026.","2026","2026-03-10 16:57:42","2026-03-10 16:57:42","","","","","","","","","","","","","","","","","","Scopus","","","","","","","","Artificial intelligence; federated learning; Deep learning; artificial intelligence; deep learning; Healthcare; review; computer vision; large language model; colonoscopy; human; diagnosis; radiologist; workflow; cancer diagnosis; cost effectiveness analysis; diabetic retinopathy; early cancer; false positive result; mammography; mass screening; medical specialist; optimism; patient referral; prevalence; primary medical care; screening; Screening; workload","","","","","","","","","","","","","","","","","","","","","","","","","","","","","","","","","","","","","","","","","","","","","","",""
"DA3T82NI","journalArticle","2024","Zhou, Z.; Gu, Z.; Qu, X.; Liu, P.; Liu, Z.; Yu, W.","Urban mobility foundation model: A literature review and hierarchical perspective","Transportation Research Part E: Logistics and Transportation Review","","","10.1016/j.tre.2024.103795","https://www.scopus.com/inward/record.uri?eid=2-s2.0-85206094754&doi=10.1016%2Fj.tre.2024.103795&partnerID=40&md5=b44dcb568aecaf03d4efacecc794168f","An urban mobility system serves as a highly intricate and nonlinear mega-system facilitating the movement of people, goods, and services across spatio-temporal domains. This complexity stems from factors such as intricate interactions between transportation supply and demand, and the inherent stochastic nature of an open, heterogeneous, and adaptable system. Successfully comprehending and navigating this system presents a challenge. Yet, a remarkable opportunity emerges with the growing availability of multi-source data in urban mobility and various sectors, combined with the recent advancements in large-scale machine learning (ML) models. In this paper, we introduce a novel conceptual framework, the HUGE (Hierarchically Unified GEnerative) foundation model, to address multifaceted computational tasks and decision-making problems embedded in urban mobility systems. We delve into the core technologies and their seamless integration to realize this framework, highlighting its potential to harness substantial data analytics, hierarchical ML methodologies, and domain-specific knowledge. The conceived framework has the potential to revolutionize urban mobility system planning, design, construction, and management in a digital and intelligent manner. © 2024 Elsevier Ltd","2024","2026-03-10 16:57:42","2026-03-10 16:57:42","","","","","192","","","","","","","","","","","","","Scopus","","","","","","","","Federated learning; Federated Learning; machine learning; Foundation models; decision making; Transformer; Foundation Model; modeling; Urban mobility; literature review; Contrastive Learning; Adversarial machine learning; Multi-modal; Literature reviews; Multitask learning; Mobility systems; Movement of peoples; Multi-task Learning; Multimodal Transportation; Transportation decision making; Transportation decision-making task; Transportation Decision-making Tasks; transportation system; urban transport","","","","","","","","","","","","","","","","","","","","","","","","","","","","","","","","","","","","","","","","","","","","","","",""
"53VIT6QA","journalArticle","2026","Bartusik-Aebisher, D.; Justin Raj, D.R.; Aebisher, D.","Artificial Intelligence in Medical Diagnostics: Foundations, Clinical Applications, and Future Directions","Applied Sciences (Switzerland)","","","10.3390/app16020728","https://www.scopus.com/inward/record.uri?eid=2-s2.0-105028667296&doi=10.3390%2Fapp16020728&partnerID=40&md5=7095331c561559b5fd5f0c20ecbae5be","Artificial intelligence (AI) is rapidly transforming medical diagnostics by allowing for early, accurate, and data-driven clinical decision-making. This review provides an overview of how machine learning (ML), deep learning, and emerging multimodal foundation models have been used in diagnostic procedures across imaging, pathology, molecular analysis, physiological monitoring, and electronic health record (EHR)-integrated decision-support systems. We have discussed the basic computational foundations of supervised, unsupervised, and reinforcement learning and have also shown the importance of data curation, validation metrics, interpretability methods, and feature engineering. The use of AI in many different applications has shown that it can find abnormalities and integrate some features from multi-omics and imaging, which has shown improvements in prognostic modeling. However, concerns about data heterogeneity, model drift, bias, and strict regulatory guidelines still remain and are yet to be addressed in this field. Looking forward, future advancements in federated learning, generative AI, and low-resource diagnostics will pave the way for adaptable and globally accessible AI-assisted diagnostics. © 2026 by the authors.","2026","2026-03-10 16:57:42","2026-03-10 16:57:42","","","","2","16","","","","","","","","","","","","","Scopus","","","","","","","","federated learning; Deep learning; machine learning; Predictive analytics; artificial intelligence; Decision making; deep learning; review; Learning systems; generative artificial intelligence; Medical imaging; Health care; Patient monitoring; clinical decision support systems; Decision support systems; Machine-learning; Learning algorithms; Data driven; human; algorithm; practice guideline; diagnosis; Diagnosis; Medical computing; Physiological models; clinical practice guideline; electronic health record; benchmarking; physiologic monitoring; artificial intelligence-assisted diagnosis; clinical decision making; decision support system; biological marker; Artificial intelligence in diagnostic; artificial intelligence in diagnostics; clinical decision support system; Clinical decision support systems; Data curation; Data-driven medical solution; data-driven medical solutions; Diagnosis algorithms; diagnostic procedure; Electronic health record; Healthcare technology; healthcare technology innovation; Healthcare technology innovation; machine learning in healthcare; Machine learning in healthcare; Medical diagnose algorithm; medical diagnosis algorithms; molecular pathology; multiomics; Predictive analytic in medicine; predictive analytics in medicine; Technology innovation","","","","","","","","","","","","","","","","","","","","","","","","","","","","","","","","","","","","","","","","","","","","","","",""
"R7S4WRLU","journalArticle","2026","Wang, Z.; Wu, S.; Huang, Y.; Liu, R.; Liu, X.","A comprehensive review of deep learning for solar nowcasting: Enhancing accuracy, reliability, and interpretability","Applied Energy","","","10.1016/j.apenergy.2026.127378","https://www.scopus.com/inward/record.uri?eid=2-s2.0-105027192403&doi=10.1016%2Fj.apenergy.2026.127378&partnerID=40&md5=58f73b290259f3eb2101b6c73280a8e1","Solar nowcasting (0–6 hour horizons) is critical for grid stability, ramp-rate control, and energy storage optimization as renewable penetration accelerates. This systematic review analyzes 120 peer-reviewed studies (2015–2024) selected via PRISMA protocol from 8245 initial records, evaluating CNN-based spatial feature extraction, RNN-based temporal modeling, and hybrid multi-modal fusion architectures alongside emerging paradigms including federated learning, diffusion models, physics-informed neural networks, and foundation models. Modern deep learning achieves 20–40% improvement over persistence baselines (skill scores 0.25–0.45), with physics-aware designs substantially reducing violations of radiative constraints. However, critical gaps persist: only 18% of studies release code publicly, preprocessing pipelines remain undocumented, probabilistic evaluation using proper scoring rules (CRPS, Brier score) with calibration diagnostics is inconsistently applied, and benchmark datasets concentrate in North America and Europe, limiting generalizability. We establish explicit connections between forecast skill and operational value (reserve costs, curtailment reduction, ramp compliance, battery cycling) and quantify deployment constraints (inference latency <60s, energy consumption 5–300W, edge versus cloud architectures). Key recommendations include mandatory release of preprocessing pipelines with datasets, standardized probabilistic evaluation protocols with condition-specific analyses, physics-informed architectures with radiative constraints, multi-objective optimization balancing accuracy against computational cost and carbon footprint, and federated learning for privacy-preserving collaboration. This review provides an evidence-based roadmap toward reproducible, physically consistent, and operationally valuable solar nowcasting essential for reliable renewable energy integration. © 2026 The Author(s)","2026","2026-03-10 16:57:42","2026-03-10 16:57:42","","","","","407","","","","","","","","","","","","","Scopus","","","","","","","","Data privacy; Neural networks; Deep learning; Explainable AI; Europe; optimization; Architecture; Probabilistic forecasting; Network architecture; Distributed computer systems; Uncertainty quantification; Uncertainty quantifications; energy storage; Hybrid model; Learning architectures; Cost benefit analysis; calibration; alternative energy; battery; Deep learning architecture; Grid stability; Hybrid models; integrated approach; North America; nowcasting; Nowcasting; persistence; Probabilistic evaluation; Solar nowcasting","","","","","","","","","","","","","","","","","","","","","","","","","","","","","","","","","","","","","","","","","","","","","","",""
"U7CS8Z39","journalArticle","2024","Zheng, Y.; Hao, Q.; Wang, J.; Gao, C.; Chen, J.; Jin, D.; Li, Y.","A Survey of Machine Learning for Urban Decision Making: Applications in Planning, Transportation, and Healthcare","ACM Computing Surveys","","","10.1145/3695986","https://www.scopus.com/inward/record.uri?eid=2-s2.0-85212575568&doi=10.1145%2F3695986&partnerID=40&md5=bfda6e36f52ed2de8b33a394d2555b34","Developing smart cities is vital for ensuring sustainable development and improving human well-being. One critical aspect of building smart cities is designing intelligent methods to address various decision-making problems that arise in urban areas. As machine learning techniques continue to advance rapidly, a growing body of research has been focused on utilizing these methods to achieve intelligent urban decision-making. In this survey, we conduct a systematic literature review on the application of machine learning methods in urban decision-making, with a focus on planning, transportation, and healthcare. First, we provide a taxonomy based on typical applications of machine learning methods for urban decision-making. We then present background knowledge on these tasks and the machine learning techniques that have been adopted to solve them. Next, we examine the challenges and advantages of applying machine learning in urban decision-making, including issues related to urban complexity, urban heterogeneity, and computational cost. Afterward and primarily, we elaborate on the existing machine learning methods that aim at solving urban decision-making tasks in planning, transportation, and healthcare, highlighting their strengths and limitations. Finally, we discuss open problems and the future directions of applying machine learning to enable intelligent urban decision-making, such as developing foundation models and combining reinforcement learning algorithms with human feedback. We hope this survey can help researchers in related fields understand the recent progress made in existing works, and inspire novel applications of machine learning in smart cities.  © 2024 Copyright held by the owner/author(s).","2024","2026-03-10 16:57:43","2026-03-10 16:57:43","","","","4","57","","","","","","","","","","","","","Scopus","","","","","","","","Federated learning; machine learning; Urban areas; decision making; optimization; Contrastive Learning; Adversarial machine learning; Urban planning; Machine-learning; Machine learning methods; Machine learning techniques; Optimisations; Decisions makings; Urban transportation; Decision-making problem; Growing bodies; Intelligent method; urban planning; Well being","","","","","","","","","","","","","","","","","","","","","","","","","","","","","","","","","","","","","","","","","","","","","","",""
"G9ZXRUL6","journalArticle","2025","Xie, Z.; Lin, Z.; Sun, E.; Ding, F.; Qi, J.; Zhao, S.","Deep learning for automatic vertebra analysis: A methodological survey of recent advances","Computerized Medical Imaging and Graphics","","","10.1016/j.compmedimag.2025.102652","https://www.scopus.com/inward/record.uri?eid=2-s2.0-105017627013&doi=10.1016%2Fj.compmedimag.2025.102652&partnerID=40&md5=8a9563bfb1ecc5f99dc72e7fda24dd1f","Automated vertebra analysis (AVA), encompassing vertebra detection and segmentation, plays a critical role in computer-aided diagnosis, surgical planning, and postoperative evaluation in spine-related clinical workflows. Despite notable progress, AVA continues to face key challenges, including variations in the field of view (FOV), complex vertebral morphology, limited availability of high-quality annotated data, and performance degradation under domain shifts. Over the past decade, numerous studies have employed deep learning (DL) to tackle these issues, introducing advanced network architectures and innovative learning paradigms. However, the rapid evolution of these methods has not been comprehensively captured by existing surveys, resulting in a knowledge gap regarding the current state of the field. To address this, this paper presents an up-to-date review that systematically summarizes recent advances. The review begins by consolidating publicly available datasets and evaluation metrics to support standardized benchmarking. Recent DL-based AVA approaches are then analyzed from two methodological perspectives: network architecture improvement and learning strategies design. Finally, an examination of persistent technical barriers and emerging clinical needs that are shaping future research directions is provided. These include multimodal learning, domain generalization, and the integration of foundation models. As the most current survey in the field, this review provides a comprehensive and structured synthesis aimed at guiding future research toward the development of robust, generalizable, and clinically deployable AVA systems in the era of intelligent medical imaging. © 2025 Elsevier Ltd","2025","2026-03-10 16:57:43","2026-03-10 16:57:43","","","","","125","","","","","","","","","","","","","Scopus","","","","","","","","federated learning; Deep learning; Deep Learning; deep learning; accuracy; generative model; Learning systems; Image analysis; image segmentation; Network architecture; feature extraction; Systematic Review; Benchmarking; human; Humans; procedures; convolutional neural network; Computer aided diagnosis; 'current; transfer of learning; Systematic review; Medical computing; diagnostic imaging; Review; image processing; Image Processing, Computer-Assisted; nuclear magnetic resonance imaging; benchmarking; anatomical concepts; computer assisted tomography; Clinical research; Medical image processing; Medical image analysis; anatomical landmark; anisotropy; autoanalysis; automated vertebra analysis; Automated vertebra analysis (AVA); Automated vertebra analyze; Computer aided analysis; Computer-aided; generative adversarial network; Musculoskeletal system; segmentation algorithm; spine; Spine; Surgical planning; Vertebra detections; Vertebrae analysis; Vertebrae segmentation","","","","","","","","","","","","","","","","","","","","","","","","","","","","","","","","","","","","","","","","","","","","","","",""
"QNDT5NR9","journalArticle","2025","Sevgi, M.; Ruffell, E.; Antaki, F.; Chia, M.A.; Keane, P.A.","Foundation models in ophthalmology: opportunities and challenges","Current Opinion in Ophthalmology","","","10.1097/ICU.0000000000001091","https://www.scopus.com/inward/record.uri?eid=2-s2.0-85206816972&doi=10.1097%2FICU.0000000000001091&partnerID=40&md5=d94c656a65a61467c730a78e2c43cb6c","Purpose of review Last year marked the development of the first foundation model in ophthalmology, RETFound, setting the stage for generalizable medical artificial intelligence (GMAI) that can adapt to novel tasks. Additionally, rapid advancements in large language model (LLM) technology, including models such as GPT-4 and Gemini, have been tailored for medical specialization and evaluated on clinical scenarios with promising results. This review explores the opportunities and challenges for further advancements in these technologies. Recent findings RETFound outperforms traditional deep learning models in specific tasks, even when only fine-tuned on small datasets. Additionally, LMMs like Med-Gemini and Medprompt GPT-4 perform better than out-of-the-box models for ophthalmology tasks. However, there is still a significant deficiency in ophthalmology-specific multimodal models. This gap is primarily due to the substantial computational resources required to train these models and the limitations of high-quality ophthalmology datasets. Summary Overall, foundation models in ophthalmology present promising opportunities but face challenges, particularly the need for high-quality, standardized datasets for training and specialization. Although development has primarily focused on large language and vision models, the greatest opportunities lie in advancing large multimodal models, which can more closely mimic the capabilities of clinicians. © 2025 Lippincott Williams and Wilkins. All rights reserved.","2025","2026-03-10 16:57:43","2026-03-10 16:57:43","","90-98","","1","36","","","","","","","","","","","","","Scopus","","","","","","","","federated learning; Artificial Intelligence; artificial intelligence; deep learning; foundation model; foundation models; large language models; large language model; large vision model; prompt engineering; human; Humans; Review; model; Ophthalmology; generative pretrained transformer; large multimodal model; large vision models; Med-Gemini model; medical artificial intelligence; Medprompt GPT-4 model; multimodal models; ophthalmology; RETFound model","","","","","","","","","","","","","","","","","","","","","","","","","","","","","","","","","","","","","","","","","","","","","","",""
"TADFQ9CJ","journalArticle","2026","Shi, D.; Cai, M.; Che, Y.; Xie, L.; Zhao, J.","Towards artificial intelligence-enabled autonomous battery prognostics and management","Journal of Energy Chemistry","","","10.1016/j.jechem.2025.09.081","https://www.scopus.com/inward/record.uri?eid=2-s2.0-105020664652&doi=10.1016%2Fj.jechem.2025.09.081&partnerID=40&md5=5f00f94b3e6775f6f326108f6841aa7e","Reliable and safe operation of batteries is increasingly challenged by diverse operating conditions and stringent demands for system resilience. Artificial intelligence (AI) has emerged as a transformative enabler of battery health management, offering capabilities beyond traditional models. This review provides a structured synthesis of recent progress in AI-enabled diagnostics. Advances in state estimation—including state of health (SOH) and remaining useful life (RUL)—are first examined, with methodological breakthroughs identified across diverse task formulations. The evolution of AI architectures is then traced, from conventional neural networks to attention-based Transformers, physics-informed models, and federated learning, with particular attention to emerging paradigms such as foundation models, neuro-symbolic reasoning, and quantum machine learning that promise improved robustness and interpretability. To bridge laboratory innovation with deployment, a domain-adaptive four-stage data pipeline has emerged as a promising framework for real-world BMS signals—spanning operational segmentation, multi-scale denoising, degradation-aware feature engineering, and structured sample construction—designed to enhance generalization under heterogeneous and noisy conditions. Looking forward, a technological roadmap is outlined that integrates edge AI, digital twins, AIOps, quantum computing, wireless sensing, and self-repair systems. Collectively, these innovations transform batteries from passive energy reservoirs into intelligent cyber-physical agents endowed with perception, autonomous decision-making, and resilient fault response—paving the way toward truly battery-centric autonomous energy systems. © 2025 Science Press","2026","2026-03-10 16:57:43","2026-03-10 17:10:42","","905-939","","","113","","","","","","","","","","","","","Scopus","","","","","","","","Federated learning; Neural networks; Deep learning; Decision making; AI; Digital twin; Battery management systems; State estimation; Embedded systems; Learning systems; Autonomous agents; Reliable operation; Intelligent agents; Secondary batteries; Real-world; Battery health; Quantum computers; Battery; Health; Lifetime; Operating condition; Safe operation; Stringents; System resiliences","","","","","","","","","","","","","","","","","","","","","","","","","","","","","","","","","","","","","","","","","","","","","","",""
"EU34PCXZ","conferencePaper","2025","Yang, Y.; Long, G.; Lu, Q.; Zhu, L.; Jiang, J.; Zhang, C.","Federated Low-Rank Adaptation for Foundation Models: A Survey","","","","10.24963/ijcai.2025/1196","https://www.scopus.com/inward/record.uri?eid=2-s2.0-105021841855&doi=10.24963%2Fijcai.2025%2F1196&partnerID=40&md5=c514243fe21f4fa5611468a91648f6b1","Effectively leveraging private datasets remains a significant challenge in developing foundation models. Federated Learning (FL) has recently emerged as a collaborative framework that enables multiple users to fine-tune these models while mitigating data privacy risks. Meanwhile, Low-Rank Adaptation (LoRA) offers a resource-efficient alternative for fine-tuning foundation models by dramatically reducing the number of trainable parameters. This survey examines how LoRA has been integrated into federated fine-tuning for foundation models-an area we term FedLoRA-by focusing on three key challenges: distributed learning, heterogeneity, and efficiency. We further categorize existing work based on the specific methods used to address each challenge. Finally, we discuss open research questions and highlight promising directions for future investigation, outlining the next steps for advancing FedLoRA. © 2025 International Joint Conferences on Artificial Intelligence. All rights reserved.","2025","2026-03-10 16:57:43","2026-03-10 16:57:43","","10779-10787","","","","","","","","","","","","","","","","Scopus","","","","","","","","Artificial intelligence; Data privacy; Foundation models; Tuning; Collaborative learning; Anonymity; Distributed learning; Resource-efficient; Fine tuning; Research questions; Collaborative framework; Multiple user; Privacy risks","","","","","","","","","","","","","","","","","","","","","","","","","","","","","","","","IJCAI International Joint Conference on Artificial Intelligence","","","","","","","","","","","","","","",""
"Z649YCVK","journalArticle","2026","Guarnera, A.; Ghosh, A.; Gikera, R.; Vahdati, S.; Zhang, K.; Gupta, A.","Data mining in pediatric radiology in the era of artificial intelligence","Pediatric Radiology","","","10.1007/s00247-026-06551-z","https://www.scopus.com/inward/record.uri?eid=2-s2.0-105031068196&doi=10.1007%2Fs00247-026-06551-z&partnerID=40&md5=51ce9387d6e3e959f9fa69c689606c2a","Data mining is the systematic process of extracting useful knowledge from large multimodal datasets and is increasingly enabled by artificial intelligence (AI) methods. Pediatric radiology is a natural field for data mining because multimodal data sources, including images, reports, metadata, and electronic health records, together capture rich information on anatomy, disease, treatment, and outcomes. In the current era, the boundaries between data mining and AI are increasingly blurred. AI assists in key steps of the mining workflow through automated labeling, information extraction, and representation learning, while data mining provides the high-quality curated datasets that underpin model performance, generalizability, and safety. This review, therefore, examines both domains together, emphasizing their interdependence in the pediatric context. We describe core concepts and workflows of data mining in pediatric radiology, including data collection, linkage, annotation, analysis, validation, and governance, and outline how modern AI tools such as deep learning, large language models, multimodal fusion, and federated learning support advanced pattern discovery across limited and heterogeneous pediatric datasets. We summarize current and emerging clinical applications across diagnosis, prognosis, radiation dose monitoring, operational analytics, reporting safety nets, and continual learning. We then discuss current challenges related to data quality and standardization, ethics, regulation, workflow integration, resource disparities, sustainability, and explainability. Finally, we highlight future perspectives, including synthetic data generation, foundation models, structured reporting, and pediatric-focused ethical frameworks that aim to enable safe, transparent, and equitable integration of AI-driven data mining to improve outcomes in children. © The Author(s), under exclusive licence to Springer-Verlag GmbH Germany, part of Springer Nature 2026.","2026","2026-03-10 16:57:43","2026-03-10 16:57:43","","","","","","","","","","","","","","","","","","Scopus","","","","","","","","Artificial intelligence; federated learning; artificial intelligence; deep learning; Data mining; review; large language model; data mining; radiology; data quality; human; diagnosis; feature learning (machine learning); electronic health record; adolescent; child; standardization; metadata; Radiology; workflow; Germany; mining; Pediatric imaging; radiation dose; special situation for pharmacovigilance; Workflow","","","","","","","","","","","","","","","","","","","","","","","","","","","","","","","","","","","","","","","","","","","","","","",""
"CT6IUSP2","journalArticle","2025","Chen, Y.; Shao, X.; Shi, K.; Rominger, A.; Caobelli, F.","AI in Breast Cancer Imaging: An Update and Future Trends","Seminars in Nuclear Medicine","","","10.1053/j.semnuclmed.2025.01.008","https://www.scopus.com/inward/record.uri?eid=2-s2.0-85218999614&doi=10.1053%2Fj.semnuclmed.2025.01.008&partnerID=40&md5=46bb07d499171206bfc3b5a9c50cb376","Breast cancer is one of the most common types of cancer affecting women worldwide. Artificial intelligence (AI) is transforming breast cancer imaging by enhancing diagnostic capabilities across multiple imaging modalities including mammography, digital breast tomosynthesis, ultrasound, magnetic resonance imaging, and nuclear medicines techniques. AI is being applied to diverse tasks such as breast lesion detection and classification, risk stratification, molecular subtyping, gene mutation status prediction, and treatment response assessment, with emerging research demonstrating performance levels comparable to or potentially exceeding those of radiologists. The large foundation models are showing remarkable potential in different breast cancer imaging tasks. Self-supervised learning gives an insight into data inherent correlation, and federated learning is an alternative way to maintain data privacy. While promising results have been obtained so far, data standardization from source, large-scale annotated multimodal datasets, and extensive prospective clinical trials are still needed to fully explore and validate deep learning's clinical utility and address the legal and ethical considerations, which will ultimately determine its widespread adoption in breast cancer care. We hereby provide a review of the most up-to-date knowledge on AI in breast cancer imaging. © 2025 The Authors","2025","2026-03-10 16:57:43","2026-03-10 16:57:43","","358-370","","3","55","","","","","","","","","","","","","Scopus","","","","","","","","federated learning; data privacy; Artificial Intelligence; artificial intelligence; deep learning; review; prediction; human; Humans; procedures; diagnosis; female; Female; diagnostic imaging; treatment response; image processing; Image Processing, Computer-Assisted; nuclear magnetic resonance imaging; standardization; Diagnostic Imaging; breast cancer; Breast Neoplasms; breast tumor; radiologist; mammography; breast lesion; digital breast tomosynthesis; gene mutation; nuclear medicine","","","","","","","","","","","","","","","","","","","","","","","","","","","","","","","","","","","","","","","","","","","","","","",""
"28D23Z2X","journalArticle","2024","Wang, S.; Chen, Z.; Lee, K.A.; Qian, Y.; Li, H.","Overview of Speaker Modeling and Its Applications: From the Lens of Deep Speaker Representation Learning","IEEE/ACM Transactions on Audio Speech and Language Processing","","","10.1109/TASLP.2024.3492793","https://www.scopus.com/inward/record.uri?eid=2-s2.0-85210270933&doi=10.1109%2FTASLP.2024.3492793&partnerID=40&md5=cb20652afa8fcb51cd13462017d27925","Speaker individuality information is among the most critical elements within speech signals. By thoroughly and accurately modeling this information, it can be utilized in various intelligent speech applications, such as speaker recognition, speaker diarization, speech synthesis, and target speaker extraction. In this overview, we present a comprehensive review of neural approaches to speaker representation learning from both theoretical and practical perspectives. Theoretically, we discuss speaker encoders ranging from supervised to self-supervised learning algorithms, standalone models to large pretrained models, pure speaker embedding learning to joint optimization with downstream tasks, and efforts toward interpretability. Practically, we systematically examine approaches for robustness and effectiveness, introduce and compare various open-source toolkits in the field. Through the systematic and comprehensive review of the relevant literature, research activities, and resources, we provide a clear reference for researchers in the speaker characterization and modeling field, as well as for those who wish to apply speaker modeling techniques to specific downstream tasks.  © 2014 IEEE.","2024","2026-03-10 16:57:43","2026-03-10 16:57:43","","4971-4998","","","32","","","","","","","","","","","","","Scopus","","","","","","","","Federated learning; Self-supervised learning; Contrastive Learning; Adversarial machine learning; Embeddings; Down-stream; Model application; Speech signals; ITS applications; Critical elements; overview; Overview; Speaker embedding learning; Speaker model; speaker modeling; Speech applications","","","","","","","","","","","","","","","","","","","","","","","","","","","","","","","","","","","","","","","","","","","","","","",""
"Z3MWFGAV","journalArticle","2026","Szabó, M.; Toka, L.","Survey on AI technologies aiding multicast and broadcast services in 5G and 6G","Telecommunication Systems","","","10.1007/s11235-026-01407-1","https://www.scopus.com/inward/record.uri?eid=2-s2.0-105028849862&doi=10.1007%2Fs11235-026-01407-1&partnerID=40&md5=5e957fa7587639863c22dcbc54d89245","Despite standardization since 3GPP Release 9, multicast and broadcast services (MBS) remain largely undeployed in commercial networks. Artificial intelligence may catalyze adoption by addressing the optimization complexity hindering practical deployment, particularly as 6G targets demanding applications requiring efficient group-oriented transmission. Following PRISMA guidelines, this survey reviews the 5G MBS architecture and analyzes 23 studies applying AI to multicast and broadcast optimization. Surveyed works demonstrate computational complexity reductions from O(N3) to O(N2), throughput gains of 18–50%, and resource savings up to 33%. Deep reinforcement learning variants dominate resource allocation and scheduling, while unsupervised clustering methods address multicast group formation and federated learning enables privacy-preserving optimization across distributed deployments. We organize findings across six areas: physical layer intelligence, RAN slicing and scheduling, multicast group formation and routing, RIS-assisted transmission, D2D-assisted multicast, and end-to-end optimization. We identify underexplored areas, non-terrestrial networks, ISAC integration, graph neural networks, and foundation models, and provide a research roadmap addressing standardization gaps and deployment barriers. © The Author(s) 2026.","2026","2026-03-10 16:57:43","2026-03-10 16:57:43","","","","1","89","","","","","","","","","","","","","Scopus","","","","","","","","Federated learning; Data privacy; Standardization; Reinforcement learning; Deep learning; Graph neural networks; 6G; AI; ML; 5G; O-RAN; Deep reinforcement learning; Complex networks; Information management; Reinforcement learnings; Distributed computer systems; Mobile telecommunication systems; 6g; 5g; Survey; Surveying; Prisms; Broadcast; Broadcast services; Broadcasting; Core network; Core networks; MBS; Multicast; Multicast services; Multicasting; PRISMA","","","","","","","","","","","","","","","","","","","","","","","","","","","","","","","","","","","","","","","","","","","","","","",""
"M2469HCI","journalArticle","2025","Komura, D.; Ochi, M.; Ishikawa, S.","Machine learning methods for histopathological image analysis: Updates in 2024","Computational and Structural Biotechnology Journal","","","10.1016/j.csbj.2024.12.033","https://www.scopus.com/inward/record.uri?eid=2-s2.0-85214910638&doi=10.1016%2Fj.csbj.2024.12.033&partnerID=40&md5=6455ac8c84a25631bc68eb35589947de","The combination of artificial intelligence and digital pathology has emerged as a transformative force in healthcare and biomedical research. As an update to our 2018 review, this review presents comprehensive analysis of machine learning applications in histopathological image analysis, with focus on the developments since 2018. We highlight significant advances that have expanded the technical capabilities and practical applications of computational pathology. The review examines progress in addressing key challenges in the field as follows: processing of gigapixel whole slide images, insufficient labeled data, multidimensional analysis, domain shifts across institutions, and interpretability of machine learning models. We evaluate emerging trends, such as foundation models and multimodal integration, that are reshaping the field. Overall, our review highlights the potential of machine learning in enhancing both routine pathological analysis and scientific discovery in pathology. By providing this comprehensive overview, this review aims to guide researchers and clinicians in understanding the current state of the pathology image analysis field and its future trajectory. © 2025 The Authors","2025","2026-03-10 16:57:43","2026-03-10 16:57:43","","383-400","","","27","","","","","","","","","","","","","Scopus","","","","","","","","Federated learning; Deep learning; machine learning; artificial intelligence; Machine learning; Foundation models; deep learning; Foundation model; Contrastive Learning; Adversarial machine learning; Machine-learning; Machine learning methods; human; image analysis; computer assisted diagnosis; medical research; histopathology; Whole slide images; Computer assisted diagnosis; Computer-assisted diagnosis; Digital image analysis; Digital pathologies; digital pathology; Histopathological image analysis; Histopathology; machine learning software; short survey; Whole slide image","","","","","","","","","","","","","","","","","","","","","","","","","","","","","","","","","","","","","","","","","","","","","","",""
"EXDFIX4V","journalArticle","2024","Engelhardt, S.; Dar, S.U.H.; Sharan, L.; André, F.; Nagel, E.; Thomas, S.","Artificial intelligence in cardiovascular imaging and intervention","Herz","","","10.1007/s00059-024-05264-z","https://www.scopus.com/inward/record.uri?eid=2-s2.0-85200968529&doi=10.1007%2Fs00059-024-05264-z&partnerID=40&md5=bab5827329b0ea8a163a42a641a1cf31","Recent progress in artificial intelligence (AI) includes generative models, multimodal foundation models, and federated learning, which enable a wide spectrum of novel exciting applications and scenarios for cardiac image analysis and cardiovascular interventions. The disruptive nature of these novel technologies enables concurrent text and image analysis by so-called vision–language transformer models. They not only allow for automatic derivation of image reports, synthesis of novel images conditioned on certain textual properties, and visual questioning and answering in an oral or written dialogue style, but also for the retrieval of medical images from a large database based on a description of the pathology or specifics of the dataset of interest. Federated learning is an additional ingredient in these novel developments, facilitating multi-centric collaborative training of AI approaches and therefore access to large clinical cohorts. In this review paper, we provide an overview of the recent developments in the field of cardiovascular imaging and intervention and offer a future outlook. © The Author(s), under exclusive licence to Springer Medizin Verlag GmbH, ein Teil von Springer Nature 2024. corrected publication 2024.","2024","2026-03-10 16:57:43","2026-03-10 16:57:43","","327-334","","5","49","","","","","","","","","","","","","Scopus","","","","","","","","federated learning; Artificial Intelligence; artificial intelligence; Foundation Models; Transformer; generative model; information retrieval; human; article; Humans; procedures; diagnostic imaging; image analysis; computer assisted diagnosis; Image Interpretation, Computer-Assisted; language model; cardiac imaging; Cardiac Imaging Techniques; cardiology; Cardiology; cardiovascular disease; Cardiovascular Diseases; data base; Generative Models; oral drug administration; Vision-Language Models","","","","","","","","","","","","","","","","","","","","","","","","","","","","","","","","","","","","","","","","","","","","","","",""
"KQKMER77","journalArticle","2025","Xiao, X.; Liu, J.; Wang, Z.; Zhou, Y.; Qi, Y.; Jiang, S.; He, B.; Cheng, Q.","Robot learning in the era of foundation models: a survey","Neurocomputing","","","10.1016/j.neucom.2025.129963","https://www.scopus.com/inward/record.uri?eid=2-s2.0-105001946258&doi=10.1016%2Fj.neucom.2025.129963&partnerID=40&md5=e224569ccaae71877f5c1b6c0c86e25a","The proliferation of large language models (LLMs) has fueled a shift in robot learning from automation towards general embodied artificial intelligence (AI). Adopting foundation models together with traditional learning methods for robot learning has increasingly gained interest in the research community and shown potential for real-life application. However, there is little literature that comprehensively reviews the relatively new technologies combined with robotics. The purpose of this review is to systematically assess the state-of-the-art foundation models in robot learning and to identify future potential areas. Specifically, we first summarized the technical evolution of robot learning and identified the necessary preliminary preparations for foundation models, including the simulators, datasets, and foundation model framework. In addition, we focused on the following four mainstream areas of robot learning, including manipulation, navigation, task planning, and reasoning, and demonstrated how the foundation model can be adopted in the above scenarios. Furthermore, critical issues that are neglected in the current literature, including robot hardware and software decoupling, dynamic data, generalization performance in the presence of humans, etc., were discussed. This review highlights the state-of-the-art progress of foundation models in robot learning. Future research should focus on multimodal interaction, especially dynamics data, robotics-specific foundation models, AI alignment, etc. © 2025 Elsevier B.V.","2025","2026-03-10 16:57:43","2026-03-10 16:57:43","","","","","638","","","","","","","","","","","","","Scopus","","","","","","","","Federated learning; artificial intelligence; Foundation models; automation; Foundation Models; large language model; Contrastive Learning; Adversarial machine learning; learning; software; Learning methods; human; Language model; State of the art; female; male; therapy; Digital elevation model; reasoning; short survey; Dynamic data; Embodied artificial intelligence; Embodied Artificial Intelligence; Real-life applications; Research communities; Robot Learning; simulator; Technical evolution; Traditional learning","","","","","","","","","","","","","","","","","","","","","","","","","","","","","","","","","","","","","","","","","","","","","","",""
"C8WY8U84","journalArticle","2024","Yang, R.; Hu, J.; Li, Z.; Mu, J.; Yu, T.; Xia, J.; Li, X.; Dasgupta, A.; Xiong, H.","Interpretable machine learning for weather and climate prediction: A review","Atmospheric Environment","","","10.1016/j.atmosenv.2024.120797","https://www.scopus.com/inward/record.uri?eid=2-s2.0-85203821376&doi=10.1016%2Fj.atmosenv.2024.120797&partnerID=40&md5=c881f44d785719856958c6008cb63687","Advanced machine learning models have recently achieved high predictive accuracy for weather and climate prediction. However, these complex models often lack inherent transparency and interpretability, acting as “black boxes” that impede user trust and hinder further model improvements. As such, interpretable machine learning techniques have become crucial in enhancing the credibility and utility of weather and climate modeling. In this paper, we review current interpretable machine learning approaches applied to meteorological predictions. We categorize methods into two major paradigms: (1) Post-hoc interpretability techniques that explain pre-trained models, such as perturbation-based, game theory based, and gradient-based attribution methods. (2) Designing inherently interpretable models from scratch using architectures like tree ensembles and explainable neural networks. We summarize how each technique provides insights into the predictions, uncovering novel meteorological relationships captured by machine learning. Lastly, we discuss research challenges and provide future perspectives around achieving deeper mechanistic interpretations aligned with physical principles, developing standardized evaluation benchmarks, integrating interpretability into iterative model development workflows, and providing explainability for large foundation models. © 2024 Elsevier Ltd","2024","2026-03-10 16:57:44","2026-03-10 16:57:44","","","","","338","","","","","","","","","","","","","Scopus","","","","","","","","Federated learning; machine learning; Machine learning; game theory; review; transparency; Contrastive Learning; prediction; Adversarial machine learning; Interpretability; Climate prediction; Machine learning models; Machine-learning; Prediction models; human; Black boxes; benchmarking; Predictive accuracy; nerve cell network; workflow; climate; climate model; climate prediction; Complex model; drug development; explainable machine learning; future prospect; Post-hoc interpretability; tree; weather; weather forecasting; Weather prediction","","","","","","","","","","","","","","","","","","","","","","","","","","","","","","","","","","","","","","","","","","","","","","",""
"2RMZPJXL","journalArticle","2023","Wan, T.; Xu, K.; Yu, T.; Wang, X.; Feng, D.; Ding, B.; Wang, H.","A Survey of Deep Active Learning for Foundation Models","Intelligent Computing","","","10.34133/icomputing.0058","https://www.scopus.com/inward/record.uri?eid=2-s2.0-85180589388&doi=10.34133%2Ficomputing.0058&partnerID=40&md5=8479adf887cc1fe33611c508f06460c8","Active learning (AL) is an effective sample selection approach that annotates only a subset of the training data to address the challenge of data annotation, and deep learning (DL) is data-intensive and reliant on abundant training data. Deep active learning (DeepAL) benefits from the integration of AL and DL, offering an efficient solution that balances model performance and annotation costs. The importance of DeepAL has been increasingly recognized with the emergence of large foundation models that depend heavily on substantial computational resources and extensive training data. This survey endeavors to provide a comprehensive overview of DeepAL. Specifically, we first analyze and summarize various sample query strategies, data querying considerations, model training paradigms, and real-world applications of DeepAL. In addition, we discuss the challenges that arise in the era of foundation models and propose potential directions for future AL research. The survey aims to bridge a gap in the existing literature by organizing and summarizing current approaches, offering insights into DeepAL and highlighting the necessity of developing specialized DeepAL techniques tailored to foundation models. By critically examining the current state of DeepAL, this survey contributes to a more profound understanding of the field and serves as a guide for researchers and practitioners interested in DeepAL techniques. © 2023 Tianjiao Wan et al.","2023","2026-03-10 16:57:44","2026-03-10 17:10:44","","","","","2","","","","","","","","","","","","","Scopus","","","","","","","","Federated learning; Training data; Foundation models; Active learning; Spatio-temporal data; Active Learning; Contrastive Learning; Adversarial machine learning; Learning techniques; 'current; Modeling performance; Data intensive; Balance model; Data annotation; Samples selection","","","","","","","","","","","","","","","","","","","","","","","","","","","","","","","","","","","","","","","","","","","","","","",""
"TGCHJ2B8","journalArticle","2024","Logacjov, A.","Self-supervised Learning for Accelerometer-based Human Activity Recognition: A Survey","Proceedings of the ACM on Interactive, Mobile, Wearable and Ubiquitous Technologies","","","10.1145/3699767","https://www.scopus.com/inward/record.uri?eid=2-s2.0-85210290892&doi=10.1145%2F3699767&partnerID=40&md5=efa790a84a83abafa56a3be7ac117914","Self-supervised learning (SSL) has emerged as a promising alternative to purely supervised learning, since it can learn from labeled and unlabeled data using a pre-train-then-fine-tune strategy, achieving state-of-the-art performances across many research areas. The field of accelerometer-based human activity recognition (HAR) can benefit from SSL since unlabeled data can be collected cost-efficiently due to the ubiquitous nature of sensors embedded in smart devices, which is in contrast to labeled data, that require a costly annotation process. Motivated by the success of SSL and the lack of surveys on SSL for HAR, this survey comprehensively examines 52 SSL methods applied to HAR, and categorizes them into four SSL paradigms based on pre-training objectives. We discuss SSL strategies, evaluation protocols, and utilized datasets. We highlight limitations in current methodologies, including little large-scale pre-training, the absence of foundation models, as well as the scarcity of systematic domain shift experiments and domain knowledge utilization. Notably, the diversity in evaluation protocols across papers poses a considerable challenge when comparing methods. Future directions outlined in this survey include the development of an SSL framework for HAR to enable standardized benchmarking and large-scale pre-training, along with integrating domain knowledge to enhance model performance.  © 2024 Owner/Author.","2024","2026-03-10 16:57:44","2026-03-10 16:57:44","","","","4","8","","","","","","","","","","","","","Scopus","","","","","","","","Federated learning; Representation learning; self-supervised learning; Self-supervised learning; Human activity recognition; Active learning; representation learning; Accelerometers; human activity recognition; Pre-training; Semi-supervised learning; Contrastive Learning; Adversarial machine learning; Large-scales; Learn+; Labeled data; State-of-the-art performance; Research areas; Domain knowledge; accelerometers; Evaluation protocol; Labeled and unlabeled data","","","","","","","","","","","","","","","","","","","","","","","","","","","","","","","","","","","","","","","","","","","","","","",""
"788FV6CL","journalArticle","2025","Uppuluri, P.C.; Yang, C.W.","The Emergence of Foundation Models in U.S. Radiology: A Narrative Review of Clinical Utility, Safety, and Evaluation","Academic Radiology","","","10.1016/j.acra.2025.10.063","https://www.scopus.com/inward/record.uri?eid=2-s2.0-105025041094&doi=10.1016%2Fj.acra.2025.10.063&partnerID=40&md5=3f1f1cfed96353d997046471bc8c165d","Foundation Models (FMs) mark a significant evolution in medical AI, enabling multimodal and multitask performance across text and imaging. Radiology, with its structured data formats and early adoption of AI, is uniquely positioned to benefit from FM capabilities. However, despite promising technical advances, questions remain about their clinical readiness, safety, and regulatory oversight. This narrative review explores the development, utility, and implementation challenges of FMs in U.S. radiology. Literature from PubMed, Scopus, arXiv, and IEEE Xplore (January 2022 to May 2025) was synthesized to highlight architectural trends, clinical applications, evaluation methods, and regulatory developments. U.S.-based models like CheXzero, BioMedCLIP, and Med-PaLM demonstrate strong diagnostic and reporting performance but face key limitations—including lack of FDA clearance, limited external validation, and integration barriers with PACS/RIS systems. Safety issues such as hallucination, automation bias, and underperformance in edge cases persist. While human-in-the-loop frameworks, federated learning, and emerging reporting standards show promise, institutional readiness and regulatory clarity remain fragmented. We propose a roadmap that includes continuous monitoring, equity-focused design, and a national FM registry to guide responsible deployment. Radiology’s digital maturity makes it a critical testbed for foundational AI integration—offering lessons for broader clinical adoption. © 2025 The Authors.","2025","2026-03-10 16:57:44","2026-03-10 16:57:44","","","","","","","","","","","","","","","","","","Scopus","","","","","","","","Federated Learning; Foundation models; Multimodal Learning; Vision-Language Models; Bias and Health Equity; Clinical Validation; Diagnostic Imaging AI; FDA Regulation; Human-in-the-Loop AI; Radiology Artificial Intelligence","","","","","","","","","","","","","","","","","","","","","","","","","","","","","","","","","","","","","","","","","","","","","","",""
"B2NMS5UF","journalArticle","2025","Qin, C.; Zhao, P.; Qian, Y.; Yang, G.; Hao, X.; Mei, X.; Yang, X.; He, J.","A Comprehensive Review of Big Data Intelligent Decision-Making Models for Smart Farms","Agronomy","","","10.3390/agronomy15122898","https://www.scopus.com/inward/record.uri?eid=2-s2.0-105025960793&doi=10.3390%2Fagronomy15122898&partnerID=40&md5=be797b5b1aecd169264ecf21576b1f85","Big data and artificial intelligence technologies are driving a paradigm shift in smart farming, yet intelligent decision-making faces critical bottlenecks. At the data level, challenges include fragmentation, high acquisition costs, and inadequate secure sharing; at the model level, issues involve regional heterogeneity, weak adaptability, and insufficient explainability. To address these, this paper systematically reviews global research to establish a theoretical framework spanning the entire production cycle. Regarding data governance, trends favor federated systems with unified metadata and layered storage, utilizing technologies like federated learning for secure lifecycle management. For decision-making, approaches are evolving from experience-based to data-driven intelligence. Pre-harvest planning now integrates mechanistic models and transfer learning for suitability and variety optimization. In-season management leverages deep reinforcement learning (DRL) and model predictive control (MPC) for precise regulation of seedlings, water, fertilizer, and pests. Post-harvest evaluation strategies utilize spatio-temporal deep learning architectures (e.g., Transformers or LSTMs) and intelligent optimization algorithms for yield prediction and machinery scheduling. Finally, a staged development pathway is proposed: prioritizing standardized data governance and foundation models in the short term; advancing federated learning and human–machine collaboration in the mid-term; and achieving real-time, ethical edge AI in the long term. This framework supports the transition toward precise, transparent, and sustainable smart agriculture. © 2025 by the authors.","2025","2026-03-10 16:57:44","2026-03-10 17:10:45","","","","12","15","","","","","","","","","","","","","Scopus","","","","","","","","artificial intelligence; smart agriculture; decision making; intelligent decision-making; precision agriculture; agricultural big data; alternative agriculture; data governance; fragmentation; paradigm shift; smart farms; theoretical study","","","","","","","","","","","","","","","","","","","","","","","","","","","","","","","","","","","","","","","","","","","","","","",""
"JR2PNBZQ","journalArticle","2025","Li, X.; Peng, L.; Wang, Y.-P.; Zhang, W.","Open challenges and opportunities in federated foundation models towards biomedical healthcare","BioData Mining","","","10.1186/s13040-024-00414-9","https://www.scopus.com/inward/record.uri?eid=2-s2.0-85214113388&doi=10.1186%2Fs13040-024-00414-9&partnerID=40&md5=a3877c98ae0030d107bedb6de83d2a42","This survey explores the transformative impact of foundation models (FMs) in artificial intelligence, focusing on their integration with federated learning (FL) in biomedical research. Foundation models such as ChatGPT, LLaMa, and CLIP, which are trained on vast datasets through methods including unsupervised pretraining, self-supervised learning, instructed fine-tuning, and reinforcement learning from human feedback, represent significant advancements in machine learning. These models, with their ability to generate coherent text and realistic images, are crucial for biomedical applications that require processing diverse data forms such as clinical reports, diagnostic images, and multimodal patient interactions. The incorporation of FL with these sophisticated models presents a promising strategy to harness their analytical power while safeguarding the privacy of sensitive medical data. This approach not only enhances the capabilities of FMs in medical diagnostics and personalized treatment but also addresses critical concerns about data privacy and security in healthcare. This survey reviews the current applications of FMs in federated settings, underscores the challenges, and identifies future research directions including scaling FMs, managing data diversity, and enhancing communication efficiency within FL frameworks. The objective is to encourage further research into the combined potential of FMs and FL, laying the groundwork for healthcare innovations. © The Author(s) 2025.","2025","2026-03-10 16:57:44","2026-03-10 16:57:44","","","","1","18","","","","","","","","","","","","","Scopus","","","","","","","","federated learning; Federated learning; data privacy; Privacy; machine learning; artificial intelligence; privacy; Healthcare; review; Foundation model; Multimodal; ChatGPT; large language model; Large language model; personalized medicine; Biomedical; learning; electric potential; human; adult; female; therapy; drug therapy; language model; llama; Vision language model","","","","","","","","","","","","","","","","","","","","","","","","","","","","","","","","","","","","","","","","","","","","","","",""
"IW83CFJH","journalArticle","2026","Haq, I.; Liang, H.; Zeng, K.; Wang, T.; Uddin, I.; Lin, J.; Kang, Y.; Huang, B.","Deep learning advancements for cardiovascular diseases (CVDs) diagnosis: Imaging modalities, challenges, and future perspectives","Biomedical Signal Processing and Control","","","10.1016/j.bspc.2026.109899","https://www.scopus.com/inward/record.uri?eid=2-s2.0-105030862528&doi=10.1016%2Fj.bspc.2026.109899&partnerID=40&md5=0efd700db108511b8e6a3b741a7aa82f","Cardiovascular diseases (CVDs) remain the leading cause of global mortality and impose a substantial clinical and socioeconomic burden. Medical imaging plays a central role in assessing cardiac structure, function, and tissue characteristics. However, conventional image interpretation is limited by operator dependence, variable image quality, and time-consuming analysis. Deep learning (DL) enables automated, efficient, and reproducible analysis of cardiovascular images and has become an important tool in this domain. This review presents a comprehensive and modality-oriented synthesis of DL applications across five major cardiovascular imaging modalities: echocardiography, coronary CT angiography (CCTA), cardiac magnetic resonance imaging (CMRI), nuclear imaging (SPECT/PET), and X-ray angiography. We review the main DL architectures, including convolutional neural networks, recurrent models, transformer-based networks, graph-based models, hybrid frameworks, and generative models. Their performance is examined across core tasks such as segmentation, classification, detection, motion analysis, and functional assessment. The strengths and limitations of these approaches are summarized for each modality. Beyond modality-specific studies, evidence is integrated to identify cross-modality methodological trends, transferable design principles, and persistent technical gaps. Major barriers to clinical deployment are discussed, including dataset bias and imbalance, annotation variability, imaging artifacts, domain shift, limited multimodal integration, high computational cost, and limited interpretability. Future research directions are outlined, with emphasis on CNN–transformer hybrids, diffusion models, multimodal foundation models, federated learning, and explainable artificial intelligence. This review aims to support the development of robust and clinically reliable DL systems and to facilitate their translation into routine cardiovascular imaging practice. © 2026 The Author(s)","2026","2026-03-10 16:57:44","2026-03-10 16:57:44","","","","","119","","","","","","","","","","","","","Scopus","","","","","","","","Convolutional neural networks; Deep learning; Diseases; Convolution; Image segmentation; Magnetic resonance imaging; Cardiovascular diseases; Computer aided diagnosis; Future perspectives; Disease diagnosis; Clinical research; Imaging modality; Radiology; Cardiology; Computerized tomography; Angiography; Cardiac functions; Cardiac tissues; Cardiovascular disease; Cardiovascular imaging; Convolutional and transformer network; Convolutional and transformer networks; Echocardiography; Heart; Motion analysis; Socio-economics","","","","","","","","","","","","","","","","","","","","","","","","","","","","","","","","","","","","","","","","","","","","","","",""
"8CRXHSCS","journalArticle","2024","Borah, S.S.; Khanal, A.; Sundaravadivel, P.","Emerging Technologies for Automation in Environmental Sensing: Review","Applied Sciences (Switzerland)","","","10.3390/app14083531","https://www.scopus.com/inward/record.uri?eid=2-s2.0-85192466421&doi=10.3390%2Fapp14083531&partnerID=40&md5=7f0fdbd91f10794f6a4954f311ec126f","This article explores the impact of automation on environmental sensing, focusing on advanced technologies that revolutionize data collection analysis and monitoring. The International Union of Pure and Applied Chemistry (IUPAC) defines automation as integrating hardware and software components into modern analytical systems. Advancements in electronics, computer science, and robotics drive the evolution of automated sensing systems, overcoming traditional limitations in manual data collection. Environmental sensor networks (ESNs) address challenges in weather constraints and cost considerations, providing high-quality time-series data, although issues in interoperability, calibration, communication, and longevity persist. Unmanned Aerial Systems (UASs), particularly unmanned aerial vehicles (UAVs), play an important role in environmental monitoring due to their versatility and cost-effectiveness. Despite challenges in regulatory compliance and technical limitations, UAVs offer detailed spatial and temporal information. Pollution monitoring faces challenges related to high costs and maintenance requirements, prompting the exploration of cost-efficient alternatives. Smart agriculture encounters hurdle in data integration, interoperability, device durability in adverse weather conditions, and cybersecurity threats, necessitating privacy-preserving techniques and federated learning approaches. Financial barriers, including hardware costs and ongoing maintenance, impede the widespread adoption of smart technology in agriculture. Integrating robotics, notably underwater vehicles, proves indispensable in various environmental monitoring applications, providing accurate data in challenging conditions. This review details the significant role of transfer learning and edge computing, which are integral components of robotics and wireless monitoring frameworks. These advancements aid in overcoming challenges in environmental sensing, underscoring the ongoing necessity for research and innovation to enhance monitoring solutions. Some state-of-the-art frameworks and datasets are analyzed to provide a comprehensive review on the basic steps involved in the automation of environmental sensing applications. © 2024 by the authors.","2024","2026-03-10 17:00:02","2026-03-10 17:10:46","","","","8","14","","","","","","","","","","","","","Scopus","","","","","","","","edge computing; deep learning; transfer learning; environment sensing","","","","","","","","","","","","","","","","","","","","","","","","","","","","","","","","","","","","","","","","","","","","","","",""
"9JGDJ4WM","journalArticle","2025","Mamat, R.; Ghazali, M.F.; Basrawi, F.; Rosdi, S.M.","Emerging role of generative AI in renewable energy forecasting and system optimization","Sustainable Chemistry for Climate Action","","","10.1016/j.scca.2025.100099","https://www.scopus.com/inward/record.uri?eid=2-s2.0-105010932535&doi=10.1016%2Fj.scca.2025.100099&partnerID=40&md5=9f47bd7c6d1a8b03c70825098a61c822","The rapid integration of renewable energy sources (RES) into modern power systems introduces significant challenges in forecasting accuracy, grid stability, and energy optimization. Generative Artificial Intelligence (Gen-AI), including architectures such as Generative Adversarial Networks (GANs), Variational Autoencoders (VAEs), and transformers, offers new capabilities to overcome data sparsity, nonlinearity, and uncertainty in renewable-dominant systems. This study aims to comprehensively review the emerging role of Gen-AI in improving solar and wind forecasting, load prediction, energy storage management, and smart grid optimization. Using a comparative and synthesis-based methodology, this review analyses findings from high-impact publications between 2023 and 2025. Results indicate that GAN-based models reduce root mean square error (RMSE) by 15–20 % in solar irradiance forecasting and significantly enhance spatial-temporal wind simulations. Time-series GAN-LSTM hybrids enhance demand forecasting accuracy under nonlinear conditions, while VAE-driven dispatch models achieve gains of 9–12 % in energy efficiency and curtailment reduction. The novelty of this review lies in mapping Gen-AI's integration with digital twins, federated learning, and AI–IoT frameworks, which enables the real-time, privacy-preserving optimisation of complex energy systems. The principal conclusion is that Gen-AI serves as a transformative tool to enhance system resilience, forecasting precision, and operational flexibility in renewable energy networks. For sustainable implementation, future developments must address challenges in model explainability, data privacy, and scalability. These findings support the journal's scope by highlighting AI-driven advancements for the reliable, efficient, and sustainable transformation of energy systems. © 2025","2025","2026-03-10 17:00:02","2026-03-10 17:00:02","","","","","7","","","","","","","","","","","","","Scopus","","","","","","","","Generative artificial intelligence; Energy system optimization; Federated learning in energy; Renewable energy forecasting; Smart grid management","","","","","","","","","","","","","","","","","","","","","","","","","","","","","","","","","","","","","","","","","","","","","","",""
"AWFU5F7Z","journalArticle","2025","Ding, H.; Hou, H.; Wang, L.; Cui, X.; Yu, W.; Wilson, D.I.","Application of Convolutional Neural Networks and Recurrent Neural Networks in Food Safety","Foods","","","10.3390/foods14020247","https://www.scopus.com/inward/record.uri?eid=2-s2.0-85215978404&doi=10.3390%2Ffoods14020247&partnerID=40&md5=45f97fd9dee7240f7aeca942c1255917","This review explores the application of convolutional neural networks (CNNs) and recurrent neural networks (RNNs) in food safety detection and risk prediction. This paper highlights the advantages of CNNs in image processing and feature recognition, as well as the powerful capabilities of RNNs (especially their variant LSTM) in time series data modeling. This paper also makes a comparative analysis in many aspects: Firstly, the advantages and disadvantages of traditional food safety detection and risk prediction methods are compared with deep learning technologies such as CNNs and RNNs. Secondly, the similarities and differences between CNNs and fully connected neural networks in processing image data are analyzed. Furthermore, the advantages and disadvantages of RNNs and traditional statistical modeling methods in processing time series data are discussed. Finally, the application directions of CNNs in food safety detection and RNNs in food safety risk prediction are compared. This paper also discusses combining these deep learning models with technologies such as the Internet of Things (IoT), blockchain, and federated learning to improve the accuracy and efficiency of food safety detection and risk warning. Finally, this paper mentions the limitations of RNNs and CNNs in the field of food safety, as well as the challenges in the interpretability of the model, and suggests the use of interpretable artificial intelligence (XAI) technology to improve the transparency of the model. © 2025 by the authors.","2025","2026-03-10 17:00:03","2026-03-10 17:00:03","","","","2","14","","","","","","","","","","","","","Scopus","","","","","","","","deep learning; convolutional neural networks; long short-term memory; food safety; recurrent neural networks","","","","","","","","","","","","","","","","","","","","","","","","","","","","","","","","","","","","","","","","","","","","","","",""
"WLFUP9JJ","conferencePaper","2024","Abdulkadar, J.I.; Mohan, C.R.; Bharati, P.V.; Palit, S.; Rao, G.S.; Mudholkar, P.","Neural Networks and Deep Learning: Innovations and Applications in Soft Computing","","","","10.1109/IC3I61595.2024.10829173","https://www.scopus.com/inward/record.uri?eid=2-s2.0-85217369910&doi=10.1109%2FIC3I61595.2024.10829173&partnerID=40&md5=e45d8ea9d2e8421092cb176c98445820","The Paper explores different aspects of deep learning techniques and neural networks in the fields of healthcare, time-series forecasting, agriculture, and other relevant sectors through soft computing. The objective of the report is to examine the significant potential and applications of neural networks. While machine learning techniques called neural networks (NN) are utilized for audio, picture, and the processing of natural languages, it has huge implications in robotics where several machine learning algorithms are significantly required. Improvements in deep machine learning are also investigated in the article specifically in the fields of drug construction, genetics, recognizing faces, farming, biological medicine, biological informatics, medical treatment, natural language, multimedia analysis of data, and mobility prediction. However black box challenges and privacy concerns with data are often ignored in this research. The paper also outlines deep learning-driven data mining techniques for precisely predicting, displaying, evaluating, and classifying data. The report has also emphasized on addressing the potential privacy concerns and challenges associated to information representation. By reviewing recent literature sources about neural network techniques, the study proposes innovation strategies and potential improvement areas for the development of advanced technologies like deep learning and neural networks while addressing the key privacy concerns in data processing. © 2024 IEEE.","2024","2026-03-10 17:00:03","2026-03-10 17:00:03","","1406-1410","","","","","","","","","","","","","","","","Scopus","","","","","","","","Federated learning; Neural networks; Deep learning; Technology; Innovation; Natural languages; Time series forecasting; Contrastive Learning; Adversarial machine learning; Technologies; Machine learning techniques; Neural-networks; Privacy concerns; Learning techniques; soft computing; Soft-Computing","","","","","","","","","","","","","","","","","","","","","","","","","","","","","","","","Proceedings of International Conference on Contemporary Computing and Informatics, IC3I 2024","","","","","","","","","","","","","","",""
"NW8K58H5","journalArticle","2025","Kutuzo1, A.I.; Bogdanova1, A.V.","Collaboration Analytics in Higher Education and Professional Contexts: A Systematic Review of Approaches and Theoretical Foundations","Vysshee Obrazovanie v Rossii","","","10.31992/0869-3617-2025-34-11-81-107","https://www.scopus.com/inward/record.uri?eid=2-s2.0-105023391348&doi=10.31992%2F0869-3617-2025-34-11-81-107&partnerID=40&md5=6349a7c15a9ba4c095c1233e274432b8","The article presents a review of studies in the field of Collaboration Analytics and their application to the analysis of collaborative activities in higher education. Based on a system-atic search and comparison of works, key constructs of collaboration we identified – participation, coordination, and cognitive regulation – as well as approaches to their theoretical interpretation. The findings show that, in university practice, the most in-demand data include records of student activity on digital platforms (message logs, timestamps, relational links), results of content analysis of communication (discourse coding, semantic mapping), and multimodal indicators of interaction (e.g., time series of actions and distribution of roles within groups). To process these data, methods of network analysis, epistemic network analysis (ENA), machine learning, and digital trace visu-alization are actively employed. These approaches enable instructors to diagnose team dynamics, provide more accurate feedback, and support the development of students’ metacompetencies. As a comparative context, studies of corporate analytics were examined, which made it possible to identify models of monitoring and visualization of participants’ contributions that can potentially be transferred to the university setting. The practical significance of the results lies in providing educa-tors and educational researchers with tools for the informed selection of analytical methods and in-dicators, as well as in outlining the possibilities of adapting corporate practices to university models of collaborative learning. For readers, the value of the article consists in systematizing fragmented research and identifying promising approaches that may enhance the quality of student group work and its assessment. © Кутузов А.И., Богаданова А.В., 2025. This work is licensed under a Creative Commons Attribution 4.0 License.","2025","2026-03-10 17:00:03","2026-03-10 17:00:03","","81-107","","11","34","","","Аналитика сотрудничества в высшем образовании и профессиональной среде: систематический обзор подходов и теоретических оснований","","","","","","","","","","Scopus","","","","","","","","collaboration analytics; computer-supported collaborative learning; computer-supported cooperative work; cooperative analytics; CSCL; CSCW; feedback","","","","","","","","","","","","","","","","","","","","","","","","","","","","","","","","","","","","","","","","","","","","","","",""
"DJ732LYF","conferencePaper","2025","Huang, Z.; Hao, H.; Du, L.","Exploring the Explainability of Time Series Clustering: A Review of Methods and Practices","","","","10.1145/3701551.3703479","https://www.scopus.com/inward/record.uri?eid=2-s2.0-105001674157&doi=10.1145%2F3701551.3703479&partnerID=40&md5=17266d7a4b0ae0a57c8f20856d50e40d","With the increasing use of time series data, particularly in critical applications and high-risk decision-making contexts, understanding and improving the explainability of time-series clustering(TSC) techniques is essential. While machine learning models excel in processing time series data, their explainability often needs enhancement, challenging human comprehension and trust. Time series data clustering, as an unsupervised learning method, extracts valuable patterns from complex datasets without prior knowledge, spanning various domains like biology and finance. However, the complexity of clustering models and their opaque decision-making processes raise concerns about understanding and trusting the results. Research in this area aims to enhance the explainability of TSC by developing new interpretation methods that not only ensure the accuracy of clustering results but also make them user-friendly and comprehensible to human users. This is crucial for overcoming challenges related to understanding and trusting the decision-making processes and outcomes of the model. In this study, we embarked on two significant endeavors: (a) We explored the use of explainable artificial intelligence (XAI) for TSC for the first time, conducting a comprehensive literature review. (b) We subdivided the research field through innovative classification methods, categorizing the explainability methods of TSC into three main categories: data preprocessing techniques based on time series data, single or hybrid methods based model training, and instance-based visualization algorithm applications. This analytical framework aims to elucidate how the explainability of TSC can be enhanced across these three dimensions, thereby improving its credibility. Our work not only opens new research avenues but also provides robust strategies for enhancing the explainability and credibility of TSC methods. © 2025 Copyright held by the owner/author(s).","2025","2026-03-10 17:00:03","2026-03-10 17:00:03","","1005-1007","","","","","","","","","","","","","","","","Scopus","","","","","","","","Federated learning; Unsupervised learning; XAI; Contrastive Learning; Adversarial machine learning; Machine learning models; Time-series data; Excel; Critical applications; Data assimilation; Time series clustering; Decision-making process; Clustering techniques; Processing time; Risk decision making; Time Series Clustering","","","","","","","","","","","","","","","","","","","","","","","","","","","","","","","","WSDM 2025 - Proceedings of the 18th ACM International Conference on Web Search and Data Mining","","","","","","","","","","","","","","",""
"J4GHSYFK","journalArticle","2025","Song, X.; Deng, L.; Wang, H.; Zhang, Y.; He, Y.; Cao, W.","Deep learning-based time series forecasting","Artificial Intelligence Review","","","10.1007/s10462-024-10989-8","https://www.scopus.com/inward/record.uri?eid=2-s2.0-85210081252&doi=10.1007%2Fs10462-024-10989-8&partnerID=40&md5=6b6d7c17b4df27c46a65134228110bc0","With the advancement of deep learning algorithms and the growing availability of computational power, deep learning-based forecasting methods have gained significant importance in the domain of time series forecasting. In the past decade, there has been a rapid rise in time series forecasting approaches. This paper comprehensively reviews the advancements in deep learning-based forecasting models spanning 2014 to 2024. We provide a comprehensive examination of the capabilities of these models in capturing correlations among time steps and time series variables. Additionally, we explore methods to enhance the efficiency of long-term time series forecasting and summarize the diverse loss functions employed in these models. Moreover, this study systematically evaluates the effectiveness of these approaches in both univariate and multivariate time series forecasting tasks across diverse domains. We comprehensively discuss the strengths and limitations of various algorithms from multiple perspectives, analyze their capacity to capture different types of time series information, including trend and season patterns, and compare methods for enhancing the computational efficiency of these models. Finally, we summarize the experimental results and discuss the future directions in time series forecasting. Codes and datasets are available at https://github.com/TCCofWANG/Deep-Learning-based-Time-Series-Forecasting. © The Author(s) 2024.","2025","2026-03-10 17:00:03","2026-03-10 17:00:03","","","","1","58","","","","","","","","","","","","","Scopus","","","","","","","","Federated learning; Deep learning; Deep reinforcement learning; Time series forecasting; Contrastive Learning; Adversarial machine learning; Times series; Prediction models; Forecasting models; Forecasting methods; Comprehensive examination; Computational power; Loss functions; Time series decomposition; Time step","","","","","","","","","","","","","","","","","","","","","","","","","","","","","","","","","","","","","","","","","","","","","","",""
"GN4II9SV","journalArticle","2025","Mojtahedi, F.F.; Yousefpour, N.; Chow, S.H.; Cassidy, M.","Deep Learning for Time Series Forecasting: Review and Applications in Geotechnics and Geosciences","Archives of Computational Methods in Engineering","","","10.1007/s11831-025-10244-5","https://www.scopus.com/inward/record.uri?eid=2-s2.0-85219019389&doi=10.1007%2Fs11831-025-10244-5&partnerID=40&md5=59c21ccd6c769be97bf15e4c91d6d27e","This paper presents a detailed review of existing and emerging deep learning algorithms for time series forecasting in geotechnics and geoscience applications. Deep learning has shown promising results in addressing complex prediction problems involving large datasets and multiple interacting variables without requiring extensive feature extraction. This study provides an in-depth description of prominent deep learning methods, including recurrent neural networks (RNNs), convolutional neural networks (CNNs), generative adversarial network, deep belief network, reinforcement learning, attention and transformer algorithms as well as hybrid networks using a combination of these architectures. In addition, this paper summarizes the applications of these models in various fields, including mining and tunnelling, railway and road construction, seismology, slope stability, earth retaining and stabilizing structures, remote sensing, as well as scour and erosion. This review reveals that RNN-based models, particularly Long Short-Term Memory networks, are the most commonly used models for time series forecasting. The advantages of deep learning models over traditional machine learning, including their superior ability to handle complex patterns and process large-scale data more effectively, are discussed. Furthermore, in time series forecasting within the fields of geotechnics and geosciences, studies frequently reveal that deep learning methods tend to surpass traditional machine learning techniques in effectiveness. © The Author(s) 2025.","2025","2026-03-10 17:00:03","2026-03-10 17:00:03","","3415-3445","","6","32","","","","","","","","","","","","","Scopus","","","","","","","","Federated learning; Convolutional neural networks; Reinforcement learning; Generative adversarial networks; Deep reinforcement learning; Time series forecasting; Contrastive Learning; Adversarial machine learning; Long short-term memory; Convolutional neural network; Neural-networks; Features extraction; Learning methods; Large datasets; Geosciences; Prediction problem; Geoscience applications; Geotechnics","","","","","","","","","","","","","","","","","","","","","","","","","","","","","","","","","","","","","","","","","","","","","","",""
"23YBZZSR","journalArticle","2024","Golazad, S.; Mohammadi, A.; Rashidi, A.; Ilbeigi, M.","From raw to refined: Data preprocessing for construction machine learning (ML), deep learning (DL), and reinforcement learning (RL) models","Automation in Construction","","","10.1016/j.autcon.2024.105844","https://www.scopus.com/inward/record.uri?eid=2-s2.0-85206910365&doi=10.1016%2Fj.autcon.2024.105844&partnerID=40&md5=5069a0d37bc900a165a6a83b33891e53","As the use of predictive models in construction rapidly increases, the need for preprocessing raw construction data has become more critical. This systematic review investigates data preprocessing techniques for machine learning (ML), deep learning (DL), and reinforcement learning (RL) models in the construction domain. Through a comprehensive analysis of 457 studies, the prevalence of six data types (i.e., tabular, image, video frame, time series, text, and point cloud) and their respective preprocessing methods are examined. Key findings reveal data transformation, cleaning, reduction, augmentation, and scaling as fundamental preprocessing categories, with applications varying across data types. The paper highlights knowledge gaps, including limited synthetic data adoption, lack of standardized annotation practices, absence of comprehensive preprocessing frameworks, and need for automated labeling. Furthermore, critical considerations regarding data privacy, security, sharing, and management practices are discussed. The review underscores the pivotal role of robust data preprocessing in enabling reliable predictive models. © 2024","2024","2026-03-10 17:00:04","2026-03-10 17:00:04","","","","","168","","","","","","","","","","","","","Scopus","","","","","","","","Federated learning; Reinforcement learning; Deep learning; Data augmentation; Machine learning; Synthetic data; Deep reinforcement learning; Data preprocessing; Contrastive Learning; Adversarial machine learning; Data sharing; Machine-learning; Data Sharing; Reinforcement learnings; Reinforcement learning models; Annotation; Construction; Data transformation","","","","","","","","","","","","","","","","","","","","","","","","","","","","","","","","","","","","","","","","","","","","","","",""
"YSCAFAXQ","journalArticle","2025","Yamak, P.T.; Li, Y.; Zhang, T.; Pathan, M.S.","Kolmogorov-Arnold networks for time series forecasting: a comprehensive review","Cluster Computing","","","10.1007/s10586-025-05574-9","https://www.scopus.com/inward/record.uri?eid=2-s2.0-105018185398&doi=10.1007%2Fs10586-025-05574-9&partnerID=40&md5=c31c4ae8d7d871998d8b48f9815af0b3","This study presents Kolmogorov-Arnold Networks (KANs) for time series forecasting (TSF) as a transformative paradigm, leveraging the Kolmogorov-Arnold theorem to decompose multivariate temporal dependencies into interpretable, spline-parameterized univariate functions. Through architectural innovations like adaptive grid refinement, gated residual mechanisms, and hybrid attention integration, KAN-based models achieve state-of-the-art performance, outperforming transformers with up to 98% lower MSE on benchmarks while offering unparalleled transparency in feature attribution. Our systematic evaluation reveals that KANs excel in modeling nonlinear dynamics across univariate, multivariate, and high-frequency regimes, with applications spanning cryptocurrency volatility prediction, hydrological forecasting, and IoT-enabled anomaly detection. However, challenges persist, including computational overhead in spline optimization and scalability in high-dimensional settings. We propose actionable solutions to enhance robustness and energy efficiency, such as meta-learned spline initialization, federated learning frameworks, and integration with graph neural networks. Beyond technical advancements, KANs bridge the gap between domain expertise and AI, enabling actionable insights in precision medicine, climate resilience, and sustainable energy systems. By aligning with ethical AI principles and global sustainability goals, this work positions KANs as a cornerstone for next-generation TSF, urging interdisciplinary collaboration to unlock their full potential in real-world decision-making. © The Author(s), under exclusive licence to Springer Science+Business Media, LLC, part of Springer Nature 2025.","2025","2026-03-10 17:00:04","2026-03-10 17:00:04","","","","14","28","","","","","","","","","","","","","Scopus","","","","","","","","Anomaly detection; Neural networks; Forecasting; Decision making; Interpolation; Time-series forecasting; Time series; Time series forecasting; Interpretability; Benchmarking; Kolmogorov; Kolmogorov-arnold network; Adaptive architecture; Adaptive architectures; Adaptive grid refinement; Architectural innovation; Arnold's theorem; Kolmogorov-Arnold networks; Medicine; Parameterized; Splines; Univariate functions","","","","","","","","","","","","","","","","","","","","","","","","","","","","","","","","","","","","","","","","","","","","","","",""
"DACS2MN7","journalArticle","2025","Sakib, M.; Mustajab, S.; Alam, M.","Ensemble deep learning techniques for time series analysis: a comprehensive review, applications, open issues, challenges, and future directions","Cluster Computing","","","10.1007/s10586-024-04684-0","https://www.scopus.com/inward/record.uri?eid=2-s2.0-85209698401&doi=10.1007%2Fs10586-024-04684-0&partnerID=40&md5=2316a4015d68a4df9075159646c4905a","Time series analysis has been widely employed in various domains, including finance, healthcare, meteorology, and economics. This approach is crucial in extracting patterns, discerning trends, and forecasting future data points. Traditional approaches for time series analysis often struggle to capture the complex relationships and dependencies present in real-world time series data. Recently, deep learning has shown remarkable performance on many time series analysis tasks. Numerous deep-learning architectures have been proposed to cater the diversity of time-series datasets across different domains. Although advanced deep learning models have considerable computational capabilities, they may fail to detect complex correlations that exist within certain datasets. The performance of particular deep learning models could be impacted by factors such as data noise, model design, and hyperparameter setups. Modern time series data, with its challenges and non-linearities, requires even more refined techniques. In this context, ensemble deep learning techniques have emerged as a promising solution. By combining multiple models, ensemble learning addresses the limitations of individual models, enhancing prediction accuracy and robustness. Despite significant advancements made in this domain, our literature review reveals a critical gap. The study aims to bridge this gap by providing a pioneering investigation into the application of ensemble techniques to time series analysis. We systematically categorize existing ensemble methods used in diverse domains and conduct a comprehensive literature review to understand the current state of ensemble deep learning in time series analysis. Our research explores the complexities of the three main ensemble techniques—bagging, boosting, and stacking—and extends to include adaptive and hybrid ensemble methods, which are increasingly relevant for time series forecasting. We provide a conceptual framework and pseudocode for practical implementation, allowing for a thorough examination of these established and emerging techniques. Additionally, our review discusses the evaluation metrics commonly used in ensemble learning for time series analysis, including statistical tests that assess the significance of the improvements offered by ensemble methods. Moreover, we analyze and examine the primary challenges, unresolved issues, and possible directions for future research in this rapidly evolving field. This study is a significant and original contribution to the domain, setting the foundation for future research and progress in combining ensemble deep learning with time series analysis. © The Author(s), under exclusive licence to Springer Science+Business Media, LLC, part of Springer Nature 2024.","2025","2026-03-10 17:00:04","2026-03-10 17:00:04","","","","1","28","","","","","","","","","","","","","Scopus","","","","","","","","Federated learning; Time series analysis; Deep learning; Unsupervised learning; Boosting; Time-series analysis; Network security; Weather forecasting; Time series; Contrastive Learning; Adversarial machine learning; Times series; Adaptive boosting; Time-series data; Learning techniques; Stackings; Unsupervised; Bagging; Ensemble deep learning; Ensemble methods; Stacking","","","","","","","","","","","","","","","","","","","","","","","","","","","","","","","","","","","","","","","","","","","","","","",""
"NDR8R6US","journalArticle","2026","Mou, C.; Yang, J.; Wu, Q.; Qin, L.; Lu, J.","Progress in sepsis prediction models: from traditional scoring systems to multimodal intelligence and clinical translation","Frontiers in Medicine","","","10.3389/fmed.2026.1732164","https://www.scopus.com/inward/record.uri?eid=2-s2.0-105031165233&doi=10.3389%2Ffmed.2026.1732164&partnerID=40&md5=a9483cf1a8cb8e4d71a492285a147a8d","Sepsis is a leading cause of mortality and healthcare expenditures among patients in the intensive care unit (ICU). Its pathophysiology is complex and its clinical manifestations are highly heterogeneous; early identification and timely, targeted interventions are essential to improving outcomes. With the widespread adoption of electronic health records (EHRs) and the rapid expansion of critical care data, developing sepsis prediction models using machine learning (ML) and deep learning (DL) has become an active area of research. This review provides a systematic overview of advances in sepsis prediction, from clinical problem framing and outcome definitions to data sources, feature engineering, and methodological evolution. We summarize the progression from traditional scoring systems (e.g., SOFA, qSOFA) to modern ML algorithms (e.g., gradient boosting trees, random forests) and time series DL models (e.g., LSTM, Transformer models). We also outline reporting and evaluation standards (e.g., TRIPOD AI), and synthesize evidence on representative models for early warning, prognostic risk stratification, and prediction of organ dysfunction. Key translational challenges are discussed, including generalization, fairness, model drift, workflow integration, alarm fatigue, and real world utility. Finally, we highlight opportunities in multimodal data fusion, causal inference, federated learning, and digital twins for building next generation, clinically actionable sepsis intelligence, and we offer practical recommendations to help move from algorithmic accuracy to demonstrable clinical value, emphasizing that only models that are externally validated, well calibrated, prospectively evaluated, and tightly aligned with clinical workflows are likely to improve patient outcomes. Copyright © 2026 Mou, Yang, Wu, Qin and Lu.","2026","2026-03-10 17:00:06","2026-03-10 17:00:06","","","","","13","","","","","","","","","","","","","Scopus","","","","","","","","federated learning; machine learning; digital twin; deep learning; review; time series analysis; clinical decision support; prediction; random forest; multimodal data; human; algorithm; intelligence; fatigue; electronic health record; fairness; pathophysiology; predictive model; scoring system; treatment outcome; workflow; biological marker; clinical decision support system; health care cost; intensive care unit; sepsis; cause of death; intensive care; prediction models; translational medicine","","","","","","","","","","","","","","","","","","","","","","","","","","","","","","","","","","","","","","","","","","","","","","",""
"38PNX9HM","journalArticle","2025","Zhao, R.; Luo, C.; Zhang, Q.; Wei, Q.; Zhang, X.; Wang, M.; Zhang, J.; Li, H.","Deep learning-based phenotypic analysis and intelligent environmental control in edible mushrooms: Advances, challenges, and prospects","Smart Agricultural Technology","","","10.1016/j.atech.2025.101330","https://www.scopus.com/inward/record.uri?eid=2-s2.0-105014649652&doi=10.1016%2Fj.atech.2025.101330&partnerID=40&md5=2620a95c34a7ec09acfa4046d7ae78ae","Edible mushrooms are gaining global recognition for their nutritional value, ecological benefits, and economic importance. However, their cultivation practices remain largely empirical, posing challenges for standardized breeding, quality control, and environmental regulation. Recent advances in deep learning offer new opportunities to address these issues by enabling high-throughput phenotypic analysis and intelligent environmental control. This review systematically summarizes the current progress in applying deep learning techniques across multiple dimensions of mushroom cultivation, including two-dimensional image-based morphology analysis, three-dimensional reconstruction, spectral feature fusion, and time-series growth modeling. We further discuss the development of environment–phenotype coupling frameworks and closed-loop control systems empowered by multimodal sensing, edge computing, and digital twin technologies. While these innovations mark a significant shift toward data-driven cultivation, we also identify persistent challenges such as data scarcity, model generalization, and deployment under real-world constraints. Finally, we highlight future directions including cross-modal self-supervised learning, federated learning, and variety-specific adaptive modeling. This review provides a comprehensive roadmap for advancing intelligent mushroom production through deep learning integration. © 2025","2025","2026-03-10 17:00:06","2026-03-10 17:00:06","","","","","12","","","","","","","","","","","","","Scopus","","","","","","","","Deep learning; Multimodal fusion; Phenotyping; Edible mushrooms; Environmental control; Intelligent cultivation","","","","","","","","","","","","","","","","","","","","","","","","","","","","","","","","","","","","","","","","","","","","","","",""
"I2BJ8Q3M","journalArticle","2025","Krones, F.; Marikkar, U.; Parsons, G.; Szmul, A.; Mahdi, A.","Review of multimodal machine learning approaches in healthcare","Information Fusion","","","10.1016/j.inffus.2024.102690","https://www.scopus.com/inward/record.uri?eid=2-s2.0-85204224537&doi=10.1016%2Fj.inffus.2024.102690&partnerID=40&md5=71f98110bde4211be71ab74d0f030fcb","Machine learning methods in healthcare have traditionally focused on using data from a single modality, limiting their ability to effectively replicate the clinical practice of integrating multiple sources of information for improved decision making. Clinicians typically rely on a variety of data sources including patients’ demographic information, laboratory data, vital signs and various imaging data modalities to make informed decisions and contextualise their findings. Recent advances in machine learning have facilitated the more efficient incorporation of multimodal data, resulting in applications that better represent the clinician's approach. Here, we provide an overview of multimodal machine learning approaches in healthcare, encompassing various data modalities commonly used in clinical diagnoses, such as imaging, text, time series and tabular data. We discuss key stages of model development, including pre-training, fine-tuning and evaluation. Additionally, we explore common data fusion approaches used in modelling, highlighting their advantages and performance challenges. An overview is provided of 17 multimodal clinical datasets with detailed description of the specific data modalities used in each dataset. Over 50 studies have been reviewed, with a predominant focus on the integration of imaging and tabular data. While multimodal techniques have shown potential in improving predictive accuracy across many healthcare areas, our review highlights that the effectiveness of a method is contingent upon the specific data and task at hand. © 2024 The Authors","2025","2026-03-10 17:00:07","2026-03-10 17:00:07","","","","","114","","","","","","","","","","","","","Scopus","","","","","","","","Federated learning; Deep learning; Healthcare; Tabular data; Contrastive Learning; Adversarial machine learning; Multi-modal; Machine-learning; Machine learning methods; Machine learning approaches; Data fusion; Clinical practices; Imaging data; Multimodal machine learning","","","","","","","","","","","","","","","","","","","","","","","","","","","","","","","","","","","","","","","","","","","","","","",""
"YH7E2DRT","conferencePaper","2024","Sciavicco, G.","A General Logical Approach to Learning from Time Series","","","","10.4230/LIPIcs.TIME.2024.1","https://www.scopus.com/inward/record.uri?eid=2-s2.0-85208641694&doi=10.4230%2FLIPIcs.TIME.2024.1&partnerID=40&md5=eff73a380919b402380b067960b59e5c","Machine learning from multivariate time series is a common task, and countless different approaches to typical learning problems have been proposed in recent years. In this talk, we review some basic ideas towards logic-based learning methods, and we sketch a general framework. © Guido Sciavicco.","2024","2026-03-10 17:00:07","2026-03-10 17:00:07","","","","","318","","","","","","","","","","","","","Scopus","","","","","","","","Federated learning; Machine learning; Learning systems; Multivariate time series; Time series; Contrastive Learning; Adversarial machine learning; Machine-learning; Times series; Learning methods; Learning problem; Approaches to learning; Computer circuits; general approach; General approach; Logical approaches; temporal logic; Temporal logic","","","","","","","","","","","","","","","","","","","","","","","","","","","","","","","","Leibniz International Proceedings in Informatics, LIPIcs","","","","","","","","","","","","","","",""
"L68MMEB3","journalArticle","2024","Mohammadi, N.; Rezakhani, A.; Seydjavadi, S.H.H.; Asghari, P.","FLHB-AC: Federated Learning History-Based Access Control Using Deep Neural Networks in Healthcare System","Journal of Information Systems and Telecommunication","","","10.61186/jist.44500.12.46.90","https://www.scopus.com/inward/record.uri?eid=2-s2.0-85203161885&doi=10.61186%2Fjist.44500.12.46.90&partnerID=40&md5=fe282fe31ace3165c6982e0091875f53","Giving access permission based on histories of access is now one of the security needs in healthcare systems. However, current access control systems are unable to review all access histories online to provide access permission. As a result, this study first proposes a method to perform access control in healthcare systems in real time based on access histories and the decision of the suggested intelligent module. The data is used to train the intelligent module using the LSTM time series machine learning model. Medical data, on the other hand, cannot be obtained from separate systems and trained using different machine-learning models due to the sensitivity and privacy of medical records. As a result, the suggested solution employs the federated learning architecture, which remotely performs machine learning algorithms on healthcare systems and aggregates the knowledge gathered in the servers in the second phase. Based on the experiences of all healthcare systems, the servers communicate the learning aggregation back to the systems to control access to resources. The experimental results reveal that the accuracy of history-based access control in local healthcare systems before the application of the suggested method is lower than the accuracy of the access control in these systems after aggregating training with federated learning architecture. © (2023), (Iranian Academic Center for Education). All Rights Reserved.","2024","2026-03-10 17:00:08","2026-03-10 17:00:08","","90-104","","2","12","","","","","","","","","","","","","Scopus","","","","","","","","Federated Learning; Deep Recurrent Networks; Healthcare System; History-Based Access Control; Intelligent Module","","","","","","","","","","","","","","","","","","","","","","","","","","","","","","","","","","","","","","","","","","","","","","",""
"L8C3TAXB","journalArticle","2026","Xu, H.; Ge, S.","Risk prediction in IgA nephropathy: from conventional models to machine learning, deep learning, and precision nephrology","Renal Failure","","","10.1080/0886022X.2026.2613606","https://www.scopus.com/inward/record.uri?eid=2-s2.0-105029542256&doi=10.1080%2F0886022X.2026.2613606&partnerID=40&md5=34755101f34e767d02cd4b4cb23b388b","IgA nephropathy (IgAN) is the most prevalent primary glomerular disease worldwide and a leading cause of end-stage kidney disease (ESKD). Its clinical heterogeneity results in divergent renal outcomes, making early identification of high-risk patients essential. Prognostic models are crucial for stratifying ESKD risk, guiding treatment intensity, optimizing timing of interventions such as immunosuppressive therapy, and informing clinical trial enrollment. Over recent decades, multiple prognostic approaches have emerged, ranging from traditional clinical and histopathological scoring systems to advanced machine learning (ML) and deep learning (DL) models designed to capture complex nonlinear interactions and improve predictive precision. Among them, the International IgA Nephropathy Prediction Tool (IIgAN-PT), endorsed by the 2021 KDIGO guidelines, represents a landmark in globally validated risk assessment and has set the foundation for standardized clinical decision support. However, classical models often rely on static baseline parameters and may not adequately reflect dynamic disease trajectories, limiting their utility in real-time clinical management. To overcome these limitations, ML- and DL-based models increasingly integrate multi-omics data, serial clinical measurements, and digital pathology features, offering enhanced accuracy, dynamic risk tracking, and potential for personalized response prediction. These data-driven approaches are progressively bridging the gap between prognostic research and precision nephrology. This review provides a comprehensive overview of the evolution of IgAN prognostic models, summarizes their strengths and limitations, and discusses considerations for clinical translation. By highlighting emerging trends toward explainable AI, dynamic time-series modeling, and multimodal prognostication, we outline how next-generation prediction tools may enable real-time, AI-driven decision support for individualized IgAN management. © 2026 The Author(s). Published by Informa UK Limited, trading as Taylor & Francis Group.","2026","2026-03-10 17:00:08","2026-03-10 17:00:08","","","","1","48","","","","","","","","","","","","","Scopus","","","","","","","","federated learning; Machine Learning; machine learning; Deep Learning; deep learning; accuracy; Prognosis; review; time series analysis; prediction; risk prediction; personalized medicine; Precision Medicine; explainable artificial intelligence; Risk Assessment; survival analysis; human; Humans; procedures; diagnosis; clinical practice guideline; scoring system; decision support system; biological marker; prognosis; clinical decision support system; multiomics; high risk patient; histopathology; digital pathology; risk assessment; AI pathology; chronic kidney failure; complication; end stage renal disease; etiology; Glomerulonephritis, IGA; glomerulopathy; IgA nephropathy; immunoglobulin A nephropathy; immunosuppressive treatment; Kidney Failure, Chronic; nephrology; Nephrology; precision nephrology","","","","","","","","","","","","","","","","","","","","","","","","","","","","","","","","","","","","","","","","","","","","","","",""
"I2MYY7IH","journalArticle","2025","","2025 International Conference on Cognitive Computing in Engineering, Communications, Sciences and Biomedical Health Informatics, IC3ECSBHI 2025","2025 International Conference on Cognitive Computing in Engineering, Communications, Sciences and Biomedical Health Informatics, IC3ECSBHI 2025","","","","https://www.scopus.com/inward/record.uri?eid=2-s2.0-105008436559&partnerID=40&md5=e919eb8e0147e75945dd32ce5a2b5993","The proceedings contain 280 papers. The topics discussed include: revolutionizing Indian agriculture: a direct marketplace with AI-based crop and disease management solutions; users’ acceptance, behavioral intention, and adoption of reward points in India - a systematic literature review approach; towards safer networks: an HPLC inspired wormhole detection mechanism for wireless sensor networks; a review of digital forensics techniques and emerging trends; federated learning for secure and collaborative power system data ANALYSIS: balancing accuracy and privacy in decentralized environments; transfer learning-driven CNN architectures for automated defect detection in printed circuit boards; and unlocking the potential of time series IoT (Internet of Things) data: the transformative role of AI and machine learning in smart cities.","2025","2026-03-10 17:00:09","2026-03-10 17:10:57","","","","","","","","","","","","","","","","","","Scopus","","","","","","","","","","","","","","","","","","","","","","","","","","","","","","","","","","","","","","","","","","","","","","","","","","","","","","",""
"QMNZG5T2","journalArticle","2025","Tian, Y.; Wen, H.; Guo, K.","Machine learning applications in climate finance: An overview","Research in International Business and Finance","","","10.1016/j.ribaf.2025.103063","https://www.scopus.com/inward/record.uri?eid=2-s2.0-105012827038&doi=10.1016%2Fj.ribaf.2025.103063&partnerID=40&md5=02e79b6b4c4e57a34491e07f1ebbf5a8","The application of machine learning is increasingly driving transformative advances in climate finance research. This paper presents a critical review of the literature published between 2015 and 2024, examining the use of machine learning techniques in key domains of climate finance, including carbon markets, climate financing, corporate carbon footprints, climate disclosures, climate risk assessment, and climate-related investments. The existing body of literature demonstrates the application of a broad range of machine learning techniques, such as time series forecasting, regression, classification, natural language processing (NLP), unsupervised learning, causal inference, reinforcement learning, federated learning, and explainable machine learning, to address core challenges in climate finance. This review evaluates both the achievements and limitations of existing studies, identifies key research gaps, and outlines promising directions for future research. © 2025 Elsevier B.V.","2025","2026-03-10 17:00:10","2026-03-10 17:00:10","","","","","79","","","","","","","","","","","","","Scopus","","","","","","","","Machine learning; Carbon footprint; Carbon market; Climate disclosure; Climate finance","","","","","","","","","","","","","","","","","","","","","","","","","","","","","","","","","","","","","","","","","","","","","","",""
"HQ84N9YC","journalArticle","2026","Qiao, Y.; Han, T.; Wu, Z.; Jin, G.; Zhang, Q.; Xu, Q.","Mathematical and Algorithmic Advances in Machine Learning for Statistical Process Control: A Systematic Review","Entropy","","","10.3390/e28020151","https://www.scopus.com/inward/record.uri?eid=2-s2.0-105031256774&doi=10.3390%2Fe28020151&partnerID=40&md5=5cfd7b91ced3aceed7ef7224cd558bfc","Integrating machine learning (ML) with Statistical Process Control (SPC) is important for Industry 4.0 environments. Contemporary manufacturing data exhibit high-dimensionality, autocorrelation, non-stationarity, and class imbalance, which challenge classical SPC assumptions. This systematic review, conducted following the PRISMA 2020 guidelines, provides a problem-driven synthesis that links these data challenges to corresponding methodological families in ML-based SPC. Specifically, we review approaches for (1) high-dimensional and redundant data (dimensionality reduction and feature selection), (2) autocorrelated and dynamic processes (time-series and state-space models), and (3) data scarcity and imbalance (cost-sensitive learning, generative modeling, and transfer learning). Nonlinearity is treated as a cross-cutting property within each category. For each, we outline the mathematical rationale of representative algorithms and illustrate their use with industrial examples. We also summarize open issues in interpretability, thresholding, and real-time deployment. This review offers structured guidance for selecting ML techniques suited to complex manufacturing data and for designing reliable online monitoring pipelines. © 2026 by the authors.","2026","2026-03-10 17:00:10","2026-03-10 17:10:59","","","","2","28","","","","","","","","","","","","","Scopus","","","","","","","","federated learning; Industry 4.0; anomaly detection; machine learning; imbalanced data; autocorrelated time series; dimensionality reduction; high-dimensional data; nonparametric thresholding; statistical process control","","","","","","","","","","","","","","","","","","","","","","","","","","","","","","","","","","","","","","","","","","","","","","",""
"9B8GLJ2E","journalArticle","2026","Álvarez-López, C.; González-Briones, A.; Li, T.","Explainable AI and Multi-Agent Systems for Energy Management in IoT-Edge Environments: A State of the Art Review","Electronics (Switzerland)","","","10.3390/electronics15020385","https://www.scopus.com/inward/record.uri?eid=2-s2.0-105028657055&doi=10.3390%2Felectronics15020385&partnerID=40&md5=2e822060d9393afb08bbeb77cb176ab9","This paper reviews Artificial Intelligence techniques for distributed energy management, focusing on integrating machine learning, reinforcement learning, and multi-agent systems within IoT-Edge-Cloud architectures. As energy infrastructures become increasingly decentralized and heterogeneous, AI must operate under strict latency, privacy, and resource constraints while remaining transparent and auditable. The study examines predictive models ranging from statistical time series approaches to machine learning regressors and deep neural architectures, assessing their suitability for embedded deployment and federated learning. Optimization methods—including heuristic strategies, metaheuristics, model predictive control, and reinforcement learning—are analyzed in terms of computational feasibility and real-time responsiveness. Explainability is treated as a fundamental requirement, supported by model-agnostic techniques that enable trust, regulatory compliance, and interpretable coordination in multi-agent environments. The review synthesizes advances in MARL for decentralized control, communication protocols enabling interoperability, and hardware-aware design for low-power edge devices. Benchmarking guidelines and key performance indicators are introduced to evaluate accuracy, latency, robustness, and transparency across distributed deployments. Key challenges remain in stabilizing explanations for RL policies, balancing model complexity with latency budgets, and ensuring scalable, privacy-preserving learning under non-stationary conditions. The paper concludes by outlining a conceptual framework for explainable, distributed energy intelligence and identifying research opportunities to build resilient, transparent smart energy ecosystems. © 2026 by the authors.","2026","2026-03-10 17:00:10","2026-03-10 17:00:10","","","","2","15","","","","","","","","","","","","","Scopus","","","","","","","","Federated learning; Data privacy; Internet of Things; Reinforcement learning; edge computing; Deep learning; Energy; Edge computing; Ecosystems; deep learning; reinforcement learning; Internet of things; Smart grid; Learning systems; energy management; smart grids; explainable artificial intelligence; multi-agent systems; Multi agent systems; Machine-learning; Benchmarking; Green computing; Explainable artificial intelligence; Reinforcement learnings; Intelligent agents; Smart power grids; Budget control; Model predictive control; Predictive control systems; Regulatory compliance; Multiagent systems (MASs); Decentralized control; Distributed energies; Heuristic methods; State-of-the art reviews","","","","","","","","","","","","","","","","","","","","","","","","","","","","","","","","","","","","","","","","","","","","","","",""
"IEITAHG9","journalArticle","2025","","2025 International Conference on Cybersecurity and AI-Based Systems, Cyber-AI 2025","2025 International Conference on Cybersecurity and AI-Based Systems, Cyber-AI 2025","","","","https://www.scopus.com/inward/record.uri?eid=2-s2.0-105028752034&partnerID=40&md5=ce32a5f7649ba803aa7419e793560b08","The proceedings contain 48 papers. The topics discussed include: ShadowPlay: engineering defenses against role-based prompt injection and dependency hallucination in LLM-powered development; key characteristics of educational video games for STEM education - a literature review; the national identity in the digital media discourse on twitter: insights from NodeXL; AI-generated text steganography - hiding secrets in plain sight using synonym encoding; a secure threat detection framework for federated learning in healthcare environments; real-time AI-driven 6D pose estimation for robotic picking in cluttered bins via two-stage segmentation and CAD-guided alignment; time-series AI models for detecting stealthy DNS flood attacks; and a comparative study on malware detection using supervised machine learning models.","2025","2026-03-10 17:00:10","2026-03-10 17:00:10","","","","","","","","","","","","","","","","","","Scopus","","","","","","","","","","","","","","","","","","","","","","","","","","","","","","","","","","","","","","","","","","","","","","","","","","","","","","",""
"9TXVJRA5","journalArticle","2021","","ICSED 2021 - 2021 3rd International Conference on Software Engineering and Development","ACM International Conference Proceeding Series","","","","https://www.scopus.com/inward/record.uri?eid=2-s2.0-85134519210&partnerID=40&md5=dce165c237f9f8208f276b05feda107d","The proceedings contain 11 papers. The topics discussed include: software safety test case design method based on fuzzy fault tree analysis; automatic modeling method for PThread programs based on program dependence net; embedded controller visual configuration software design analysis; recommendation system for lesser-known places to visit in Thailand; privacy-preserving verifiable asynchronous federated learning; 3D structural characteristics used big data of Shulu slope zone; compare machine learning models in text classification using steam user reviews; the new generation of information technology development drives the servitization of China’s manufacturing industry; study and application of process model of product function extending Petri net; and a new discord definition and an efficient time series discord detection method using GPUs.","2021","2026-03-10 17:00:10","2026-03-10 17:00:10","","","","","","","","","","","","","","","","","","Scopus","","","","","","","","","","","","","","","","","","","","","","","","","","","","","","","","","","","","","","","","","","","","","","","","","","","","","","",""
"2WPP4J4C","conferencePaper","2024","Sharma, H.; Garg, A.; Singhal, R.K.; Priya Gaur, M.; Sharma, H.; Sharma, N.","Utilizing Deep Learning and Advanced Machine Learning Methods in Economic Data Analysis","","","","10.1109/ACET61898.2024.10730103","https://www.scopus.com/inward/record.uri?eid=2-s2.0-85210077063&doi=10.1109%2FACET61898.2024.10730103&partnerID=40&md5=e9faa787c312f0bf7a2390106713cea9","This extensive research explores the most recent developments in data science as they relate to developing nations. It carefully looks at four different categories: In an effort to find the cutting edge of technological innovation, collaborative models, mixed neural architectures, neural networks, and combination machine learning approaches are used. These innovative approaches are applied in a wide range of economic domains, including corporate banking, cryptocurrency, e-commerce, stock markets, and marketing. The study uses the Prisma method, a systematic literature review technique, to guarantee the highest level of rigor and accuracy in its findings. After further examination, a pattern becomes apparent that makes hybrid models the preferred option over conventional learning algorithms. The better performance of these hybrid models highlights a trajectory of rising complexity in the area and points to a trajectory towards more sophisticated hybrid deep learning architectures.  © 2024 IEEE.","2024","2026-03-10 17:00:12","2026-03-10 17:00:12","","","","","","","","","","","","","","","","","","Scopus","","","","","","","","Federated learning; Technological innovation; big data; time series; Collaborative learning; Cryptocurrency; Contrastive Learning; Adversarial machine learning; Times series; Machine learning methods; Collaborative modeling; Hybrid model; Neural architectures; Neural network models; bitcoin; Cutting edges; Developing nations; Economic data; network science; Network science","","","","","","","","","","","","","","","","","","","","","","","","","","","","","","","","2024 1st International Conference on Advanced Computing and Emerging Technologies, ACET 2024","","","","","","","","","","","","","","",""
"2XKNACQX","journalArticle","2024","Sivajothi, E.; Mary Diana, S.; Rekha, M.; Babitha Lincy, R.; Damodharan, P.; Jency Rubia, J.","A future prediction for cyber-attacks in the network domain with the visualisation of patterns in cyber-security tickets with machine learning","International Journal of Electronic Security and Digital Forensics","","","10.1504/IJESDF.2024.140758","https://www.scopus.com/inward/record.uri?eid=2-s2.0-85203433139&doi=10.1504%2FIJESDF.2024.140758&partnerID=40&md5=1a20d6b7763a1622c1f88ac5190084e5","Support ticket systems have gained popularity as a result of the increase in the use of virtual systems. Since new team members are typically hired during the course of a project, they must be familiar with the features that have already been implemented in the majority of software projects. The goal of this paper is to make clear how using tickets, new team members can be assisted in understanding the features that have been implemented in a project. A novel approach is proposed to categorise tickets using machine learning. The proposed method calculates the number of categories and categorises tickets automatically. While ticket feature visualisation displays the connections between ticket categories and keywords of ticket categories, ticket lifetime visualisation demonstrates time series change to review tickets quickly. Future visualisation designers can overcome comparable difficulties in the field of cyber security by learning about these techniques. Copyright © 2024 Inderscience Enterprises Ltd.","2024","2026-03-10 17:00:13","2026-03-10 17:00:13","","648-661","","5","16","","","","","","","","","","","","","Scopus","","","","","","","","Federated learning; machine learning; Cyber security; Adversarial machine learning; cyber security; Machine-learning; Times series; Cyber attacks; Cyber-attacks; Computer viruses; Team members; cyber-attack; Future predictions; network domains; Network domains; Software project; Virtual systems","","","","","","","","","","","","","","","","","","","","","","","","","","","","","","","","","","","","","","","","","","","","","","",""
"E3P5TLNN","journalArticle","2024","Richter, A.; Ijaradar, J.; Wetzker, U.; Jain, V.; Frotzscher, A.","A Survey on Multivariate Time Series Imputation Using Adversarial Learning","IEEE Access","","","10.1109/ACCESS.2024.3473540","https://www.scopus.com/inward/record.uri?eid=2-s2.0-85206237979&doi=10.1109%2FACCESS.2024.3473540&partnerID=40&md5=f04009f22c2c580f52fe0e6c284291b7","Multivariate time series (MTS) are captured in a great variety of real-world applications. However, analysing and modeling the data for classification and forecasting purposes can become very challenging if values are missing in the data set. The need for imputation methods, to fill the gaps in MTS, is well known. Thus, a great variaty of algorithms for solving this task has been proposed in the literature. However, the research community is constantly working on the development of advanced algorithms, that fulfill the special requirements of multidimensional temporal data, since most of the existing imputation methods treat MTS as ordinary structured data and fail to model the temporal relationships within and between sequences of observations. The main emphasis of MTS imputation research is currently put on deep learning (DL) models, especially those making use of generative adversarial networks (GANs). In our survey, we present our categorization of imputation algorithms, especially of GAN-models. We included eighteen different GAN-models designed for the MTS imputation task, which we introduce in detail. We provide a comparison of the models including their performance regarding MTS imputation, based on our findings in the literature. The following points can be considered the most important findings from our survey: The research on GAN-based imputation models for MTS has gained momentum in the last years across different domains, therewhile showing the effectiveness of these methods. The latest trend in the research area is the incorporation of attention mechanisms into the algorithms. Nevertheless, there are open research challenges, e.g. the transferability of models across data sets from different domains. © 2024 The Authors.","2024","2026-03-10 17:00:13","2026-03-10 17:00:13","","148167-148189","","","12","","","","","","","","","","","","","Scopus","","","","","","","","Federated learning; Deep learning; Generative adversarial networks; Imputation; Multivariate time series; Spatio-temporal data; multivariate time series; imputation; Contrastive Learning; Adversarial machine learning; Missing values; Data set; Adversarial networks; Imputation methods; generative adversarial networks; Network models; hybrid GANs; Hybrid generative adversarial network; missing values","","","","","","","","","","","","","","","","","","","","","","","","","","","","","","","","","","","","","","","","","","","","","","",""
"FZXGLMEM","conferencePaper","2024","Akurati, D.P.; Devarahatti, P.; Konakandla, S.K.; Satwik, C.H.S.S.; Singh, B.","Transforming Agriculture with Machine Learning: A Review of Applications and Future Prospects","","","","10.1109/PICET60765.2024.10716047","https://www.scopus.com/inward/record.uri?eid=2-s2.0-85211930225&doi=10.1109%2FPICET60765.2024.10716047&partnerID=40&md5=6be070359043bd573a1db68b042d1a22","Machine learning is a powerful tool for extracting insights and automating rule and connection extraction from many datasets. The current invention simplifies the tedious and error-prone process of learning from empirical data. These methods are promising and theoretical. Their greatest promise lies in their ability to evaluate real-world data. A major agricultural and horticulture initiative is using machine learning to overcome hurdles. This project includes several machine learning methods created and enhanced via study. Complex agricultural and horticultural problems are solved using the above strategies. Creating a software workbench to explore and apply machine learning algorithms on actual datasets is vital to this endeavour. One dairy herd management case study uses machine learning algorithms to develop culling guidelines from a large database of herd data. This case study shows how machine learning is used in this industry. © 2024 IEEE.","2024","2026-03-10 17:00:14","2026-03-10 17:00:14","","","","","","","","","","","","","","","","","","Scopus","","","","","","","","Federated learning; Deep learning; Deep Learning; Time-series analysis; Time Series Analysis; XGBoost; Long Short-Term Memory (LSTM); Contrastive Learning; Classification; Artificial neural network; Adversarial machine learning; Long short-term memory; Short term memory; Neural-networks; Recurrent neural network; Xgboost; Artificial Neural Networks (ANN); Decision tree mode; Decision Tree Mode; Recurrent Neural Networks (RNN); Regression Analysis","","","","","","","","","","","","","","","","","","","","","","","","","","","","","","","","2024 Parul International Conference on Engineering and Technology, PICET 2024","","","","","","","","","","","","","","",""
"GILRH4MW","journalArticle","2021","Hoyos, W.; Aguilar, J.; Toro, M.","Dengue models based on machine learning techniques: A systematic literature review","Artificial Intelligence in Medicine","","","10.1016/j.artmed.2021.102157","https://www.scopus.com/inward/record.uri?eid=2-s2.0-85114131088&doi=10.1016%2Fj.artmed.2021.102157&partnerID=40&md5=b0ec7733d01c19f0dc422bd311d81dcd","Background: Dengue modeling is a research topic that has increased in recent years. Early prediction and decision-making are key factors to control dengue. This Systematic Literature Review (SLR) analyzes three modeling approaches of dengue: diagnostic, epidemic, intervention. These approaches require models of prediction, prescription and optimization. This SLR establishes the state-of-the-art in dengue modeling, using machine learning, in the last years. Methods: Several databases were selected to search the articles. The selection was made based on Preferred Reporting Items for Systematic Reviews and Meta-Analyses (PRISMA) methodology. Sixty-four articles were obtained and analyzed to describe their strengths and limitations. Finally, challenges and opportunities for research on machine-learning for dengue modeling were identified. Results: Logistic regression was the most used modeling approach for the diagnosis of dengue (59.1%). The analysis of the epidemic approach showed that linear regression (17.4%) is the most used technique within the spatial analysis. Finally, the most used intervention modeling is General Linear Model with 70%. Conclusions: We conclude that cause-effect models may improve diagnosis and understanding of dengue. Models that manage uncertainty can also be helpful, because of low data-quality in healthcare. Finally, decentralization of data, using federated learning, may decrease computational costs and allow model building without compromising data security. © 2021 Elsevier B.V.","2021","2026-03-10 17:00:15","2026-03-10 17:00:15","","","","","119","","","","","","","","","","","","","Scopus","","","","","","","","Machine Learning; machine learning; Decision making; Machine learning; Uncertainty; Systematic literature review; systematic review; time series analysis; particle swarm optimization; Logistic regression; support vector machine; random forest; data quality; Systematic Review; spatiotemporal analysis; human; artificial neural network; algorithm; logistic regression analysis; Humans; Security of data; Systematic literature review (SLR); Computational costs; process optimization; female; male; area under the curve; Review; disease severity; Diagnostic model; epidemic; statistical model; alanine aminotransferase; spatial analysis; tuberculosis; uncertainty; clinical evaluation; decentralization; diagnostic accuracy; predictive value; Linear Models; linear regression analysis; data base; DNA; aminotransferase; aspartate aminotransferase; aspartate aminotransferase to platelet ratio index; bicarbonate; Cause-effect models; Chagas disease; copepod; cytokine; Data quality in healthcares; dengue; Dengue; early diagnosis; eligibility criteria; entomopathogenic fungus; Epidemic model; extravasation; eye pain; fever; fumigation; fuzzy logic; gene expression; General linear modeling; interleukin 10; interleukin 1beta; Intervention model; Intervention models; lactic acid; liver disease; malignant neoplasm; morbidity; mortality rate; pentraxin 3; petechia; Preferred Reporting Items for Systematic Reviews and Meta-Analyses; prescription; Raman spectrometry; rash; seroprevalence; severe dengue; social network; sphingosine 1 phosphate; thermography; thrombocyte activating factor; tumor necrosis factor; vaccination; vasculotropin; Wolbachia","","","","","","","","","","","","","","","","","","","","","","","","","","","","","","","","","","","","","","","","","","","","","","",""
"TZIZ49RU","journalArticle","2021","Tuma, F.; Malgor, R.D.; Nassar, A.K.","Actions to enhance interactive learning in surgery","Annals of Medicine and Surgery","","","10.1016/j.amsu.2021.102256","https://www.scopus.com/inward/record.uri?eid=2-s2.0-85103719821&doi=10.1016%2Fj.amsu.2021.102256&partnerID=40&md5=d41d04c7d216a42cbdade9c5506912bd","Introduction: Many educational institutions and academic organizations provide concise and highly organized educational material for the trainees and training programs, while others do not. The role of interactive technology-enhanced learning in surgical education is not entirely explored and disseminated despite common knowledge of such interactive educational technology. Utilizing such technology in the place of textbooks could replace a peer trainee and a teacher examiner. Evidence: Maximizing involvement, participation, and interactivity from both surgical trainees and their faculty has been shown to improve the quality and outcomes of surgical education. Given that there is an increasing trend towards shifting from traditional unidirectional teaching to learner-centered interactive teaching. Improving the educational activities setting from the traditional – didactic unidirectional lecture to multi-directional, interactive, engaging, and stimulating activity can enhance learners' educational outcomes. With the advent of educational technology, interactive and shared learning became more feasible and creative. Various educational technology platforms, instructional designs, and tools serve different educational purposes guided by educational activity's objective. Educational systems have integrated numerous widely technologies such as smartphones, tablets, and cloud-based services that greatly facilitate instructional strategies and teaching methods. Many institutions and programs have embraced the new technologies to enhance the overall learning process. Educational technology offers new concepts and applications in learning beyond faster communication or storage of digital resources. Furthermore, active and interactive learning in surgical education has been found to carry a strong and implied impact depending on how it is structured. To enhance and promote interactive surgical education on a broad scale, the following initiatives will be reviewed; interactive adult learning worldwide, wide sharing of knowledge and skills, and use of educational technology where it is pertinent. Conclusion: Residents and surgical training programs need assistance with the process of learning amid ongoing technological innovations. This guidance would leverage the training programs' educational efforts toward effective surgery training. Interactive educational learning technology is expected to fulfill this need by promoting knowledge sharing, skills learning to enhance educational outcomes. © 2021","2021","2026-03-10 17:00:15","2026-03-10 17:00:15","","","","","64","","","","","","","","","","","","","Scopus","","","","","","","","machine learning; Learning; decision making; simulation; time series analysis; collaborative learning; educational technology; learning; human; Review; image quality; training; medical research; patient care; teacher; curriculum; clinical audit; total quality management; mobile application; medical student; resident; Active; assistive technology; burnout; Interactive; medical education; nephrologist; nerve cell plasticity; skill; Surgical education; surgical training; teaching; verbal communication; visual acuity","","","","","","","","","","","","","","","","","","","","","","","","","","","","","","","","","","","","","","","","","","","","","","",""
"DB3YDC2S","journalArticle","2025","Soumma, S.B.; Mamun, A.; Ghasemzadeh, H.","AI-powered wearable sensors for health monitoring and clinical decision making","Current Opinion in Biomedical Engineering","","","10.1016/j.cobme.2025.100628","https://www.scopus.com/inward/record.uri?eid=2-s2.0-105021582014&doi=10.1016%2Fj.cobme.2025.100628&partnerID=40&md5=e126f4d7f4d496a873276cd90054c9fe","AI-powered wearable sensors are transforming remote health monitoring by enabling real-time diagnostics, personalized interventions and proactive disease management. This review synthesizes recent advances in AI-integrated biosensors across conditions such as diabetes, cardiovascular disease, neurodegenerative dis- orders, mental health, and maternal/neonatal care, while addressing challenges of scalability, privacy, interoperability, and model robustness. We highlight machine learning methods—including federated learning, transfer learning, and edge- AI—that enhance the processing of physiological signals i.e., glucose levels, gait patterns, and heart rate variability. Key innovations, including FDA-approved glucose monitors and digital twins for predictive health modeling, underscore the shift toward patient-centric and data-driven care. Yet, persistent gaps remain, including device heterogeneity, privacy concerns, and the need for adaptive models that generalize across populations. Emerging approaches such as large language models and counterfactual explanations provide contextualized insights and transparent decision-making. By bridging technical advances with clinical needs, this review charts a roadmap toward democratized, equitable, and precise healthcare. © 2025 Elsevier Inc.","2025","2026-03-10 17:00:57","2026-03-10 17:00:57","","","","","36","","","","","","","","","","","","","Scopus","","","","","","","","federated learning; machine learning; mental health; data analysis; personalized medicine; pattern recognition; human; transfer of learning; Article; clinical decision making; cardiovascular disease; diabetes mellitus; chronic disease management; data extraction; glucose level; heart rate variability; prophylaxis; scoping review","","","","","","","","","","","","","","","","","","","","","","","","","","","","","","","","","","","","","","","","","","","","","","",""
"K7D7WBK7","journalArticle","2026","Ma, X.; Xie, H.; Qin, S.J.","Efficiently Integrate Large Language Models with Visual Perception: A Survey from the Training Paradigm Perspective","Information Fusion","","","10.1016/j.inffus.2025.103419","https://www.scopus.com/inward/record.uri?eid=2-s2.0-105009512034&doi=10.1016%2Fj.inffus.2025.103419&partnerID=40&md5=534e9777f2715ff1bfefc7d4a8e2d5bb","Integrating Large Language Models (LLMs) with visual modalities has become a central focus in multimodal AI. However, the high computational cost associated with Vision Large Language Models (VLLMs) limits their accessibility, restricting broader use across research communities and real-world deployments. Based on a comprehensive review of 36 high-quality image-text VLLMs, this survey categorizes vision integration into three training paradigms, each employing distinct approaches to improve parameter efficiency. Single-stage Tuning combines pretraining with few-shot learning and achieves strong generalization using minimal labeled data by training only the Modality Integrator (MI). Two-stage Tuning enhances performance through instruction tuning, multi-task learning, or reinforcement learning while improving efficiency via selective MI training, reparameterization modules, and lightweight LLMs. Direct Adaptation skips pretraining and directly finetunes the model on vision-language tasks, achieving efficiency by embedding lightweight MIs into frozen LLMs. These training paradigms have enabled practical applications in areas such as visual assistance, mobile device deployment, medical analysis, agricultural monitoring, and autonomous driving under resource constraints. Despite these advances, each paradigm faces distinct limitations: Single-stage Tuning struggles with few-shot transfer, Two-stage Tuning remains computationally expensive, and Direct Adaptation shows limited generalization ability. Correspondingly, future progress will require more effective pretraining strategies for better few-shot transfer in Single-stage Tuning, optimized use of lightweight LLMs in Two-stage Tuning, and broader adoption of instruction tuning in Direct Adaptation to improve generalization under resource constraints. © 2025","2026","2026-03-10 17:00:58","2026-03-10 17:00:58","","","","","125","","","","","","","","","","","","","Scopus","","","","","","","","Federated learning; Reinforcement learning; Transfer learning; Computer vision; Tuning; Large Language Model; Learning systems; Multimodal; Large language model; Instruction tuning; Multi-modal; Vision-language model; Efficiency; Reinforcement learnings; Language model; Labeled data; Visual languages; Vision; Image enhancement; Computational linguistics; Efficient learning; Parameter-efficient learning; Single stage","","","","","","","","","","","","","","","","","","","","","","","","","","","","","","","","","","","","","","","","","","","","","","",""
"IFG9ZLEE","journalArticle","2025","Zaman, A.; Yassin, M.M.; Mehmud, I.; Cao, A.; Lu, J.; Hassan, H.; Kang, Y.","Challenges, optimization strategies, and future horizons of advanced deep learning approaches for brain lesion segmentation","Methods","","","10.1016/j.ymeth.2025.04.016","https://www.scopus.com/inward/record.uri?eid=2-s2.0-105004219931&doi=10.1016%2Fj.ymeth.2025.04.016&partnerID=40&md5=dc489b41f0b834da5c3d4a037d83d719","Brain lesion segmentation is challenging in medical image analysis, aiming to delineate lesion regions precisely. Deep learning (DL) techniques have recently demonstrated promising results across various computer vision tasks, including semantic segmentation, object detection, and image classification. This paper offers an overview of recent DL algorithms for brain tumor and stroke segmentation, drawing on literature from 2021 to 2024. It highlights the strengths, limitations, current research challenges, and unexplored areas in imaging-based brain lesion classification based on insights from over 250 recent review papers. Techniques addressing difficulties like class imbalance and multi-modalities are presented. Optimization methods for improving performance regarding computational and structural complexity and processing speed are discussed. These include lightweight neural networks, multilayer architectures, and computationally efficient, highly accurate network designs. The paper also reviews generic and latest frameworks of different brain lesion detection techniques and highlights publicly available benchmark datasets and their issues. Furthermore, open research areas, application prospects, and future directions for DL-based brain lesion classification are discussed. Future directions include integrating neural architecture search methods with domain knowledge, predicting patient survival levels, and learning to separate brain lesions using patient statistics. To ensure patient privacy, future research is anticipated to explore privacy-preserving learning frameworks. Overall, the presented suggestions serve as a guideline for researchers and system designers involved in brain lesion detection and stroke segmentation tasks. © 2025 Elsevier Inc.","2025","2026-03-10 17:00:58","2026-03-10 17:00:58","","140-168","","","239","","","","","","","","","","","","","Scopus","","","","","","","","federated learning; data privacy; machine learning; Deep Learning; deep learning; large language model; uncertainty estimation; image segmentation; graph convolutional network; attention mechanism; recurrent neural network; feature extraction; ensemble learning; Brain; Machine learning methods; human; artificial neural network; algorithm; Algorithms; Humans; procedures; convolutional neural network; Neuroimaging; Article; Neural Networks, Computer; diagnostic imaging; brain; image processing; Image Processing, Computer-Assisted; nuclear magnetic resonance imaging; learning algorithm; benchmarking; pathology; computer assisted tomography; generative adversarial network; brain tumor; neuroimaging; functional magnetic resonance imaging; Architecture optimization; arterial spin labeling; BOLD signal; brain damage; Brain imaging datasets; Brain imaging procedures; Brain lesion segmentation; Brain Neoplasms; cerebrovascular accident; computer aided design; Computer-aided diagnosis; diffusion weighted imaging; dynamic susceptibility contrast; imaging algorithm; nuclear magnetic resonance spectroscopy; positron emission tomography; processing speed; Stroke; structural magnetic resonance imaging; survival prediction; transfer learning (machine learning)","","","","","","","","","","","","","","","","","","","","","","","","","","","","","","","","","","","","","","","","","","","","","","",""
"97URRVI7","journalArticle","2026","Borges, F.T.; Machado, G.D.M.; Santana, M.A.D.; Sancho, K.A.; França, G.V.A.D.; Santos, W.P.D.; Siqueira, C.E.G.","LLM-Assisted Scoping Review of Artificial Intelligence in Brazilian Public Health: Lessons from Transfer and Federated Learning for Resource-Constrained Settings","International Journal of Environmental Research and Public Health","","","10.3390/ijerph23010081","https://www.scopus.com/inward/record.uri?eid=2-s2.0-105028497647&doi=10.3390%2Fijerph23010081&partnerID=40&md5=e836157f216539a7882dfa76aa1fa810","Highlights: Public health relevance—How does this work relate to a public health issue? Maps how artificial intelligence is currently applied within the Brazilian Unified Health System (SUS), identifying structural gaps between diagnostic innovation and health system integration. Examines Transfer Learning and Federated Learning as practical responses to public health challenges such as data scarcity, privacy protection, and infrastructure limitations in the Global South. Public health significance—Why is this work of significance to public health? Demonstrates that resource-aware AI architectures can enable equitable innovation in large universal health systems without reliance on centralized data extraction or high-cost infrastructure. Provides empirical evidence that data sovereignty and cooperative AI development are achievable within real-world public health settings through decentralized and adaptive methodologies. Public health implications—What are the key implications or messages for practitioners, policy makers and/or researchers in public health? For policymakers, the findings support Federated Learning as a governance-aligned strategy consistent with data protection laws (e.g., LGPD) and national digital health sovereignty. For researchers and practitioners, the review highlights Transfer Learning and Federated Learning as scalable, low-resource pathways to deploy clinically relevant AI tools in underserved and heterogeneous health systems. Artificial intelligence (AI) has become a strategic technology for global health, with increasing relevance amid the climate emergency and persistent digital inequalities. This study examines how AI has been applied in Brazilian healthcare through a scoping review with an in-depth methodological synthesis, focusing on Transfer Learning (TL) and Federated Learning (FL) as approaches to address data scarcity, privacy, and technological dependence. We searched PubMed, SciELO, and the CNPq Theses and Dissertations Repository for peer-reviewed studies on AI applications in Brazil, screened titles using AI-assisted tools with manual validation, and analyzed thematic patterns across methodological and infrastructural dimensions. Among 349 studies retrieved, six explicitly used TL or FL. These techniques were frequently implemented through multi-country research consortia, demonstrating scalability and feasibility for collaborative model training under privacy constraints. However, they remain marginal in mainstream practice despite their ability to deploy AI solutions with limited computational resources while preserving data sovereignty. The findings indicate an emerging yet uneven integration of resource-aware AI in Brazil, underscoring its potential to advance equitable innovation and digital autonomy in health systems of the Global South. © 2026 by the authors.","2026","2026-03-10 17:00:58","2026-03-10 17:00:58","","","","1","23","","","","","","","","","","","","","Scopus","","","","","","","","federated learning; Federated Learning; machine learning; Artificial Intelligence; artificial intelligence; transfer learning; large language model; Public Health; innovation; human; Humans; transfer of learning; genomics; area under the curve; Review; climate change; training; Brazil; digital health; health care; vision; language model; intensive care; public health; health service; scoping review; transfer learning (machine learning); autonomy; emergency ward; health systems; sovereignty","","","","","","","","","","","","","","","","","","","","","","","","","","","","","","","","","","","","","","","","","","","","","","",""
"2X74INE5","conferencePaper","2024","Hamed, O.; Amer, M.; Bejaoui, T.","Survey on Advancements in Machine Learning for Natural Language Processing","","","","10.1109/ISNCC62547.2024.10759035","https://www.scopus.com/inward/record.uri?eid=2-s2.0-85212188131&doi=10.1109%2FISNCC62547.2024.10759035&partnerID=40&md5=a4ab93f232f87917e25404552a592961","This paper explores significant advances in machine learning (ML) in the field of natural language processing (NLP), with an emphasis on transformative innovations such as transformer models and large language models (LLMs). By facilitating the ability of machines to understand and generate human language, these technologies have revolutionized applications such as automated translation and conversational agents. In addition, the paper addresses ethical considerations, including data bias and model interpretability, that pose challenges to the practical use of ML-driven NLP systems. The discussion highlights both breakthroughs and obstacles in this evolving field, and provides insights into future research directions aimed at refining the capabilities and responsible use of NLP technologies.  © 2024 IEEE.","2024","2026-03-10 17:00:58","2026-03-10 17:00:58","","","","","","","","","","","","","","","","","","Scopus","","","","","","","","Federated learning; Machine Learning; Reinforcement learning; Transfer learning; Large Language Models; Reinforcement Learning; Transfer Learning; Natural language processing; Natural languages; Large language model; Natural Language Processing; Contrastive Learning; Adversarial machine learning; Machine-learning; Reinforcement learnings; Language model; Natural language processing systems; Language processing; Transformer modeling; Human language; Computer aided language translation","","","","","","","","","","","","","","","","","","","","","","","","","","","","","","","","2024 International Symposium on Networks, Computers and Communications, ISNCC 2024","","","","","","","","","","","","","","",""
"BVHTDA7H","journalArticle","2025","Islam, M.B.; Guerrieri, A.; Gravina, R.; Delaney, D.T.; Fortino, G.","From Traditional Machine Learning to Fine-Tuning Large Language Models: A Review for Sensors-Based Soil Moisture Forecasting","Sensors","","","10.3390/s25226903","https://www.scopus.com/inward/record.uri?eid=2-s2.0-105022924386&doi=10.3390%2Fs25226903&partnerID=40&md5=0e9b614e5f8709db30a1b2899aab034b","Smart Agriculture (SA) combines cutting edge technologies such as the Internet of Things (IoT), Artificial Intelligence (AI), and real-time sensing systems with traditional farming practices to enhance productivity, optimize resource use, and support environmental sustainability. A key aspect of SA is the continuous monitoring of field conditions, particularly Soil Moisture (SM), which plays a crucial role in crop growth and water management. Accurate forecasting of SM allows farmers to make timely irrigation decisions, improve field management, and conserve water. To support this, recent studies have increasingly adopted soil sensors, local weather data, and AI-based data-driven models for SM forecasting. In the literature, most existing review articles lack a structured framework and often overlook recent advancements, including privacy-preserving Federated Learning (FL), Transfer Learning (TL), and the integration of Large Language Models (LLMs). To address this gap, this paper proposes a novel taxonomy for SM forecasting and presents a comprehensive review of existing approaches, including traditional machine learning, deep learning, and hybrid models. Using the PRISMA methodology, we reviewed over 189 papers and selected 68 peer-reviewed studies published between 2017 and 2025. These studies are analyzed based on sensor types, input features, AI techniques, data durations, and evaluation metrics. Six guiding research questions were developed to shape the review and inform the taxonomy. Finally, this work identifies promising research directions, such as the application of TinyML for edge deployment, explainable AI for improved transparency, and privacy-aware model training. This review aims to provide researchers and practitioners with valuable insights for building accurate, scalable, and trustworthy SM forecasting systems to advance SA. © 2025 by the authors.","2025","2026-03-10 17:00:58","2026-03-10 17:00:58","","","","22","25","","","","","","","","","","","","","Scopus","","","","","","","","federated learning; Data privacy; Deep learning; machine learning; Reviews; artificial intelligence; privacy; Transfer learning; smart agriculture; Smart agriculture; deep learning; Internet of things; systematic review; review; Weather forecasting; Learning systems; forecasting; large language model; sensor; internet of things; explainable artificial intelligence; taxonomy; Machine-learning; Real time systems; human; Language model; Smart agricultures; transfer of learning; Cutting edge technology; Fine tuning; Hybrid model; benchmarking; water management; Agricultural machinery; Soil moisture; Soil surveys; agriculture; weather; hybrid model; Preferred Reporting Items for Systematic Reviews and Meta-Analyses; %moisture; agricultural worker; duration; environmental sustainability; Fine-tuning large language model; fine-tuning LLM; soil moisture; soil moisture forecast; Soil moisture forecast","","","","","","","","","","","","","","","","","","","","","","","","","","","","","","","","","","","","","","","","","","","","","","",""
"Y3HZQB62","journalArticle","2025","Habchi, Y.; Kheddar, H.; Himeur, Y.; Belouchrani, A.; Serpedin, E.; Khelifi, F.; Chowdhury, M.E.H.","Advanced deep learning and large language models: Comprehensive insights for cancer detection","Image and Vision Computing","","","10.1016/j.imavis.2025.105495","https://www.scopus.com/inward/record.uri?eid=2-s2.0-105000932660&doi=10.1016%2Fj.imavis.2025.105495&partnerID=40&md5=7d067d98d9fee56827506cbbde2df5bc","In recent years, the rapid advancement of machine learning (ML), particularly deep learning (DL), has revolutionized various fields, with healthcare being one of the most notable beneficiaries. DL has demonstrated exceptional capabilities in addressing complex medical challenges, including the early detection and diagnosis of cancer. Its superior performance, surpassing both traditional ML methods and human accuracy, has made it a critical tool in identifying and diagnosing diseases such as cancer. Despite the availability of numerous reviews on DL applications in healthcare, a comprehensive and detailed understanding of DL's role in cancer detection remains lacking. Most existing studies focus on specific aspects of DL, leaving significant gaps in the broader knowledge base. This paper aims to bridge these gaps by offering a thorough review of advanced DL techniques, namely transfer learning (TL), reinforcement learning (RL), federated learning (FL), Transformers, and large language models (LLMs). These cutting-edge approaches are pushing the boundaries of cancer detection by enhancing model accuracy, addressing data scarcity, and enabling decentralized learning across institutions while maintaining data privacy. TL enables the adaptation of pre-trained models to new cancer datasets, significantly improving performance with limited labeled data. RL is emerging as a promising method for optimizing diagnostic pathways and treatment strategies, while FL ensures collaborative model development without sharing sensitive patient data. Furthermore, Transformers and LLMs, traditionally utilized in natural language processing (NLP), are now being applied to medical data for enhanced interpretability and context-based predictions. In addition, this review explores the efficiency of the aforementioned techniques in cancer diagnosis, it addresses key challenges such as data imbalance, and proposes potential solutions. It aims to be a valuable resource for researchers and practitioners, offering insights into current trends and guiding future research in the application of advanced DL techniques for cancer detection. © 2025 Elsevier B.V.","2025","2026-03-10 17:00:58","2026-03-10 17:00:58","","","","","157","","","","","","","","","","","","","Scopus","","","","","","","","Federated learning; Reinforcement learning; Transfer learning; Large language models; Deep reinforcement learning; Large language model; Machine-learning; Reinforcement learnings; Learning techniques; Language model; Cancer diagnosis; Detection and diagnosis; Cancer detection; Transformer-based learning","","","","","","","","","","","","","","","","","","","","","","","","","","","","","","","","","","","","","","","","","","","","","","",""
"D8BYLD8Z","journalArticle","2026","Zhu, W.; Zheng, Q.; Xu, X.; Yu, X.; Xu, X.; Tu, H.; Yu, Y.; Ying, W.; Xie, J.; Sheng, G.; Sheng, J.","Applications of Artificial Intelligence and Smart Devices in Metabolic Dysfunction-associated Steatotic Liver Disease","Journal of Clinical and Translational Hepatology","","","10.14218/JCTH.2025.00406","https://www.scopus.com/inward/record.uri?eid=2-s2.0-105029863040&doi=10.14218%2FJCTH.2025.00406&partnerID=40&md5=6fc8ab69e7cf0d091a1b61a8bb74452a","Metabolic dysfunction-associated steatotic liver disease (MA-SLD) is now considered to be among the most prevalent chronic liver diseases worldwide. Its comprehensive management encompasses multiple stages, including risk assessment, early detection, stratified intervention, and long-term follow-up. Among these, improving diagnostic accuracy and optimizing individualized therapeutic strategies remain key challenges in both research and clinical practice. In recent years, artificial intelligence and smart devices have developed rapidly and have gradually been applied in the medical field, offering novel tools and pathways for MASLD risk stratification, non-invasive diagnosis, therapeutic evaluation, and patient self-management. This review summarizes the current applications of artificial intelligence and smart devices in MASLD care, highlights their benefits and limitations, and discusses future directions to support precision diagnosis and treatment strategies. © 2026 The Author(s).","2026","2026-03-10 17:00:58","2026-03-10 17:00:58","","59-75","","1","14","","","","","","","","","","","","","Scopus","","","","","","","","Artificial intelligence; federated learning; artificial intelligence; deep learning; large language model; data mining; support vector machine; natural language processing; human; convolutional neural network; Diagnosis; risk factor; electronic health record; Review; nuclear magnetic resonance imaging; machine learning algorithm; computer assisted tomography; follow up; semi supervised machine learning; diagnostic accuracy; ultrasound; clinical practice; reinforcement learning (machine learning); histopathology; drug development; resource limited setting; risk assessment; decision tree; heart rate; glucose blood level; histology; health care personnel; transfer learning (machine learning); apoptosis; cytokeratin 18; fibroblast growth factor 21; gamma interferon inducible protein 10; gradient boosting algorithm; health disparity; health insurance; high risk population; lifestyle; lipid storage; MASLD; measurement precision; Metabolic dysfunction-associated steatotic liver disease; metabolic fatty liver; patient compliance; Smart device; thyroid hormone receptor beta; Treatment","","","","","","","","","","","","","","","","","","","","","","","","","","","","","","","","","","","","","","","","","","","","","","",""
"I3FFPJK9","conferencePaper","2024","Himabindu, M.; Jain, N.; Raj, V.H.; Dutt, A.; Chandra, P.K.; Alkhafaji, M.A.","Economizing Large Language Model Training and Alignment with Human Values through CostEffective Architectures and Transfer Learning Techniques","","","","10.1109/OTCON60325.2024.10688092","https://www.scopus.com/inward/record.uri?eid=2-s2.0-85206942942&doi=10.1109%2FOTCON60325.2024.10688092&partnerID=40&md5=3a1969e5943b83cffa492c99cbb10d1e","This work uses transfer learning and cost-effective methods to train large language models (LLMs) with human values. Lack of ethical consistency and expensive computational costs have hindered LLM advancement. The research seeks to solve all issues. Even if they improve AI, learning LLMs may bring moral problems and processing costs. These beliefs must respect human rights and values to be ethical. The project seeks innovative approaches to reduce training expenses without compromising LLM quality. The proposed strategy relies on low-cost, shared-learning building designs. Transfer learning is applying the models you've learned to new situations without additional instruction. We also evaluate many lightweight model designs. A further precaution to guarantee that people's values are preserved is to subject LLMs to an ethical review procedure. The models are more efficient than comparable models, although they need fewer computational resources.  © 2024 IEEE.","2024","2026-03-10 17:00:58","2026-03-10 17:00:58","","","","","","","","","","","","","","","","","","Scopus","","","","","","","","Federated learning; Research and development; Transfer learning; Large Language Models; Transfer Learning; Large language model; Contrastive Learning; Adversarial machine learning; Model Performance; Economic and social effects; Philosophical aspects; Language model; Cost effectiveness; Computational costs; Modeling performance; Cost effective; Ai ethic; Ai Ethics; Computational Costs; Cost-effective architecture; Cost-Effective Architectures; Ethical alignment; Ethical Alignment; Human values; Human Values; Research and Development; Training Optimization; Training optimizations","","","","","","","","","","","","","","","","","","","","","","","","","","","","","","","","2024 OPJU International Technology Conference on Smart Computing for Innovation and Advancement in Industry 4.0, OTCON 2024","","","","","","","","","","","","","","",""
"6QGAR77V","journalArticle","2025","Tran, H.H.-V.; Thu, A.; Twayana, A.R.; Fuertes, A.; Gonzalez, M.; Basta, M.; James, M.; Frishman, W.H.; Aronow, W.S.","The Role of Generative Artificial Intelligence and Large Language Models in Atrial Fibrillation: Clinical Research and Decision Support","Cardiology in Review","","","10.1097/CRD.0000000000001042","https://www.scopus.com/inward/record.uri?eid=2-s2.0-105015433084&doi=10.1097%2FCRD.0000000000001042&partnerID=40&md5=5d1867f4293ba728ae8a55c147fe793f","Atrial fibrillation (AF) is a prevalent and complex cardiac arrhythmia requiring multifaceted management strategies. This review explores the integration of large language models (LLMs) and machine learning into AF care, with a focus on clinical utility, privacy preservation, and ethical deployment. Federated and transfer learning methods have enabled high-performance predictive modeling across distributed datasets without compromising data security. LLMs enhance decision-making by synthesizing structured and unstructured data within electronic health records, supporting anticoagulation decisions, risk stratification, and treatment optimization. Additionally, these tools reduce clinician burden through automated documentation and improve patient engagement via personalized communication, chatbots, and remote monitoring platforms. Despite promising outcomes, challenges such as algorithmic bias, hallucinations, outdated knowledge, and limited explainability persist. Regulatory frameworks remain underdeveloped for continuously learning models, necessitating stronger oversight. Future directions emphasize the creation of cardiology-specific LLMs, multimodal data integration, and inclusive co-development with stakeholders. Overall, artificial intelligence-enabled tools show significant potential to improve precision, efficiency, and equity in AF care, provided their deployment remains ethically grounded and clinically validated.  © 2025 Wolters Kluwer Health, Inc.","2025","2026-03-10 17:00:59","2026-03-10 17:00:59","","","","","","","","","","","","","","","","","","Scopus","","","","","","","","federated learning; artificial intelligence; explainability; large language models; clinical decision support; atrial fibrillation; algorithmic bias; cardiovascular informatics; patient engagement; remote monitoring","","","","","","","","","","","","","","","","","","","","","","","","","","","","","","","","","","","","","","","","","","","","","","",""
"84FHWGSD","journalArticle","2025","Yang, Y.; Zhou, J.; Ding, X.; Huai, T.; Liu, S.; Chen, Q.; Xie, Y.; He, L.","Recent Advances of Foundation Language Models-based Continual Learning: A Survey","ACM Computing Surveys","","","10.1145/3705725","https://www.scopus.com/inward/record.uri?eid=2-s2.0-85218088806&doi=10.1145%2F3705725&partnerID=40&md5=ef98b86cf77619931babfff1fc332078","Recently, foundation language models (LMs) have marked significant achievements in the domains of natural language processing and computer vision. Unlike traditional neural network models, foundation LMs obtain a great ability for transfer learning by acquiring rich common sense knowledge through pre-training on extensive unsupervised datasets with a vast number of parameters. Despite these capabilities, LMs still struggle with catastrophic forgetting, hindering their ability to learn continuously like humans. To address this, continual learning (CL) methodologies have been introduced, allowing LMs to adapt to new tasks while retaining learned knowledge. However, a systematic taxonomy of existing approaches and a comparison of their performance are still lacking. In this article, we delve into a comprehensive review, summarization, and classification of the existing literature on CL-based approaches applied to foundation language models, such as pre-trained language models, large language models, and vision-language models. We divide these studies into offline and online CL, which consist of traditional methods, parameter-efficient-based methods, instruction tuning-based methods and continual pre-training methods. Additionally, we outline the typical datasets and metrics employed in CL research and provide a detailed analysis of the challenges and future work for LMs-based continual learning.  © 2025 Copyright held by the owner/author(s). Publication rights licensed to ACM.","2025","2026-03-10 17:00:59","2026-03-10 17:00:59","","","","5","57","","","","","","","","","","","","","Scopus","","","","","","","","Federated learning; Unsupervised learning; Transfer learning; large language models; survey; vision-language models; Continual learning; Large language model; Contrastive Learning; Adversarial machine learning; Vision-language model; Model-based OPC; Language model; Visual languages; Natural language processing systems; Taxonomies; Neural network models; Pre-trained language model; Foundation language model; foundation language models; pre-trained language models","","","","","","","","","","","","","","","","","","","","","","","","","","","","","","","","","","","","","","","","","","","","","","",""
"7T9JB6GY","journalArticle","2025","Oulefki, A.; Kheddar, H.; Amira, A.; Kurugollu, F.; Himeur, Y.; Bounceur, A.","Innovative AI strategies for enhancing smart building operations through digital twins: A survey","Energy and Buildings","","","10.1016/j.enbuild.2025.115567","https://www.scopus.com/inward/record.uri?eid=2-s2.0-86000760526&doi=10.1016%2Fj.enbuild.2025.115567&partnerID=40&md5=442ee49405008509cfe75e0564332f6d","The Digital Twins (DT) have emerged as a digital transformation automation process with ubiquitous applications that span various domains, including buildings, manufacturing, and healthcare. These virtual clones of physical systems provide relevant insights, enhance decision-making processes, and optimize operations, along with allowing the prediction of future operations. Artificial intelligence (AI) has been instrumental in enhancing the functionalities of DT. This survey paper explores recent developments in advanced AI algorithms tailored for DT in building settings. Moreover, a wide spectrum of AI techniques designed to address the challenges posed by DT in buildings are categorized and reviewed, including convolution neural networks (CNN), recurrent neural networks (RNNs), and generative adversarial networks (GANs), among other cutting edge transformative technologies. Furthermore, the integration of reinforcement learning (RL) and transfer learning (TL) into the DT ecosystem is discussed. This survey explores practical use cases, such as predictive scenarios, anomaly detection, and optimization of DT models. The incorporation of multimodal AI sensor data and edge computing in enhancing the accuracy and efficiency of DT is analyzed. Additionally, challenges and future directions in the field are explored, including data privacy concerns using Blockchain (BC), scalability issues, and the potential impact of quantum computing (QC) and large language models (LLMs) on DT technology. This comprehensive survey serves as a valuable resource for researchers, practitioners, and decision makers looking to utilize cutting-edge techniques to harness the full potential of DT technology in smart buildings (SB). © 2025 Elsevier B.V.","2025","2026-03-10 17:00:59","2026-03-10 17:00:59","","","","","335","","","","","","","","","","","","","Scopus","","","","","","","","Federated learning; Reinforcement learning; Deep learning; Generative adversarial networks; Smart manufacturing; Transfer learning; AI; Digital twin; Deep reinforcement learning; Adversarial machine learning; Digital transformation; Reinforcement learnings; Automation process; Building operations; Cutting edges; In-buildings; Physical systems; Smart building; Ubiquitous application","","","","","","","","","","","","","","","","","","","","","","","","","","","","","","","","","","","","","","","","","","","","","","",""
"9F3F6G8A","journalArticle","2025","Chen, K.; Zhou, X.; Lin, Y.; Feng, S.; Shen, L.; Wu, P.","A survey on privacy risks and protection in large language models","Journal of King Saud University - Computer and Information Sciences","","","10.1007/s44443-025-00177-1","https://www.scopus.com/inward/record.uri?eid=2-s2.0-105013503091&doi=10.1007%2Fs44443-025-00177-1&partnerID=40&md5=98b39e792a42c16282241464362302bf","Although Large Language Models (LLMs) have become increasingly integral to diverse applications, their capabilities raise significant privacy concerns. This survey offers a comprehensive overview of privacy risks associated with LLMs and examines current solutions to mitigate these challenges. First, we analyze privacy leakage and attacks in LLMs, focusing on how these models unintentionally expose sensitive information through techniques such as model inversion, training data extraction, and membership inference. We investigate the mechanisms of privacy leakage, including the unauthorized extraction of training data and the potential exploitation of these vulnerabilities by malicious actors. Next, we review existing privacy protection against such risks, such as inference detection, federated learning, backdoor mitigation, and confidential computing, and assess their effectiveness in preventing privacy leakage. Furthermore, we highlight key practical challenges and propose future research directions to develop secure and privacy-preserving LLMs, emphasizing privacy risk assessment, secure knowledge transfer between models, practical deployment and trade-offs, and interdisciplinary frameworks for privacy governance. Ultimately, this survey aims to establish a roadmap for addressing escalating privacy challenges in the LLMs domain. © The Author(s) 2025.","2025","2026-03-10 17:00:59","2026-03-10 17:00:59","","","","7","37","","","","","","","","","","","","","Scopus","","","","","","","","Large language models (LLMs); Privacy protection; LLM vulnerabilities; Privacy leakage","","","","","","","","","","","","","","","","","","","","","","","","","","","","","","","","","","","","","","","","","","","","","","",""
"3YVYW6MY","journalArticle","2025","Dang, S.; Fang, H.; Yao, Y.","Machine learning applications in designing cementitious materials","Automation in Construction","","","10.1016/j.autcon.2025.106125","https://www.scopus.com/inward/record.uri?eid=2-s2.0-86000615399&doi=10.1016%2Fj.autcon.2025.106125&partnerID=40&md5=055f65b3f7bb189acb60e09d56127fa6","This review explores the development and application of machine learning (ML) algorithms in cementitious materials, and some highlighting and potential ML-related applications are emphasized. This review takes the commonly employed ML algorithms and training strategies as clues, and it covers commonly used ML models, including Neural Networks based (NN-based) algorithms and Classification and Regression Trees based (CART-based) algorithms, along with transfer learning concepts. Then, the impact of ML on material mechanics is analyzed, emphasizing improved reliability in phenomenal analysis, composite design, and predictive modeling of material properties. The role of ML algorithms in visual material identification and physics-informed modeling is discussed, along with applications in model interpretability, physical constraints, in-situ damage identification. The integration of Large Language Models (LLMs) is also introduced as an emerging research avenue. By providing an overview of ML's role in material mechanics, this review offers insights for researchers and engineers in the field. © 2025 Elsevier B.V.","2025","2026-03-10 17:00:59","2026-03-10 17:00:59","","","","","174","","","","","","","","","","","","","Scopus","","","","","","","","Federated learning; Machine learning; Machine learning algorithms; Contrastive Learning; Adversarial machine learning; Machine-learning; Machine learning applications; Training strategy; Cementitious; Cementitious materials; Composite proportioning; Development and applications; Material mechanics; Regressive analysis","","","","","","","","","","","","","","","","","","","","","","","","","","","","","","","","","","","","","","","","","","","","","","",""
"E6236654","journalArticle","2025","Zemouri, R.","Power Transformer Prognostics and Health Management Using Machine Learning: A Review and Future Directions","Machines","","","10.3390/machines13020125","https://www.scopus.com/inward/record.uri?eid=2-s2.0-85219030372&doi=10.3390%2Fmachines13020125&partnerID=40&md5=831a45b6f0765600b6656e50c3874e4b","Power transformers (PTs) play a vital role in the electrical power system. Assessing their health to predict their remaining useful life is essential to optimise maintenance. Scheduling the right maintenance for the right equipment at the right time is the ultimate goal of any power system utility. Optimal maintenance has a number of benefits: human and social, by limiting sudden service interruptions, and economic, due to the direct and indirect costs of unscheduled downtime. PT now produces large amounts of easily accessible data due to the increasing use of IoT, sensors, and connectivity between physical assets. As a result, power transformer prognostics and health management (PT-PHM) methods are increasingly moving towards artificial intelligence (AI) techniques, with several hundreds of scientific papers published on the topic of PT-PHM using AI techniques. On the other hand, the world of AI is undergoing a new evolution towards a third generation of AI models: large-scale foundation models. What is the current state of research in PT-PHM? What are the trends and challenges in AI and where do we need to go for power transformer prognostics and health management? This paper provides a comprehensive review of the state of the art in PT-PHM by analysing more than 200 papers, mostly published in scientific journals. Some elements to guide PT-PHM research are given at the end of the document. © 2025 by the author.","2025","2026-03-10 17:02:49","2026-03-10 17:02:49","","","","2","13","","","","","","","","","","","","","Scopus","","","","","","","","machine learning; artificial intelligence; prognostics and health management; power transformer","","","","","","","","","","","","","","","","","","","","","","","","","","","","","","","","","","","","","","","","","","","","","","",""
"N2J5YPIQ","journalArticle","2026","Nie, Q.; Geng, J.; Liu, C.","A Review of Fault Diagnosis Methods: From Traditional Machine Learning to Large Language Model Fusion Paradigm","Sensors","","","10.3390/s26020702","https://www.scopus.com/inward/record.uri?eid=2-s2.0-105028839679&doi=10.3390%2Fs26020702&partnerID=40&md5=9dbecfe2cb979c9fcc2c0cd948983e7b","Fault diagnosis is a core technology ensuring the safe and efficient operation of industrial systems. A paradigm shift has been observed wherein traditional signal analysis has been replaced by intelligent, algorithm-driven approaches. In recent years, large language models, digital twins, and knowledge graphs have been introduced. A new stage of intelligent integration has been reached that is characterized by data-driven methods, knowledge guidance, and physical–virtual fusion. In the present paper, the evolutionary context of fault diagnosis technologies was systematically reviewed, with a focus on the theoretical methods and application practices of traditional machine learning, digital twins, knowledge graphs, and large language models. First, the research background, core objectives, and development history of fault diagnosis were described. Second, the principles, industrial applications, and limitations of supervised and unsupervised learning were analyzed. Third, innovative uses were examined involving physical–virtual mapping in digital twins, knowledge modeling in knowledge graphs, and feature learning in large language models. Subsequently, a multi-dimensional comparison framework was constructed to analyze the performance indicators, applicable scenarios, and collaborative potential of different technologies. Finally, the key challenges faced in the current fault diagnosis field were summarized. These included data quality, model generalization, and knowledge reuse. Future directions driven by the fusion of large language models, digital twins, and knowledge graphs were also outlined. A comprehensive technical map was established for fault diagnosis researchers, as well as an up-to-date reference. Theoretical innovation and engineering deployment of intelligent fault diagnosis are intended to be supported. © 2026 by the authors.","2026","2026-03-10 17:02:49","2026-03-10 17:11:05","","","","2","26","","","","","","","","","","","","","Scopus","","","","","","","","Fault detection; machine learning; artificial intelligence; digital twin; Machine learning; Knowledge transfer; fault diagnosis; Digital twin; Knowledge graphs; review; Learning systems; large language model; Large language model; Knowledge graph; data quality; knowledge graph; Machine-learning; Industrial systems; Graphic methods; learning; Faults diagnosis; Failure analysis; electric potential; human; algorithm; Language model; diagnosis; Fault diagnosis method; Core technology; Language model fusion; traditional machine learning; Traditional machine learning","","","","","","","","","","","","","","","","","","","","","","","","","","","","","","","","","","","","","","","","","","","","","","",""
"N6WQW85H","journalArticle","2024","Li, S.; Gao, H.O.; You, F.","AI for science in electrochemical energy storage: A multiscale systems perspective on transportation electrification","Nexus","","","10.1016/j.ynexs.2024.100026","https://www.scopus.com/inward/record.uri?eid=2-s2.0-105013208863&doi=10.1016%2Fj.ynexs.2024.100026&partnerID=40&md5=74b6cefd7d4d079570c8d9a839a6c2b1","The electric vehicle (EV) industry, crucial for low-emission transportation, is undergoing a significant transformation driven by advancements in battery and electrochemical energy storage technologies. Artificial intelligence (AI) has the potential to revolutionize these technologies by enhancing efficiency and performance while accelerating development cycles. This paper systematically reviews the current state-of-the-art and future perspectives of AI in battery research and applications for EVs. Various AI methodologies, including unsupervised learning, supervised learning, reinforcement learning, and generative AI, are explored to improve battery performance, longevity, and safety. The review identifies key challenges in advancing AI for electrochemical energy storage: data shortages, cyberinfrastructure limitations, data privacy issues, intellectual property obstacles, and ethical complexities. Groundbreaking opportunities presented by AI applications, such as large language models, foundation models, multimodal learning, and few-shot learning, are also highlighted. AI-based technologies offer promising pathways for rapid material discovery, predictive maintenance, and the development of efficient, scalable, and reliable battery systems. Strategic directions for future research are proposed, emphasizing the need for comprehensive data and cyber infrastructures, enhanced interpretability, ethical AI use, and interdisciplinary collaboration. Ultimately, this paper identifies key challenges and opportunities for AI-driven innovations in battery technology, contributing to the advancement of low-emission transportation through electrification. © 2024 The Author(s)","2024","2026-03-10 17:02:50","2026-03-10 17:02:50","","","","3","1","","","","","","","","","","","","","Scopus","","","","","","","","electric vehicle; AI for science; battery; electrochemical energy storage; lifecycle management; material discovery; state estimation","","","","","","","","","","","","","","","","","","","","","","","","","","","","","","","","","","","","","","","","","","","","","","",""
"3ZQD89Z9","journalArticle","2025","Ramzan, F.; Reforgiato Recupero, D.","A Literature Review on Enhancing Predictive Maintenance in Smart Manufacturing Industries: Fostering Human-Technology Collaboration and Overcoming Data Scarcity Limitations with Advanced AI Models","Operations Research Forum","","","10.1007/s43069-025-00584-0","https://www.scopus.com/inward/record.uri?eid=2-s2.0-105023995691&doi=10.1007%2Fs43069-025-00584-0&partnerID=40&md5=8e114fc37ff2cac548a77cfc0e4559f4","Predictive maintenance (PdM) leverages artificial intelligence (AI) and data analytics to forecast equipment failures in smart manufacturing, enabling timely interventions that minimize downtime and operational costs. This literature review examines recent advancements in PdM, focusing on three interrelated dimensions: (1) data challenges and limitations, (2) role of advanced AI models, and (3) actionable decision-making with human-AI collaboration. Unlike previous studies that often address these aspects in isolation, our review synthesizes them to provide a comprehensive understanding of current capabilities and limitations. We highlight how emerging AI technologies such as generative models, large language models (LLMs), and hybrid frameworks enhance predictive accuracy, enable synthetic data generation, and support interpretable, human-centered maintenance strategies. By evaluating both strengths and gaps across existing approaches, this work offers a comprehensive foundation for developing more scalable, reliable, and adaptable PdM systems aligned with Industry 5.0 principles through the integrative data–model–human (DMH) framework. © The Author(s) 2025.","2025","2026-03-10 17:02:50","2026-03-10 17:02:50","","","","4","6","","","","","","","","","","","","","Scopus","","","","","","","","Data analytics; Artificial intelligence models; Human collaborations; Predictive maintenance (PDM); Remaining useful life (RUL); Smart manufacturing industries","","","","","","","","","","","","","","","","","","","","","","","","","","","","","","","","","","","","","","","","","","","","","","",""
"2CDFZNUT","journalArticle","2025","Ratajszczak, K.; Oancea, A.-V.; Misztal, A.; Ionescu, N.; Ionescu, L.M.; Wencek, A.","Intelligent Operational Risk Management Using the Enhanced FMEA Method and Artificial Intelligence—A Case Study","Applied Sciences (Switzerland)","","","10.3390/app152413199","https://www.scopus.com/inward/record.uri?eid=2-s2.0-105025918619&doi=10.3390%2Fapp152413199&partnerID=40&md5=aadabb343e40f2bf13ea6a884a9535b4","The main purpose of the article is to demonstrate how large language models (LLMs) can enhance and automate the Failure Modes and Effects Analysis (FMEA) method to improve the identification, assessment, and management of operational risk in modern technological systems. The study aims to show that integrating AI into FMEA increases the efficiency, precision, and reliability of detecting potential failures and evaluating their consequences, provided that expert supervision and model transparency are maintained. The research combines a literature review with a case study using OpenAI’s model to generate an automated FMEA for a manufacturing process. The methodology defines process components, identifies potential failure modes, and evaluates their risk impact. Five specialized libraries—structure, function, failure, risk, and optimization—serve as structured inputs for the LLM. A feedback mechanism allows the system to learn from previous analyses, improving future risk assessments and supporting continuous process optimization. The developed platform enables engineers to initiate projects, input data, generate and validate AI-based FMEA reports, and export results. Overall, the study demonstrates that the integration of LLMs into FMEA can transform operational risk management, making it more intelligent, adaptive, and data-driven. © 2025 by the authors.","2025","2026-03-10 17:02:50","2026-03-10 17:02:50","","","","24","15","","","","","","","","","","","","","Scopus","","","","","","","","Predictive maintenance; predictive maintenance; artificial intelligence; Risk management; Knowledge based systems; large language models; Large language model; Information management; Risk analysis; Case-studies; Industrial research; Safety engineering; Language model; Risk assessment; Analysis method; risk assessment; Failure mode and effects analysis; FMEA; knowledge-based systems; Knowledge-based systems; Operational risk managements; Operational risks; Risks assessments","","","","","","","","","","","","","","","","","","","","","","","","","","","","","","","","","","","","","","","","","","","","","","",""
"CTEHGB9R","conferencePaper","2025","Zhu, J.; Du, Y.; Zhang, W.; Jiang, F.","AI Driven Knowledge Management in Oil and Gas: A Large Language Model Approach to Operational Excellence","","","","10.2118/230403-MS","https://www.scopus.com/inward/record.uri?eid=2-s2.0-105030319545&doi=10.2118%2F230403-MS&partnerID=40&md5=fc52e56437432d3cbbd51ff46d4c3100","This paper aims to develop a large language model (LLM)-based expert system to streamline knowledge management in oil and gas operations. By post-training domain-specific data (e.g., engineering protocols, safety guidelines, historical case data), the system functions as a 24/7 virtual assistant, providing accurate operational guidance, statistical analysis, and decision support. The scope covers model architecture design, validation in field operations, and quantification of efficiency gains for operators, targeting a 30% reduction in information retrieval errors and 50% faster access to technical knowledge. The study fine-tunes a foundational LLM (Deepseek or LLaMA) using a curated corpus of oil and gas technical documents, including drilling reports, equipment manuals, and regulatory standards. Post-training incorporates Reinforcement Learning from Human Feedback (RLHF) to align outputs with industry jargon and safety-critical precision. The system deploys via a cloud-edge hybrid platform, enabling real-time Q&A through natural language interfaces. Validation involves A/B testing with 50 field engineers comparing traditional documentation searches against the AI assistant's performance in accuracy (measured by expert review) and time efficiency. Comparation testing of the AI-powered expert system demonstrated transformative improvements in oil and gas operational management. The system reduced 20 minutes on average query resolution time, while achieving 96% answer accuracy compared to 80% for conventional approaches. Notably, the technology contributed to a 70% reduction in procedural errors during critical well interventions by providing context-aware guidance, such as precise chemical dosage recommendations. The AI assistant proved particularly valuable in democratizing knowledge, enabling junior engineers to achieve task competency 80% faster through interactive, step-by-step troubleshooting protocols. While initial testing revealed occasional model hallucinations in rare equipment failure scenarios, this was effectively mitigated through implementation of a confidence-scoring mechanism that flags uncertain responses for human review. The system's ability to instantly retrieve and synthesize information from vast technical databases has significantly reduced reliance on fragmented documentation and subject matter expert availability. These results confirm that properly trained domain-specific LLMs can serve as reliable virtual assistants in high-stakes oilfield operations. Looking ahead, further development will focus on expanding the system's capabilities to interpret technical diagrams and integrate real-time sensor data, paving the way for predictive maintenance and enhanced decision-support functionality. The success of this implementation suggests substantial potential for AI-driven knowledge management to revolutionize operational efficiency and safety standards across the energy sector. This study presents the first LLM application fine-tuned specifically for oil and gas technical operations, bridging gaps in traditional knowledge management. Unlike generic chatbots, the system's post-training on domain data ensures compliance with industry standards while offering auditable response sources. For engineers, this translates to reliable, on-demand expertise-critical in high-risk environments where outdated or incomplete information carries severe HSE consequences. Copyright 2025, Society of Petroleum Engineers.","2025","2026-03-10 17:02:50","2026-03-10 17:02:50","","","","","","","","","","","","","","","","","","Scopus","","","","","","","","Virtual assistants; Search engines; Decision support systems; Knowledge management; Personnel training; Model-based OPC; % reductions; Language model; Accident prevention; Petroleum engineering; Domain specific; Gasoline; Query processing; Decision supports; Modeling approach; Infill drilling; Oil and gas; Oil well drilling; Expert systems; Engineers; Oil and gas operations; Oil field development; Operational excellence","","","","","","","","","","","","","","","","","","","","","","","","","","","","","","","","Society of Petroleum Engineers - SPE Annual Caspian Technical Conference and Exhibition, CTC 2025","","","","","","","","","","","","","","",""
"BUT9PDSG","journalArticle","2025","Lei, L.; Li, W.; Zhang, S.; Wu, C.; Yu, H.","Research Progress on Data-Driven Industrial Fault Diagnosis Methods","Sensors","","","10.3390/s25092952","https://www.scopus.com/inward/record.uri?eid=2-s2.0-105004923575&doi=10.3390%2Fs25092952&partnerID=40&md5=e245cde5d3fe5a53f01e19a26ab00195","With the advent of Industry 5.0, fault diagnosis is playing an increasingly important role in routine equipment maintenance and condition monitoring. From the perspective of industrial big data, this paper systematically reviews the current mainstream industrial fault diagnosis methods. The content covers the main sources of industrial big data, commonly used datasets, and the construction of related platforms. In conjunction with the development of multi-source heterogeneous data, the paper explores the evolutionary path of fault diagnosis methods. Subsequently, it provides an in-depth analysis of data-driven fault diagnosis techniques in industrial applications, with particular emphasis on the pivotal role of deep learning algorithms in fault diagnosis. Next, it discusses the applications and development of large models in the field of fault diagnosis, focusing on their potential to enhance diagnostic intelligence and generalization under big data environments. Finally, the paper looks ahead to the future development of data-driven fault diagnosis methods, pointing out that data quality, interpretability of deep learning, and edge-based large models are important research directions that urgently require breakthroughs. © 2025 by the authors.","2025","2026-03-10 17:02:50","2026-03-10 17:02:50","","","","9","25","","","","","","","","","","","","","Scopus","","","","","","","","Deep learning; fault diagnosis; deep learning; big data; review; large language models; large language model; Large language model; data quality; Industrial big data; Data driven; Faults diagnosis; human; Language model; intelligence; diagnosis; Fault diagnosis method; Large models; learning algorithm; industrial big data; Data-driven fault diagnosis; device maintenance; Equipment conditions","","","","","","","","","","","","","","","","","","","","","","","","","","","","","","","","","","","","","","","","","","","","","","",""
"WZ9L3QBW","journalArticle","2025","Yu, T.; Tang, J.; Yu, Q.; Li, L.; Liu, Y.; Poler, R.","Large language models for PHM: a review of optimization techniques and applications","Autonomous Intelligent Systems","","","10.1007/s43684-025-00100-5","https://www.scopus.com/inward/record.uri?eid=2-s2.0-105013665652&doi=10.1007%2Fs43684-025-00100-5&partnerID=40&md5=5080bb0f0804e180f3a0bc0645f16837","The rapid advancement of Large Language Models (LLMs) has created unprecedented opportunities for industrial automation, process optimization, and decision support systems. As industries seek to leverage LLMs for industrial tasks, understanding their architecture, deployment strategies, and fine-tuning methods becomes critical. In this review, we aim to summarize the challenges, key technologies, current status, and future directions of LLM in Prognostics and Health Management(PHM). First, this review introduces deep learning for PHM. We begin by analyzing the architectural considerations and deployment strategies for industrial environments, including acceleration techniques and quantization methods that enable efficient operation on resource-constrained industrial hardware. Second, we investigate Parameter Efficient Fine-Tuning (PEFT) techniques that allow industry-specific adaptation without prohibitive computational costs. Multi-modal capabilities extending LLMs beyond text to process sensor data, images, and time-series information are also discussed. Finally, we explore emerging PHM including anomaly detection systems that identify equipment malfunctions, fault diagnosis frameworks that determine root causes, and specialized question-answering systems that empower workers with instant domain expertise. We conclude by identifying key challenges and future research directions for LLM deployment in PHM. This review provides a timely resource for researchers, engineers, and decision-makers navigating the transformative potential of language models in industry 4.0 environments. © The Author(s) 2025.","2025","2026-03-10 17:02:50","2026-03-10 17:11:07","","","","1","5","","","","","","","","","","","","","Scopus","","","","","","","","Industry 4.0; Anomaly detection; Deep learning; Optimization; Decision making; Industrial automation; Tuning; Learning systems; Parameter efficient fine-tuning; Decision support systems; Automation process; Prognostic and health management; Language model; Deployment strategy; Fine tuning; Quantisation; Optimization techniques; Quantization; Large language model for prognostic and health management; LLM for PHM; Parameter Efficient Fine-Tuning","","","","","","","","","","","","","","","","","","","","","","","","","","","","","","","","","","","","","","","","","","","","","","",""
"CXP5GLZR","journalArticle","2026","Razaq, W.B.M.; Chen, H.; Machado, M.R.; Moreira, J.L.R.","How can the integration of AI large language models and knowledge graph enhance fault diagnosis? A systematic literature review","Applied Soft Computing","","","10.1016/j.asoc.2026.114908","https://www.scopus.com/inward/record.uri?eid=2-s2.0-105031371627&doi=10.1016%2Fj.asoc.2026.114908&partnerID=40&md5=231d39c3acfe4a3ab9d88ef32e99d53c","The integration of Large Language Models (LLMs) and Knowledge Graphs (KGs) represents an emerging approach to improving fault diagnosis in industrial settings. Traditional fault diagnosis methods—including model-based, signal-based, and rule-based approaches—face persistent challenges in managing complex data, adapting to new failures, and ensuring reasoning accuracy. This systematic literature review evaluates 37 relevant studies to examine how the synergy between LLMs and KGs can mitigate these limitations. The review identifies two primary paradigms: LLM-augmented KGs, which automate the extraction of entities and relationships from unstructured industrial text, and KG-enhanced LLMs (GraphRAG), which ground model reasoning in structured causal paths to reduce hallucinations. While the integrated use of these technologies is a growing research trend, particularly with a peak of 11 papers published in 2025, the field remains in its early stages. Current research is heavily concentrated on rotating machinery, steel manufacturing, and computer numerical control (CNC) equipment, with significant gaps in industry coverage, multilingual support (beyond English and Chinese), and advanced evaluation metrics. Furthermore, many existing systems lack the explainability required for engineers to interpret reasoning routes in high-stakes environments. This study suggests that future research should focus on expanding diagnostic frameworks to specialized industries, improving domain-specific adaptations, and enhancing interpretability through interactive visualization and structured reasoning. © 2026 The Authors","2026","2026-03-10 17:02:50","2026-03-10 17:02:50","","","","","194","","","","","","","","","","","","","Scopus","","","","","","","","Fault diagnosis; Fault detection; Systematic literature review; Large language models; Knowledge graphs; Large language model; Knowledge graph; Relation extraction; Industrial research; Extraction; Faults diagnosis; Failure analysis; Industrial settings; Language model; Fault diagnosis method; Entity extractions; Computer control systems; Entity and relation extraction; Graphrag; GraphRAG","","","","","","","","","","","","","","","","","","","","","","","","","","","","","","","","","","","","","","","","","","","","","","",""
"W58YPQCH","conferencePaper","2024","Geng, Z.; Xu, X.","AN OVERVIEW OF GENERATIVE AI FOR MANUFACTURING","","","","","https://www.scopus.com/inward/record.uri?eid=2-s2.0-105003185205&partnerID=40&md5=bf1beed72bae8d85c80089abe926f894","This paper explores the transformative potential of generative AI in the manufacturing sector, focusing on Large Language Models (LLMs) like GPT-3 and GPT-4. These models are capable of enhancing various manufacturing processes, including process optimization, predictive maintenance, quality control, supply chain management, and product design. By leveraging extensive datasets, generative AI models identify inefficiencies, predict equipment failures, automate quality inspections, optimize supply chains, and facilitate rapid product prototyping. Despite significant advancements, challenges such as data quality, system integration, and real-time data handling persist. Addressing these challenges is crucial for fully realizing the benefits of AI in manufacturing. The paper presents a comprehensive review of current applications, identifies key challenges, and discusses future research directions to advance the integration of generative AI in manufacturing, aiming to drive innovation, efficiency, and competitiveness in the industry. © 2024 Computers and Industrial Engineering. All rights reserved.","2024","2026-03-10 17:02:50","2026-03-10 17:02:50","","855-864","","","2024-December","","","","","","","","","","","","","Scopus","","","","","","","","Predictive maintenance; Manufacturing; Smart manufacturing; Large Language Models; Supply chain management; Supply chains; Generative AI; Process control; Large language model; AI in manufacturing; Manufacturing data processing; Process optimisation; Language model; Manufacturing process; AI in Manufacturing; Chain products; Computer aided manufacturing; Maintenance quality; Manufacturing sector","","","","","","","","","","","","","","","","","","","","","","","","","","","","","","","","Proceedings of International Conference on Computers and Industrial Engineering, CIE","","","","","","","","","","","","","","",""
"PBG9V9R7","journalArticle","2026","Yao, J.; Han, T.","Utilizing large-scale foundation models for prognostics and health management in wind turbines: Techniques, challenges, and future directions","Renewable and Sustainable Energy Reviews","","","10.1016/j.rser.2025.116527","https://www.scopus.com/inward/record.uri?eid=2-s2.0-105022729061&doi=10.1016%2Fj.rser.2025.116527&partnerID=40&md5=4544892c4ca993829266a0759e5df44c","The Paris Agreement has catalyzed global green development, accelerating progress in wind energy. In 2024, new global wind turbine installations totaled 117 GW, raising the cumulative capacity to 1136 GW. As wind turbine deployment rapidly expands, prognostics and health management (PHM) becomes essential for ensuring safe, reliable, and stable operations. Large-scale foundation models (LSF-Models), such as ChatGPT, hold significant potential for enhancing wind turbine PHM. However, research on LSF-Models in wind turbine PHM remains limited. This paper aims to bridge this gap by systematically analyzing recent advancements, technologies, challenges, and future directions in this area. It provides an in-depth review of wind turbine PHM methods and a comprehensive collection of publicly available datasets. The paper also outlines the core LSF-Model frameworks and representative models. Applications of LSF-Models in wind turbine PHM, such as condition monitoring and anomaly detection, fault diagnosis, remaining useful life prediction, and maintenance decision-making, are discussed. Additionally, the paper examines key technologies, including multimodal alignment and fusion, fine-tuning of LSF-Models, integration with local knowledge bases, and intelligent agent technologies. Finally, it addresses the challenges of applying LSF-Models to wind turbine PHM and suggests potential future research directions. In the era of artificial general intelligence, LSF-Models are poised to revolutionize wind turbine PHM, optimizing traditional methods and unlocking new development opportunities. © 2025 Elsevier Ltd","2026","2026-03-10 17:02:50","2026-03-10 17:02:50","","","","","227","","","","","","","","","","","","","Scopus","","","","","","","","Artificial intelligence; Prognostics and health management; Condition monitoring; Wind turbines; Anomaly detection; Energy; Decision making; Foundation models; Agent; Wind power; Wind turbine; Reliable operation; Intelligent agents; Prognostic and health management; Large-scales; Safe operation; Cumulative capacity; Global Winds; Large-scale foundation model; Large-scale foundation models; Turbine installation","","","","","","","","","","","","","","","","","","","","","","","","","","","","","","","","","","","","","","","","","","","","","","",""
"3FDC8GLB","journalArticle","2025","Garcia, J.; Rios-Colque, L.; Peña, A.; Rojas, L.","Condition Monitoring and Predictive Maintenance in Industrial Equipment: An NLP-Assisted Review of Signal Processing, Hybrid Models, and Implementation Challenges","Applied Sciences (Switzerland)","","","10.3390/app15105465","https://www.scopus.com/inward/record.uri?eid=2-s2.0-105006678920&doi=10.3390%2Fapp15105465&partnerID=40&md5=c299655be8e10aa95181435526538ead","Failures in critical industrial components (bearings, compressors, and conveyor belts) often lead to unplanned downtime, high costs, and safety concerns. Traditional diagnostic approaches underperform in noisy or changing environments due to heavy reliance on manual feature engineering and rule-based systems. In response, advanced machine learning, deep learning, and sophisticated signal processing techniques have emerged as transformative solutions for fault detection and predictive maintenance. To address the complexity of these advancements and their practical implications, this review combines analyses from large language models with expert validation to categorize key methodologies—spanning classical machine learning models, deep neural networks, and hybrid physics–data approaches. It also explores essential signal processing tools (e.g., Fast Fourier Transform (FFT), wavelets, and Complete Ensemble Empirical Mode Decomposition with Adaptive Noise (CEEMDAN)) and methods for estimating Remaining Useful Life (RUL) while highlighting major challenges such as the scarcity of labeled data, the need for model explainability, and adaptation to evolving operational conditions. By synthesizing these insights, this article offers a path forward for the adoption of new technologies (deep learning, IoT/Industry 4.0, etc.) in complex industrial contexts, anticipating the collaborative and sustainable paradigms of Industry 5.0, where human–machine collaboration and sustainability play central roles. © 2025 by the authors.","2025","2026-03-10 17:02:50","2026-03-10 17:02:50","","","","10","15","","","","","","","","","","","","","Scopus","","","","","","","","Predictive maintenance; Belts; predictive maintenance; Industry 5.0; Deep learning; machine learning; fault diagnosis; deep learning; signal processing; Machine-learning; Condition based maintenance; Industrial equipment; Faults diagnosis; Bearings (machine parts); Condition monitoring maintenances; Hybrid model; Network coding; Discrete Fourier transforms; Empirical mode decomposition; Hybrid implementation; Signal-processing","","","","","","","","","","","","","","","","","","","","","","","","","","","","","","","","","","","","","","","","","","","","","","",""
"4Q7MLE8L","journalArticle","2025","Lalit, R.; Gupta, K.","Imbalance class problem : an analytical mapping using spreadsheet, VOSviewer, and large language models","Knowledge and Information Systems","","","10.1007/s10115-025-02565-5","https://www.scopus.com/inward/record.uri?eid=2-s2.0-105012854260&doi=10.1007%2Fs10115-025-02565-5&partnerID=40&md5=587a8f76c3982eaf67c518753c43baa9","Imbalance class distribution is a buzzword today. In the imbalance class, the samples of one of the target class labels are less than the others. The imbalanced data can remarkably skew the classifier’s performance, leading to a prophecy bias favoring the class having more samples. Although the minority class is of more significance, algorithms based on classification are incredibly accurate for mostly majority classes. Data generated by applications like medical, risk management, fault diagnosis, fraud detection, face recognition, predictive maintenance, etc., are naturally imbalanced. The revolutionary paradigm perspective on imbalance class has propelled scientific advancement and research. Therefore, an extremely vital exploration is desired to excerpt scientific progress paths. The proposed work supports the notion by a Scientometric analysis and literature review outlining the state of research on the imbalance class. This study actively utilizes Spreadsheets, VOSviewer, and Large Language Models for analysis. The Scientometric study represents analytical aspects and provides deep insight into publication, citation patterns, keyword co-occurrence analysis, geographical distribution analysis, and most prolific journal analysis of class imbalance. Large Language Models portray a democratic viewpoint on specific terms of imbalance classification. The literature offers a preliminary taxonomy that suggests various approaches to handling imbalanced data. Overall, the literature on class imbalance portrays prospects for future research and insightful recommendations to the academic community. © The Author(s), under exclusive licence to Springer-Verlag London Ltd., part of Springer Nature 2025.","2025","2026-03-10 17:02:50","2026-03-10 17:02:50","","9821-9865","","11","67","","","","","","","","","","","","","Scopus","","","","","","","","Predictive maintenance; Fault detection; Deep learning; Risk management; ChatGPT; Information management; Language model; Data level; Diagnosis; Classification (of information); Class imbalance; Cost-sensitive; Algorithm level; Algorithm-level; Cost sensitive; Ensemble; Geographical distribution; Scientometric; Scientometrics; Vosviewer; VOSviewer","","","","","","","","","","","","","","","","","","","","","","","","","","","","","","","","","","","","","","","","","","","","","","",""
"6ZCTW66K","journalArticle","2025","Liang, J.; Lin, Y.; Liu, Y.; Huang, Y.; Wu, H.","Pre-training large language models based on Transformer architecture for building industry application: A review","Building Simulation","","","10.1007/s12273-025-1324-9","https://www.scopus.com/inward/record.uri?eid=2-s2.0-105022414729&doi=10.1007%2Fs12273-025-1324-9&partnerID=40&md5=ad2f650a556c1e064d8269f7156e893d","The construction field is known for its high professional requirements, complexity, and diversity. Over the past few decades, CO2 emissions and energy consumption have increased significantly, making it necessary to improve the efficiency of building design and the retrofitting for energy conservation imperatively. Pre-trained large language models (LLMs) assist industry professionals in architectural design and renovation through natural language processing. This study reviews research papers on Transformer architecture pre-training LLMs from the perspective of model types and application directions. It discusses their potential future application directions along with factors affecting their performance. The assessment outcomes indicate that LLMs excel in tasks including building information detection, modeling automation, and fault diagnosis. Specifically, LLMs achieve median accuracy of approximately 89% for building information detection, 91% for auxiliary modeling, and 98% for fault detection. However, current applications are primarily limited to processing built environment data (e.g., structural data and operational/maintenance records). The input prompt is an essential factor that affects the task execution capability of LLMs. Existing studies have not fully explored the interpretability, transfer learning potential, or contextual learning methods of LLMs, and most research is limited to the use of GPT models. Future work should expand the applications of LLMs in construction, develop task-specific model adaptations, enhance model interpretability, and establish new evaluation metrics for construction-associated tasks. © Tsinghua University Press 2025.","2025","2026-03-10 17:02:50","2026-03-10 17:11:08","","2875-2898","","11","18","","","","","","","","","","","","","Scopus","","","","","","","","artificial intelligence; large language models; Pre-training; Large language model; Interpretability; Information management; Data handling; Architectural design; Building Information Model; Model-based OPC; Language model; Building Information Modelling; Modeling languages; Natural language processing systems; Structural design; Historic preservation; building energy management; Building energy managements; Building industry; building information modeling; Construction industry; Industry applications; Information detection","","","","","","","","","","","","","","","","","","","","","","","","","","","","","","","","","","","","","","","","","","","","","","",""
"6HKBP5ML","journalArticle","2025","Shirole, V.; Shahade, A.K.; Deshmukh, P.V.","A comprehensive review on data-driven driver behaviour scoring in vehicles: technologies, challenges and future directions","Discover Artificial Intelligence","","","10.1007/s44163-025-00244-6","https://www.scopus.com/inward/record.uri?eid=2-s2.0-105000048246&doi=10.1007%2Fs44163-025-00244-6&partnerID=40&md5=b8e28151d7e4e249d6137024e89c8ddb","The automotive industry is transforming because of the incorporation of cutting-edge technologies like Big Data, deep learning (DL), machine learning (ML), and the Internet of Things (IoT). This is especially true regarding improving driver behaviour analysis and vehicle performance. Road safety and car diagnostics are greatly aided by real-time monitoring and predictive analytics, made possible by connected vehicles’ massive data generation via onboard sensors, IoT devices, and telematics. Previous studies have mainly focused on individual technologies and lacked comprehensive discussions on the integration of generative AI. This paper covers the literature on driving behaviour analysis, generative AI, predictive maintenance and profiling. It emphasizes how well ML and DL models categorize driver behaviour, spot dangerous driving habits, and forecast when a car requires maintenance. Furthermore, the function of Generative AI is examined in terms of giving drivers personalized and dynamic feedback, enhancing overall driving performance, safety, and fuel efficiency. The paper also addresses data privacy challenges, real-time monitoring, and combining various data sources. Emerging trends in hybrid AI models and large language models are discussed as promising directions for improving predictive maintenance systems and optimizing vehicle performance. © The Author(s) 2025.","2025","2026-03-10 17:02:50","2026-03-10 17:02:50","","","","1","5","","","","","","","","","","","","","Scopus","","","","","","","","Artificial intelligence; Predictive maintenance; Deep learning; Generative AI; Performance; Machine-learning; Data driven; Automotive industry; Real time monitoring; Data-driven methods; Behavior scoring; Driver behavior scoring; Driver behaviour scoring; Driver's behavior; Magnetic levitation vehicles","","","","","","","","","","","","","","","","","","","","","","","","","","","","","","","","","","","","","","","","","","","","","","",""
"GHU7CEP6","journalArticle","2026","Chen, C.; Li, L.; Wang, T.; Wang, Z.; Leng, J.; Shao, H.; Cheng, L.","Leveraging large language models for smart manufacturing: Reviews, enablers, challenges, and opportunities","Journal of Manufacturing Systems","","","10.1016/j.jmsy.2026.02.008","https://www.scopus.com/inward/record.uri?eid=2-s2.0-105030482813&doi=10.1016%2Fj.jmsy.2026.02.008&partnerID=40&md5=06524baa754f9cd7a977c1fae22cef5d","Smart manufacturing is transforming manufacturing landscapes through the integration of advanced information and communication technologies. The emergence of large language models (LLMs) has revolutionized artificial intelligence (AI). However, the application of LLMs in smart manufacturing remains underexplored to address the domain-specific challenges. This paper presents a comprehensive survey and analysis of LLM-enabled smart manufacturing. The latest advancements in LLM for smart manufacturing and the key techniques in LLMs are first reviewed. Subsequently, the key enablers for deploying LLM for smart manufacturing are explored, which include the knowledge graph (KG), agent system, and model context protocol (MCP). Then, the capability across four critical manufacturing domains, including product design, process optimization, predictive maintenance, and remanufacturing are systematically analyzed. Finally, the challenges and opportunities of scaling laws, data privacy and security concerns, the interpretability of LLMs, and the domain-specific knowledge integration within the manufacturing context are also discussed. The outcomes of this research contribute to a responsible and efficient adoption of LLMs, laying a foundation for advancing smart manufacturing practices. © 2026 The Society of Manufacturing Engineers","2026","2026-03-10 17:02:51","2026-03-10 17:02:51","","593-612","","","85","","","","","","","","","","","","","Scopus","","","","","","","","Artificial intelligence; Predictive maintenance; Data privacy; Smart manufacturing; Large language models; Knowledge graphs; Large language model; Knowledge graph; Knowledge management; Industrial research; Manufacturing IS; Intelligent agents; Language model; Domain specific; Product design; Advanced informations; Agent systems; Information and Communication Technologies; Survey and analysis","","","","","","","","","","","","","","","","","","","","","","","","","","","","","","","","","","","","","","","","","","","","","","",""
"9DBJA4SZ","conferencePaper","2025","Bektash, O.; Joubaud, D.; Kulkarni, C.S.; Kubler, S.","MAINTAG - Multi-Agent-based Predictive Maintenance Dataset Tagging System","","","","10.36001/phmconf.2025.v17i1.4369","https://www.scopus.com/inward/record.uri?eid=2-s2.0-105021990285&doi=10.36001%2Fphmconf.2025.v17i1.4369&partnerID=40&md5=ee6c64fc605ccd0324d42d660351a5e0","With the ongoing digitization of global activities, the number of predictive maintenance datasets has been steadily growing. These datasets are often manually classified in literature review papers to assess their relevance for predictive maintenance applications. However, this manual approach is increasingly unsustainable, as it is time-intensive and prone to errors. The accelerating pace at which new datasets emerge in both scientific and industrial contexts makes this problem even worse. To overcome these challenges, there is a growing need for automated solutions to curate, analyze, and categorize (tag) datasets in the literature. To this end, we propose and evaluate MAINTAG (Multi-Agent-based Predictive Maintenance Dataset Tagging System), a novel multi-agent system designed to automate the classification of predictive maintenance datasets. MAINTAG is compatible with any criteria-based taxonomy and is assessed by benchmarking its tagging accuracy against recent state-of-the-art literature. MAINTAG uses multiple AI agents built on large language models. Different agents handle different parts of the classification process. One agent identifies the application domain. Another determines the task type. A third figures out the supervision approach. The last one classifies the learning algorithm. Each agent uses GPT-based models to read through dataset documentation. They provide their classifications along with confidence scores. We evaluate MAINTAG on historical PHM challenge datasets (2008-2017). Results matched expert classifications with high correspondence across most categories. This shows that automated tagging can be as reliable as human experts. Our approach offers a practical way to manage the flood of new datasets in predictive maintenance. It maintains quality while keeping up with the rapid pace of predictive maintenance data creation. © 2025, Prognostics and Health Management Society. All rights reserved.","2025","2026-03-10 17:02:51","2026-03-10 17:02:51","","","","1","17","","","","","","","","","","","","","Scopus","","","","","","","","Predictive maintenance; Predictive Maintenance; Multi-Agent Systems; Autonomous agents; Multi agent systems; Intelligent agents; Multi agent; Multiagent systems (MASs); Agent based; Classification (of information); Literature reviews; Classifieds; Data classification; Data Classification; Dataset tagging; Dataset Tagging; Digitisation; Tagging systems","","","","","","","","","","","","","","","","","","","","","","","","","","","","","","","","Proceedings of the Annual Conference of the Prognostics and Health Management Society, PHM","","","","","","","","","","","","","","",""
"WBGM7GWP","journalArticle","2024","Li, Y.-F.; Wang, H.; Sun, M.","ChatGPT-like large-scale foundation models for prognostics and health management: A survey and roadmaps","Reliability Engineering and System Safety","","","10.1016/j.ress.2023.109850","https://www.scopus.com/inward/record.uri?eid=2-s2.0-85179138014&doi=10.1016%2Fj.ress.2023.109850&partnerID=40&md5=17e9c217bf878acd9bdc91e7da050399","PHM technology is vital in industrial production and maintenance, identifying and predicting potential equipment failures and damages. This enables proactive maintenance measures to be implemented, improving equipment reliability and reducing production costs. Recently, artificial intelligence (AI)-based PHM methods have made remarkable achievements, and it is widely used in various industries, such as railway, energy, and aviation, for condition monitoring, fault prediction, and health management. The emergence of large-scale foundation models (LSF-Models) such as ChatGPT and DALLE-E marks the entry of AI into a new era of AI-2.0 from AI-1.0, where deep models have rapidly evolved from a research paradigm of single-modal, single-task, and limited-data to a multi-modal, multi-task, massive data, and super-large model paradigm. ChatGPT represents a landmark achievement in this research paradigm, offering hope for general AI due to its brilliant natural language understanding ability. However, the PHM field lacks a consensus on responding to this significant change, and systematic reviews and roadmaps are required to elucidate future development directions. Therefore, this paper expounds on the key components and latest developments of LSF-Models. Then, we systematically answered how to build LSF-Models applicable to PHM tasks and outlined the challenges and future development roadmaps for this research paradigm. © 2023 Elsevier Ltd","2024","2026-03-10 17:02:51","2026-03-10 17:02:51","","","","","243","","","","","","","","","","","","","Scopus","","","","","","","","Costs; Fault diagnosis; Prognostics and health management; Condition monitoring; Representation learning; Foundation models; Condition based maintenance; Prognostic and health management; Faults diagnosis; Large-scales; Industrial production; Roadmap; Railroad transportation; Railroads; Industrial maintenance; Large-scale foundation model; Equipment damage","","","","","","","","","","","","","","","","","","","","","","","","","","","","","","","","","","","","","","","","","","","","","","",""
"4R5SLJGA","journalArticle","2026","Mehmood, U.; Zafar, M.B.","Generative AI in facility management: a structural topic modeling (STM) review with qualitative synthesis","Journal of Facilities Management","","","10.1108/JFM-04-2025-0054","https://www.scopus.com/inward/record.uri?eid=2-s2.0-105028455665&doi=10.1108%2FJFM-04-2025-0054&partnerID=40&md5=efe9dcc64d1ca1b5e8993aaf569768d6","Purpose – This study seeks to bridge the gap between artificial intelligence (AI) innovation and facility management (FM) practice by identifying dominant research clusters, examining thematic evolution and revealing opportunities for sustainable and intelligent facility operations. Specifically, it addresses how generative models including large language models, generative adversarial networks and explainable AI are reshaping FM workflows and decision-making processes. Design/methodology/approach – FM research is witnessing increasing attention toward generative artificial intelligence (GenAI), yet current studies remain fragmented and lack a systematic understanding of how these technologies are being integrated into FM research and practice. This study aims to systematically map and analyze the thematic evolution of GenAI applications in FM using structural topic modeling (STM) combined with qualitative synthesis. STM was used to identify latent themes and track their temporal evolution, supported by descriptive trend analysis. Manual triangulation and qualitative synthesis were conducted to validate topic labels and interpret emerging research trajectories, technological applications and integration pathways across FM contexts. Findings – Five thematic clusters were identified: (1) GenAI for visual and spatial applications in built environments, (2) industrial GenAI for sustainability optimization, (3) predictive maintenance with explainable and generative AI, (4) smart buildings for energy and comfort optimization and (5) natural language processing for FM automation. Originality – To the best of the authors’ knowledge, this paper offers one of the first STM-based systematic reviews of GenAI in FM. The findings provide a replicable, data-driven framework and a practical roadmap for integrating GenAI-driven automation into FM processes, contributing to the theoretical and operational advancement of AI-enabled facility ecosystems. © 2026 Emerald Publishing Limited","2026","2026-03-10 17:02:51","2026-03-10 17:02:51","","1-30","","","","","","","","","","","","","","","","Scopus","","","","","","","","Predictive maintenance; Generative AI; Natural language processing; LLM; Explainable artificial intelligence; Facility management","","","","","","","","","","","","","","","","","","","","","","","","","","","","","","","","","","","","","","","","","","","","","","",""
"6F2KKX3N","journalArticle","2025","Di Maggio, L.G.","Toward Autonomous LLM-Based AI Agents for Predictive Maintenance: State of the Art, Challenges, and Future Perspectives","Applied Sciences (Switzerland)","","","10.3390/app152111515","https://www.scopus.com/inward/record.uri?eid=2-s2.0-105021474333&doi=10.3390%2Fapp152111515&partnerID=40&md5=3a2cc703b01e3e481fb88d6a916bd580","Recent advances in Large Language Models (LLMs) enable agentic systems that combine perception, reasoning, and action across the enitre Predictive Maintenance (PdM) lifecycle, including machine fault diagnosis. However, the literature on LLM-driven agents for PdM remains fragmented and lacks a unified view on contemporary frameworks such as Model Context Procotol. This paper reviews discriminative, generative, and LLM-based approaches for PdM and consolidates fragmented evidence on LLM-driven AI agents. Namely, it introduces agentic AI concepts for PdM and develops an analysis of potential applications, challenges, and risks in light of agency theory, while mapping drivers and barriers to adoption based on recent evidence from industry analysis. Findings indicate near-term value for information and decision-support agents, while higher autonomy needs stronger governance, benchmarks, and safety evidence. © 2025 by the author.","2025","2026-03-10 17:02:51","2026-03-10 17:02:51","","","","21","15","","","","","","","","","","","","","Scopus","","","","","","","","Artificial intelligence; Predictive maintenance; Condition monitoring; Fault detection; predictive maintenance; condition monitoring; industrial internet of things; fault diagnosis; large language models; prognostics and health management; Large language model; Decision support systems; AI agent; model context protocol; Risk analysis; Autonomous agents; Industrial internet of thing; Condition; Prognostic and health management; Faults diagnosis; Failure analysis; Language model; Risk assessment; AI agents; Model context protocol; Model contexts","","","","","","","","","","","","","","","","","","","","","","","","","","","","","","","","","","","","","","","","","","","","","","",""
"D66MRQN5","journalArticle","2025","Ge, C.; Zhang, G.; Wang, Y.; Shao, D.; Song, X.; Wang, Z.","Research Status and Development Trends of Artificial Intelligence in Smart Agriculture","Agriculture (Switzerland)","","","10.3390/agriculture15212247","https://www.scopus.com/inward/record.uri?eid=2-s2.0-105021466564&doi=10.3390%2Fagriculture15212247&partnerID=40&md5=26db14abb4fd1e92bb839585e5e3c0a3","Artificial Intelligence (AI) is a key technological enabler for the transition of agricultural production and management from experience-driven to data-driven, continuously advancing modern agriculture toward smart agriculture. This evolution ultimately aims to achieve a precise agricultural production model characterized by low resource consumption, high safety, high quality, high yield, and stable, sustainable development. Although machine learning, deep learning, computer vision, Internet of Things, and other AI technologies have made significant progress in numerous agricultural production applications, most studies focus on singular agricultural scenarios or specific AI algorithm research, such as object detection, navigation, agricultural machinery maintenance, and food safety, resulting in relatively limited coverage. To comprehensively elucidate the applications of AI in agriculture and provide a valuable reference for practitioners and policymakers, this paper reviews relevant research by investigating the entire agricultural production process—including planting, management, and harvesting—covering application scenarios such as seed selection during the cultivation phase, pest and disease identification and intelligent management during the growth phase, and agricultural product grading during the harvest phase, as well as agricultural machinery and devices like fault diagnosis and predictive maintenance of agricultural equipment, agricultural robots, and the agricultural Internet of Things. It first analyzes the fundamental principles and potential advantages of typical AI technologies, followed by a systematic and in-depth review of the latest progress in applying these core technologies to smart agriculture. The challenges faced by existing technologies are also explored, such as the inherent limitations of AI models—including poor generalization capability, low interpretability, and insufficient real-time performance—as well as the complex agricultural operating environments that result in multi-source, heterogeneous, and low-quality, unevenly annotated data. Furthermore, future research directions are discussed, such as lightweight network models, transfer learning, embodied intelligent agricultural robots, multimodal perception technologies, and large language models for agriculture. The aim is to provide meaningful insights for both theoretical research and practical applications of AI technologies in agriculture. © 2025 by the authors.","2025","2026-03-10 17:02:51","2026-03-10 17:11:11","","","","21","15","","","","","","","","","","","","","Scopus","","","","","","","","Internet; Artificial Intelligence (AI); smart agriculture; perception; Agricultural Internet of Things (Ag-IoT); agricultural management; agricultural production; agriculture robots; cultivation; growth rate; intelligent perception and control","","","","","","","","","","","","","","","","","","","","","","","","","","","","","","","","","","","","","","","","","","","","","","",""
"KVAD5XHM","conferencePaper","2025","Bouchra, A.; Tabaa, M.; Batal, M.; Elmahjoub, A.A.","Towards maintenance 4.0: Deep learning and LLM-driven bearings fault detection","","","","10.1063/5.0289744","https://www.scopus.com/inward/record.uri?eid=2-s2.0-105016144893&doi=10.1063%2F5.0289744&partnerID=40&md5=cb7dc28dd41c6c0faed5408ac728b1dd","The maintenance industrial landscape is changing with the integration of new emerging technologies, such as Deep Learning (DL) and Large Language Models (LLMs), for setting up predictive strategies. This paper discusses the emerging paradigm in the context of predictive maintenance, signifying its importance toward improving equipment reliability, reducing unplanned downtime, and providing ways for cost savings on maintenance through proactive failure prediction. This is a brief review of state-of-the-art predictive maintenance role-plays of DL in analyzing sensor data for early fault detection and, at the same time, leveraging LLMs for the translation of complex diagnostic data into actionable maintenance recommendations. Along with the positive progress in the broad application of these technologies, the implementation has had to face several data integration complexities, model customizations, and a must around human-AI interaction with imperatives. Future important areas for research and development in this regard entail advancements in AI and machine learning algorithms, integration of IoT and sensor technologies with development, and human-AI maintenance, regulations, and ethics of collaborative frameworks. This paper presents an overview of the present achievements and outlines a road map of the efforts that pave a way for overcoming the existing challenges for the realization of Maintenance 4.0. In this paper, it is indicated how the integration of DL and LLMs can become a game-changer in current predictive maintenance practices, deriving from the future trends and the continued evolutions of respective industrial strategies.  © 2025 Author(s).","2025","2026-03-10 17:02:51","2026-03-10 17:02:51","","","","1","3321","","","","","","","","","","","","","Scopus","","","","","","","","","","","","","","","","","","","","","","","","","","","","","","","","","","","","","","","","AIP Conference Proceedings","","","","","","","","","","","","","","",""
"RXPJSPCZ","journalArticle","2026","Yu, G.; Tan, G.; Huang, H.; Zhang, Z.; Chen, P.; Natella, R.; Zheng, Z.; Lyu, M.R.","A Survey on Failure Analysis and Fault Injection in AI Systems","ACM Transactions on Software Engineering and Methodology","","","10.1145/3732777","https://www.scopus.com/inward/record.uri?eid=2-s2.0-105027955033&doi=10.1145%2F3732777&partnerID=40&md5=fedb19721594951c18825db8892cbf7c","The rapid advancement of AI has led to its integration into various areas, especially with Large Language Models (LLMs) significantly enhancing capabilities in Artificial Intelligence Generated Content (AIGC). However, the complexity of AI systems has also exposed their vulnerabilities, necessitating robust methods for Failure Analysis (FA) and Fault Injection (FI) to ensure resilience and reliability. Despite the importance of these techniques, there lacks a comprehensive review of FA and FI methodologies in AI systems. This study fills this gap by presenting a detailed survey of existing FA and FI approaches across six layers of AI systems. We systematically analyze 142 studies to answer three research questions including (1) what are the prevalent failures in AI systems, (2) what types of faults can current FI tools simulate, (3) what gaps exist between the simulated faults and real-world failures. Our findings reveal a taxonomy of AI system failures, assess the capabilities of existing FI tools, and highlight discrepancies between real-world and simulated failures. Moreover, this survey contributes to the field by providing a framework for fault diagnosis, evaluating the state-of-the-art in FI, and identifying areas for improvement in FI techniques to enhance the resilience of AI systems. © 2025 Copyright is held by the owner/author(s). Publication rights licensed to ACM.","2026","2026-03-10 17:02:52","2026-03-10 17:02:52","","","","1","35","","","","","","","","","","","","","Scopus","","","","","","","","Artificial intelligence; Fault detection; MLOps; Safety engineering; Failure (mechanical); Real-world; Failure analysis; Language model; Outages; Human engineering; 'current; Robust methods; Research questions; AI systems; Reliability analysis; AI system; Chaos Engineering; Chaos engineerings; Failure Analysis; Fault injection; Fault Injection; LLMOp; LLMOps; MLOp","","","","","","","","","","","","","","","","","","","","","","","","","","","","","","","","","","","","","","","","","","","","","","",""
"NH7LXXKV","conferencePaper","2025","Min, Z.; Bres, A.; Markov, G.; Krystallidis, A.; Neufeld, A.; Budnik, C.; Degen, H.","Knowledge-Graph-Centric Architecture for Reliable Fault Diagnosis","","","","10.1145/3774900.3776640","https://www.scopus.com/inward/record.uri?eid=2-s2.0-105026456513&doi=10.1145%2F3774900.3776640&partnerID=40&md5=46a7f4f8545daf88a98e4c74ce039b07","Building operations still rely heavily on manual review of unstructured maintenance records, which is slow, error-prone, and difficult to standardize across systems and teams. We present a knowledge-graph-centric middleware framework that mediates between heterogeneous IT/OT sources and analytics applications to support reliable, low-latency root-cause analysis. The framework integrates large language models (LLMs) with a domain knowledge graph (KG) under explicit quality criteria to ensure reliable construction and evolution. It begins with LLM-assisted schema generation, guided by Knowledge Graph Schema (KGS) metrics that ensure consistency, completeness, scalability, and minimal redundancy. Building on this foundation, the graph structure is refined using Graph Convolutional Network (GCN) embeddings combined with recursive KMeans clustering, which groups similar types and lowers query overhead. Next, a two-stage extraction pipeline converts unstructured text into a structured knowledge data frame and enriches relations by leveraging contextual proximity through weighted aggregation. To accommodate evolving data, the system supports incremental updates for both seen and unseen entities, preserving chronological consistency while avoiding disruptive schema revisions. Together, these components allow applications to remain decoupled from heterogeneous source formats while ensuring robust governance of both schema and data. The design further reduces query latency, improves retrieval precision, and reduces manual effort, thus supporting more timely and consistent maintenance decisions.  © 2025 Copyright held by the owner/author(s).","2025","2026-03-10 17:02:52","2026-03-10 17:02:52","","37-40","","","","","","","","","","","","","","","","Scopus","","","","","","","","Large Language Models; Generative AI; Data mining; Knowledge graphs; Large language model; Knowledge graph; Knowledge Graph; Retrieval-Augmented Generation; Retrieval-augmented generation; Knowledge management; Graph theory; Faults diagnosis; Building operations; Language model; Graph structures; Graph embeddings; Error prones; Maintenance records; Middleware frameworks","","","","","","","","","","","","","","","","","","","","","","","","","","","","","","","","MITOTI 2025 - Proceedings of the International Workshop on Middleware for IT/OT Integration, Part of Middleware Conference 2025","","","","","","","","","","","","","","",""
"WFXZ4L52","journalArticle","2025","Rojas, L.; Hernandez, B.; Garcia, J.","A Systematic Review of Intelligent Agents, Language Models, and Recurrent Neural Networks in Industrial Maintenance: Driving Value Creation for the Mining Sector","International Journal of Intelligent Systems","","","10.1155/int/9953223","https://www.scopus.com/inward/record.uri?eid=2-s2.0-105021396105&doi=10.1155%2Fint%2F9953223&partnerID=40&md5=91b3a3c0f86d962310c41032c03ad335","This PRISMA 2020–compliant systematic review examines how intelligent agents, large language models (LLMs), and recurrent neural networks (RNNs) can be combined for industrial maintenance, with a sector-specific focus on mining. Scopus and Web of Science (2018–2025) were searched using replicable queries, and a dual text-representation pipeline (TF–IDF with bi/trigrams and sentence-transformer embeddings) was applied. Model selection scanned k over a predefined grid with internal indices (Silhouette, Davies–Bouldin, and Calinski–Harabasz), and robustness was assessed through multiseed stability, bootstrap consensus, representation-sensitivity checks, and a control run with HDBSCAN. Study quality and risk of bias were appraised with an AI-and-control–oriented matrix (ACE-QA). Two macroclusters emerged. The first centers on distributed control, consensus and formation, fault tolerance, observers, and learning-based designs (fuzzy/neural/RL), including finite/predefined-time and event/dynamic event–triggered mechanisms. The second addresses secure and resilient cooperation under cyber threats (DoS, deception, and FDIA), integrating observer-based estimation and communication-efficient protocols. Cross-cutting findings indicate that event-triggered updates reduce bandwidth and compute requirements, while robust estimation and fault-tolerant control improve availability under harsh conditions and intermittent networks—typical in mining. A maturity map suggests high technical readiness and growing adoption for RNN-based sensing analytics, advancing readiness but emerging adoption for multiagent coordination, and early adoption of LLMs for text-grounded maintenance intelligence. Evidence gaps persist in replicability, cross-site transfer, uncertainty reporting, and mining-grade validation at the edge. A design agenda is outlined that prioritizes digital-twin stress testing, edge-first evaluation of agent coordination, secure-by-design pipelines (authenticated/encrypted messaging and adversarial testing), and shift-aware validation. In sum, a hybrid stack—RNNs for perception, LLMs for knowledge grounding, and agents for coordinated action—offers a practical route to reliable, secure, and communication-efficient predictive maintenance in Mining 4.0. Copyright © 2025 Luis Rojas et al. International Journal of Intelligent Systems published by John Wiley & Sons Ltd.","2025","2026-03-10 17:02:52","2026-03-10 17:02:52","","","","1","2025","","","","","","","","","","","","","Scopus","","","","","","","","Predictive maintenance; predictive maintenance; Fault tolerance; Recurrent neural networks; Digital twin; cybersecurity; systematic review; large language models; Cyber security; Large language model; Systematic Review; Text mining; Multi agent systems; Neural-networks; Language model; Multi agent; recurrent neural networks; Distributed parameter control systems; event-triggered control; Event-triggered controls; mining 4.0; Mining 4.0; multiagent systems; PRISMA 2020","","","","","","","","","","","","","","","","","","","","","","","","","","","","","","","","","","","","","","","","","","","","","","",""
"5V9NJLNP","journalArticle","2025","Salierno, G.; Leonardi, L.; Cabri, G.","Generative AI and Large Language Models in Industry 5.0: Shaping Smarter Sustainable Cities","Encyclopedia","","","10.3390/encyclopedia5010030","https://www.scopus.com/inward/record.uri?eid=2-s2.0-105014520924&doi=10.3390%2Fencyclopedia5010030&partnerID=40&md5=7ef5e34d76021a7f40cbcef1369ee56e","This review paper examines how Generative AI (GAI) and Large Language Models (LLMs) can transform smart cities in the Industry 5.0 era. Through selected case studies and portions of the literature, we analyze these technologies’ impact on industrial processes and urban management. The paper targets GAI as an enabler for industrial optimization and predictive maintenance, underlining how domain experts can work with LLMs to improve municipal services and citizen communication, while addressing the practical and ethical challenges in deploying these technologies. We also highlight promising trends, as reflected in real-world case studies ranging from factories to city-wide test-beds and identify pitfalls to avoid. Widespread adoption of GAI still faces challenges that include infrastructure and lack of specialized knowledge as a limitation of proper implementation. While LLMs enable new services for citizens in smart cities, they also expose certain privacy issues, which we aim to investigate in this study. Finally, as a way forward, the paper suggests future research directions covering new ethical AI frameworks and long-term studies on societal impacts. Our paper is a starting point for industrial pioneers and urban developers to navigate the complexity of GAI and LLM integration, balancing the demands of technological innovation on one hand and ethical responsibility on the other. © 2025 by the authors.","2025","2026-03-10 17:02:53","2026-03-10 17:02:53","","","","1","5","","","","","","","","","","","","","Scopus","","","","","","","","smart cities; large language models (LLMs); generative artificial intelligence (GAI)","","","","","","","","","","","","","","","","","","","","","","","","","","","","","","","","","","","","","","","","","","","","","","",""
"DIAIAWGZ","journalArticle","2025","Sirigiri, K.","AI IN DEVOPS: A FRAMEWORK FOR PREDICTIVE MAINTENANCE AND AUTOMATED ISSUE RESOLUTION","International Journal of Applied Mathematics","","","10.12732/ijam.v38i2s.83","https://www.scopus.com/inward/record.uri?eid=2-s2.0-105017144838&doi=10.12732%2Fijam.v38i2s.83&partnerID=40&md5=29fd69375a6e22411d628526ec4e6a1e","The rapid evolution of DevOps approaches has changed the software development lifecycle by enabling faster delivery, continuous integration, and continuous deployment. Notwithstanding these advances, traditional DevOps techniques still suffer from reactive incident management, prolonged downtime, and inadequate foresight into system failures. Often referred to as AIOps, the integration of artificial intelligence (AI) into DevOps provides a powerful solution by enabling predictive maintenance and automated issue resolution. By means of an in-depth review of peer-reviewed literature, this work investigates the terrain of AI-driven technologies used in DevOps, including anomaly detection, log analysis, root cause localization, and trace-based learning. Inspired by insights gained from past studies and observed gaps, we propose a novel AI-augmented DevOps framework that continuously adapts via feedback loops and proactively forecasts faults and automates corrective action. Using this framework, which offers a strategic road map for intelligent automation in modern DevOps pipelines, mean time to resolution (MTTR) should be reduced, system resilience should be enhanced, and operational efficiency raised. © 2025, Diogenes Co. Ltd.. All rights reserved.","2025","2026-03-10 17:02:53","2026-03-10 17:02:53","","280-293","","2S","38","","","","","","","","","","","","","Scopus","","","","","","","","Predictive Maintenance; Artificial Intelligence (AI); Large Language Models (LLMs); AIOps; DevOps; Root Cause Analysis; Automated Issue Resolution; CI/CD Automation; Intelligent Infrastructure; Log Anomaly Detection; Self-Healing Systems; Software Reliability","","","","","","","","","","","","","","","","","","","","","","","","","","","","","","","","","","","","","","","","","","","","","","",""
"ZJYXW2EM","journalArticle","2026","Zhao, S.; Yang, H.; Kareck, T.L.; Khan, F.; Wang, Q.","Data-driven fault detection and diagnosis in industrial process systems: A systematic review and perspective","Reliability Engineering and System Safety","","","10.1016/j.ress.2025.112159","https://www.scopus.com/inward/record.uri?eid=2-s2.0-105026747495&doi=10.1016%2Fj.ress.2025.112159&partnerID=40&md5=cc5d6cbb4ae9ea51c8da98f32221c05b","Industrial process systems, given their complexity and high risk, can cause catastrophic accidents in the case of failure, leading to casualties, environmental pollution, and economic losses. In the era of Industry 4.0, the rapid progress of intelligent production turns data-driven fault detection and diagnosis (FDD) into a crucial means to ensure the safety and reliability of representative systems, particularly across chemical, petrochemical, and energy industries where benchmark platforms such as the Tennessee Eastman Process (TEP), continuous stirred-tank reactor (CSTR), and Cranfield multiphase-flow facility exemplify practical applications. This paper presents the first systematic review of data-driven FDD research in industrial processes using the Preferred Reporting Items for Systematic reviews and Meta-Analysis (PRISMA) methodology, which focuses on the core objectives of process fault diagnosis, prognosis, predictive maintenance, and condition monitoring. With a structured approach to identify, appraise, and analyze screening literature, this paper thoroughly comprehends the complete pipelines from data benchmarking to modeling and diagnosis. The application of large language model (LLM), multi-source digital twin (DT), and explainable artificial intelligence (XAI) techniques in complex fault pattern recognition is further emphasized, providing practical guidance for the enhancement of system safety and sustainability in the context of smart industry. Copyright © 2025. Published by Elsevier Ltd.","2026","2026-03-10 17:02:53","2026-03-10 17:02:53","","","","","270","","","","","","","","","","","","","Scopus","","","","","","","","Artificial intelligence; Predictive maintenance; Fault diagnosis; Condition monitoring; Fault detection; Industry 4.0; Predictive analytics; Reliability; Prognosis; Disasters; Large language model; Systematic Review; Industrial research; Data driven; Faults diagnosis; Failure analysis; Language model; Accident prevention; Electric fault currents; Losses; Industrial processs; Prisms; Meta-analysis; Fault detection and diagnosis; Preferred reporting item for systematic review and meta-analyze statement; PRISMA statement; Prognose","","","","","","","","","","","","","","","","","","","","","","","","","","","","","","","","","","","","","","","","","","","","","","",""
"GS8TPHUJ","journalArticle","2025","Coronel, E.; Barán, B.; Gardel, P.","A Survey on Data Mining for Data-Driven Industrial Assets Maintenance","Technologies","","","10.3390/technologies13020067","https://www.scopus.com/inward/record.uri?eid=2-s2.0-85218887094&doi=10.3390%2Ftechnologies13020067&partnerID=40&md5=96df98773cfa26531866d9698740c566","This survey presents a comprehensive review of data-driven approaches for industrial asset maintenance, emphasizing the use of data mining and machine learning techniques, including deep learning, for condition-based and predictive maintenance. It examines 534 references from 1995 to 2023, along with three additional articles from 2024 on natural language processing and large language models in industrial maintenance. The study categorizes two main techniques, four specialized approaches, and 27 methodologies, resulting in over 100 variations of algorithms tailored to specific maintenance needs for industrial assets. It details the data types utilized in the industrial sector, with the most frequently mentioned being time series data, event timestamp data, and image data. The survey also highlights the most frequently referenced data mining algorithms, such as the proportional hazard model, expert systems, support vector machines, random forest, autoencoder, and convolutional neural networks. Additionally, the survey proposes four level classes of asset complexity and studies five asset types, including mechanical, electromechanical, electrical, electronic, and computing assets. The growing adoption of deep learning is highlighted alongside the continued relevance of traditional approaches such as shallow machine learning and rule-based and model-based techniques. Furthermore, the survey explores emerging trends in machine learning and related technologies, identifies future research directions, and underscores their critical role in advancing condition-based and predictive maintenance frameworks. © 2025 by the authors.","2025","2026-03-10 17:02:53","2026-03-10 17:11:16","","","","2","13","","","","","","","","","","","","","Scopus","","","","","","","","predictive maintenance; machine learning; data-driven; deep learning; survey; data mining; condition-based maintenance; industrial assets","","","","","","","","","","","","","","","","","","","","","","","","","","","","","","","","","","","","","","","","","","","","","","",""
"2Z3L6DZK","journalArticle","2024","Alsaif, K.M.; Albeshri, A.A.; Khemakhem, M.A.; Eassa, F.E.","Multimodal Large Language Model-Based Fault Detection and Diagnosis in Context of Industry 4.0","Electronics (Switzerland)","","","10.3390/electronics13244912","https://www.scopus.com/inward/record.uri?eid=2-s2.0-85213265200&doi=10.3390%2Felectronics13244912&partnerID=40&md5=fc1d49f086c076e8aa24c82e1ec9ccf6","In this paper, a novel multimodal large language model-based fault detection and diagnosis framework that addresses the limitations of traditional fault detection and diagnosis approaches is proposed. The proposed framework leverages the Generative Pre-trained Transformer-4-Preview model to improve its scalability, generalizability, and efficiency in handling complex systems and various fault scenarios. Moreover, synthetic datasets generated via large language models augment the knowledge base and enhance the accuracy of fault detection and diagnosis of imbalanced scenarios. In the framework, a hybrid architecture that integrates online and offline processing, combining real-time data streams with fine-tuned large language models for dynamic, accurate, and context-aware fault detection suited to industrial settings, particularly focusing on security concerns, is introduced. This comprehensive approach aims to address traditional fault detection and diagnosis challenges and advance the field toward more adaptive and efficient fault diagnosis systems. This paper presents a detailed literature review, including a detailed taxonomy of fault detection and diagnosis methods and their applications across various industrial domains. This study discusses case study results and model comparisons, exploring the implications for future developments in industrial fault detection and diagnosis systems within Industry 4.0 technologies. © 2024 by the authors.","2024","2026-03-10 17:02:54","2026-03-10 17:02:54","","","","24","13","","","","","","","","","","","","","Scopus","","","","","","","","Industry 4.0; machine learning; artificial intelligence; fault detection; fault diagnosis; generative AI; large language models; real-time systems; hybrid systems; multimodal analysis","","","","","","","","","","","","","","","","","","","","","","","","","","","","","","","","","","","","","","","","","","","","","","",""
"M6JHNMHZ","journalArticle","2026","Gao, Z.-W.; Zhu, X.; Liu, Y.","A review of fault diagnosis and prognosis for oil pumping machines","Next Energy","","","10.1016/j.nxener.2026.100522","https://www.scopus.com/inward/record.uri?eid=2-s2.0-105030240073&doi=10.1016%2Fj.nxener.2026.100522&partnerID=40&md5=a4d636f0f2d358cfb9a22ae18fd62f9f","Oil pumping machines play a key role in petroleum extraction. However, oil pumping units are prone to faults due to age and harsh operational environments, which may have adverse impacts on production safety and availability, driving urgent needs for condition monitoring, fault diagnosis, and prognosis. In this paper, various faults in oil pumping units are examined, and fault diagnosis methods for oil pumping machines are reviewed. The diagnosis approaches are discussed following the categorizations of signal-based methods and knowledge-based techniques for oil pumping machines. Emerging fault diagnosis approaches, including digital-twin-based methods and large-language-model-based techniques, are surveyed. Fault prognosis for oil pumping machines is also briefly reviewed. Finally, the perspective challenges and future directions are provided for fault diagnosis and prognosis in oil pumping units. © 2026 The Authors","2026","2026-03-10 17:02:54","2026-03-10 17:02:54","","","","","11","","","","","","","","","","","","","Scopus","","","","","","","","Fault diagnosis; Fault prognosis; Electric submersible pumps; Oil extraction technology; Oil pumping machines; Sucker rod pumping systems","","","","","","","","","","","","","","","","","","","","","","","","","","","","","","","","","","","","","","","","","","","","","","",""